ISO-10303-21;
HEADER;
FILE_DESCRIPTION(('Open CASCADE Model'),'2;1');
FILE_NAME('Open CASCADE Shape Model','2026-08-25T10:03:05',('Author'),(
    'Open CASCADE'),'Open CASCADE STEP processor 7.9','build123d',
  'Unknown');
FILE_SCHEMA(('AUTOMOTIVE_DESIGN { 1 0 10303 214 1 1 1 1 }'));
ENDSEC;
DATA;
#1 = APPLICATION_PROTOCOL_DEFINITION('international standard',
  'automotive_design',2000,#2);
#2 = APPLICATION_CONTEXT(
  'core data for automotive mechanical design processes');
#3 = SHAPE_DEFINITION_REPRESENTATION(#4,#10);
#4 = PRODUCT_DEFINITION_SHAPE('','',#5);
#5 = PRODUCT_DEFINITION('design','',#6,#9);
#6 = PRODUCT_DEFINITION_FORMATION('','',#7);
#7 = PRODUCT('SOLID','SOLID','',(#8));
#8 = PRODUCT_CONTEXT('',#2,'mechanical');
#9 = PRODUCT_DEFINITION_CONTEXT('part definition',#2,'design');
#10 = ADVANCED_BREP_SHAPE_REPRESENTATION('',(#11,#15),#16383);
#11 = AXIS2_PLACEMENT_3D('',#12,#13,#14);
#12 = CARTESIAN_POINT('',(0.,0.,0.));
#13 = DIRECTION('',(0.,0.,1.));
#14 = DIRECTION('',(1.,0.,-0.));
#15 = MANIFOLD_SOLID_BREP('',#16);
#16 = CLOSED_SHELL('',(#17,#1650,#1811,#2798,#2846,#3799,#3853,#3902,
    #4085,#4134,#4197,#4224,#4278,#4430,#4479,#4573,#4622,#4676,#4703,
    #4756,#4864,#4927,#5741,#6694,#6743,#6792,#6841,#6890,#6917,#6944,
    #6993,#7042,#7091,#7140,#7167,#7194,#7243,#7284,#7333,#7360,#7409,
    #7458,#7485,#7539,#7593,#7697,#7801,#7855,#7909,#8009,#8109,#8157,
    #8211,#8264,#8292,#8341,#8392,#8445,#8499,#8550,#8603,#8657,#8683,
    #8732,#8781,#8808,#8858,#9046,#9123,#9172,#9222,#9299,#9348,#9398,
    #9426,#9475,#9524,#9551,#9647,#9697,#9793,#9843,#9853,#9858,#9909,
    #9977,#10009,#10019,#10024,#10034,#10039,#10089,#10259,#10376,#10437
    ,#10669,#10718,#10773,#10799,#10848,#10875,#10952,#11027,#11111,
    #11182,#11232,#11307,#11391,#11462,#11489,#11499,#11509,#11519,
    #11529,#11584,#11639,#11694,#11749,#11804,#11859,#11914,#11969,
    #11978,#11984,#12035,#12096,#12103,#12112,#12118,#12127,#12133,
    #12183,#12210,#12381,#12430,#13197,#13350,#13399,#13426,#13769,
    #13796,#13823,#13833,#13843,#14135,#14161,#14188,#14421,#14467,
    #14474,#14481,#14488,#14543,#14550,#14605,#14640,#14675,#14710,
    #14745,#14780,#14815,#14850,#14885,#14932,#14959,#14988,#15036,
    #15140,#15167,#15223,#15229,#15277,#15326,#15352,#15414,#15470,
    #15518,#15567,#15597,#15603,#15651,#15703,#15729,#15736,#15763,
    #15788,#15815,#15842,#15849,#15876,#15903,#15907,#15911,#15966,
    #16021,#16076,#16131,#16186,#16241,#16296,#16351,#16355,#16359,
    #16363,#16367,#16371,#16375,#16379));
#17 = ADVANCED_FACE('',(#18,#1370,#1405,#1440,#1475,#1510,#1545,#1580,
    #1615),#32,.F.);
#18 = FACE_BOUND('',#19,.F.);
#19 = EDGE_LOOP('',(#20,#54,#81,#108,#136,#164,#192,#214,#242,#270,#298,
    #320,#349,#376,#404,#432,#460,#482,#510,#538,#566,#588,#616,#644,
    #672,#694,#722,#750,#778,#800,#829,#856,#884,#912,#940,#962,#990,
    #1018,#1046,#1068,#1090,#1117,#1146,#1173,#1202,#1231,#1258,#1287,
    #1316,#1343));
#20 = ORIENTED_EDGE('',*,*,#21,.F.);
#21 = EDGE_CURVE('',#22,#24,#26,.T.);
#22 = VERTEX_POINT('',#23);
#23 = CARTESIAN_POINT('',(-170.,190.,125.));
#24 = VERTEX_POINT('',#25);
#25 = CARTESIAN_POINT('',(-170.,190.,3.2));
#26 = SURFACE_CURVE('',#27,(#31,#43),.PCURVE_S1.);
#27 = LINE('',#28,#29);
#28 = CARTESIAN_POINT('',(-170.,190.,33.958048021679));
#29 = VECTOR('',#30,1.);
#30 = DIRECTION('',(0.,0.,-1.));
#31 = PCURVE('',#32,#37);
#32 = PLANE('',#33);
#33 = AXIS2_PLACEMENT_3D('',#34,#35,#36);
#34 = CARTESIAN_POINT('',(-220.,190.,-100.));
#35 = DIRECTION('',(-0.,1.,0.));
#36 = DIRECTION('',(0.,0.,1.));
#37 = DEFINITIONAL_REPRESENTATION('',(#38),#42);
#38 = LINE('',#39,#40);
#39 = CARTESIAN_POINT('',(133.95804802167,50.));
#40 = VECTOR('',#41,1.);
#41 = DIRECTION('',(-1.,0.));
#42 = ( GEOMETRIC_REPRESENTATION_CONTEXT(2) 
PARAMETRIC_REPRESENTATION_CONTEXT() REPRESENTATION_CONTEXT('2D SPACE',''
  ) );
#43 = PCURVE('',#44,#49);
#44 = PLANE('',#45);
#45 = AXIS2_PLACEMENT_3D('',#46,#47,#48);
#46 = CARTESIAN_POINT('',(-170.,201.54974718792,167.91609604335));
#47 = DIRECTION('',(1.,0.,0.));
#48 = DIRECTION('',(0.,1.,0.));
#49 = DEFINITIONAL_REPRESENTATION('',(#50),#53);
#50 = B_SPLINE_CURVE_WITH_KNOTS('',1,(#51,#52),.UNSPECIFIED.,.F.,.F.,(2,
    2),(-91.04195197832,30.758048021682),.PIECEWISE_BEZIER_KNOTS.);
#51 = CARTESIAN_POINT('',(-11.54974718792,-42.91609604335));
#52 = CARTESIAN_POINT('',(-11.54974718792,-164.7160960433));
#53 = ( GEOMETRIC_REPRESENTATION_CONTEXT(2) 
PARAMETRIC_REPRESENTATION_CONTEXT() REPRESENTATION_CONTEXT('2D SPACE',''
  ) );
#54 = ORIENTED_EDGE('',*,*,#55,.T.);
#55 = EDGE_CURVE('',#22,#56,#58,.T.);
#56 = VERTEX_POINT('',#57);
#57 = CARTESIAN_POINT('',(-162.,190.,125.));
#58 = SURFACE_CURVE('',#59,(#63,#70),.PCURVE_S1.);
#59 = LINE('',#60,#61);
#60 = CARTESIAN_POINT('',(-220.,190.,125.));
#61 = VECTOR('',#62,1.);
#62 = DIRECTION('',(1.,0.,-0.));
#63 = PCURVE('',#32,#64);
#64 = DEFINITIONAL_REPRESENTATION('',(#65),#69);
#65 = LINE('',#66,#67);
#66 = CARTESIAN_POINT('',(225.,0.));
#67 = VECTOR('',#68,1.);
#68 = DIRECTION('',(0.,1.));
#69 = ( GEOMETRIC_REPRESENTATION_CONTEXT(2) 
PARAMETRIC_REPRESENTATION_CONTEXT() REPRESENTATION_CONTEXT('2D SPACE',''
  ) );
#70 = PCURVE('',#71,#76);
#71 = PLANE('',#72);
#72 = AXIS2_PLACEMENT_3D('',#73,#74,#75);
#73 = CARTESIAN_POINT('',(-220.,-50.,125.));
#74 = DIRECTION('',(0.,0.,1.));
#75 = DIRECTION('',(1.,0.,-0.));
#76 = DEFINITIONAL_REPRESENTATION('',(#77),#80);
#77 = B_SPLINE_CURVE_WITH_KNOTS('',1,(#78,#79),.UNSPECIFIED.,.F.,.F.,(2,
    2),(50.,390.),.PIECEWISE_BEZIER_KNOTS.);
#78 = CARTESIAN_POINT('',(50.,240.));
#79 = CARTESIAN_POINT('',(390.,240.));
#80 = ( GEOMETRIC_REPRESENTATION_CONTEXT(2) 
PARAMETRIC_REPRESENTATION_CONTEXT() REPRESENTATION_CONTEXT('2D SPACE',''
  ) );
#81 = ORIENTED_EDGE('',*,*,#82,.T.);
#82 = EDGE_CURVE('',#56,#83,#85,.T.);
#83 = VERTEX_POINT('',#84);
#84 = CARTESIAN_POINT('',(-162.,190.,117.));
#85 = SURFACE_CURVE('',#86,(#90,#97),.PCURVE_S1.);
#86 = LINE('',#87,#88);
#87 = CARTESIAN_POINT('',(-162.,190.,33.907128329067));
#88 = VECTOR('',#89,1.);
#89 = DIRECTION('',(0.,0.,-1.));
#90 = PCURVE('',#32,#91);
#91 = DEFINITIONAL_REPRESENTATION('',(#92),#96);
#92 = LINE('',#93,#94);
#93 = CARTESIAN_POINT('',(133.90712832906,58.));
#94 = VECTOR('',#95,1.);
#95 = DIRECTION('',(-1.,0.));
#96 = ( GEOMETRIC_REPRESENTATION_CONTEXT(2) 
PARAMETRIC_REPRESENTATION_CONTEXT() REPRESENTATION_CONTEXT('2D SPACE',''
  ) );
#97 = PCURVE('',#98,#103);
#98 = PLANE('',#99);
#99 = AXIS2_PLACEMENT_3D('',#100,#101,#102);
#100 = CARTESIAN_POINT('',(-162.,199.13202132381,167.81425665813));
#101 = DIRECTION('',(1.,0.,0.));
#102 = DIRECTION('',(0.,1.,0.));
#103 = DEFINITIONAL_REPRESENTATION('',(#104),#107);
#104 = B_SPLINE_CURVE_WITH_KNOTS('',1,(#105,#106),.UNSPECIFIED.,.F.,.F.,
  (2,2),(-91.09287167093,29.976140497878),.PIECEWISE_BEZIER_KNOTS.);
#105 = CARTESIAN_POINT('',(-9.132021323818,-42.81425665813));
#106 = CARTESIAN_POINT('',(-9.132021323818,-163.8832688269));
#107 = ( GEOMETRIC_REPRESENTATION_CONTEXT(2) 
PARAMETRIC_REPRESENTATION_CONTEXT() REPRESENTATION_CONTEXT('2D SPACE',''
  ) );
#108 = ORIENTED_EDGE('',*,*,#109,.T.);
#109 = EDGE_CURVE('',#83,#110,#112,.T.);
#110 = VERTEX_POINT('',#111);
#111 = CARTESIAN_POINT('',(-153.5,190.,117.));
#112 = SURFACE_CURVE('',#113,(#117,#124),.PCURVE_S1.);
#113 = LINE('',#114,#115);
#114 = CARTESIAN_POINT('',(-167.5,190.,117.));
#115 = VECTOR('',#116,1.);
#116 = DIRECTION('',(1.,0.,-0.));
#117 = PCURVE('',#32,#118);
#118 = DEFINITIONAL_REPRESENTATION('',(#119),#123);
#119 = LINE('',#120,#121);
#120 = CARTESIAN_POINT('',(217.,52.5));
#121 = VECTOR('',#122,1.);
#122 = DIRECTION('',(0.,1.));
#123 = ( GEOMETRIC_REPRESENTATION_CONTEXT(2) 
PARAMETRIC_REPRESENTATION_CONTEXT() REPRESENTATION_CONTEXT('2D SPACE',''
  ) );
#124 = PCURVE('',#125,#130);
#125 = PLANE('',#126);
#126 = AXIS2_PLACEMENT_3D('',#127,#128,#129);
#127 = CARTESIAN_POINT('',(-167.5,190.,117.));
#128 = DIRECTION('',(0.,0.,1.));
#129 = DIRECTION('',(1.,0.,-0.));
#130 = DEFINITIONAL_REPRESENTATION('',(#131),#135);
#131 = LINE('',#132,#133);
#132 = CARTESIAN_POINT('',(0.,0.));
#133 = VECTOR('',#134,1.);
#134 = DIRECTION('',(1.,0.));
#135 = ( GEOMETRIC_REPRESENTATION_CONTEXT(2) 
PARAMETRIC_REPRESENTATION_CONTEXT() REPRESENTATION_CONTEXT('2D SPACE',''
  ) );
#136 = ORIENTED_EDGE('',*,*,#137,.F.);
#137 = EDGE_CURVE('',#138,#110,#140,.T.);
#138 = VERTEX_POINT('',#139);
#139 = CARTESIAN_POINT('',(-153.5,190.,103.));
#140 = SURFACE_CURVE('',#141,(#145,#152),.PCURVE_S1.);
#141 = LINE('',#142,#143);
#142 = CARTESIAN_POINT('',(-153.5,190.,103.));
#143 = VECTOR('',#144,1.);
#144 = DIRECTION('',(0.,0.,1.));
#145 = PCURVE('',#32,#146);
#146 = DEFINITIONAL_REPRESENTATION('',(#147),#151);
#147 = LINE('',#148,#149);
#148 = CARTESIAN_POINT('',(203.,66.5));
#149 = VECTOR('',#150,1.);
#150 = DIRECTION('',(1.,0.));
#151 = ( GEOMETRIC_REPRESENTATION_CONTEXT(2) 
PARAMETRIC_REPRESENTATION_CONTEXT() REPRESENTATION_CONTEXT('2D SPACE',''
  ) );
#152 = PCURVE('',#153,#158);
#153 = PLANE('',#154);
#154 = AXIS2_PLACEMENT_3D('',#155,#156,#157);
#155 = CARTESIAN_POINT('',(-153.5,190.,103.));
#156 = DIRECTION('',(1.,0.,-0.));
#157 = DIRECTION('',(0.,0.,1.));
#158 = DEFINITIONAL_REPRESENTATION('',(#159),#163);
#159 = LINE('',#160,#161);
#160 = CARTESIAN_POINT('',(0.,0.));
#161 = VECTOR('',#162,1.);
#162 = DIRECTION('',(1.,0.));
#163 = ( GEOMETRIC_REPRESENTATION_CONTEXT(2) 
PARAMETRIC_REPRESENTATION_CONTEXT() REPRESENTATION_CONTEXT('2D SPACE',''
  ) );
#164 = ORIENTED_EDGE('',*,*,#165,.F.);
#165 = EDGE_CURVE('',#166,#138,#168,.T.);
#166 = VERTEX_POINT('',#167);
#167 = CARTESIAN_POINT('',(-162.,190.,103.));
#168 = SURFACE_CURVE('',#169,(#173,#180),.PCURVE_S1.);
#169 = LINE('',#170,#171);
#170 = CARTESIAN_POINT('',(-167.5,190.,103.));
#171 = VECTOR('',#172,1.);
#172 = DIRECTION('',(1.,0.,-0.));
#173 = PCURVE('',#32,#174);
#174 = DEFINITIONAL_REPRESENTATION('',(#175),#179);
#175 = LINE('',#176,#177);
#176 = CARTESIAN_POINT('',(203.,52.5));
#177 = VECTOR('',#178,1.);
#178 = DIRECTION('',(0.,1.));
#179 = ( GEOMETRIC_REPRESENTATION_CONTEXT(2) 
PARAMETRIC_REPRESENTATION_CONTEXT() REPRESENTATION_CONTEXT('2D SPACE',''
  ) );
#180 = PCURVE('',#181,#186);
#181 = PLANE('',#182);
#182 = AXIS2_PLACEMENT_3D('',#183,#184,#185);
#183 = CARTESIAN_POINT('',(-167.5,190.,103.));
#184 = DIRECTION('',(0.,0.,1.));
#185 = DIRECTION('',(1.,0.,-0.));
#186 = DEFINITIONAL_REPRESENTATION('',(#187),#191);
#187 = LINE('',#188,#189);
#188 = CARTESIAN_POINT('',(0.,0.));
#189 = VECTOR('',#190,1.);
#190 = DIRECTION('',(1.,0.));
#191 = ( GEOMETRIC_REPRESENTATION_CONTEXT(2) 
PARAMETRIC_REPRESENTATION_CONTEXT() REPRESENTATION_CONTEXT('2D SPACE',''
  ) );
#192 = ORIENTED_EDGE('',*,*,#193,.T.);
#193 = EDGE_CURVE('',#166,#194,#196,.T.);
#194 = VERTEX_POINT('',#195);
#195 = CARTESIAN_POINT('',(-162.,190.,67.));
#196 = SURFACE_CURVE('',#197,(#201,#208),.PCURVE_S1.);
#197 = LINE('',#198,#199);
#198 = CARTESIAN_POINT('',(-162.,190.,33.907128329067));
#199 = VECTOR('',#200,1.);
#200 = DIRECTION('',(0.,0.,-1.));
#201 = PCURVE('',#32,#202);
#202 = DEFINITIONAL_REPRESENTATION('',(#203),#207);
#203 = LINE('',#204,#205);
#204 = CARTESIAN_POINT('',(133.90712832906,58.));
#205 = VECTOR('',#206,1.);
#206 = DIRECTION('',(-1.,0.));
#207 = ( GEOMETRIC_REPRESENTATION_CONTEXT(2) 
PARAMETRIC_REPRESENTATION_CONTEXT() REPRESENTATION_CONTEXT('2D SPACE',''
  ) );
#208 = PCURVE('',#98,#209);
#209 = DEFINITIONAL_REPRESENTATION('',(#210),#213);
#210 = B_SPLINE_CURVE_WITH_KNOTS('',1,(#211,#212),.UNSPECIFIED.,.F.,.F.,
  (2,2),(-91.09287167093,29.976140497878),.PIECEWISE_BEZIER_KNOTS.);
#211 = CARTESIAN_POINT('',(-9.132021323818,-42.81425665813));
#212 = CARTESIAN_POINT('',(-9.132021323818,-163.8832688269));
#213 = ( GEOMETRIC_REPRESENTATION_CONTEXT(2) 
PARAMETRIC_REPRESENTATION_CONTEXT() REPRESENTATION_CONTEXT('2D SPACE',''
  ) );
#214 = ORIENTED_EDGE('',*,*,#215,.T.);
#215 = EDGE_CURVE('',#194,#216,#218,.T.);
#216 = VERTEX_POINT('',#217);
#217 = CARTESIAN_POINT('',(-153.5,190.,67.));
#218 = SURFACE_CURVE('',#219,(#223,#230),.PCURVE_S1.);
#219 = LINE('',#220,#221);
#220 = CARTESIAN_POINT('',(-167.5,190.,67.));
#221 = VECTOR('',#222,1.);
#222 = DIRECTION('',(1.,0.,-0.));
#223 = PCURVE('',#32,#224);
#224 = DEFINITIONAL_REPRESENTATION('',(#225),#229);
#225 = LINE('',#226,#227);
#226 = CARTESIAN_POINT('',(167.,52.5));
#227 = VECTOR('',#228,1.);
#228 = DIRECTION('',(0.,1.));
#229 = ( GEOMETRIC_REPRESENTATION_CONTEXT(2) 
PARAMETRIC_REPRESENTATION_CONTEXT() REPRESENTATION_CONTEXT('2D SPACE',''
  ) );
#230 = PCURVE('',#231,#236);
#231 = PLANE('',#232);
#232 = AXIS2_PLACEMENT_3D('',#233,#234,#235);
#233 = CARTESIAN_POINT('',(-167.5,190.,67.));
#234 = DIRECTION('',(0.,0.,1.));
#235 = DIRECTION('',(1.,0.,-0.));
#236 = DEFINITIONAL_REPRESENTATION('',(#237),#241);
#237 = LINE('',#238,#239);
#238 = CARTESIAN_POINT('',(0.,0.));
#239 = VECTOR('',#240,1.);
#240 = DIRECTION('',(1.,0.));
#241 = ( GEOMETRIC_REPRESENTATION_CONTEXT(2) 
PARAMETRIC_REPRESENTATION_CONTEXT() REPRESENTATION_CONTEXT('2D SPACE',''
  ) );
#242 = ORIENTED_EDGE('',*,*,#243,.F.);
#243 = EDGE_CURVE('',#244,#216,#246,.T.);
#244 = VERTEX_POINT('',#245);
#245 = CARTESIAN_POINT('',(-153.5,190.,53.));
#246 = SURFACE_CURVE('',#247,(#251,#258),.PCURVE_S1.);
#247 = LINE('',#248,#249);
#248 = CARTESIAN_POINT('',(-153.5,190.,53.));
#249 = VECTOR('',#250,1.);
#250 = DIRECTION('',(0.,0.,1.));
#251 = PCURVE('',#32,#252);
#252 = DEFINITIONAL_REPRESENTATION('',(#253),#257);
#253 = LINE('',#254,#255);
#254 = CARTESIAN_POINT('',(153.,66.5));
#255 = VECTOR('',#256,1.);
#256 = DIRECTION('',(1.,0.));
#257 = ( GEOMETRIC_REPRESENTATION_CONTEXT(2) 
PARAMETRIC_REPRESENTATION_CONTEXT() REPRESENTATION_CONTEXT('2D SPACE',''
  ) );
#258 = PCURVE('',#259,#264);
#259 = PLANE('',#260);
#260 = AXIS2_PLACEMENT_3D('',#261,#262,#263);
#261 = CARTESIAN_POINT('',(-153.5,190.,53.));
#262 = DIRECTION('',(1.,0.,-0.));
#263 = DIRECTION('',(0.,0.,1.));
#264 = DEFINITIONAL_REPRESENTATION('',(#265),#269);
#265 = LINE('',#266,#267);
#266 = CARTESIAN_POINT('',(0.,0.));
#267 = VECTOR('',#268,1.);
#268 = DIRECTION('',(1.,0.));
#269 = ( GEOMETRIC_REPRESENTATION_CONTEXT(2) 
PARAMETRIC_REPRESENTATION_CONTEXT() REPRESENTATION_CONTEXT('2D SPACE',''
  ) );
#270 = ORIENTED_EDGE('',*,*,#271,.F.);
#271 = EDGE_CURVE('',#272,#244,#274,.T.);
#272 = VERTEX_POINT('',#273);
#273 = CARTESIAN_POINT('',(-162.,190.,53.));
#274 = SURFACE_CURVE('',#275,(#279,#286),.PCURVE_S1.);
#275 = LINE('',#276,#277);
#276 = CARTESIAN_POINT('',(-167.5,190.,53.));
#277 = VECTOR('',#278,1.);
#278 = DIRECTION('',(1.,0.,-0.));
#279 = PCURVE('',#32,#280);
#280 = DEFINITIONAL_REPRESENTATION('',(#281),#285);
#281 = LINE('',#282,#283);
#282 = CARTESIAN_POINT('',(153.,52.5));
#283 = VECTOR('',#284,1.);
#284 = DIRECTION('',(0.,1.));
#285 = ( GEOMETRIC_REPRESENTATION_CONTEXT(2) 
PARAMETRIC_REPRESENTATION_CONTEXT() REPRESENTATION_CONTEXT('2D SPACE',''
  ) );
#286 = PCURVE('',#287,#292);
#287 = PLANE('',#288);
#288 = AXIS2_PLACEMENT_3D('',#289,#290,#291);
#289 = CARTESIAN_POINT('',(-167.5,190.,53.));
#290 = DIRECTION('',(0.,0.,1.));
#291 = DIRECTION('',(1.,0.,-0.));
#292 = DEFINITIONAL_REPRESENTATION('',(#293),#297);
#293 = LINE('',#294,#295);
#294 = CARTESIAN_POINT('',(0.,0.));
#295 = VECTOR('',#296,1.);
#296 = DIRECTION('',(1.,0.));
#297 = ( GEOMETRIC_REPRESENTATION_CONTEXT(2) 
PARAMETRIC_REPRESENTATION_CONTEXT() REPRESENTATION_CONTEXT('2D SPACE',''
  ) );
#298 = ORIENTED_EDGE('',*,*,#299,.T.);
#299 = EDGE_CURVE('',#272,#300,#302,.T.);
#300 = VERTEX_POINT('',#301);
#301 = CARTESIAN_POINT('',(-162.,190.,3.937742251701));
#302 = SURFACE_CURVE('',#303,(#307,#314),.PCURVE_S1.);
#303 = LINE('',#304,#305);
#304 = CARTESIAN_POINT('',(-162.,190.,33.907128329067));
#305 = VECTOR('',#306,1.);
#306 = DIRECTION('',(0.,0.,-1.));
#307 = PCURVE('',#32,#308);
#308 = DEFINITIONAL_REPRESENTATION('',(#309),#313);
#309 = LINE('',#310,#311);
#310 = CARTESIAN_POINT('',(133.90712832906,58.));
#311 = VECTOR('',#312,1.);
#312 = DIRECTION('',(-1.,0.));
#313 = ( GEOMETRIC_REPRESENTATION_CONTEXT(2) 
PARAMETRIC_REPRESENTATION_CONTEXT() REPRESENTATION_CONTEXT('2D SPACE',''
  ) );
#314 = PCURVE('',#98,#315);
#315 = DEFINITIONAL_REPRESENTATION('',(#316),#319);
#316 = B_SPLINE_CURVE_WITH_KNOTS('',1,(#317,#318),.UNSPECIFIED.,.F.,.F.,
  (2,2),(-91.09287167093,29.976140497878),.PIECEWISE_BEZIER_KNOTS.);
#317 = CARTESIAN_POINT('',(-9.132021323818,-42.81425665813));
#318 = CARTESIAN_POINT('',(-9.132021323818,-163.8832688269));
#319 = ( GEOMETRIC_REPRESENTATION_CONTEXT(2) 
PARAMETRIC_REPRESENTATION_CONTEXT() REPRESENTATION_CONTEXT('2D SPACE',''
  ) );
#320 = ORIENTED_EDGE('',*,*,#321,.F.);
#321 = EDGE_CURVE('',#322,#300,#324,.T.);
#322 = VERTEX_POINT('',#323);
#323 = CARTESIAN_POINT('',(-158.,190.,3.));
#324 = SURFACE_CURVE('',#325,(#330,#337),.PCURVE_S1.);
#325 = CIRCLE('',#326,9.);
#326 = AXIS2_PLACEMENT_3D('',#327,#328,#329);
#327 = CARTESIAN_POINT('',(-158.,190.,12.));
#328 = DIRECTION('',(0.,1.,0.));
#329 = DIRECTION('',(-1.,0.,0.));
#330 = PCURVE('',#32,#331);
#331 = DEFINITIONAL_REPRESENTATION('',(#332),#336);
#332 = CIRCLE('',#333,9.);
#333 = AXIS2_PLACEMENT_2D('',#334,#335);
#334 = CARTESIAN_POINT('',(112.,62.));
#335 = DIRECTION('',(0.,-1.));
#336 = ( GEOMETRIC_REPRESENTATION_CONTEXT(2) 
PARAMETRIC_REPRESENTATION_CONTEXT() REPRESENTATION_CONTEXT('2D SPACE',''
  ) );
#337 = PCURVE('',#338,#343);
#338 = CYLINDRICAL_SURFACE('',#339,9.);
#339 = AXIS2_PLACEMENT_3D('',#340,#341,#342);
#340 = CARTESIAN_POINT('',(-158.,26.357745378172,12.));
#341 = DIRECTION('',(0.,1.,0.));
#342 = DIRECTION('',(-1.,0.,0.));
#343 = DEFINITIONAL_REPRESENTATION('',(#344),#348);
#344 = LINE('',#345,#346);
#345 = CARTESIAN_POINT('',(-6.28318530718,163.64225462182));
#346 = VECTOR('',#347,1.);
#347 = DIRECTION('',(1.,-0.));
#348 = ( GEOMETRIC_REPRESENTATION_CONTEXT(2) 
PARAMETRIC_REPRESENTATION_CONTEXT() REPRESENTATION_CONTEXT('2D SPACE',''
  ) );
#349 = ORIENTED_EDGE('',*,*,#350,.F.);
#350 = EDGE_CURVE('',#351,#322,#353,.T.);
#351 = VERTEX_POINT('',#352);
#352 = CARTESIAN_POINT('',(-97.,190.,3.));
#353 = SURFACE_CURVE('',#354,(#358,#365),.PCURVE_S1.);
#354 = LINE('',#355,#356);
#355 = CARTESIAN_POINT('',(-110.,190.,3.));
#356 = VECTOR('',#357,1.);
#357 = DIRECTION('',(-1.,0.,-0.));
#358 = PCURVE('',#32,#359);
#359 = DEFINITIONAL_REPRESENTATION('',(#360),#364);
#360 = LINE('',#361,#362);
#361 = CARTESIAN_POINT('',(103.,110.));
#362 = VECTOR('',#363,1.);
#363 = DIRECTION('',(0.,-1.));
#364 = ( GEOMETRIC_REPRESENTATION_CONTEXT(2) 
PARAMETRIC_REPRESENTATION_CONTEXT() REPRESENTATION_CONTEXT('2D SPACE',''
  ) );
#365 = PCURVE('',#366,#371);
#366 = PLANE('',#367);
#367 = AXIS2_PLACEMENT_3D('',#368,#369,#370);
#368 = CARTESIAN_POINT('',(0.,26.357745378172,3.));
#369 = DIRECTION('',(0.,0.,-1.));
#370 = DIRECTION('',(0.,1.,0.));
#371 = DEFINITIONAL_REPRESENTATION('',(#372),#375);
#372 = B_SPLINE_CURVE_WITH_KNOTS('',1,(#373,#374),.UNSPECIFIED.,.F.,.F.,
  (2,2),(-268.,48.),.PIECEWISE_BEZIER_KNOTS.);
#373 = CARTESIAN_POINT('',(163.64225462182,158.));
#374 = CARTESIAN_POINT('',(163.64225462182,-158.));
#375 = ( GEOMETRIC_REPRESENTATION_CONTEXT(2) 
PARAMETRIC_REPRESENTATION_CONTEXT() REPRESENTATION_CONTEXT('2D SPACE',''
  ) );
#376 = ORIENTED_EDGE('',*,*,#377,.T.);
#377 = EDGE_CURVE('',#351,#378,#380,.T.);
#378 = VERTEX_POINT('',#379);
#379 = CARTESIAN_POINT('',(-97.,190.,16.5));
#380 = SURFACE_CURVE('',#381,(#385,#392),.PCURVE_S1.);
#381 = LINE('',#382,#383);
#382 = CARTESIAN_POINT('',(-97.,190.,2.5));
#383 = VECTOR('',#384,1.);
#384 = DIRECTION('',(0.,0.,1.));
#385 = PCURVE('',#32,#386);
#386 = DEFINITIONAL_REPRESENTATION('',(#387),#391);
#387 = LINE('',#388,#389);
#388 = CARTESIAN_POINT('',(102.5,123.));
#389 = VECTOR('',#390,1.);
#390 = DIRECTION('',(1.,0.));
#391 = ( GEOMETRIC_REPRESENTATION_CONTEXT(2) 
PARAMETRIC_REPRESENTATION_CONTEXT() REPRESENTATION_CONTEXT('2D SPACE',''
  ) );
#392 = PCURVE('',#393,#398);
#393 = PLANE('',#394);
#394 = AXIS2_PLACEMENT_3D('',#395,#396,#397);
#395 = CARTESIAN_POINT('',(-97.,190.,2.5));
#396 = DIRECTION('',(1.,0.,-0.));
#397 = DIRECTION('',(0.,0.,1.));
#398 = DEFINITIONAL_REPRESENTATION('',(#399),#403);
#399 = LINE('',#400,#401);
#400 = CARTESIAN_POINT('',(0.,0.));
#401 = VECTOR('',#402,1.);
#402 = DIRECTION('',(1.,0.));
#403 = ( GEOMETRIC_REPRESENTATION_CONTEXT(2) 
PARAMETRIC_REPRESENTATION_CONTEXT() REPRESENTATION_CONTEXT('2D SPACE',''
  ) );
#404 = ORIENTED_EDGE('',*,*,#405,.T.);
#405 = EDGE_CURVE('',#378,#406,#408,.T.);
#406 = VERTEX_POINT('',#407);
#407 = CARTESIAN_POINT('',(-83.,190.,16.5));
#408 = SURFACE_CURVE('',#409,(#413,#420),.PCURVE_S1.);
#409 = LINE('',#410,#411);
#410 = CARTESIAN_POINT('',(-97.,190.,16.5));
#411 = VECTOR('',#412,1.);
#412 = DIRECTION('',(1.,0.,-0.));
#413 = PCURVE('',#32,#414);
#414 = DEFINITIONAL_REPRESENTATION('',(#415),#419);
#415 = LINE('',#416,#417);
#416 = CARTESIAN_POINT('',(116.5,123.));
#417 = VECTOR('',#418,1.);
#418 = DIRECTION('',(0.,1.));
#419 = ( GEOMETRIC_REPRESENTATION_CONTEXT(2) 
PARAMETRIC_REPRESENTATION_CONTEXT() REPRESENTATION_CONTEXT('2D SPACE',''
  ) );
#420 = PCURVE('',#421,#426);
#421 = PLANE('',#422);
#422 = AXIS2_PLACEMENT_3D('',#423,#424,#425);
#423 = CARTESIAN_POINT('',(-97.,190.,16.5));
#424 = DIRECTION('',(0.,0.,1.));
#425 = DIRECTION('',(1.,0.,-0.));
#426 = DEFINITIONAL_REPRESENTATION('',(#427),#431);
#427 = LINE('',#428,#429);
#428 = CARTESIAN_POINT('',(0.,0.));
#429 = VECTOR('',#430,1.);
#430 = DIRECTION('',(1.,0.));
#431 = ( GEOMETRIC_REPRESENTATION_CONTEXT(2) 
PARAMETRIC_REPRESENTATION_CONTEXT() REPRESENTATION_CONTEXT('2D SPACE',''
  ) );
#432 = ORIENTED_EDGE('',*,*,#433,.F.);
#433 = EDGE_CURVE('',#434,#406,#436,.T.);
#434 = VERTEX_POINT('',#435);
#435 = CARTESIAN_POINT('',(-83.,190.,3.));
#436 = SURFACE_CURVE('',#437,(#441,#448),.PCURVE_S1.);
#437 = LINE('',#438,#439);
#438 = CARTESIAN_POINT('',(-83.,190.,2.5));
#439 = VECTOR('',#440,1.);
#440 = DIRECTION('',(0.,0.,1.));
#441 = PCURVE('',#32,#442);
#442 = DEFINITIONAL_REPRESENTATION('',(#443),#447);
#443 = LINE('',#444,#445);
#444 = CARTESIAN_POINT('',(102.5,137.));
#445 = VECTOR('',#446,1.);
#446 = DIRECTION('',(1.,0.));
#447 = ( GEOMETRIC_REPRESENTATION_CONTEXT(2) 
PARAMETRIC_REPRESENTATION_CONTEXT() REPRESENTATION_CONTEXT('2D SPACE',''
  ) );
#448 = PCURVE('',#449,#454);
#449 = PLANE('',#450);
#450 = AXIS2_PLACEMENT_3D('',#451,#452,#453);
#451 = CARTESIAN_POINT('',(-83.,190.,2.5));
#452 = DIRECTION('',(1.,0.,-0.));
#453 = DIRECTION('',(0.,0.,1.));
#454 = DEFINITIONAL_REPRESENTATION('',(#455),#459);
#455 = LINE('',#456,#457);
#456 = CARTESIAN_POINT('',(0.,0.));
#457 = VECTOR('',#458,1.);
#458 = DIRECTION('',(1.,0.));
#459 = ( GEOMETRIC_REPRESENTATION_CONTEXT(2) 
PARAMETRIC_REPRESENTATION_CONTEXT() REPRESENTATION_CONTEXT('2D SPACE',''
  ) );
#460 = ORIENTED_EDGE('',*,*,#461,.F.);
#461 = EDGE_CURVE('',#462,#434,#464,.T.);
#462 = VERTEX_POINT('',#463);
#463 = CARTESIAN_POINT('',(-37.,190.,3.));
#464 = SURFACE_CURVE('',#465,(#469,#476),.PCURVE_S1.);
#465 = LINE('',#466,#467);
#466 = CARTESIAN_POINT('',(-110.,190.,3.));
#467 = VECTOR('',#468,1.);
#468 = DIRECTION('',(-1.,0.,-0.));
#469 = PCURVE('',#32,#470);
#470 = DEFINITIONAL_REPRESENTATION('',(#471),#475);
#471 = LINE('',#472,#473);
#472 = CARTESIAN_POINT('',(103.,110.));
#473 = VECTOR('',#474,1.);
#474 = DIRECTION('',(0.,-1.));
#475 = ( GEOMETRIC_REPRESENTATION_CONTEXT(2) 
PARAMETRIC_REPRESENTATION_CONTEXT() REPRESENTATION_CONTEXT('2D SPACE',''
  ) );
#476 = PCURVE('',#366,#477);
#477 = DEFINITIONAL_REPRESENTATION('',(#478),#481);
#478 = B_SPLINE_CURVE_WITH_KNOTS('',1,(#479,#480),.UNSPECIFIED.,.F.,.F.,
  (2,2),(-268.,48.),.PIECEWISE_BEZIER_KNOTS.);
#479 = CARTESIAN_POINT('',(163.64225462182,158.));
#480 = CARTESIAN_POINT('',(163.64225462182,-158.));
#481 = ( GEOMETRIC_REPRESENTATION_CONTEXT(2) 
PARAMETRIC_REPRESENTATION_CONTEXT() REPRESENTATION_CONTEXT('2D SPACE',''
  ) );
#482 = ORIENTED_EDGE('',*,*,#483,.T.);
#483 = EDGE_CURVE('',#462,#484,#486,.T.);
#484 = VERTEX_POINT('',#485);
#485 = CARTESIAN_POINT('',(-37.,190.,16.5));
#486 = SURFACE_CURVE('',#487,(#491,#498),.PCURVE_S1.);
#487 = LINE('',#488,#489);
#488 = CARTESIAN_POINT('',(-37.,190.,2.5));
#489 = VECTOR('',#490,1.);
#490 = DIRECTION('',(0.,0.,1.));
#491 = PCURVE('',#32,#492);
#492 = DEFINITIONAL_REPRESENTATION('',(#493),#497);
#493 = LINE('',#494,#495);
#494 = CARTESIAN_POINT('',(102.5,183.));
#495 = VECTOR('',#496,1.);
#496 = DIRECTION('',(1.,0.));
#497 = ( GEOMETRIC_REPRESENTATION_CONTEXT(2) 
PARAMETRIC_REPRESENTATION_CONTEXT() REPRESENTATION_CONTEXT('2D SPACE',''
  ) );
#498 = PCURVE('',#499,#504);
#499 = PLANE('',#500);
#500 = AXIS2_PLACEMENT_3D('',#501,#502,#503);
#501 = CARTESIAN_POINT('',(-37.,190.,2.5));
#502 = DIRECTION('',(1.,0.,-0.));
#503 = DIRECTION('',(0.,0.,1.));
#504 = DEFINITIONAL_REPRESENTATION('',(#505),#509);
#505 = LINE('',#506,#507);
#506 = CARTESIAN_POINT('',(0.,0.));
#507 = VECTOR('',#508,1.);
#508 = DIRECTION('',(1.,0.));
#509 = ( GEOMETRIC_REPRESENTATION_CONTEXT(2) 
PARAMETRIC_REPRESENTATION_CONTEXT() REPRESENTATION_CONTEXT('2D SPACE',''
  ) );
#510 = ORIENTED_EDGE('',*,*,#511,.T.);
#511 = EDGE_CURVE('',#484,#512,#514,.T.);
#512 = VERTEX_POINT('',#513);
#513 = CARTESIAN_POINT('',(-23.,190.,16.5));
#514 = SURFACE_CURVE('',#515,(#519,#526),.PCURVE_S1.);
#515 = LINE('',#516,#517);
#516 = CARTESIAN_POINT('',(-37.,190.,16.5));
#517 = VECTOR('',#518,1.);
#518 = DIRECTION('',(1.,0.,-0.));
#519 = PCURVE('',#32,#520);
#520 = DEFINITIONAL_REPRESENTATION('',(#521),#525);
#521 = LINE('',#522,#523);
#522 = CARTESIAN_POINT('',(116.5,183.));
#523 = VECTOR('',#524,1.);
#524 = DIRECTION('',(0.,1.));
#525 = ( GEOMETRIC_REPRESENTATION_CONTEXT(2) 
PARAMETRIC_REPRESENTATION_CONTEXT() REPRESENTATION_CONTEXT('2D SPACE',''
  ) );
#526 = PCURVE('',#527,#532);
#527 = PLANE('',#528);
#528 = AXIS2_PLACEMENT_3D('',#529,#530,#531);
#529 = CARTESIAN_POINT('',(-37.,190.,16.5));
#530 = DIRECTION('',(0.,0.,1.));
#531 = DIRECTION('',(1.,0.,-0.));
#532 = DEFINITIONAL_REPRESENTATION('',(#533),#537);
#533 = LINE('',#534,#535);
#534 = CARTESIAN_POINT('',(0.,0.));
#535 = VECTOR('',#536,1.);
#536 = DIRECTION('',(1.,0.));
#537 = ( GEOMETRIC_REPRESENTATION_CONTEXT(2) 
PARAMETRIC_REPRESENTATION_CONTEXT() REPRESENTATION_CONTEXT('2D SPACE',''
  ) );
#538 = ORIENTED_EDGE('',*,*,#539,.F.);
#539 = EDGE_CURVE('',#540,#512,#542,.T.);
#540 = VERTEX_POINT('',#541);
#541 = CARTESIAN_POINT('',(-23.,190.,3.));
#542 = SURFACE_CURVE('',#543,(#547,#554),.PCURVE_S1.);
#543 = LINE('',#544,#545);
#544 = CARTESIAN_POINT('',(-23.,190.,2.5));
#545 = VECTOR('',#546,1.);
#546 = DIRECTION('',(0.,0.,1.));
#547 = PCURVE('',#32,#548);
#548 = DEFINITIONAL_REPRESENTATION('',(#549),#553);
#549 = LINE('',#550,#551);
#550 = CARTESIAN_POINT('',(102.5,197.));
#551 = VECTOR('',#552,1.);
#552 = DIRECTION('',(1.,0.));
#553 = ( GEOMETRIC_REPRESENTATION_CONTEXT(2) 
PARAMETRIC_REPRESENTATION_CONTEXT() REPRESENTATION_CONTEXT('2D SPACE',''
  ) );
#554 = PCURVE('',#555,#560);
#555 = PLANE('',#556);
#556 = AXIS2_PLACEMENT_3D('',#557,#558,#559);
#557 = CARTESIAN_POINT('',(-23.,190.,2.5));
#558 = DIRECTION('',(1.,0.,-0.));
#559 = DIRECTION('',(0.,0.,1.));
#560 = DEFINITIONAL_REPRESENTATION('',(#561),#565);
#561 = LINE('',#562,#563);
#562 = CARTESIAN_POINT('',(0.,0.));
#563 = VECTOR('',#564,1.);
#564 = DIRECTION('',(1.,0.));
#565 = ( GEOMETRIC_REPRESENTATION_CONTEXT(2) 
PARAMETRIC_REPRESENTATION_CONTEXT() REPRESENTATION_CONTEXT('2D SPACE',''
  ) );
#566 = ORIENTED_EDGE('',*,*,#567,.F.);
#567 = EDGE_CURVE('',#568,#540,#570,.T.);
#568 = VERTEX_POINT('',#569);
#569 = CARTESIAN_POINT('',(23.,190.,3.));
#570 = SURFACE_CURVE('',#571,(#575,#582),.PCURVE_S1.);
#571 = LINE('',#572,#573);
#572 = CARTESIAN_POINT('',(-110.,190.,3.));
#573 = VECTOR('',#574,1.);
#574 = DIRECTION('',(-1.,0.,-0.));
#575 = PCURVE('',#32,#576);
#576 = DEFINITIONAL_REPRESENTATION('',(#577),#581);
#577 = LINE('',#578,#579);
#578 = CARTESIAN_POINT('',(103.,110.));
#579 = VECTOR('',#580,1.);
#580 = DIRECTION('',(0.,-1.));
#581 = ( GEOMETRIC_REPRESENTATION_CONTEXT(2) 
PARAMETRIC_REPRESENTATION_CONTEXT() REPRESENTATION_CONTEXT('2D SPACE',''
  ) );
#582 = PCURVE('',#366,#583);
#583 = DEFINITIONAL_REPRESENTATION('',(#584),#587);
#584 = B_SPLINE_CURVE_WITH_KNOTS('',1,(#585,#586),.UNSPECIFIED.,.F.,.F.,
  (2,2),(-268.,48.),.PIECEWISE_BEZIER_KNOTS.);
#585 = CARTESIAN_POINT('',(163.64225462182,158.));
#586 = CARTESIAN_POINT('',(163.64225462182,-158.));
#587 = ( GEOMETRIC_REPRESENTATION_CONTEXT(2) 
PARAMETRIC_REPRESENTATION_CONTEXT() REPRESENTATION_CONTEXT('2D SPACE',''
  ) );
#588 = ORIENTED_EDGE('',*,*,#589,.T.);
#589 = EDGE_CURVE('',#568,#590,#592,.T.);
#590 = VERTEX_POINT('',#591);
#591 = CARTESIAN_POINT('',(23.,190.,16.5));
#592 = SURFACE_CURVE('',#593,(#597,#604),.PCURVE_S1.);
#593 = LINE('',#594,#595);
#594 = CARTESIAN_POINT('',(23.,190.,2.5));
#595 = VECTOR('',#596,1.);
#596 = DIRECTION('',(0.,0.,1.));
#597 = PCURVE('',#32,#598);
#598 = DEFINITIONAL_REPRESENTATION('',(#599),#603);
#599 = LINE('',#600,#601);
#600 = CARTESIAN_POINT('',(102.5,243.));
#601 = VECTOR('',#602,1.);
#602 = DIRECTION('',(1.,0.));
#603 = ( GEOMETRIC_REPRESENTATION_CONTEXT(2) 
PARAMETRIC_REPRESENTATION_CONTEXT() REPRESENTATION_CONTEXT('2D SPACE',''
  ) );
#604 = PCURVE('',#605,#610);
#605 = PLANE('',#606);
#606 = AXIS2_PLACEMENT_3D('',#607,#608,#609);
#607 = CARTESIAN_POINT('',(23.,190.,2.5));
#608 = DIRECTION('',(1.,0.,-0.));
#609 = DIRECTION('',(0.,0.,1.));
#610 = DEFINITIONAL_REPRESENTATION('',(#611),#615);
#611 = LINE('',#612,#613);
#612 = CARTESIAN_POINT('',(0.,0.));
#613 = VECTOR('',#614,1.);
#614 = DIRECTION('',(1.,0.));
#615 = ( GEOMETRIC_REPRESENTATION_CONTEXT(2) 
PARAMETRIC_REPRESENTATION_CONTEXT() REPRESENTATION_CONTEXT('2D SPACE',''
  ) );
#616 = ORIENTED_EDGE('',*,*,#617,.T.);
#617 = EDGE_CURVE('',#590,#618,#620,.T.);
#618 = VERTEX_POINT('',#619);
#619 = CARTESIAN_POINT('',(37.,190.,16.5));
#620 = SURFACE_CURVE('',#621,(#625,#632),.PCURVE_S1.);
#621 = LINE('',#622,#623);
#622 = CARTESIAN_POINT('',(23.,190.,16.5));
#623 = VECTOR('',#624,1.);
#624 = DIRECTION('',(1.,0.,-0.));
#625 = PCURVE('',#32,#626);
#626 = DEFINITIONAL_REPRESENTATION('',(#627),#631);
#627 = LINE('',#628,#629);
#628 = CARTESIAN_POINT('',(116.5,243.));
#629 = VECTOR('',#630,1.);
#630 = DIRECTION('',(0.,1.));
#631 = ( GEOMETRIC_REPRESENTATION_CONTEXT(2) 
PARAMETRIC_REPRESENTATION_CONTEXT() REPRESENTATION_CONTEXT('2D SPACE',''
  ) );
#632 = PCURVE('',#633,#638);
#633 = PLANE('',#634);
#634 = AXIS2_PLACEMENT_3D('',#635,#636,#637);
#635 = CARTESIAN_POINT('',(23.,190.,16.5));
#636 = DIRECTION('',(0.,0.,1.));
#637 = DIRECTION('',(1.,0.,-0.));
#638 = DEFINITIONAL_REPRESENTATION('',(#639),#643);
#639 = LINE('',#640,#641);
#640 = CARTESIAN_POINT('',(0.,0.));
#641 = VECTOR('',#642,1.);
#642 = DIRECTION('',(1.,0.));
#643 = ( GEOMETRIC_REPRESENTATION_CONTEXT(2) 
PARAMETRIC_REPRESENTATION_CONTEXT() REPRESENTATION_CONTEXT('2D SPACE',''
  ) );
#644 = ORIENTED_EDGE('',*,*,#645,.F.);
#645 = EDGE_CURVE('',#646,#618,#648,.T.);
#646 = VERTEX_POINT('',#647);
#647 = CARTESIAN_POINT('',(37.,190.,3.));
#648 = SURFACE_CURVE('',#649,(#653,#660),.PCURVE_S1.);
#649 = LINE('',#650,#651);
#650 = CARTESIAN_POINT('',(37.,190.,2.5));
#651 = VECTOR('',#652,1.);
#652 = DIRECTION('',(0.,0.,1.));
#653 = PCURVE('',#32,#654);
#654 = DEFINITIONAL_REPRESENTATION('',(#655),#659);
#655 = LINE('',#656,#657);
#656 = CARTESIAN_POINT('',(102.5,257.));
#657 = VECTOR('',#658,1.);
#658 = DIRECTION('',(1.,0.));
#659 = ( GEOMETRIC_REPRESENTATION_CONTEXT(2) 
PARAMETRIC_REPRESENTATION_CONTEXT() REPRESENTATION_CONTEXT('2D SPACE',''
  ) );
#660 = PCURVE('',#661,#666);
#661 = PLANE('',#662);
#662 = AXIS2_PLACEMENT_3D('',#663,#664,#665);
#663 = CARTESIAN_POINT('',(37.,190.,2.5));
#664 = DIRECTION('',(1.,0.,-0.));
#665 = DIRECTION('',(0.,0.,1.));
#666 = DEFINITIONAL_REPRESENTATION('',(#667),#671);
#667 = LINE('',#668,#669);
#668 = CARTESIAN_POINT('',(0.,0.));
#669 = VECTOR('',#670,1.);
#670 = DIRECTION('',(1.,0.));
#671 = ( GEOMETRIC_REPRESENTATION_CONTEXT(2) 
PARAMETRIC_REPRESENTATION_CONTEXT() REPRESENTATION_CONTEXT('2D SPACE',''
  ) );
#672 = ORIENTED_EDGE('',*,*,#673,.F.);
#673 = EDGE_CURVE('',#674,#646,#676,.T.);
#674 = VERTEX_POINT('',#675);
#675 = CARTESIAN_POINT('',(83.,190.,3.));
#676 = SURFACE_CURVE('',#677,(#681,#688),.PCURVE_S1.);
#677 = LINE('',#678,#679);
#678 = CARTESIAN_POINT('',(-110.,190.,3.));
#679 = VECTOR('',#680,1.);
#680 = DIRECTION('',(-1.,0.,-0.));
#681 = PCURVE('',#32,#682);
#682 = DEFINITIONAL_REPRESENTATION('',(#683),#687);
#683 = LINE('',#684,#685);
#684 = CARTESIAN_POINT('',(103.,110.));
#685 = VECTOR('',#686,1.);
#686 = DIRECTION('',(0.,-1.));
#687 = ( GEOMETRIC_REPRESENTATION_CONTEXT(2) 
PARAMETRIC_REPRESENTATION_CONTEXT() REPRESENTATION_CONTEXT('2D SPACE',''
  ) );
#688 = PCURVE('',#366,#689);
#689 = DEFINITIONAL_REPRESENTATION('',(#690),#693);
#690 = B_SPLINE_CURVE_WITH_KNOTS('',1,(#691,#692),.UNSPECIFIED.,.F.,.F.,
  (2,2),(-268.,48.),.PIECEWISE_BEZIER_KNOTS.);
#691 = CARTESIAN_POINT('',(163.64225462182,158.));
#692 = CARTESIAN_POINT('',(163.64225462182,-158.));
#693 = ( GEOMETRIC_REPRESENTATION_CONTEXT(2) 
PARAMETRIC_REPRESENTATION_CONTEXT() REPRESENTATION_CONTEXT('2D SPACE',''
  ) );
#694 = ORIENTED_EDGE('',*,*,#695,.T.);
#695 = EDGE_CURVE('',#674,#696,#698,.T.);
#696 = VERTEX_POINT('',#697);
#697 = CARTESIAN_POINT('',(83.,190.,16.5));
#698 = SURFACE_CURVE('',#699,(#703,#710),.PCURVE_S1.);
#699 = LINE('',#700,#701);
#700 = CARTESIAN_POINT('',(83.,190.,2.5));
#701 = VECTOR('',#702,1.);
#702 = DIRECTION('',(0.,0.,1.));
#703 = PCURVE('',#32,#704);
#704 = DEFINITIONAL_REPRESENTATION('',(#705),#709);
#705 = LINE('',#706,#707);
#706 = CARTESIAN_POINT('',(102.5,303.));
#707 = VECTOR('',#708,1.);
#708 = DIRECTION('',(1.,0.));
#709 = ( GEOMETRIC_REPRESENTATION_CONTEXT(2) 
PARAMETRIC_REPRESENTATION_CONTEXT() REPRESENTATION_CONTEXT('2D SPACE',''
  ) );
#710 = PCURVE('',#711,#716);
#711 = PLANE('',#712);
#712 = AXIS2_PLACEMENT_3D('',#713,#714,#715);
#713 = CARTESIAN_POINT('',(83.,190.,2.5));
#714 = DIRECTION('',(1.,0.,-0.));
#715 = DIRECTION('',(0.,0.,1.));
#716 = DEFINITIONAL_REPRESENTATION('',(#717),#721);
#717 = LINE('',#718,#719);
#718 = CARTESIAN_POINT('',(0.,0.));
#719 = VECTOR('',#720,1.);
#720 = DIRECTION('',(1.,0.));
#721 = ( GEOMETRIC_REPRESENTATION_CONTEXT(2) 
PARAMETRIC_REPRESENTATION_CONTEXT() REPRESENTATION_CONTEXT('2D SPACE',''
  ) );
#722 = ORIENTED_EDGE('',*,*,#723,.T.);
#723 = EDGE_CURVE('',#696,#724,#726,.T.);
#724 = VERTEX_POINT('',#725);
#725 = CARTESIAN_POINT('',(97.,190.,16.5));
#726 = SURFACE_CURVE('',#727,(#731,#738),.PCURVE_S1.);
#727 = LINE('',#728,#729);
#728 = CARTESIAN_POINT('',(83.,190.,16.5));
#729 = VECTOR('',#730,1.);
#730 = DIRECTION('',(1.,0.,-0.));
#731 = PCURVE('',#32,#732);
#732 = DEFINITIONAL_REPRESENTATION('',(#733),#737);
#733 = LINE('',#734,#735);
#734 = CARTESIAN_POINT('',(116.5,303.));
#735 = VECTOR('',#736,1.);
#736 = DIRECTION('',(0.,1.));
#737 = ( GEOMETRIC_REPRESENTATION_CONTEXT(2) 
PARAMETRIC_REPRESENTATION_CONTEXT() REPRESENTATION_CONTEXT('2D SPACE',''
  ) );
#738 = PCURVE('',#739,#744);
#739 = PLANE('',#740);
#740 = AXIS2_PLACEMENT_3D('',#741,#742,#743);
#741 = CARTESIAN_POINT('',(83.,190.,16.5));
#742 = DIRECTION('',(0.,0.,1.));
#743 = DIRECTION('',(1.,0.,-0.));
#744 = DEFINITIONAL_REPRESENTATION('',(#745),#749);
#745 = LINE('',#746,#747);
#746 = CARTESIAN_POINT('',(0.,0.));
#747 = VECTOR('',#748,1.);
#748 = DIRECTION('',(1.,0.));
#749 = ( GEOMETRIC_REPRESENTATION_CONTEXT(2) 
PARAMETRIC_REPRESENTATION_CONTEXT() REPRESENTATION_CONTEXT('2D SPACE',''
  ) );
#750 = ORIENTED_EDGE('',*,*,#751,.F.);
#751 = EDGE_CURVE('',#752,#724,#754,.T.);
#752 = VERTEX_POINT('',#753);
#753 = CARTESIAN_POINT('',(97.,190.,3.));
#754 = SURFACE_CURVE('',#755,(#759,#766),.PCURVE_S1.);
#755 = LINE('',#756,#757);
#756 = CARTESIAN_POINT('',(97.,190.,2.5));
#757 = VECTOR('',#758,1.);
#758 = DIRECTION('',(0.,0.,1.));
#759 = PCURVE('',#32,#760);
#760 = DEFINITIONAL_REPRESENTATION('',(#761),#765);
#761 = LINE('',#762,#763);
#762 = CARTESIAN_POINT('',(102.5,317.));
#763 = VECTOR('',#764,1.);
#764 = DIRECTION('',(1.,0.));
#765 = ( GEOMETRIC_REPRESENTATION_CONTEXT(2) 
PARAMETRIC_REPRESENTATION_CONTEXT() REPRESENTATION_CONTEXT('2D SPACE',''
  ) );
#766 = PCURVE('',#767,#772);
#767 = PLANE('',#768);
#768 = AXIS2_PLACEMENT_3D('',#769,#770,#771);
#769 = CARTESIAN_POINT('',(97.,190.,2.5));
#770 = DIRECTION('',(1.,0.,-0.));
#771 = DIRECTION('',(0.,0.,1.));
#772 = DEFINITIONAL_REPRESENTATION('',(#773),#777);
#773 = LINE('',#774,#775);
#774 = CARTESIAN_POINT('',(0.,0.));
#775 = VECTOR('',#776,1.);
#776 = DIRECTION('',(1.,0.));
#777 = ( GEOMETRIC_REPRESENTATION_CONTEXT(2) 
PARAMETRIC_REPRESENTATION_CONTEXT() REPRESENTATION_CONTEXT('2D SPACE',''
  ) );
#778 = ORIENTED_EDGE('',*,*,#779,.F.);
#779 = EDGE_CURVE('',#780,#752,#782,.T.);
#780 = VERTEX_POINT('',#781);
#781 = CARTESIAN_POINT('',(158.,190.,3.));
#782 = SURFACE_CURVE('',#783,(#787,#794),.PCURVE_S1.);
#783 = LINE('',#784,#785);
#784 = CARTESIAN_POINT('',(-110.,190.,3.));
#785 = VECTOR('',#786,1.);
#786 = DIRECTION('',(-1.,0.,-0.));
#787 = PCURVE('',#32,#788);
#788 = DEFINITIONAL_REPRESENTATION('',(#789),#793);
#789 = LINE('',#790,#791);
#790 = CARTESIAN_POINT('',(103.,110.));
#791 = VECTOR('',#792,1.);
#792 = DIRECTION('',(0.,-1.));
#793 = ( GEOMETRIC_REPRESENTATION_CONTEXT(2) 
PARAMETRIC_REPRESENTATION_CONTEXT() REPRESENTATION_CONTEXT('2D SPACE',''
  ) );
#794 = PCURVE('',#366,#795);
#795 = DEFINITIONAL_REPRESENTATION('',(#796),#799);
#796 = B_SPLINE_CURVE_WITH_KNOTS('',1,(#797,#798),.UNSPECIFIED.,.F.,.F.,
  (2,2),(-268.,48.),.PIECEWISE_BEZIER_KNOTS.);
#797 = CARTESIAN_POINT('',(163.64225462182,158.));
#798 = CARTESIAN_POINT('',(163.64225462182,-158.));
#799 = ( GEOMETRIC_REPRESENTATION_CONTEXT(2) 
PARAMETRIC_REPRESENTATION_CONTEXT() REPRESENTATION_CONTEXT('2D SPACE',''
  ) );
#800 = ORIENTED_EDGE('',*,*,#801,.F.);
#801 = EDGE_CURVE('',#802,#780,#804,.T.);
#802 = VERTEX_POINT('',#803);
#803 = CARTESIAN_POINT('',(162.,190.,3.937742251701));
#804 = SURFACE_CURVE('',#805,(#810,#817),.PCURVE_S1.);
#805 = CIRCLE('',#806,9.);
#806 = AXIS2_PLACEMENT_3D('',#807,#808,#809);
#807 = CARTESIAN_POINT('',(158.,190.,12.));
#808 = DIRECTION('',(0.,1.,0.));
#809 = DIRECTION('',(0.,0.,-1.));
#810 = PCURVE('',#32,#811);
#811 = DEFINITIONAL_REPRESENTATION('',(#812),#816);
#812 = CIRCLE('',#813,9.);
#813 = AXIS2_PLACEMENT_2D('',#814,#815);
#814 = CARTESIAN_POINT('',(112.,378.));
#815 = DIRECTION('',(-1.,0.));
#816 = ( GEOMETRIC_REPRESENTATION_CONTEXT(2) 
PARAMETRIC_REPRESENTATION_CONTEXT() REPRESENTATION_CONTEXT('2D SPACE',''
  ) );
#817 = PCURVE('',#818,#823);
#818 = CYLINDRICAL_SURFACE('',#819,9.);
#819 = AXIS2_PLACEMENT_3D('',#820,#821,#822);
#820 = CARTESIAN_POINT('',(158.,26.357745378172,12.));
#821 = DIRECTION('',(0.,1.,0.));
#822 = DIRECTION('',(0.,0.,-1.));
#823 = DEFINITIONAL_REPRESENTATION('',(#824),#828);
#824 = LINE('',#825,#826);
#825 = CARTESIAN_POINT('',(-6.28318530718,163.64225462182));
#826 = VECTOR('',#827,1.);
#827 = DIRECTION('',(1.,-0.));
#828 = ( GEOMETRIC_REPRESENTATION_CONTEXT(2) 
PARAMETRIC_REPRESENTATION_CONTEXT() REPRESENTATION_CONTEXT('2D SPACE',''
  ) );
#829 = ORIENTED_EDGE('',*,*,#830,.F.);
#830 = EDGE_CURVE('',#831,#802,#833,.T.);
#831 = VERTEX_POINT('',#832);
#832 = CARTESIAN_POINT('',(162.,190.,53.));
#833 = SURFACE_CURVE('',#834,(#838,#845),.PCURVE_S1.);
#834 = LINE('',#835,#836);
#835 = CARTESIAN_POINT('',(162.,190.,33.907128329067));
#836 = VECTOR('',#837,1.);
#837 = DIRECTION('',(0.,0.,-1.));
#838 = PCURVE('',#32,#839);
#839 = DEFINITIONAL_REPRESENTATION('',(#840),#844);
#840 = LINE('',#841,#842);
#841 = CARTESIAN_POINT('',(133.90712832906,382.));
#842 = VECTOR('',#843,1.);
#843 = DIRECTION('',(-1.,0.));
#844 = ( GEOMETRIC_REPRESENTATION_CONTEXT(2) 
PARAMETRIC_REPRESENTATION_CONTEXT() REPRESENTATION_CONTEXT('2D SPACE',''
  ) );
#845 = PCURVE('',#846,#851);
#846 = PLANE('',#847);
#847 = AXIS2_PLACEMENT_3D('',#848,#849,#850);
#848 = CARTESIAN_POINT('',(162.,199.13202132381,167.81425665813));
#849 = DIRECTION('',(1.,0.,0.));
#850 = DIRECTION('',(0.,1.,0.));
#851 = DEFINITIONAL_REPRESENTATION('',(#852),#855);
#852 = B_SPLINE_CURVE_WITH_KNOTS('',1,(#853,#854),.UNSPECIFIED.,.F.,.F.,
  (2,2),(-91.09287167093,29.976140497878),.PIECEWISE_BEZIER_KNOTS.);
#853 = CARTESIAN_POINT('',(-9.132021323818,-42.81425665813));
#854 = CARTESIAN_POINT('',(-9.132021323818,-163.8832688269));
#855 = ( GEOMETRIC_REPRESENTATION_CONTEXT(2) 
PARAMETRIC_REPRESENTATION_CONTEXT() REPRESENTATION_CONTEXT('2D SPACE',''
  ) );
#856 = ORIENTED_EDGE('',*,*,#857,.F.);
#857 = EDGE_CURVE('',#858,#831,#860,.T.);
#858 = VERTEX_POINT('',#859);
#859 = CARTESIAN_POINT('',(153.5,190.,53.));
#860 = SURFACE_CURVE('',#861,(#865,#872),.PCURVE_S1.);
#861 = LINE('',#862,#863);
#862 = CARTESIAN_POINT('',(153.5,190.,53.));
#863 = VECTOR('',#864,1.);
#864 = DIRECTION('',(1.,0.,-0.));
#865 = PCURVE('',#32,#866);
#866 = DEFINITIONAL_REPRESENTATION('',(#867),#871);
#867 = LINE('',#868,#869);
#868 = CARTESIAN_POINT('',(153.,373.5));
#869 = VECTOR('',#870,1.);
#870 = DIRECTION('',(0.,1.));
#871 = ( GEOMETRIC_REPRESENTATION_CONTEXT(2) 
PARAMETRIC_REPRESENTATION_CONTEXT() REPRESENTATION_CONTEXT('2D SPACE',''
  ) );
#872 = PCURVE('',#873,#878);
#873 = PLANE('',#874);
#874 = AXIS2_PLACEMENT_3D('',#875,#876,#877);
#875 = CARTESIAN_POINT('',(153.5,190.,53.));
#876 = DIRECTION('',(0.,0.,1.));
#877 = DIRECTION('',(1.,0.,-0.));
#878 = DEFINITIONAL_REPRESENTATION('',(#879),#883);
#879 = LINE('',#880,#881);
#880 = CARTESIAN_POINT('',(0.,0.));
#881 = VECTOR('',#882,1.);
#882 = DIRECTION('',(1.,0.));
#883 = ( GEOMETRIC_REPRESENTATION_CONTEXT(2) 
PARAMETRIC_REPRESENTATION_CONTEXT() REPRESENTATION_CONTEXT('2D SPACE',''
  ) );
#884 = ORIENTED_EDGE('',*,*,#885,.T.);
#885 = EDGE_CURVE('',#858,#886,#888,.T.);
#886 = VERTEX_POINT('',#887);
#887 = CARTESIAN_POINT('',(153.5,190.,67.));
#888 = SURFACE_CURVE('',#889,(#893,#900),.PCURVE_S1.);
#889 = LINE('',#890,#891);
#890 = CARTESIAN_POINT('',(153.5,190.,53.));
#891 = VECTOR('',#892,1.);
#892 = DIRECTION('',(0.,0.,1.));
#893 = PCURVE('',#32,#894);
#894 = DEFINITIONAL_REPRESENTATION('',(#895),#899);
#895 = LINE('',#896,#897);
#896 = CARTESIAN_POINT('',(153.,373.5));
#897 = VECTOR('',#898,1.);
#898 = DIRECTION('',(1.,0.));
#899 = ( GEOMETRIC_REPRESENTATION_CONTEXT(2) 
PARAMETRIC_REPRESENTATION_CONTEXT() REPRESENTATION_CONTEXT('2D SPACE',''
  ) );
#900 = PCURVE('',#901,#906);
#901 = PLANE('',#902);
#902 = AXIS2_PLACEMENT_3D('',#903,#904,#905);
#903 = CARTESIAN_POINT('',(153.5,190.,53.));
#904 = DIRECTION('',(1.,0.,-0.));
#905 = DIRECTION('',(0.,0.,1.));
#906 = DEFINITIONAL_REPRESENTATION('',(#907),#911);
#907 = LINE('',#908,#909);
#908 = CARTESIAN_POINT('',(0.,0.));
#909 = VECTOR('',#910,1.);
#910 = DIRECTION('',(1.,0.));
#911 = ( GEOMETRIC_REPRESENTATION_CONTEXT(2) 
PARAMETRIC_REPRESENTATION_CONTEXT() REPRESENTATION_CONTEXT('2D SPACE',''
  ) );
#912 = ORIENTED_EDGE('',*,*,#913,.T.);
#913 = EDGE_CURVE('',#886,#914,#916,.T.);
#914 = VERTEX_POINT('',#915);
#915 = CARTESIAN_POINT('',(162.,190.,67.));
#916 = SURFACE_CURVE('',#917,(#921,#928),.PCURVE_S1.);
#917 = LINE('',#918,#919);
#918 = CARTESIAN_POINT('',(153.5,190.,67.));
#919 = VECTOR('',#920,1.);
#920 = DIRECTION('',(1.,0.,-0.));
#921 = PCURVE('',#32,#922);
#922 = DEFINITIONAL_REPRESENTATION('',(#923),#927);
#923 = LINE('',#924,#925);
#924 = CARTESIAN_POINT('',(167.,373.5));
#925 = VECTOR('',#926,1.);
#926 = DIRECTION('',(0.,1.));
#927 = ( GEOMETRIC_REPRESENTATION_CONTEXT(2) 
PARAMETRIC_REPRESENTATION_CONTEXT() REPRESENTATION_CONTEXT('2D SPACE',''
  ) );
#928 = PCURVE('',#929,#934);
#929 = PLANE('',#930);
#930 = AXIS2_PLACEMENT_3D('',#931,#932,#933);
#931 = CARTESIAN_POINT('',(153.5,190.,67.));
#932 = DIRECTION('',(0.,0.,1.));
#933 = DIRECTION('',(1.,0.,-0.));
#934 = DEFINITIONAL_REPRESENTATION('',(#935),#939);
#935 = LINE('',#936,#937);
#936 = CARTESIAN_POINT('',(0.,0.));
#937 = VECTOR('',#938,1.);
#938 = DIRECTION('',(1.,0.));
#939 = ( GEOMETRIC_REPRESENTATION_CONTEXT(2) 
PARAMETRIC_REPRESENTATION_CONTEXT() REPRESENTATION_CONTEXT('2D SPACE',''
  ) );
#940 = ORIENTED_EDGE('',*,*,#941,.F.);
#941 = EDGE_CURVE('',#942,#914,#944,.T.);
#942 = VERTEX_POINT('',#943);
#943 = CARTESIAN_POINT('',(162.,190.,103.));
#944 = SURFACE_CURVE('',#945,(#949,#956),.PCURVE_S1.);
#945 = LINE('',#946,#947);
#946 = CARTESIAN_POINT('',(162.,190.,33.907128329067));
#947 = VECTOR('',#948,1.);
#948 = DIRECTION('',(0.,0.,-1.));
#949 = PCURVE('',#32,#950);
#950 = DEFINITIONAL_REPRESENTATION('',(#951),#955);
#951 = LINE('',#952,#953);
#952 = CARTESIAN_POINT('',(133.90712832906,382.));
#953 = VECTOR('',#954,1.);
#954 = DIRECTION('',(-1.,0.));
#955 = ( GEOMETRIC_REPRESENTATION_CONTEXT(2) 
PARAMETRIC_REPRESENTATION_CONTEXT() REPRESENTATION_CONTEXT('2D SPACE',''
  ) );
#956 = PCURVE('',#846,#957);
#957 = DEFINITIONAL_REPRESENTATION('',(#958),#961);
#958 = B_SPLINE_CURVE_WITH_KNOTS('',1,(#959,#960),.UNSPECIFIED.,.F.,.F.,
  (2,2),(-91.09287167093,29.976140497878),.PIECEWISE_BEZIER_KNOTS.);
#959 = CARTESIAN_POINT('',(-9.132021323818,-42.81425665813));
#960 = CARTESIAN_POINT('',(-9.132021323818,-163.8832688269));
#961 = ( GEOMETRIC_REPRESENTATION_CONTEXT(2) 
PARAMETRIC_REPRESENTATION_CONTEXT() REPRESENTATION_CONTEXT('2D SPACE',''
  ) );
#962 = ORIENTED_EDGE('',*,*,#963,.F.);
#963 = EDGE_CURVE('',#964,#942,#966,.T.);
#964 = VERTEX_POINT('',#965);
#965 = CARTESIAN_POINT('',(153.5,190.,103.));
#966 = SURFACE_CURVE('',#967,(#971,#978),.PCURVE_S1.);
#967 = LINE('',#968,#969);
#968 = CARTESIAN_POINT('',(153.5,190.,103.));
#969 = VECTOR('',#970,1.);
#970 = DIRECTION('',(1.,0.,-0.));
#971 = PCURVE('',#32,#972);
#972 = DEFINITIONAL_REPRESENTATION('',(#973),#977);
#973 = LINE('',#974,#975);
#974 = CARTESIAN_POINT('',(203.,373.5));
#975 = VECTOR('',#976,1.);
#976 = DIRECTION('',(0.,1.));
#977 = ( GEOMETRIC_REPRESENTATION_CONTEXT(2) 
PARAMETRIC_REPRESENTATION_CONTEXT() REPRESENTATION_CONTEXT('2D SPACE',''
  ) );
#978 = PCURVE('',#979,#984);
#979 = PLANE('',#980);
#980 = AXIS2_PLACEMENT_3D('',#981,#982,#983);
#981 = CARTESIAN_POINT('',(153.5,190.,103.));
#982 = DIRECTION('',(0.,0.,1.));
#983 = DIRECTION('',(1.,0.,-0.));
#984 = DEFINITIONAL_REPRESENTATION('',(#985),#989);
#985 = LINE('',#986,#987);
#986 = CARTESIAN_POINT('',(0.,0.));
#987 = VECTOR('',#988,1.);
#988 = DIRECTION('',(1.,0.));
#989 = ( GEOMETRIC_REPRESENTATION_CONTEXT(2) 
PARAMETRIC_REPRESENTATION_CONTEXT() REPRESENTATION_CONTEXT('2D SPACE',''
  ) );
#990 = ORIENTED_EDGE('',*,*,#991,.T.);
#991 = EDGE_CURVE('',#964,#992,#994,.T.);
#992 = VERTEX_POINT('',#993);
#993 = CARTESIAN_POINT('',(153.5,190.,117.));
#994 = SURFACE_CURVE('',#995,(#999,#1006),.PCURVE_S1.);
#995 = LINE('',#996,#997);
#996 = CARTESIAN_POINT('',(153.5,190.,103.));
#997 = VECTOR('',#998,1.);
#998 = DIRECTION('',(0.,0.,1.));
#999 = PCURVE('',#32,#1000);
#1000 = DEFINITIONAL_REPRESENTATION('',(#1001),#1005);
#1001 = LINE('',#1002,#1003);
#1002 = CARTESIAN_POINT('',(203.,373.5));
#1003 = VECTOR('',#1004,1.);
#1004 = DIRECTION('',(1.,0.));
#1005 = ( GEOMETRIC_REPRESENTATION_CONTEXT(2) 
PARAMETRIC_REPRESENTATION_CONTEXT() REPRESENTATION_CONTEXT('2D SPACE',''
  ) );
#1006 = PCURVE('',#1007,#1012);
#1007 = PLANE('',#1008);
#1008 = AXIS2_PLACEMENT_3D('',#1009,#1010,#1011);
#1009 = CARTESIAN_POINT('',(153.5,190.,103.));
#1010 = DIRECTION('',(1.,0.,-0.));
#1011 = DIRECTION('',(0.,0.,1.));
#1012 = DEFINITIONAL_REPRESENTATION('',(#1013),#1017);
#1013 = LINE('',#1014,#1015);
#1014 = CARTESIAN_POINT('',(0.,0.));
#1015 = VECTOR('',#1016,1.);
#1016 = DIRECTION('',(1.,0.));
#1017 = ( GEOMETRIC_REPRESENTATION_CONTEXT(2) 
PARAMETRIC_REPRESENTATION_CONTEXT() REPRESENTATION_CONTEXT('2D SPACE',''
  ) );
#1018 = ORIENTED_EDGE('',*,*,#1019,.T.);
#1019 = EDGE_CURVE('',#992,#1020,#1022,.T.);
#1020 = VERTEX_POINT('',#1021);
#1021 = CARTESIAN_POINT('',(162.,190.,117.));
#1022 = SURFACE_CURVE('',#1023,(#1027,#1034),.PCURVE_S1.);
#1023 = LINE('',#1024,#1025);
#1024 = CARTESIAN_POINT('',(153.5,190.,117.));
#1025 = VECTOR('',#1026,1.);
#1026 = DIRECTION('',(1.,0.,-0.));
#1027 = PCURVE('',#32,#1028);
#1028 = DEFINITIONAL_REPRESENTATION('',(#1029),#1033);
#1029 = LINE('',#1030,#1031);
#1030 = CARTESIAN_POINT('',(217.,373.5));
#1031 = VECTOR('',#1032,1.);
#1032 = DIRECTION('',(0.,1.));
#1033 = ( GEOMETRIC_REPRESENTATION_CONTEXT(2) 
PARAMETRIC_REPRESENTATION_CONTEXT() REPRESENTATION_CONTEXT('2D SPACE',''
  ) );
#1034 = PCURVE('',#1035,#1040);
#1035 = PLANE('',#1036);
#1036 = AXIS2_PLACEMENT_3D('',#1037,#1038,#1039);
#1037 = CARTESIAN_POINT('',(153.5,190.,117.));
#1038 = DIRECTION('',(0.,0.,1.));
#1039 = DIRECTION('',(1.,0.,-0.));
#1040 = DEFINITIONAL_REPRESENTATION('',(#1041),#1045);
#1041 = LINE('',#1042,#1043);
#1042 = CARTESIAN_POINT('',(0.,0.));
#1043 = VECTOR('',#1044,1.);
#1044 = DIRECTION('',(1.,0.));
#1045 = ( GEOMETRIC_REPRESENTATION_CONTEXT(2) 
PARAMETRIC_REPRESENTATION_CONTEXT() REPRESENTATION_CONTEXT('2D SPACE',''
  ) );
#1046 = ORIENTED_EDGE('',*,*,#1047,.F.);
#1047 = EDGE_CURVE('',#1048,#1020,#1050,.T.);
#1048 = VERTEX_POINT('',#1049);
#1049 = CARTESIAN_POINT('',(162.,190.,125.));
#1050 = SURFACE_CURVE('',#1051,(#1055,#1062),.PCURVE_S1.);
#1051 = LINE('',#1052,#1053);
#1052 = CARTESIAN_POINT('',(162.,190.,33.907128329067));
#1053 = VECTOR('',#1054,1.);
#1054 = DIRECTION('',(0.,0.,-1.));
#1055 = PCURVE('',#32,#1056);
#1056 = DEFINITIONAL_REPRESENTATION('',(#1057),#1061);
#1057 = LINE('',#1058,#1059);
#1058 = CARTESIAN_POINT('',(133.90712832906,382.));
#1059 = VECTOR('',#1060,1.);
#1060 = DIRECTION('',(-1.,0.));
#1061 = ( GEOMETRIC_REPRESENTATION_CONTEXT(2) 
PARAMETRIC_REPRESENTATION_CONTEXT() REPRESENTATION_CONTEXT('2D SPACE',''
  ) );
#1062 = PCURVE('',#846,#1063);
#1063 = DEFINITIONAL_REPRESENTATION('',(#1064),#1067);
#1064 = B_SPLINE_CURVE_WITH_KNOTS('',1,(#1065,#1066),.UNSPECIFIED.,.F.,
  .F.,(2,2),(-91.09287167093,29.976140497878),.PIECEWISE_BEZIER_KNOTS.);
#1065 = CARTESIAN_POINT('',(-9.132021323818,-42.81425665813));
#1066 = CARTESIAN_POINT('',(-9.132021323818,-163.8832688269));
#1067 = ( GEOMETRIC_REPRESENTATION_CONTEXT(2) 
PARAMETRIC_REPRESENTATION_CONTEXT() REPRESENTATION_CONTEXT('2D SPACE',''
  ) );
#1068 = ORIENTED_EDGE('',*,*,#1069,.T.);
#1069 = EDGE_CURVE('',#1048,#1070,#1072,.T.);
#1070 = VERTEX_POINT('',#1071);
#1071 = CARTESIAN_POINT('',(170.,190.,125.));
#1072 = SURFACE_CURVE('',#1073,(#1077,#1084),.PCURVE_S1.);
#1073 = LINE('',#1074,#1075);
#1074 = CARTESIAN_POINT('',(-220.,190.,125.));
#1075 = VECTOR('',#1076,1.);
#1076 = DIRECTION('',(1.,0.,-0.));
#1077 = PCURVE('',#32,#1078);
#1078 = DEFINITIONAL_REPRESENTATION('',(#1079),#1083);
#1079 = LINE('',#1080,#1081);
#1080 = CARTESIAN_POINT('',(225.,0.));
#1081 = VECTOR('',#1082,1.);
#1082 = DIRECTION('',(0.,1.));
#1083 = ( GEOMETRIC_REPRESENTATION_CONTEXT(2) 
PARAMETRIC_REPRESENTATION_CONTEXT() REPRESENTATION_CONTEXT('2D SPACE',''
  ) );
#1084 = PCURVE('',#71,#1085);
#1085 = DEFINITIONAL_REPRESENTATION('',(#1086),#1089);
#1086 = B_SPLINE_CURVE_WITH_KNOTS('',1,(#1087,#1088),.UNSPECIFIED.,.F.,
  .F.,(2,2),(50.,390.),.PIECEWISE_BEZIER_KNOTS.);
#1087 = CARTESIAN_POINT('',(50.,240.));
#1088 = CARTESIAN_POINT('',(390.,240.));
#1089 = ( GEOMETRIC_REPRESENTATION_CONTEXT(2) 
PARAMETRIC_REPRESENTATION_CONTEXT() REPRESENTATION_CONTEXT('2D SPACE',''
  ) );
#1090 = ORIENTED_EDGE('',*,*,#1091,.T.);
#1091 = EDGE_CURVE('',#1070,#1092,#1094,.T.);
#1092 = VERTEX_POINT('',#1093);
#1093 = CARTESIAN_POINT('',(170.,190.,3.2));
#1094 = SURFACE_CURVE('',#1095,(#1099,#1106),.PCURVE_S1.);
#1095 = LINE('',#1096,#1097);
#1096 = CARTESIAN_POINT('',(170.,190.,33.907128329067));
#1097 = VECTOR('',#1098,1.);
#1098 = DIRECTION('',(0.,0.,-1.));
#1099 = PCURVE('',#32,#1100);
#1100 = DEFINITIONAL_REPRESENTATION('',(#1101),#1105);
#1101 = LINE('',#1102,#1103);
#1102 = CARTESIAN_POINT('',(133.90712832906,390.));
#1103 = VECTOR('',#1104,1.);
#1104 = DIRECTION('',(-1.,0.));
#1105 = ( GEOMETRIC_REPRESENTATION_CONTEXT(2) 
PARAMETRIC_REPRESENTATION_CONTEXT() REPRESENTATION_CONTEXT('2D SPACE',''
  ) );
#1106 = PCURVE('',#1107,#1112);
#1107 = PLANE('',#1108);
#1108 = AXIS2_PLACEMENT_3D('',#1109,#1110,#1111);
#1109 = CARTESIAN_POINT('',(170.,199.13202132381,167.81425665813));
#1110 = DIRECTION('',(1.,0.,0.));
#1111 = DIRECTION('',(0.,1.,0.));
#1112 = DEFINITIONAL_REPRESENTATION('',(#1113),#1116);
#1113 = B_SPLINE_CURVE_WITH_KNOTS('',1,(#1114,#1115),.UNSPECIFIED.,.F.,
  .F.,(2,2),(-91.09287167093,30.70712832907),.PIECEWISE_BEZIER_KNOTS.);
#1114 = CARTESIAN_POINT('',(-9.132021323818,-42.81425665813));
#1115 = CARTESIAN_POINT('',(-9.132021323818,-164.6142566581));
#1116 = ( GEOMETRIC_REPRESENTATION_CONTEXT(2) 
PARAMETRIC_REPRESENTATION_CONTEXT() REPRESENTATION_CONTEXT('2D SPACE',''
  ) );
#1117 = ORIENTED_EDGE('',*,*,#1118,.T.);
#1118 = EDGE_CURVE('',#1092,#1119,#1121,.T.);
#1119 = VERTEX_POINT('',#1120);
#1120 = CARTESIAN_POINT('',(166.8,190.,-4.440892098501E-16));
#1121 = SURFACE_CURVE('',#1122,(#1127,#1134),.PCURVE_S1.);
#1122 = CIRCLE('',#1123,3.2);
#1123 = AXIS2_PLACEMENT_3D('',#1124,#1125,#1126);
#1124 = CARTESIAN_POINT('',(166.8,190.,3.2));
#1125 = DIRECTION('',(0.,1.,0.));
#1126 = DIRECTION('',(0.,0.,-1.));
#1127 = PCURVE('',#32,#1128);
#1128 = DEFINITIONAL_REPRESENTATION('',(#1129),#1133);
#1129 = CIRCLE('',#1130,3.2);
#1130 = AXIS2_PLACEMENT_2D('',#1131,#1132);
#1131 = CARTESIAN_POINT('',(103.2,386.8));
#1132 = DIRECTION('',(-1.,0.));
#1133 = ( GEOMETRIC_REPRESENTATION_CONTEXT(2) 
PARAMETRIC_REPRESENTATION_CONTEXT() REPRESENTATION_CONTEXT('2D SPACE',''
  ) );
#1134 = PCURVE('',#1135,#1140);
#1135 = CYLINDRICAL_SURFACE('',#1136,3.2);
#1136 = AXIS2_PLACEMENT_3D('',#1137,#1138,#1139);
#1137 = CARTESIAN_POINT('',(166.8,25.798330887078,3.2));
#1138 = DIRECTION('',(0.,1.,0.));
#1139 = DIRECTION('',(0.,0.,-1.));
#1140 = DEFINITIONAL_REPRESENTATION('',(#1141),#1145);
#1141 = LINE('',#1142,#1143);
#1142 = CARTESIAN_POINT('',(-6.28318530718,164.20166911292));
#1143 = VECTOR('',#1144,1.);
#1144 = DIRECTION('',(1.,-0.));
#1145 = ( GEOMETRIC_REPRESENTATION_CONTEXT(2) 
PARAMETRIC_REPRESENTATION_CONTEXT() REPRESENTATION_CONTEXT('2D SPACE',''
  ) );
#1146 = ORIENTED_EDGE('',*,*,#1147,.T.);
#1147 = EDGE_CURVE('',#1119,#1148,#1150,.T.);
#1148 = VERTEX_POINT('',#1149);
#1149 = CARTESIAN_POINT('',(165.2,190.,-4.440892098501E-16));
#1150 = SURFACE_CURVE('',#1151,(#1155,#1162),.PCURVE_S1.);
#1151 = LINE('',#1152,#1153);
#1152 = CARTESIAN_POINT('',(-27.,190.,0.));
#1153 = VECTOR('',#1154,1.);
#1154 = DIRECTION('',(-1.,0.,-0.));
#1155 = PCURVE('',#32,#1156);
#1156 = DEFINITIONAL_REPRESENTATION('',(#1157),#1161);
#1157 = LINE('',#1158,#1159);
#1158 = CARTESIAN_POINT('',(100.,193.));
#1159 = VECTOR('',#1160,1.);
#1160 = DIRECTION('',(0.,-1.));
#1161 = ( GEOMETRIC_REPRESENTATION_CONTEXT(2) 
PARAMETRIC_REPRESENTATION_CONTEXT() REPRESENTATION_CONTEXT('2D SPACE',''
  ) );
#1162 = PCURVE('',#1163,#1168);
#1163 = PLANE('',#1164);
#1164 = AXIS2_PLACEMENT_3D('',#1165,#1166,#1167);
#1165 = CARTESIAN_POINT('',(166.,25.798330887078,0.));
#1166 = DIRECTION('',(0.,0.,-1.));
#1167 = DIRECTION('',(0.,1.,0.));
#1168 = DEFINITIONAL_REPRESENTATION('',(#1169),#1172);
#1169 = B_SPLINE_CURVE_WITH_KNOTS('',1,(#1170,#1171),.UNSPECIFIED.,.F.,
  .F.,(2,2),(-193.8,-192.2),.PIECEWISE_BEZIER_KNOTS.);
#1170 = CARTESIAN_POINT('',(164.20166911292,0.8));
#1171 = CARTESIAN_POINT('',(164.20166911292,-0.8));
#1172 = ( GEOMETRIC_REPRESENTATION_CONTEXT(2) 
PARAMETRIC_REPRESENTATION_CONTEXT() REPRESENTATION_CONTEXT('2D SPACE',''
  ) );
#1173 = ORIENTED_EDGE('',*,*,#1174,.T.);
#1174 = EDGE_CURVE('',#1148,#1175,#1177,.T.);
#1175 = VERTEX_POINT('',#1176);
#1176 = CARTESIAN_POINT('',(162.85278712657,190.,1.025007649017));
#1177 = SURFACE_CURVE('',#1178,(#1183,#1190),.PCURVE_S1.);
#1178 = CIRCLE('',#1179,3.2);
#1179 = AXIS2_PLACEMENT_3D('',#1180,#1181,#1182);
#1180 = CARTESIAN_POINT('',(165.2,190.,3.2));
#1181 = DIRECTION('',(0.,1.,0.));
#1182 = DIRECTION('',(0.,0.,-1.));
#1183 = PCURVE('',#32,#1184);
#1184 = DEFINITIONAL_REPRESENTATION('',(#1185),#1189);
#1185 = CIRCLE('',#1186,3.2);
#1186 = AXIS2_PLACEMENT_2D('',#1187,#1188);
#1187 = CARTESIAN_POINT('',(103.2,385.2));
#1188 = DIRECTION('',(-1.,0.));
#1189 = ( GEOMETRIC_REPRESENTATION_CONTEXT(2) 
PARAMETRIC_REPRESENTATION_CONTEXT() REPRESENTATION_CONTEXT('2D SPACE',''
  ) );
#1190 = PCURVE('',#1191,#1196);
#1191 = CYLINDRICAL_SURFACE('',#1192,3.2);
#1192 = AXIS2_PLACEMENT_3D('',#1193,#1194,#1195);
#1193 = CARTESIAN_POINT('',(165.2,25.798330887078,3.2));
#1194 = DIRECTION('',(0.,1.,0.));
#1195 = DIRECTION('',(0.,0.,-1.));
#1196 = DEFINITIONAL_REPRESENTATION('',(#1197),#1201);
#1197 = LINE('',#1198,#1199);
#1198 = CARTESIAN_POINT('',(0.,164.20166911292));
#1199 = VECTOR('',#1200,1.);
#1200 = DIRECTION('',(1.,0.));
#1201 = ( GEOMETRIC_REPRESENTATION_CONTEXT(2) 
PARAMETRIC_REPRESENTATION_CONTEXT() REPRESENTATION_CONTEXT('2D SPACE',''
  ) );
#1202 = ORIENTED_EDGE('',*,*,#1203,.T.);
#1203 = EDGE_CURVE('',#1175,#1204,#1206,.T.);
#1204 = VERTEX_POINT('',#1205);
#1205 = CARTESIAN_POINT('',(158.,190.,-2.291500322826E-13));
#1206 = SURFACE_CURVE('',#1207,(#1212,#1219),.PCURVE_S1.);
#1207 = CIRCLE('',#1208,12.);
#1208 = AXIS2_PLACEMENT_3D('',#1209,#1210,#1211);
#1209 = CARTESIAN_POINT('',(158.,190.,12.));
#1210 = DIRECTION('',(0.,1.,0.));
#1211 = DIRECTION('',(0.,0.,-1.));
#1212 = PCURVE('',#32,#1213);
#1213 = DEFINITIONAL_REPRESENTATION('',(#1214),#1218);
#1214 = CIRCLE('',#1215,12.);
#1215 = AXIS2_PLACEMENT_2D('',#1216,#1217);
#1216 = CARTESIAN_POINT('',(112.,378.));
#1217 = DIRECTION('',(-1.,0.));
#1218 = ( GEOMETRIC_REPRESENTATION_CONTEXT(2) 
PARAMETRIC_REPRESENTATION_CONTEXT() REPRESENTATION_CONTEXT('2D SPACE',''
  ) );
#1219 = PCURVE('',#1220,#1225);
#1220 = CYLINDRICAL_SURFACE('',#1221,12.);
#1221 = AXIS2_PLACEMENT_3D('',#1222,#1223,#1224);
#1222 = CARTESIAN_POINT('',(158.,26.357745378172,12.));
#1223 = DIRECTION('',(0.,1.,0.));
#1224 = DIRECTION('',(0.,0.,-1.));
#1225 = DEFINITIONAL_REPRESENTATION('',(#1226),#1230);
#1226 = LINE('',#1227,#1228);
#1227 = CARTESIAN_POINT('',(-6.28318530718,163.64225462182));
#1228 = VECTOR('',#1229,1.);
#1229 = DIRECTION('',(1.,-0.));
#1230 = ( GEOMETRIC_REPRESENTATION_CONTEXT(2) 
PARAMETRIC_REPRESENTATION_CONTEXT() REPRESENTATION_CONTEXT('2D SPACE',''
  ) );
#1231 = ORIENTED_EDGE('',*,*,#1232,.T.);
#1232 = EDGE_CURVE('',#1204,#1233,#1235,.T.);
#1233 = VERTEX_POINT('',#1234);
#1234 = CARTESIAN_POINT('',(-158.,190.,-2.291500322826E-13));
#1235 = SURFACE_CURVE('',#1236,(#1240,#1247),.PCURVE_S1.);
#1236 = LINE('',#1237,#1238);
#1237 = CARTESIAN_POINT('',(-110.,190.,-2.273736754432E-13));
#1238 = VECTOR('',#1239,1.);
#1239 = DIRECTION('',(-1.,0.,-0.));
#1240 = PCURVE('',#32,#1241);
#1241 = DEFINITIONAL_REPRESENTATION('',(#1242),#1246);
#1242 = LINE('',#1243,#1244);
#1243 = CARTESIAN_POINT('',(100.,110.));
#1244 = VECTOR('',#1245,1.);
#1245 = DIRECTION('',(0.,-1.));
#1246 = ( GEOMETRIC_REPRESENTATION_CONTEXT(2) 
PARAMETRIC_REPRESENTATION_CONTEXT() REPRESENTATION_CONTEXT('2D SPACE',''
  ) );
#1247 = PCURVE('',#1248,#1253);
#1248 = PLANE('',#1249);
#1249 = AXIS2_PLACEMENT_3D('',#1250,#1251,#1252);
#1250 = CARTESIAN_POINT('',(0.,26.357745378172,-2.273736754432E-13));
#1251 = DIRECTION('',(0.,0.,-1.));
#1252 = DIRECTION('',(0.,1.,0.));
#1253 = DEFINITIONAL_REPRESENTATION('',(#1254),#1257);
#1254 = B_SPLINE_CURVE_WITH_KNOTS('',1,(#1255,#1256),.UNSPECIFIED.,.F.,
  .F.,(2,2),(-268.,48.),.PIECEWISE_BEZIER_KNOTS.);
#1255 = CARTESIAN_POINT('',(163.64225462182,158.));
#1256 = CARTESIAN_POINT('',(163.64225462182,-158.));
#1257 = ( GEOMETRIC_REPRESENTATION_CONTEXT(2) 
PARAMETRIC_REPRESENTATION_CONTEXT() REPRESENTATION_CONTEXT('2D SPACE',''
  ) );
#1258 = ORIENTED_EDGE('',*,*,#1259,.T.);
#1259 = EDGE_CURVE('',#1233,#1260,#1262,.T.);
#1260 = VERTEX_POINT('',#1261);
#1261 = CARTESIAN_POINT('',(-162.8527871265,190.,1.025007649017));
#1262 = SURFACE_CURVE('',#1263,(#1268,#1275),.PCURVE_S1.);
#1263 = CIRCLE('',#1264,12.);
#1264 = AXIS2_PLACEMENT_3D('',#1265,#1266,#1267);
#1265 = CARTESIAN_POINT('',(-158.,190.,12.));
#1266 = DIRECTION('',(0.,1.,0.));
#1267 = DIRECTION('',(-1.,0.,0.));
#1268 = PCURVE('',#32,#1269);
#1269 = DEFINITIONAL_REPRESENTATION('',(#1270),#1274);
#1270 = CIRCLE('',#1271,12.);
#1271 = AXIS2_PLACEMENT_2D('',#1272,#1273);
#1272 = CARTESIAN_POINT('',(112.,62.));
#1273 = DIRECTION('',(0.,-1.));
#1274 = ( GEOMETRIC_REPRESENTATION_CONTEXT(2) 
PARAMETRIC_REPRESENTATION_CONTEXT() REPRESENTATION_CONTEXT('2D SPACE',''
  ) );
#1275 = PCURVE('',#1276,#1281);
#1276 = CYLINDRICAL_SURFACE('',#1277,12.);
#1277 = AXIS2_PLACEMENT_3D('',#1278,#1279,#1280);
#1278 = CARTESIAN_POINT('',(-158.,26.357745378172,12.));
#1279 = DIRECTION('',(0.,1.,0.));
#1280 = DIRECTION('',(-1.,0.,0.));
#1281 = DEFINITIONAL_REPRESENTATION('',(#1282),#1286);
#1282 = LINE('',#1283,#1284);
#1283 = CARTESIAN_POINT('',(-6.28318530718,163.64225462182));
#1284 = VECTOR('',#1285,1.);
#1285 = DIRECTION('',(1.,-0.));
#1286 = ( GEOMETRIC_REPRESENTATION_CONTEXT(2) 
PARAMETRIC_REPRESENTATION_CONTEXT() REPRESENTATION_CONTEXT('2D SPACE',''
  ) );
#1287 = ORIENTED_EDGE('',*,*,#1288,.T.);
#1288 = EDGE_CURVE('',#1260,#1289,#1291,.T.);
#1289 = VERTEX_POINT('',#1290);
#1290 = CARTESIAN_POINT('',(-165.2,190.,-4.440892098501E-16));
#1291 = SURFACE_CURVE('',#1292,(#1297,#1304),.PCURVE_S1.);
#1292 = CIRCLE('',#1293,3.2);
#1293 = AXIS2_PLACEMENT_3D('',#1294,#1295,#1296);
#1294 = CARTESIAN_POINT('',(-165.2,190.,3.2));
#1295 = DIRECTION('',(0.,1.,0.));
#1296 = DIRECTION('',(0.,0.,-1.));
#1297 = PCURVE('',#32,#1298);
#1298 = DEFINITIONAL_REPRESENTATION('',(#1299),#1303);
#1299 = CIRCLE('',#1300,3.2);
#1300 = AXIS2_PLACEMENT_2D('',#1301,#1302);
#1301 = CARTESIAN_POINT('',(103.2,54.8));
#1302 = DIRECTION('',(-1.,0.));
#1303 = ( GEOMETRIC_REPRESENTATION_CONTEXT(2) 
PARAMETRIC_REPRESENTATION_CONTEXT() REPRESENTATION_CONTEXT('2D SPACE',''
  ) );
#1304 = PCURVE('',#1305,#1310);
#1305 = CYLINDRICAL_SURFACE('',#1306,3.2);
#1306 = AXIS2_PLACEMENT_3D('',#1307,#1308,#1309);
#1307 = CARTESIAN_POINT('',(-165.2,25.798330887078,3.2));
#1308 = DIRECTION('',(0.,1.,0.));
#1309 = DIRECTION('',(0.,0.,-1.));
#1310 = DEFINITIONAL_REPRESENTATION('',(#1311),#1315);
#1311 = LINE('',#1312,#1313);
#1312 = CARTESIAN_POINT('',(-6.28318530718,164.20166911292));
#1313 = VECTOR('',#1314,1.);
#1314 = DIRECTION('',(1.,-0.));
#1315 = ( GEOMETRIC_REPRESENTATION_CONTEXT(2) 
PARAMETRIC_REPRESENTATION_CONTEXT() REPRESENTATION_CONTEXT('2D SPACE',''
  ) );
#1316 = ORIENTED_EDGE('',*,*,#1317,.T.);
#1317 = EDGE_CURVE('',#1289,#1318,#1320,.T.);
#1318 = VERTEX_POINT('',#1319);
#1319 = CARTESIAN_POINT('',(-166.8,190.,-4.440892098501E-16));
#1320 = SURFACE_CURVE('',#1321,(#1325,#1332),.PCURVE_S1.);
#1321 = LINE('',#1322,#1323);
#1322 = CARTESIAN_POINT('',(-193.,190.,0.));
#1323 = VECTOR('',#1324,1.);
#1324 = DIRECTION('',(-1.,0.,-0.));
#1325 = PCURVE('',#32,#1326);
#1326 = DEFINITIONAL_REPRESENTATION('',(#1327),#1331);
#1327 = LINE('',#1328,#1329);
#1328 = CARTESIAN_POINT('',(100.,27.));
#1329 = VECTOR('',#1330,1.);
#1330 = DIRECTION('',(0.,-1.));
#1331 = ( GEOMETRIC_REPRESENTATION_CONTEXT(2) 
PARAMETRIC_REPRESENTATION_CONTEXT() REPRESENTATION_CONTEXT('2D SPACE',''
  ) );
#1332 = PCURVE('',#1333,#1338);
#1333 = PLANE('',#1334);
#1334 = AXIS2_PLACEMENT_3D('',#1335,#1336,#1337);
#1335 = CARTESIAN_POINT('',(-166.,25.798330887078,0.));
#1336 = DIRECTION('',(0.,0.,-1.));
#1337 = DIRECTION('',(0.,1.,0.));
#1338 = DEFINITIONAL_REPRESENTATION('',(#1339),#1342);
#1339 = B_SPLINE_CURVE_WITH_KNOTS('',1,(#1340,#1341),.UNSPECIFIED.,.F.,
  .F.,(2,2),(-27.8,-26.2),.PIECEWISE_BEZIER_KNOTS.);
#1340 = CARTESIAN_POINT('',(164.20166911292,0.8));
#1341 = CARTESIAN_POINT('',(164.20166911292,-0.8));
#1342 = ( GEOMETRIC_REPRESENTATION_CONTEXT(2) 
PARAMETRIC_REPRESENTATION_CONTEXT() REPRESENTATION_CONTEXT('2D SPACE',''
  ) );
#1343 = ORIENTED_EDGE('',*,*,#1344,.T.);
#1344 = EDGE_CURVE('',#1318,#24,#1345,.T.);
#1345 = SURFACE_CURVE('',#1346,(#1351,#1358),.PCURVE_S1.);
#1346 = CIRCLE('',#1347,3.2);
#1347 = AXIS2_PLACEMENT_3D('',#1348,#1349,#1350);
#1348 = CARTESIAN_POINT('',(-166.8,190.,3.2));
#1349 = DIRECTION('',(0.,1.,0.));
#1350 = DIRECTION('',(0.,0.,-1.));
#1351 = PCURVE('',#32,#1352);
#1352 = DEFINITIONAL_REPRESENTATION('',(#1353),#1357);
#1353 = CIRCLE('',#1354,3.2);
#1354 = AXIS2_PLACEMENT_2D('',#1355,#1356);
#1355 = CARTESIAN_POINT('',(103.2,53.2));
#1356 = DIRECTION('',(-1.,0.));
#1357 = ( GEOMETRIC_REPRESENTATION_CONTEXT(2) 
PARAMETRIC_REPRESENTATION_CONTEXT() REPRESENTATION_CONTEXT('2D SPACE',''
  ) );
#1358 = PCURVE('',#1359,#1364);
#1359 = CYLINDRICAL_SURFACE('',#1360,3.2);
#1360 = AXIS2_PLACEMENT_3D('',#1361,#1362,#1363);
#1361 = CARTESIAN_POINT('',(-166.8,25.798330887078,3.2));
#1362 = DIRECTION('',(0.,1.,0.));
#1363 = DIRECTION('',(0.,0.,-1.));
#1364 = DEFINITIONAL_REPRESENTATION('',(#1365),#1369);
#1365 = LINE('',#1366,#1367);
#1366 = CARTESIAN_POINT('',(0.,164.20166911292));
#1367 = VECTOR('',#1368,1.);
#1368 = DIRECTION('',(1.,0.));
#1369 = ( GEOMETRIC_REPRESENTATION_CONTEXT(2) 
PARAMETRIC_REPRESENTATION_CONTEXT() REPRESENTATION_CONTEXT('2D SPACE',''
  ) );
#1370 = FACE_BOUND('',#1371,.F.);
#1371 = EDGE_LOOP('',(#1372));
#1372 = ORIENTED_EDGE('',*,*,#1373,.T.);
#1373 = EDGE_CURVE('',#1374,#1374,#1376,.T.);
#1374 = VERTEX_POINT('',#1375);
#1375 = CARTESIAN_POINT('',(-88.3,190.,9.5));
#1376 = SURFACE_CURVE('',#1377,(#1382,#1393),.PCURVE_S1.);
#1377 = CIRCLE('',#1378,1.7);
#1378 = AXIS2_PLACEMENT_3D('',#1379,#1380,#1381);
#1379 = CARTESIAN_POINT('',(-90.,190.,9.5));
#1380 = DIRECTION('',(0.,-1.,2.22044604925E-16));
#1381 = DIRECTION('',(1.,0.,0.));
#1382 = PCURVE('',#32,#1383);
#1383 = DEFINITIONAL_REPRESENTATION('',(#1384),#1392);
#1384 = ( BOUNDED_CURVE() B_SPLINE_CURVE(2,(#1385,#1386,#1387,#1388,
#1389,#1390,#1391),.UNSPECIFIED.,.T.,.F.) B_SPLINE_CURVE_WITH_KNOTS((1,2
    ,2,2,2,1),(-2.094395102393,0.,2.094395102393,4.188790204786,
6.28318530718,8.377580409573),.UNSPECIFIED.) CURVE() 
GEOMETRIC_REPRESENTATION_ITEM() RATIONAL_B_SPLINE_CURVE((1.,0.5,1.,0.5,
1.,0.5,1.)) REPRESENTATION_ITEM('') );
#1385 = CARTESIAN_POINT('',(109.5,131.7));
#1386 = CARTESIAN_POINT('',(112.44448637286,131.7));
#1387 = CARTESIAN_POINT('',(110.97224318643,129.15));
#1388 = CARTESIAN_POINT('',(109.5,126.6));
#1389 = CARTESIAN_POINT('',(108.02775681356,129.15));
#1390 = CARTESIAN_POINT('',(106.55551362713,131.7));
#1391 = CARTESIAN_POINT('',(109.5,131.7));
#1392 = ( GEOMETRIC_REPRESENTATION_CONTEXT(2) 
PARAMETRIC_REPRESENTATION_CONTEXT() REPRESENTATION_CONTEXT('2D SPACE',''
  ) );
#1393 = PCURVE('',#1394,#1399);
#1394 = CYLINDRICAL_SURFACE('',#1395,1.7);
#1395 = AXIS2_PLACEMENT_3D('',#1396,#1397,#1398);
#1396 = CARTESIAN_POINT('',(-90.,203.,9.5));
#1397 = DIRECTION('',(0.,-1.,2.22044604925E-16));
#1398 = DIRECTION('',(1.,0.,0.));
#1399 = DEFINITIONAL_REPRESENTATION('',(#1400),#1404);
#1400 = LINE('',#1401,#1402);
#1401 = CARTESIAN_POINT('',(0.,13.));
#1402 = VECTOR('',#1403,1.);
#1403 = DIRECTION('',(1.,0.));
#1404 = ( GEOMETRIC_REPRESENTATION_CONTEXT(2) 
PARAMETRIC_REPRESENTATION_CONTEXT() REPRESENTATION_CONTEXT('2D SPACE',''
  ) );
#1405 = FACE_BOUND('',#1406,.F.);
#1406 = EDGE_LOOP('',(#1407));
#1407 = ORIENTED_EDGE('',*,*,#1408,.T.);
#1408 = EDGE_CURVE('',#1409,#1409,#1411,.T.);
#1409 = VERTEX_POINT('',#1410);
#1410 = CARTESIAN_POINT('',(-28.3,190.,9.5));
#1411 = SURFACE_CURVE('',#1412,(#1417,#1428),.PCURVE_S1.);
#1412 = CIRCLE('',#1413,1.7);
#1413 = AXIS2_PLACEMENT_3D('',#1414,#1415,#1416);
#1414 = CARTESIAN_POINT('',(-30.,190.,9.5));
#1415 = DIRECTION('',(0.,-1.,2.22044604925E-16));
#1416 = DIRECTION('',(1.,0.,0.));
#1417 = PCURVE('',#32,#1418);
#1418 = DEFINITIONAL_REPRESENTATION('',(#1419),#1427);
#1419 = ( BOUNDED_CURVE() B_SPLINE_CURVE(2,(#1420,#1421,#1422,#1423,
#1424,#1425,#1426),.UNSPECIFIED.,.T.,.F.) B_SPLINE_CURVE_WITH_KNOTS((1,2
    ,2,2,2,1),(-2.094395102393,0.,2.094395102393,4.188790204786,
6.28318530718,8.377580409573),.UNSPECIFIED.) CURVE() 
GEOMETRIC_REPRESENTATION_ITEM() RATIONAL_B_SPLINE_CURVE((1.,0.5,1.,0.5,
1.,0.5,1.)) REPRESENTATION_ITEM('') );
#1420 = CARTESIAN_POINT('',(109.5,191.7));
#1421 = CARTESIAN_POINT('',(112.44448637286,191.7));
#1422 = CARTESIAN_POINT('',(110.97224318643,189.15));
#1423 = CARTESIAN_POINT('',(109.5,186.6));
#1424 = CARTESIAN_POINT('',(108.02775681356,189.15));
#1425 = CARTESIAN_POINT('',(106.55551362713,191.7));
#1426 = CARTESIAN_POINT('',(109.5,191.7));
#1427 = ( GEOMETRIC_REPRESENTATION_CONTEXT(2) 
PARAMETRIC_REPRESENTATION_CONTEXT() REPRESENTATION_CONTEXT('2D SPACE',''
  ) );
#1428 = PCURVE('',#1429,#1434);
#1429 = CYLINDRICAL_SURFACE('',#1430,1.7);
#1430 = AXIS2_PLACEMENT_3D('',#1431,#1432,#1433);
#1431 = CARTESIAN_POINT('',(-30.,203.,9.5));
#1432 = DIRECTION('',(0.,-1.,2.22044604925E-16));
#1433 = DIRECTION('',(1.,0.,0.));
#1434 = DEFINITIONAL_REPRESENTATION('',(#1435),#1439);
#1435 = LINE('',#1436,#1437);
#1436 = CARTESIAN_POINT('',(0.,13.));
#1437 = VECTOR('',#1438,1.);
#1438 = DIRECTION('',(1.,0.));
#1439 = ( GEOMETRIC_REPRESENTATION_CONTEXT(2) 
PARAMETRIC_REPRESENTATION_CONTEXT() REPRESENTATION_CONTEXT('2D SPACE',''
  ) );
#1440 = FACE_BOUND('',#1441,.F.);
#1441 = EDGE_LOOP('',(#1442));
#1442 = ORIENTED_EDGE('',*,*,#1443,.T.);
#1443 = EDGE_CURVE('',#1444,#1444,#1446,.T.);
#1444 = VERTEX_POINT('',#1445);
#1445 = CARTESIAN_POINT('',(-158.8,190.,60.));
#1446 = SURFACE_CURVE('',#1447,(#1452,#1463),.PCURVE_S1.);
#1447 = CIRCLE('',#1448,1.7);
#1448 = AXIS2_PLACEMENT_3D('',#1449,#1450,#1451);
#1449 = CARTESIAN_POINT('',(-160.5,190.,60.));
#1450 = DIRECTION('',(0.,-1.,2.22044604925E-16));
#1451 = DIRECTION('',(1.,0.,0.));
#1452 = PCURVE('',#32,#1453);
#1453 = DEFINITIONAL_REPRESENTATION('',(#1454),#1462);
#1454 = ( BOUNDED_CURVE() B_SPLINE_CURVE(2,(#1455,#1456,#1457,#1458,
#1459,#1460,#1461),.UNSPECIFIED.,.T.,.F.) B_SPLINE_CURVE_WITH_KNOTS((1,2
    ,2,2,2,1),(-2.094395102393,0.,2.094395102393,4.188790204786,
6.28318530718,8.377580409573),.UNSPECIFIED.) CURVE() 
GEOMETRIC_REPRESENTATION_ITEM() RATIONAL_B_SPLINE_CURVE((1.,0.5,1.,0.5,
1.,0.5,1.)) REPRESENTATION_ITEM('') );
#1455 = CARTESIAN_POINT('',(160.,61.2));
#1456 = CARTESIAN_POINT('',(162.94448637286,61.2));
#1457 = CARTESIAN_POINT('',(161.47224318643,58.65));
#1458 = CARTESIAN_POINT('',(160.,56.1));
#1459 = CARTESIAN_POINT('',(158.52775681356,58.65));
#1460 = CARTESIAN_POINT('',(157.05551362713,61.2));
#1461 = CARTESIAN_POINT('',(160.,61.2));
#1462 = ( GEOMETRIC_REPRESENTATION_CONTEXT(2) 
PARAMETRIC_REPRESENTATION_CONTEXT() REPRESENTATION_CONTEXT('2D SPACE',''
  ) );
#1463 = PCURVE('',#1464,#1469);
#1464 = CYLINDRICAL_SURFACE('',#1465,1.7);
#1465 = AXIS2_PLACEMENT_3D('',#1466,#1467,#1468);
#1466 = CARTESIAN_POINT('',(-160.5,203.,60.));
#1467 = DIRECTION('',(0.,-1.,2.22044604925E-16));
#1468 = DIRECTION('',(1.,0.,0.));
#1469 = DEFINITIONAL_REPRESENTATION('',(#1470),#1474);
#1470 = LINE('',#1471,#1472);
#1471 = CARTESIAN_POINT('',(0.,13.));
#1472 = VECTOR('',#1473,1.);
#1473 = DIRECTION('',(1.,0.));
#1474 = ( GEOMETRIC_REPRESENTATION_CONTEXT(2) 
PARAMETRIC_REPRESENTATION_CONTEXT() REPRESENTATION_CONTEXT('2D SPACE',''
  ) );
#1475 = FACE_BOUND('',#1476,.F.);
#1476 = EDGE_LOOP('',(#1477));
#1477 = ORIENTED_EDGE('',*,*,#1478,.T.);
#1478 = EDGE_CURVE('',#1479,#1479,#1481,.T.);
#1479 = VERTEX_POINT('',#1480);
#1480 = CARTESIAN_POINT('',(-158.8,190.,110.));
#1481 = SURFACE_CURVE('',#1482,(#1487,#1498),.PCURVE_S1.);
#1482 = CIRCLE('',#1483,1.7);
#1483 = AXIS2_PLACEMENT_3D('',#1484,#1485,#1486);
#1484 = CARTESIAN_POINT('',(-160.5,190.,110.));
#1485 = DIRECTION('',(0.,-1.,2.22044604925E-16));
#1486 = DIRECTION('',(1.,0.,0.));
#1487 = PCURVE('',#32,#1488);
#1488 = DEFINITIONAL_REPRESENTATION('',(#1489),#1497);
#1489 = ( BOUNDED_CURVE() B_SPLINE_CURVE(2,(#1490,#1491,#1492,#1493,
#1494,#1495,#1496),.UNSPECIFIED.,.T.,.F.) B_SPLINE_CURVE_WITH_KNOTS((1,2
    ,2,2,2,1),(-2.094395102393,0.,2.094395102393,4.188790204786,
6.28318530718,8.377580409573),.UNSPECIFIED.) CURVE() 
GEOMETRIC_REPRESENTATION_ITEM() RATIONAL_B_SPLINE_CURVE((1.,0.5,1.,0.5,
1.,0.5,1.)) REPRESENTATION_ITEM('') );
#1490 = CARTESIAN_POINT('',(210.,61.2));
#1491 = CARTESIAN_POINT('',(212.94448637286,61.2));
#1492 = CARTESIAN_POINT('',(211.47224318643,58.65));
#1493 = CARTESIAN_POINT('',(210.,56.1));
#1494 = CARTESIAN_POINT('',(208.52775681356,58.65));
#1495 = CARTESIAN_POINT('',(207.05551362713,61.2));
#1496 = CARTESIAN_POINT('',(210.,61.2));
#1497 = ( GEOMETRIC_REPRESENTATION_CONTEXT(2) 
PARAMETRIC_REPRESENTATION_CONTEXT() REPRESENTATION_CONTEXT('2D SPACE',''
  ) );
#1498 = PCURVE('',#1499,#1504);
#1499 = CYLINDRICAL_SURFACE('',#1500,1.7);
#1500 = AXIS2_PLACEMENT_3D('',#1501,#1502,#1503);
#1501 = CARTESIAN_POINT('',(-160.5,203.,110.));
#1502 = DIRECTION('',(0.,-1.,2.22044604925E-16));
#1503 = DIRECTION('',(1.,0.,0.));
#1504 = DEFINITIONAL_REPRESENTATION('',(#1505),#1509);
#1505 = LINE('',#1506,#1507);
#1506 = CARTESIAN_POINT('',(0.,13.));
#1507 = VECTOR('',#1508,1.);
#1508 = DIRECTION('',(1.,0.));
#1509 = ( GEOMETRIC_REPRESENTATION_CONTEXT(2) 
PARAMETRIC_REPRESENTATION_CONTEXT() REPRESENTATION_CONTEXT('2D SPACE',''
  ) );
#1510 = FACE_BOUND('',#1511,.F.);
#1511 = EDGE_LOOP('',(#1512));
#1512 = ORIENTED_EDGE('',*,*,#1513,.T.);
#1513 = EDGE_CURVE('',#1514,#1514,#1516,.T.);
#1514 = VERTEX_POINT('',#1515);
#1515 = CARTESIAN_POINT('',(31.7,190.,9.5));
#1516 = SURFACE_CURVE('',#1517,(#1522,#1533),.PCURVE_S1.);
#1517 = CIRCLE('',#1518,1.7);
#1518 = AXIS2_PLACEMENT_3D('',#1519,#1520,#1521);
#1519 = CARTESIAN_POINT('',(30.,190.,9.5));
#1520 = DIRECTION('',(0.,-1.,2.22044604925E-16));
#1521 = DIRECTION('',(1.,0.,0.));
#1522 = PCURVE('',#32,#1523);
#1523 = DEFINITIONAL_REPRESENTATION('',(#1524),#1532);
#1524 = ( BOUNDED_CURVE() B_SPLINE_CURVE(2,(#1525,#1526,#1527,#1528,
#1529,#1530,#1531),.UNSPECIFIED.,.T.,.F.) B_SPLINE_CURVE_WITH_KNOTS((1,2
    ,2,2,2,1),(-2.094395102393,0.,2.094395102393,4.188790204786,
6.28318530718,8.377580409573),.UNSPECIFIED.) CURVE() 
GEOMETRIC_REPRESENTATION_ITEM() RATIONAL_B_SPLINE_CURVE((1.,0.5,1.,0.5,
1.,0.5,1.)) REPRESENTATION_ITEM('') );
#1525 = CARTESIAN_POINT('',(109.5,251.7));
#1526 = CARTESIAN_POINT('',(112.44448637286,251.7));
#1527 = CARTESIAN_POINT('',(110.97224318643,249.15));
#1528 = CARTESIAN_POINT('',(109.5,246.6));
#1529 = CARTESIAN_POINT('',(108.02775681356,249.15));
#1530 = CARTESIAN_POINT('',(106.55551362713,251.7));
#1531 = CARTESIAN_POINT('',(109.5,251.7));
#1532 = ( GEOMETRIC_REPRESENTATION_CONTEXT(2) 
PARAMETRIC_REPRESENTATION_CONTEXT() REPRESENTATION_CONTEXT('2D SPACE',''
  ) );
#1533 = PCURVE('',#1534,#1539);
#1534 = CYLINDRICAL_SURFACE('',#1535,1.7);
#1535 = AXIS2_PLACEMENT_3D('',#1536,#1537,#1538);
#1536 = CARTESIAN_POINT('',(30.,203.,9.5));
#1537 = DIRECTION('',(0.,-1.,2.22044604925E-16));
#1538 = DIRECTION('',(1.,0.,0.));
#1539 = DEFINITIONAL_REPRESENTATION('',(#1540),#1544);
#1540 = LINE('',#1541,#1542);
#1541 = CARTESIAN_POINT('',(0.,13.));
#1542 = VECTOR('',#1543,1.);
#1543 = DIRECTION('',(1.,0.));
#1544 = ( GEOMETRIC_REPRESENTATION_CONTEXT(2) 
PARAMETRIC_REPRESENTATION_CONTEXT() REPRESENTATION_CONTEXT('2D SPACE',''
  ) );
#1545 = FACE_BOUND('',#1546,.F.);
#1546 = EDGE_LOOP('',(#1547));
#1547 = ORIENTED_EDGE('',*,*,#1548,.T.);
#1548 = EDGE_CURVE('',#1549,#1549,#1551,.T.);
#1549 = VERTEX_POINT('',#1550);
#1550 = CARTESIAN_POINT('',(91.7,190.,9.5));
#1551 = SURFACE_CURVE('',#1552,(#1557,#1568),.PCURVE_S1.);
#1552 = CIRCLE('',#1553,1.7);
#1553 = AXIS2_PLACEMENT_3D('',#1554,#1555,#1556);
#1554 = CARTESIAN_POINT('',(90.,190.,9.5));
#1555 = DIRECTION('',(0.,-1.,2.22044604925E-16));
#1556 = DIRECTION('',(1.,0.,0.));
#1557 = PCURVE('',#32,#1558);
#1558 = DEFINITIONAL_REPRESENTATION('',(#1559),#1567);
#1559 = ( BOUNDED_CURVE() B_SPLINE_CURVE(2,(#1560,#1561,#1562,#1563,
#1564,#1565,#1566),.UNSPECIFIED.,.T.,.F.) B_SPLINE_CURVE_WITH_KNOTS((1,2
    ,2,2,2,1),(-2.094395102393,0.,2.094395102393,4.188790204786,
6.28318530718,8.377580409573),.UNSPECIFIED.) CURVE() 
GEOMETRIC_REPRESENTATION_ITEM() RATIONAL_B_SPLINE_CURVE((1.,0.5,1.,0.5,
1.,0.5,1.)) REPRESENTATION_ITEM('') );
#1560 = CARTESIAN_POINT('',(109.5,311.7));
#1561 = CARTESIAN_POINT('',(112.44448637286,311.7));
#1562 = CARTESIAN_POINT('',(110.97224318643,309.15));
#1563 = CARTESIAN_POINT('',(109.5,306.6));
#1564 = CARTESIAN_POINT('',(108.02775681356,309.15));
#1565 = CARTESIAN_POINT('',(106.55551362713,311.7));
#1566 = CARTESIAN_POINT('',(109.5,311.7));
#1567 = ( GEOMETRIC_REPRESENTATION_CONTEXT(2) 
PARAMETRIC_REPRESENTATION_CONTEXT() REPRESENTATION_CONTEXT('2D SPACE',''
  ) );
#1568 = PCURVE('',#1569,#1574);
#1569 = CYLINDRICAL_SURFACE('',#1570,1.7);
#1570 = AXIS2_PLACEMENT_3D('',#1571,#1572,#1573);
#1571 = CARTESIAN_POINT('',(90.,203.,9.5));
#1572 = DIRECTION('',(0.,-1.,2.22044604925E-16));
#1573 = DIRECTION('',(1.,0.,0.));
#1574 = DEFINITIONAL_REPRESENTATION('',(#1575),#1579);
#1575 = LINE('',#1576,#1577);
#1576 = CARTESIAN_POINT('',(0.,13.));
#1577 = VECTOR('',#1578,1.);
#1578 = DIRECTION('',(1.,0.));
#1579 = ( GEOMETRIC_REPRESENTATION_CONTEXT(2) 
PARAMETRIC_REPRESENTATION_CONTEXT() REPRESENTATION_CONTEXT('2D SPACE',''
  ) );
#1580 = FACE_BOUND('',#1581,.F.);
#1581 = EDGE_LOOP('',(#1582));
#1582 = ORIENTED_EDGE('',*,*,#1583,.T.);
#1583 = EDGE_CURVE('',#1584,#1584,#1586,.T.);
#1584 = VERTEX_POINT('',#1585);
#1585 = CARTESIAN_POINT('',(162.2,190.,60.));
#1586 = SURFACE_CURVE('',#1587,(#1592,#1603),.PCURVE_S1.);
#1587 = CIRCLE('',#1588,1.7);
#1588 = AXIS2_PLACEMENT_3D('',#1589,#1590,#1591);
#1589 = CARTESIAN_POINT('',(160.5,190.,60.));
#1590 = DIRECTION('',(0.,-1.,2.22044604925E-16));
#1591 = DIRECTION('',(1.,0.,0.));
#1592 = PCURVE('',#32,#1593);
#1593 = DEFINITIONAL_REPRESENTATION('',(#1594),#1602);
#1594 = ( BOUNDED_CURVE() B_SPLINE_CURVE(2,(#1595,#1596,#1597,#1598,
#1599,#1600,#1601),.UNSPECIFIED.,.T.,.F.) B_SPLINE_CURVE_WITH_KNOTS((1,2
    ,2,2,2,1),(-2.094395102393,0.,2.094395102393,4.188790204786,
6.28318530718,8.377580409573),.UNSPECIFIED.) CURVE() 
GEOMETRIC_REPRESENTATION_ITEM() RATIONAL_B_SPLINE_CURVE((1.,0.5,1.,0.5,
1.,0.5,1.)) REPRESENTATION_ITEM('') );
#1595 = CARTESIAN_POINT('',(160.,382.2));
#1596 = CARTESIAN_POINT('',(162.94448637286,382.2));
#1597 = CARTESIAN_POINT('',(161.47224318643,379.65));
#1598 = CARTESIAN_POINT('',(160.,377.1));
#1599 = CARTESIAN_POINT('',(158.52775681356,379.65));
#1600 = CARTESIAN_POINT('',(157.05551362713,382.2));
#1601 = CARTESIAN_POINT('',(160.,382.2));
#1602 = ( GEOMETRIC_REPRESENTATION_CONTEXT(2) 
PARAMETRIC_REPRESENTATION_CONTEXT() REPRESENTATION_CONTEXT('2D SPACE',''
  ) );
#1603 = PCURVE('',#1604,#1609);
#1604 = CYLINDRICAL_SURFACE('',#1605,1.7);
#1605 = AXIS2_PLACEMENT_3D('',#1606,#1607,#1608);
#1606 = CARTESIAN_POINT('',(160.5,203.,60.));
#1607 = DIRECTION('',(0.,-1.,2.22044604925E-16));
#1608 = DIRECTION('',(1.,0.,0.));
#1609 = DEFINITIONAL_REPRESENTATION('',(#1610),#1614);
#1610 = LINE('',#1611,#1612);
#1611 = CARTESIAN_POINT('',(0.,13.));
#1612 = VECTOR('',#1613,1.);
#1613 = DIRECTION('',(1.,0.));
#1614 = ( GEOMETRIC_REPRESENTATION_CONTEXT(2) 
PARAMETRIC_REPRESENTATION_CONTEXT() REPRESENTATION_CONTEXT('2D SPACE',''
  ) );
#1615 = FACE_BOUND('',#1616,.F.);
#1616 = EDGE_LOOP('',(#1617));
#1617 = ORIENTED_EDGE('',*,*,#1618,.T.);
#1618 = EDGE_CURVE('',#1619,#1619,#1621,.T.);
#1619 = VERTEX_POINT('',#1620);
#1620 = CARTESIAN_POINT('',(162.2,190.,110.));
#1621 = SURFACE_CURVE('',#1622,(#1627,#1638),.PCURVE_S1.);
#1622 = CIRCLE('',#1623,1.7);
#1623 = AXIS2_PLACEMENT_3D('',#1624,#1625,#1626);
#1624 = CARTESIAN_POINT('',(160.5,190.,110.));
#1625 = DIRECTION('',(0.,-1.,2.22044604925E-16));
#1626 = DIRECTION('',(1.,0.,0.));
#1627 = PCURVE('',#32,#1628);
#1628 = DEFINITIONAL_REPRESENTATION('',(#1629),#1637);
#1629 = ( BOUNDED_CURVE() B_SPLINE_CURVE(2,(#1630,#1631,#1632,#1633,
#1634,#1635,#1636),.UNSPECIFIED.,.T.,.F.) B_SPLINE_CURVE_WITH_KNOTS((1,2
    ,2,2,2,1),(-2.094395102393,0.,2.094395102393,4.188790204786,
6.28318530718,8.377580409573),.UNSPECIFIED.) CURVE() 
GEOMETRIC_REPRESENTATION_ITEM() RATIONAL_B_SPLINE_CURVE((1.,0.5,1.,0.5,
1.,0.5,1.)) REPRESENTATION_ITEM('') );
#1630 = CARTESIAN_POINT('',(210.,382.2));
#1631 = CARTESIAN_POINT('',(212.94448637286,382.2));
#1632 = CARTESIAN_POINT('',(211.47224318643,379.65));
#1633 = CARTESIAN_POINT('',(210.,377.1));
#1634 = CARTESIAN_POINT('',(208.52775681356,379.65));
#1635 = CARTESIAN_POINT('',(207.05551362713,382.2));
#1636 = CARTESIAN_POINT('',(210.,382.2));
#1637 = ( GEOMETRIC_REPRESENTATION_CONTEXT(2) 
PARAMETRIC_REPRESENTATION_CONTEXT() REPRESENTATION_CONTEXT('2D SPACE',''
  ) );
#1638 = PCURVE('',#1639,#1644);
#1639 = CYLINDRICAL_SURFACE('',#1640,1.7);
#1640 = AXIS2_PLACEMENT_3D('',#1641,#1642,#1643);
#1641 = CARTESIAN_POINT('',(160.5,203.,110.));
#1642 = DIRECTION('',(0.,-1.,2.22044604925E-16));
#1643 = DIRECTION('',(1.,0.,0.));
#1644 = DEFINITIONAL_REPRESENTATION('',(#1645),#1649);
#1645 = LINE('',#1646,#1647);
#1646 = CARTESIAN_POINT('',(0.,13.));
#1647 = VECTOR('',#1648,1.);
#1648 = DIRECTION('',(1.,0.));
#1649 = ( GEOMETRIC_REPRESENTATION_CONTEXT(2) 
PARAMETRIC_REPRESENTATION_CONTEXT() REPRESENTATION_CONTEXT('2D SPACE',''
  ) );
#1650 = ADVANCED_FACE('',(#1651),#44,.F.);
#1651 = FACE_BOUND('',#1652,.F.);
#1652 = EDGE_LOOP('',(#1653,#1675,#1676,#1699,#1728,#1756,#1785));
#1653 = ORIENTED_EDGE('',*,*,#1654,.F.);
#1654 = EDGE_CURVE('',#22,#1655,#1657,.T.);
#1655 = VERTEX_POINT('',#1656);
#1656 = CARTESIAN_POINT('',(-170.,309.12853688993,125.));
#1657 = SURFACE_CURVE('',#1658,(#1662,#1668),.PCURVE_S1.);
#1658 = LINE('',#1659,#1660);
#1659 = CARTESIAN_POINT('',(-170.,75.774873593961,125.));
#1660 = VECTOR('',#1661,1.);
#1661 = DIRECTION('',(0.,1.,0.));
#1662 = PCURVE('',#44,#1663);
#1663 = DEFINITIONAL_REPRESENTATION('',(#1664),#1667);
#1664 = B_SPLINE_CURVE_WITH_KNOTS('',1,(#1665,#1666),.UNSPECIFIED.,.F.,
  .F.,(2,2),(-79.08468385223,261.02512640603),.PIECEWISE_BEZIER_KNOTS.);
#1665 = CARTESIAN_POINT('',(-204.8595574461,-42.91609604335));
#1666 = CARTESIAN_POINT('',(135.25025281207,-42.91609604335));
#1667 = ( GEOMETRIC_REPRESENTATION_CONTEXT(2) 
PARAMETRIC_REPRESENTATION_CONTEXT() REPRESENTATION_CONTEXT('2D SPACE',''
  ) );
#1668 = PCURVE('',#71,#1669);
#1669 = DEFINITIONAL_REPRESENTATION('',(#1670),#1674);
#1670 = LINE('',#1671,#1672);
#1671 = CARTESIAN_POINT('',(50.,125.77487359396));
#1672 = VECTOR('',#1673,1.);
#1673 = DIRECTION('',(0.,1.));
#1674 = ( GEOMETRIC_REPRESENTATION_CONTEXT(2) 
PARAMETRIC_REPRESENTATION_CONTEXT() REPRESENTATION_CONTEXT('2D SPACE',''
  ) );
#1675 = ORIENTED_EDGE('',*,*,#21,.T.);
#1676 = ORIENTED_EDGE('',*,*,#1677,.T.);
#1677 = EDGE_CURVE('',#24,#1678,#1680,.T.);
#1678 = VERTEX_POINT('',#1679);
#1679 = CARTESIAN_POINT('',(-170.,333.,3.2));
#1680 = SURFACE_CURVE('',#1681,(#1685,#1692),.PCURVE_S1.);
#1681 = LINE('',#1682,#1683);
#1682 = CARTESIAN_POINT('',(-170.,25.798330887078,3.2));
#1683 = VECTOR('',#1684,1.);
#1684 = DIRECTION('',(0.,1.,0.));
#1685 = PCURVE('',#44,#1686);
#1686 = DEFINITIONAL_REPRESENTATION('',(#1687),#1691);
#1687 = LINE('',#1688,#1689);
#1688 = CARTESIAN_POINT('',(-175.7514163008,-164.7160960433));
#1689 = VECTOR('',#1690,1.);
#1690 = DIRECTION('',(1.,0.));
#1691 = ( GEOMETRIC_REPRESENTATION_CONTEXT(2) 
PARAMETRIC_REPRESENTATION_CONTEXT() REPRESENTATION_CONTEXT('2D SPACE',''
  ) );
#1692 = PCURVE('',#1359,#1693);
#1693 = DEFINITIONAL_REPRESENTATION('',(#1694),#1698);
#1694 = LINE('',#1695,#1696);
#1695 = CARTESIAN_POINT('',(1.570796326795,0.));
#1696 = VECTOR('',#1697,1.);
#1697 = DIRECTION('',(0.,1.));
#1698 = ( GEOMETRIC_REPRESENTATION_CONTEXT(2) 
PARAMETRIC_REPRESENTATION_CONTEXT() REPRESENTATION_CONTEXT('2D SPACE',''
  ) );
#1699 = ORIENTED_EDGE('',*,*,#1700,.T.);
#1700 = EDGE_CURVE('',#1678,#1701,#1703,.T.);
#1701 = VERTEX_POINT('',#1702);
#1702 = CARTESIAN_POINT('',(-170.,336.8,6.999999999997));
#1703 = SURFACE_CURVE('',#1704,(#1709,#1716),.PCURVE_S1.);
#1704 = CIRCLE('',#1705,3.8);
#1705 = AXIS2_PLACEMENT_3D('',#1706,#1707,#1708);
#1706 = CARTESIAN_POINT('',(-170.,333.,6.999999999997));
#1707 = DIRECTION('',(1.,0.,0.));
#1708 = DIRECTION('',(0.,0.,-1.));
#1709 = PCURVE('',#44,#1710);
#1710 = DEFINITIONAL_REPRESENTATION('',(#1711),#1715);
#1711 = CIRCLE('',#1712,3.8);
#1712 = AXIS2_PLACEMENT_2D('',#1713,#1714);
#1713 = CARTESIAN_POINT('',(131.45025281207,-160.9160960433));
#1714 = DIRECTION('',(0.,-1.));
#1715 = ( GEOMETRIC_REPRESENTATION_CONTEXT(2) 
PARAMETRIC_REPRESENTATION_CONTEXT() REPRESENTATION_CONTEXT('2D SPACE',''
  ) );
#1716 = PCURVE('',#1717,#1722);
#1717 = TOROIDAL_SURFACE('',#1718,3.8,3.2);
#1718 = AXIS2_PLACEMENT_3D('',#1719,#1720,#1721);
#1719 = CARTESIAN_POINT('',(-166.8,333.,6.999999999997));
#1720 = DIRECTION('',(-1.,-0.,-0.));
#1721 = DIRECTION('',(0.,0.,-1.));
#1722 = DEFINITIONAL_REPRESENTATION('',(#1723),#1727);
#1723 = LINE('',#1724,#1725);
#1724 = CARTESIAN_POINT('',(-0.,1.570796326795));
#1725 = VECTOR('',#1726,1.);
#1726 = DIRECTION('',(-1.,0.));
#1727 = ( GEOMETRIC_REPRESENTATION_CONTEXT(2) 
PARAMETRIC_REPRESENTATION_CONTEXT() REPRESENTATION_CONTEXT('2D SPACE',''
  ) );
#1728 = ORIENTED_EDGE('',*,*,#1729,.T.);
#1729 = EDGE_CURVE('',#1701,#1730,#1732,.T.);
#1730 = VERTEX_POINT('',#1731);
#1731 = CARTESIAN_POINT('',(-170.,336.8,100.84203173517));
#1732 = SURFACE_CURVE('',#1733,(#1737,#1744),.PCURVE_S1.);
#1733 = LINE('',#1734,#1735);
#1734 = CARTESIAN_POINT('',(-170.,336.8,6.999999999997));
#1735 = VECTOR('',#1736,1.);
#1736 = DIRECTION('',(0.,0.,1.));
#1737 = PCURVE('',#44,#1738);
#1738 = DEFINITIONAL_REPRESENTATION('',(#1739),#1743);
#1739 = LINE('',#1740,#1741);
#1740 = CARTESIAN_POINT('',(135.25025281207,-160.9160960433));
#1741 = VECTOR('',#1742,1.);
#1742 = DIRECTION('',(0.,1.));
#1743 = ( GEOMETRIC_REPRESENTATION_CONTEXT(2) 
PARAMETRIC_REPRESENTATION_CONTEXT() REPRESENTATION_CONTEXT('2D SPACE',''
  ) );
#1744 = PCURVE('',#1745,#1750);
#1745 = CYLINDRICAL_SURFACE('',#1746,3.2);
#1746 = AXIS2_PLACEMENT_3D('',#1747,#1748,#1749);
#1747 = CARTESIAN_POINT('',(-166.8,336.8,6.999999999997));
#1748 = DIRECTION('',(0.,0.,1.));
#1749 = DIRECTION('',(0.,1.,0.));
#1750 = DEFINITIONAL_REPRESENTATION('',(#1751),#1755);
#1751 = LINE('',#1752,#1753);
#1752 = CARTESIAN_POINT('',(1.570796326795,0.));
#1753 = VECTOR('',#1754,1.);
#1754 = DIRECTION('',(0.,1.));
#1755 = ( GEOMETRIC_REPRESENTATION_CONTEXT(2) 
PARAMETRIC_REPRESENTATION_CONTEXT() REPRESENTATION_CONTEXT('2D SPACE',''
  ) );
#1756 = ORIENTED_EDGE('',*,*,#1757,.T.);
#1757 = EDGE_CURVE('',#1730,#1758,#1760,.T.);
#1758 = VERTEX_POINT('',#1759);
#1759 = CARTESIAN_POINT('',(-170.,320.66898970713,121.89203305822));
#1760 = SURFACE_CURVE('',#1761,(#1766,#1773),.PCURVE_S1.);
#1761 = CIRCLE('',#1762,21.8);
#1762 = AXIS2_PLACEMENT_3D('',#1763,#1764,#1765);
#1763 = CARTESIAN_POINT('',(-170.,315.,100.84203173517));
#1764 = DIRECTION('',(1.,0.,0.));
#1765 = DIRECTION('',(-0.,1.,0.));
#1766 = PCURVE('',#44,#1767);
#1767 = DEFINITIONAL_REPRESENTATION('',(#1768),#1772);
#1768 = CIRCLE('',#1769,21.8);
#1769 = AXIS2_PLACEMENT_2D('',#1770,#1771);
#1770 = CARTESIAN_POINT('',(113.45025281207,-67.07406430818));
#1771 = DIRECTION('',(1.,0.));
#1772 = ( GEOMETRIC_REPRESENTATION_CONTEXT(2) 
PARAMETRIC_REPRESENTATION_CONTEXT() REPRESENTATION_CONTEXT('2D SPACE',''
  ) );
#1773 = PCURVE('',#1774,#1779);
#1774 = TOROIDAL_SURFACE('',#1775,21.8,3.2);
#1775 = AXIS2_PLACEMENT_3D('',#1776,#1777,#1778);
#1776 = CARTESIAN_POINT('',(-166.8,315.,100.84203173517));
#1777 = DIRECTION('',(-1.,-0.,-0.));
#1778 = DIRECTION('',(-0.,1.,0.));
#1779 = DEFINITIONAL_REPRESENTATION('',(#1780),#1784);
#1780 = LINE('',#1781,#1782);
#1781 = CARTESIAN_POINT('',(-0.,1.570796326795));
#1782 = VECTOR('',#1783,1.);
#1783 = DIRECTION('',(-1.,0.));
#1784 = ( GEOMETRIC_REPRESENTATION_CONTEXT(2) 
PARAMETRIC_REPRESENTATION_CONTEXT() REPRESENTATION_CONTEXT('2D SPACE',''
  ) );
#1785 = ORIENTED_EDGE('',*,*,#1786,.T.);
#1786 = EDGE_CURVE('',#1758,#1655,#1787,.T.);
#1787 = SURFACE_CURVE('',#1788,(#1792,#1799),.PCURVE_S1.);
#1788 = LINE('',#1789,#1790);
#1789 = CARTESIAN_POINT('',(-170.,320.66898970713,121.89203305822));
#1790 = VECTOR('',#1791,1.);
#1791 = DIRECTION('',(0.,-0.965596390966,0.26004539941));
#1792 = PCURVE('',#44,#1793);
#1793 = DEFINITIONAL_REPRESENTATION('',(#1794),#1798);
#1794 = LINE('',#1795,#1796);
#1795 = CARTESIAN_POINT('',(119.11924251921,-46.02406298513));
#1796 = VECTOR('',#1797,1.);
#1797 = DIRECTION('',(-0.965596390966,0.26004539941));
#1798 = ( GEOMETRIC_REPRESENTATION_CONTEXT(2) 
PARAMETRIC_REPRESENTATION_CONTEXT() REPRESENTATION_CONTEXT('2D SPACE',''
  ) );
#1799 = PCURVE('',#1800,#1805);
#1800 = CYLINDRICAL_SURFACE('',#1801,3.2);
#1801 = AXIS2_PLACEMENT_3D('',#1802,#1803,#1804);
#1802 = CARTESIAN_POINT('',(-166.8,320.66898970713,121.89203305822));
#1803 = DIRECTION('',(0.,-0.965596390966,0.26004539941));
#1804 = DIRECTION('',(-0.,0.26004539941,0.965596390966));
#1805 = DEFINITIONAL_REPRESENTATION('',(#1806),#1810);
#1806 = LINE('',#1807,#1808);
#1807 = CARTESIAN_POINT('',(1.570796326795,0.));
#1808 = VECTOR('',#1809,1.);
#1809 = DIRECTION('',(0.,1.));
#1810 = ( GEOMETRIC_REPRESENTATION_CONTEXT(2) 
PARAMETRIC_REPRESENTATION_CONTEXT() REPRESENTATION_CONTEXT('2D SPACE',''
  ) );
#1811 = ADVANCED_FACE('',(#1812,#2674,#2705,#2736,#2767),#71,.T.);
#1812 = FACE_BOUND('',#1813,.T.);
#1813 = EDGE_LOOP('',(#1814,#1815,#1816,#1838,#1866,#1894,#1922,#1944,
    #1977,#2004,#2032,#2060,#2088,#2110,#2138,#2166,#2194,#2216,#2249,
    #2271,#2299,#2327,#2355,#2375,#2376,#2398,#2433,#2460,#2493,#2526,
    #2553,#2586,#2619,#2646));
#1814 = ORIENTED_EDGE('',*,*,#1654,.F.);
#1815 = ORIENTED_EDGE('',*,*,#55,.T.);
#1816 = ORIENTED_EDGE('',*,*,#1817,.T.);
#1817 = EDGE_CURVE('',#56,#1818,#1820,.T.);
#1818 = VERTEX_POINT('',#1819);
#1819 = CARTESIAN_POINT('',(-162.,243.,125.));
#1820 = SURFACE_CURVE('',#1821,(#1825,#1832),.PCURVE_S1.);
#1821 = LINE('',#1822,#1823);
#1822 = CARTESIAN_POINT('',(-162.,74.566010661909,125.));
#1823 = VECTOR('',#1824,1.);
#1824 = DIRECTION('',(0.,1.,0.));
#1825 = PCURVE('',#71,#1826);
#1826 = DEFINITIONAL_REPRESENTATION('',(#1827),#1831);
#1827 = LINE('',#1828,#1829);
#1828 = CARTESIAN_POINT('',(58.,124.5660106619));
#1829 = VECTOR('',#1830,1.);
#1830 = DIRECTION('',(0.,1.));
#1831 = ( GEOMETRIC_REPRESENTATION_CONTEXT(2) 
PARAMETRIC_REPRESENTATION_CONTEXT() REPRESENTATION_CONTEXT('2D SPACE',''
  ) );
#1832 = PCURVE('',#98,#1833);
#1833 = DEFINITIONAL_REPRESENTATION('',(#1834),#1837);
#1834 = B_SPLINE_CURVE_WITH_KNOTS('',1,(#1835,#1836),.UNSPECIFIED.,.F.,
  .F.,(2,2),(-69.1766924527,261.50308108701),.PIECEWISE_BEZIER_KNOTS.);
#1835 = CARTESIAN_POINT('',(-193.7427031146,-42.81425665813));
#1836 = CARTESIAN_POINT('',(136.9370704251,-42.81425665813));
#1837 = ( GEOMETRIC_REPRESENTATION_CONTEXT(2) 
PARAMETRIC_REPRESENTATION_CONTEXT() REPRESENTATION_CONTEXT('2D SPACE',''
  ) );
#1838 = ORIENTED_EDGE('',*,*,#1839,.T.);
#1839 = EDGE_CURVE('',#1818,#1840,#1842,.T.);
#1840 = VERTEX_POINT('',#1841);
#1841 = CARTESIAN_POINT('',(-153.5,243.,125.));
#1842 = SURFACE_CURVE('',#1843,(#1847,#1854),.PCURVE_S1.);
#1843 = LINE('',#1844,#1845);
#1844 = CARTESIAN_POINT('',(-167.5,243.,125.));
#1845 = VECTOR('',#1846,1.);
#1846 = DIRECTION('',(1.,0.,-0.));
#1847 = PCURVE('',#71,#1848);
#1848 = DEFINITIONAL_REPRESENTATION('',(#1849),#1853);
#1849 = LINE('',#1850,#1851);
#1850 = CARTESIAN_POINT('',(52.5,293.));
#1851 = VECTOR('',#1852,1.);
#1852 = DIRECTION('',(1.,0.));
#1853 = ( GEOMETRIC_REPRESENTATION_CONTEXT(2) 
PARAMETRIC_REPRESENTATION_CONTEXT() REPRESENTATION_CONTEXT('2D SPACE',''
  ) );
#1854 = PCURVE('',#1855,#1860);
#1855 = PLANE('',#1856);
#1856 = AXIS2_PLACEMENT_3D('',#1857,#1858,#1859);
#1857 = CARTESIAN_POINT('',(-167.5,243.,113.));
#1858 = DIRECTION('',(-0.,1.,0.));
#1859 = DIRECTION('',(0.,0.,1.));
#1860 = DEFINITIONAL_REPRESENTATION('',(#1861),#1865);
#1861 = LINE('',#1862,#1863);
#1862 = CARTESIAN_POINT('',(12.,0.));
#1863 = VECTOR('',#1864,1.);
#1864 = DIRECTION('',(0.,1.));
#1865 = ( GEOMETRIC_REPRESENTATION_CONTEXT(2) 
PARAMETRIC_REPRESENTATION_CONTEXT() REPRESENTATION_CONTEXT('2D SPACE',''
  ) );
#1866 = ORIENTED_EDGE('',*,*,#1867,.T.);
#1867 = EDGE_CURVE('',#1840,#1868,#1870,.T.);
#1868 = VERTEX_POINT('',#1869);
#1869 = CARTESIAN_POINT('',(-153.5,257.,125.));
#1870 = SURFACE_CURVE('',#1871,(#1875,#1882),.PCURVE_S1.);
#1871 = LINE('',#1872,#1873);
#1872 = CARTESIAN_POINT('',(-153.5,243.,125.));
#1873 = VECTOR('',#1874,1.);
#1874 = DIRECTION('',(-0.,1.,0.));
#1875 = PCURVE('',#71,#1876);
#1876 = DEFINITIONAL_REPRESENTATION('',(#1877),#1881);
#1877 = LINE('',#1878,#1879);
#1878 = CARTESIAN_POINT('',(66.5,293.));
#1879 = VECTOR('',#1880,1.);
#1880 = DIRECTION('',(0.,1.));
#1881 = ( GEOMETRIC_REPRESENTATION_CONTEXT(2) 
PARAMETRIC_REPRESENTATION_CONTEXT() REPRESENTATION_CONTEXT('2D SPACE',''
  ) );
#1882 = PCURVE('',#1883,#1888);
#1883 = PLANE('',#1884);
#1884 = AXIS2_PLACEMENT_3D('',#1885,#1886,#1887);
#1885 = CARTESIAN_POINT('',(-153.5,243.,113.));
#1886 = DIRECTION('',(1.,0.,-0.));
#1887 = DIRECTION('',(0.,0.,1.));
#1888 = DEFINITIONAL_REPRESENTATION('',(#1889),#1893);
#1889 = LINE('',#1890,#1891);
#1890 = CARTESIAN_POINT('',(12.,0.));
#1891 = VECTOR('',#1892,1.);
#1892 = DIRECTION('',(0.,-1.));
#1893 = ( GEOMETRIC_REPRESENTATION_CONTEXT(2) 
PARAMETRIC_REPRESENTATION_CONTEXT() REPRESENTATION_CONTEXT('2D SPACE',''
  ) );
#1894 = ORIENTED_EDGE('',*,*,#1895,.F.);
#1895 = EDGE_CURVE('',#1896,#1868,#1898,.T.);
#1896 = VERTEX_POINT('',#1897);
#1897 = CARTESIAN_POINT('',(-162.,257.,125.));
#1898 = SURFACE_CURVE('',#1899,(#1903,#1910),.PCURVE_S1.);
#1899 = LINE('',#1900,#1901);
#1900 = CARTESIAN_POINT('',(-167.5,257.,125.));
#1901 = VECTOR('',#1902,1.);
#1902 = DIRECTION('',(1.,0.,-0.));
#1903 = PCURVE('',#71,#1904);
#1904 = DEFINITIONAL_REPRESENTATION('',(#1905),#1909);
#1905 = LINE('',#1906,#1907);
#1906 = CARTESIAN_POINT('',(52.5,307.));
#1907 = VECTOR('',#1908,1.);
#1908 = DIRECTION('',(1.,0.));
#1909 = ( GEOMETRIC_REPRESENTATION_CONTEXT(2) 
PARAMETRIC_REPRESENTATION_CONTEXT() REPRESENTATION_CONTEXT('2D SPACE',''
  ) );
#1910 = PCURVE('',#1911,#1916);
#1911 = PLANE('',#1912);
#1912 = AXIS2_PLACEMENT_3D('',#1913,#1914,#1915);
#1913 = CARTESIAN_POINT('',(-167.5,257.,113.));
#1914 = DIRECTION('',(-0.,1.,0.));
#1915 = DIRECTION('',(0.,0.,1.));
#1916 = DEFINITIONAL_REPRESENTATION('',(#1917),#1921);
#1917 = LINE('',#1918,#1919);
#1918 = CARTESIAN_POINT('',(12.,0.));
#1919 = VECTOR('',#1920,1.);
#1920 = DIRECTION('',(0.,1.));
#1921 = ( GEOMETRIC_REPRESENTATION_CONTEXT(2) 
PARAMETRIC_REPRESENTATION_CONTEXT() REPRESENTATION_CONTEXT('2D SPACE',''
  ) );
#1922 = ORIENTED_EDGE('',*,*,#1923,.T.);
#1923 = EDGE_CURVE('',#1896,#1924,#1926,.T.);
#1924 = VERTEX_POINT('',#1925);
#1925 = CARTESIAN_POINT('',(-162.,306.2915620641,125.));
#1926 = SURFACE_CURVE('',#1927,(#1931,#1938),.PCURVE_S1.);
#1927 = LINE('',#1928,#1929);
#1928 = CARTESIAN_POINT('',(-162.,74.566010661909,125.));
#1929 = VECTOR('',#1930,1.);
#1930 = DIRECTION('',(0.,1.,0.));
#1931 = PCURVE('',#71,#1932);
#1932 = DEFINITIONAL_REPRESENTATION('',(#1933),#1937);
#1933 = LINE('',#1934,#1935);
#1934 = CARTESIAN_POINT('',(58.,124.5660106619));
#1935 = VECTOR('',#1936,1.);
#1936 = DIRECTION('',(0.,1.));
#1937 = ( GEOMETRIC_REPRESENTATION_CONTEXT(2) 
PARAMETRIC_REPRESENTATION_CONTEXT() REPRESENTATION_CONTEXT('2D SPACE',''
  ) );
#1938 = PCURVE('',#98,#1939);
#1939 = DEFINITIONAL_REPRESENTATION('',(#1940),#1943);
#1940 = B_SPLINE_CURVE_WITH_KNOTS('',1,(#1941,#1942),.UNSPECIFIED.,.F.,
  .F.,(2,2),(-69.1766924527,261.50308108701),.PIECEWISE_BEZIER_KNOTS.);
#1941 = CARTESIAN_POINT('',(-193.7427031146,-42.81425665813));
#1942 = CARTESIAN_POINT('',(136.9370704251,-42.81425665813));
#1943 = ( GEOMETRIC_REPRESENTATION_CONTEXT(2) 
PARAMETRIC_REPRESENTATION_CONTEXT() REPRESENTATION_CONTEXT('2D SPACE',''
  ) );
#1944 = ORIENTED_EDGE('',*,*,#1945,.F.);
#1945 = EDGE_CURVE('',#1946,#1924,#1948,.T.);
#1946 = VERTEX_POINT('',#1947);
#1947 = CARTESIAN_POINT('',(-158.,309.89763336483,125.));
#1948 = SURFACE_CURVE('',#1949,(#1954,#1961),.PCURVE_S1.);
#1949 = ELLIPSE('',#1950,34.609341370463,9.);
#1950 = AXIS2_PLACEMENT_3D('',#1951,#1952,#1953);
#1951 = CARTESIAN_POINT('',(-158.,275.28829199437,125.));
#1952 = DIRECTION('',(0.,0.,1.));
#1953 = DIRECTION('',(0.,-1.,0.));
#1954 = PCURVE('',#71,#1955);
#1955 = DEFINITIONAL_REPRESENTATION('',(#1956),#1960);
#1956 = ELLIPSE('',#1957,34.609341370463,9.);
#1957 = AXIS2_PLACEMENT_2D('',#1958,#1959);
#1958 = CARTESIAN_POINT('',(62.,325.28829199437));
#1959 = DIRECTION('',(0.,-1.));
#1960 = ( GEOMETRIC_REPRESENTATION_CONTEXT(2) 
PARAMETRIC_REPRESENTATION_CONTEXT() REPRESENTATION_CONTEXT('2D SPACE',''
  ) );
#1961 = PCURVE('',#1962,#1967);
#1962 = CYLINDRICAL_SURFACE('',#1963,9.);
#1963 = AXIS2_PLACEMENT_3D('',#1964,#1965,#1966);
#1964 = CARTESIAN_POINT('',(-158.,318.38059019233,113.39478481772));
#1965 = DIRECTION('',(0.,-0.965596390966,0.26004539941));
#1966 = DIRECTION('',(-1.,-0.,0.));
#1967 = DEFINITIONAL_REPRESENTATION('',(#1968),#1976);
#1968 = B_SPLINE_CURVE_WITH_KNOTS('',6,(#1969,#1970,#1971,#1972,#1973,
    #1974,#1975),.UNSPECIFIED.,.F.,.F.,(7,7),(3.14159265359,
    3.602146645271),.PIECEWISE_BEZIER_KNOTS.);
#1969 = CARTESIAN_POINT('',(-1.570796326795,11.208995314658));
#1970 = CARTESIAN_POINT('',(-1.494037328181,11.208995314658));
#1971 = CARTESIAN_POINT('',(-1.417278329568,11.445276287779));
#1972 = CARTESIAN_POINT('',(-1.340519330954,11.917838479932));
#1973 = CARTESIAN_POINT('',(-1.263760332341,12.622504609211));
#1974 = CARTESIAN_POINT('',(-1.187001333727,13.55092363617));
#1975 = CARTESIAN_POINT('',(-1.110242335114,14.691004748215));
#1976 = ( GEOMETRIC_REPRESENTATION_CONTEXT(2) 
PARAMETRIC_REPRESENTATION_CONTEXT() REPRESENTATION_CONTEXT('2D SPACE',''
  ) );
#1977 = ORIENTED_EDGE('',*,*,#1978,.F.);
#1978 = EDGE_CURVE('',#1979,#1946,#1981,.T.);
#1979 = VERTEX_POINT('',#1980);
#1980 = CARTESIAN_POINT('',(-152.,309.89763336483,125.));
#1981 = SURFACE_CURVE('',#1982,(#1986,#1993),.PCURVE_S1.);
#1982 = LINE('',#1983,#1984);
#1983 = CARTESIAN_POINT('',(-110.,309.89763336483,125.));
#1984 = VECTOR('',#1985,1.);
#1985 = DIRECTION('',(-1.,-0.,0.));
#1986 = PCURVE('',#71,#1987);
#1987 = DEFINITIONAL_REPRESENTATION('',(#1988),#1992);
#1988 = LINE('',#1989,#1990);
#1989 = CARTESIAN_POINT('',(110.,359.89763336483));
#1990 = VECTOR('',#1991,1.);
#1991 = DIRECTION('',(-1.,0.));
#1992 = ( GEOMETRIC_REPRESENTATION_CONTEXT(2) 
PARAMETRIC_REPRESENTATION_CONTEXT() REPRESENTATION_CONTEXT('2D SPACE',''
  ) );
#1993 = PCURVE('',#1994,#1999);
#1994 = PLANE('',#1995);
#1995 = AXIS2_PLACEMENT_3D('',#1996,#1997,#1998);
#1996 = CARTESIAN_POINT('',(0.,320.72099878702,122.08515233641));
#1997 = DIRECTION('',(-0.,0.26004539941,0.965596390966));
#1998 = DIRECTION('',(0.,-0.965596390966,0.26004539941));
#1999 = DEFINITIONAL_REPRESENTATION('',(#2000),#2003);
#2000 = B_SPLINE_CURVE_WITH_KNOTS('',1,(#2001,#2002),.UNSPECIFIED.,.F.,
  .F.,(2,2),(-268.,48.),.PIECEWISE_BEZIER_KNOTS.);
#2001 = CARTESIAN_POINT('',(11.208995314658,158.));
#2002 = CARTESIAN_POINT('',(11.208995314658,-158.));
#2003 = ( GEOMETRIC_REPRESENTATION_CONTEXT(2) 
PARAMETRIC_REPRESENTATION_CONTEXT() REPRESENTATION_CONTEXT('2D SPACE',''
  ) );
#2004 = ORIENTED_EDGE('',*,*,#2005,.F.);
#2005 = EDGE_CURVE('',#2006,#1979,#2008,.T.);
#2006 = VERTEX_POINT('',#2007);
#2007 = CARTESIAN_POINT('',(-152.,300.93408048832,125.));
#2008 = SURFACE_CURVE('',#2009,(#2013,#2020),.PCURVE_S1.);
#2009 = LINE('',#2010,#2011);
#2010 = CARTESIAN_POINT('',(-152.,300.93408048832,125.));
#2011 = VECTOR('',#2012,1.);
#2012 = DIRECTION('',(-0.,1.,0.));
#2013 = PCURVE('',#71,#2014);
#2014 = DEFINITIONAL_REPRESENTATION('',(#2015),#2019);
#2015 = LINE('',#2016,#2017);
#2016 = CARTESIAN_POINT('',(68.,350.93408048832));
#2017 = VECTOR('',#2018,1.);
#2018 = DIRECTION('',(0.,1.));
#2019 = ( GEOMETRIC_REPRESENTATION_CONTEXT(2) 
PARAMETRIC_REPRESENTATION_CONTEXT() REPRESENTATION_CONTEXT('2D SPACE',''
  ) );
#2020 = PCURVE('',#2021,#2026);
#2021 = PLANE('',#2022);
#2022 = AXIS2_PLACEMENT_3D('',#2023,#2024,#2025);
#2023 = CARTESIAN_POINT('',(-152.,300.93408048832,113.));
#2024 = DIRECTION('',(1.,0.,-0.));
#2025 = DIRECTION('',(0.,0.,1.));
#2026 = DEFINITIONAL_REPRESENTATION('',(#2027),#2031);
#2027 = LINE('',#2028,#2029);
#2028 = CARTESIAN_POINT('',(12.,0.));
#2029 = VECTOR('',#2030,1.);
#2030 = DIRECTION('',(0.,-1.));
#2031 = ( GEOMETRIC_REPRESENTATION_CONTEXT(2) 
PARAMETRIC_REPRESENTATION_CONTEXT() REPRESENTATION_CONTEXT('2D SPACE',''
  ) );
#2032 = ORIENTED_EDGE('',*,*,#2033,.T.);
#2033 = EDGE_CURVE('',#2006,#2034,#2036,.T.);
#2034 = VERTEX_POINT('',#2035);
#2035 = CARTESIAN_POINT('',(-138.,300.93408048832,125.));
#2036 = SURFACE_CURVE('',#2037,(#2041,#2048),.PCURVE_S1.);
#2037 = LINE('',#2038,#2039);
#2038 = CARTESIAN_POINT('',(-152.,300.93408048832,125.));
#2039 = VECTOR('',#2040,1.);
#2040 = DIRECTION('',(1.,0.,-0.));
#2041 = PCURVE('',#71,#2042);
#2042 = DEFINITIONAL_REPRESENTATION('',(#2043),#2047);
#2043 = LINE('',#2044,#2045);
#2044 = CARTESIAN_POINT('',(68.,350.93408048832));
#2045 = VECTOR('',#2046,1.);
#2046 = DIRECTION('',(1.,0.));
#2047 = ( GEOMETRIC_REPRESENTATION_CONTEXT(2) 
PARAMETRIC_REPRESENTATION_CONTEXT() REPRESENTATION_CONTEXT('2D SPACE',''
  ) );
#2048 = PCURVE('',#2049,#2054);
#2049 = PLANE('',#2050);
#2050 = AXIS2_PLACEMENT_3D('',#2051,#2052,#2053);
#2051 = CARTESIAN_POINT('',(-152.,300.93408048832,113.));
#2052 = DIRECTION('',(-0.,1.,0.));
#2053 = DIRECTION('',(0.,0.,1.));
#2054 = DEFINITIONAL_REPRESENTATION('',(#2055),#2059);
#2055 = LINE('',#2056,#2057);
#2056 = CARTESIAN_POINT('',(12.,0.));
#2057 = VECTOR('',#2058,1.);
#2058 = DIRECTION('',(0.,1.));
#2059 = ( GEOMETRIC_REPRESENTATION_CONTEXT(2) 
PARAMETRIC_REPRESENTATION_CONTEXT() REPRESENTATION_CONTEXT('2D SPACE',''
  ) );
#2060 = ORIENTED_EDGE('',*,*,#2061,.T.);
#2061 = EDGE_CURVE('',#2034,#2062,#2064,.T.);
#2062 = VERTEX_POINT('',#2063);
#2063 = CARTESIAN_POINT('',(-138.,309.89763336483,125.));
#2064 = SURFACE_CURVE('',#2065,(#2069,#2076),.PCURVE_S1.);
#2065 = LINE('',#2066,#2067);
#2066 = CARTESIAN_POINT('',(-138.,300.93408048832,125.));
#2067 = VECTOR('',#2068,1.);
#2068 = DIRECTION('',(-0.,1.,0.));
#2069 = PCURVE('',#71,#2070);
#2070 = DEFINITIONAL_REPRESENTATION('',(#2071),#2075);
#2071 = LINE('',#2072,#2073);
#2072 = CARTESIAN_POINT('',(82.,350.93408048832));
#2073 = VECTOR('',#2074,1.);
#2074 = DIRECTION('',(0.,1.));
#2075 = ( GEOMETRIC_REPRESENTATION_CONTEXT(2) 
PARAMETRIC_REPRESENTATION_CONTEXT() REPRESENTATION_CONTEXT('2D SPACE',''
  ) );
#2076 = PCURVE('',#2077,#2082);
#2077 = PLANE('',#2078);
#2078 = AXIS2_PLACEMENT_3D('',#2079,#2080,#2081);
#2079 = CARTESIAN_POINT('',(-138.,300.93408048832,113.));
#2080 = DIRECTION('',(1.,0.,-0.));
#2081 = DIRECTION('',(0.,0.,1.));
#2082 = DEFINITIONAL_REPRESENTATION('',(#2083),#2087);
#2083 = LINE('',#2084,#2085);
#2084 = CARTESIAN_POINT('',(12.,0.));
#2085 = VECTOR('',#2086,1.);
#2086 = DIRECTION('',(0.,-1.));
#2087 = ( GEOMETRIC_REPRESENTATION_CONTEXT(2) 
PARAMETRIC_REPRESENTATION_CONTEXT() REPRESENTATION_CONTEXT('2D SPACE',''
  ) );
#2088 = ORIENTED_EDGE('',*,*,#2089,.F.);
#2089 = EDGE_CURVE('',#2090,#2062,#2092,.T.);
#2090 = VERTEX_POINT('',#2091);
#2091 = CARTESIAN_POINT('',(138.,309.89763336483,125.));
#2092 = SURFACE_CURVE('',#2093,(#2097,#2104),.PCURVE_S1.);
#2093 = LINE('',#2094,#2095);
#2094 = CARTESIAN_POINT('',(-110.,309.89763336483,125.));
#2095 = VECTOR('',#2096,1.);
#2096 = DIRECTION('',(-1.,-0.,0.));
#2097 = PCURVE('',#71,#2098);
#2098 = DEFINITIONAL_REPRESENTATION('',(#2099),#2103);
#2099 = LINE('',#2100,#2101);
#2100 = CARTESIAN_POINT('',(110.,359.89763336483));
#2101 = VECTOR('',#2102,1.);
#2102 = DIRECTION('',(-1.,0.));
#2103 = ( GEOMETRIC_REPRESENTATION_CONTEXT(2) 
PARAMETRIC_REPRESENTATION_CONTEXT() REPRESENTATION_CONTEXT('2D SPACE',''
  ) );
#2104 = PCURVE('',#1994,#2105);
#2105 = DEFINITIONAL_REPRESENTATION('',(#2106),#2109);
#2106 = B_SPLINE_CURVE_WITH_KNOTS('',1,(#2107,#2108),.UNSPECIFIED.,.F.,
  .F.,(2,2),(-268.,48.),.PIECEWISE_BEZIER_KNOTS.);
#2107 = CARTESIAN_POINT('',(11.208995314658,158.));
#2108 = CARTESIAN_POINT('',(11.208995314658,-158.));
#2109 = ( GEOMETRIC_REPRESENTATION_CONTEXT(2) 
PARAMETRIC_REPRESENTATION_CONTEXT() REPRESENTATION_CONTEXT('2D SPACE',''
  ) );
#2110 = ORIENTED_EDGE('',*,*,#2111,.F.);
#2111 = EDGE_CURVE('',#2112,#2090,#2114,.T.);
#2112 = VERTEX_POINT('',#2113);
#2113 = CARTESIAN_POINT('',(138.,300.93408048832,125.));
#2114 = SURFACE_CURVE('',#2115,(#2119,#2126),.PCURVE_S1.);
#2115 = LINE('',#2116,#2117);
#2116 = CARTESIAN_POINT('',(138.,300.93408048832,125.));
#2117 = VECTOR('',#2118,1.);
#2118 = DIRECTION('',(-0.,1.,0.));
#2119 = PCURVE('',#71,#2120);
#2120 = DEFINITIONAL_REPRESENTATION('',(#2121),#2125);
#2121 = LINE('',#2122,#2123);
#2122 = CARTESIAN_POINT('',(358.,350.93408048832));
#2123 = VECTOR('',#2124,1.);
#2124 = DIRECTION('',(0.,1.));
#2125 = ( GEOMETRIC_REPRESENTATION_CONTEXT(2) 
PARAMETRIC_REPRESENTATION_CONTEXT() REPRESENTATION_CONTEXT('2D SPACE',''
  ) );
#2126 = PCURVE('',#2127,#2132);
#2127 = PLANE('',#2128);
#2128 = AXIS2_PLACEMENT_3D('',#2129,#2130,#2131);
#2129 = CARTESIAN_POINT('',(138.,300.93408048832,113.));
#2130 = DIRECTION('',(1.,0.,-0.));
#2131 = DIRECTION('',(0.,0.,1.));
#2132 = DEFINITIONAL_REPRESENTATION('',(#2133),#2137);
#2133 = LINE('',#2134,#2135);
#2134 = CARTESIAN_POINT('',(12.,0.));
#2135 = VECTOR('',#2136,1.);
#2136 = DIRECTION('',(0.,-1.));
#2137 = ( GEOMETRIC_REPRESENTATION_CONTEXT(2) 
PARAMETRIC_REPRESENTATION_CONTEXT() REPRESENTATION_CONTEXT('2D SPACE',''
  ) );
#2138 = ORIENTED_EDGE('',*,*,#2139,.T.);
#2139 = EDGE_CURVE('',#2112,#2140,#2142,.T.);
#2140 = VERTEX_POINT('',#2141);
#2141 = CARTESIAN_POINT('',(152.,300.93408048832,125.));
#2142 = SURFACE_CURVE('',#2143,(#2147,#2154),.PCURVE_S1.);
#2143 = LINE('',#2144,#2145);
#2144 = CARTESIAN_POINT('',(138.,300.93408048832,125.));
#2145 = VECTOR('',#2146,1.);
#2146 = DIRECTION('',(1.,0.,-0.));
#2147 = PCURVE('',#71,#2148);
#2148 = DEFINITIONAL_REPRESENTATION('',(#2149),#2153);
#2149 = LINE('',#2150,#2151);
#2150 = CARTESIAN_POINT('',(358.,350.93408048832));
#2151 = VECTOR('',#2152,1.);
#2152 = DIRECTION('',(1.,0.));
#2153 = ( GEOMETRIC_REPRESENTATION_CONTEXT(2) 
PARAMETRIC_REPRESENTATION_CONTEXT() REPRESENTATION_CONTEXT('2D SPACE',''
  ) );
#2154 = PCURVE('',#2155,#2160);
#2155 = PLANE('',#2156);
#2156 = AXIS2_PLACEMENT_3D('',#2157,#2158,#2159);
#2157 = CARTESIAN_POINT('',(138.,300.93408048832,113.));
#2158 = DIRECTION('',(-0.,1.,0.));
#2159 = DIRECTION('',(0.,0.,1.));
#2160 = DEFINITIONAL_REPRESENTATION('',(#2161),#2165);
#2161 = LINE('',#2162,#2163);
#2162 = CARTESIAN_POINT('',(12.,0.));
#2163 = VECTOR('',#2164,1.);
#2164 = DIRECTION('',(0.,1.));
#2165 = ( GEOMETRIC_REPRESENTATION_CONTEXT(2) 
PARAMETRIC_REPRESENTATION_CONTEXT() REPRESENTATION_CONTEXT('2D SPACE',''
  ) );
#2166 = ORIENTED_EDGE('',*,*,#2167,.T.);
#2167 = EDGE_CURVE('',#2140,#2168,#2170,.T.);
#2168 = VERTEX_POINT('',#2169);
#2169 = CARTESIAN_POINT('',(152.,309.89763336483,125.));
#2170 = SURFACE_CURVE('',#2171,(#2175,#2182),.PCURVE_S1.);
#2171 = LINE('',#2172,#2173);
#2172 = CARTESIAN_POINT('',(152.,300.93408048832,125.));
#2173 = VECTOR('',#2174,1.);
#2174 = DIRECTION('',(-0.,1.,0.));
#2175 = PCURVE('',#71,#2176);
#2176 = DEFINITIONAL_REPRESENTATION('',(#2177),#2181);
#2177 = LINE('',#2178,#2179);
#2178 = CARTESIAN_POINT('',(372.,350.93408048832));
#2179 = VECTOR('',#2180,1.);
#2180 = DIRECTION('',(0.,1.));
#2181 = ( GEOMETRIC_REPRESENTATION_CONTEXT(2) 
PARAMETRIC_REPRESENTATION_CONTEXT() REPRESENTATION_CONTEXT('2D SPACE',''
  ) );
#2182 = PCURVE('',#2183,#2188);
#2183 = PLANE('',#2184);
#2184 = AXIS2_PLACEMENT_3D('',#2185,#2186,#2187);
#2185 = CARTESIAN_POINT('',(152.,300.93408048832,113.));
#2186 = DIRECTION('',(1.,0.,-0.));
#2187 = DIRECTION('',(0.,0.,1.));
#2188 = DEFINITIONAL_REPRESENTATION('',(#2189),#2193);
#2189 = LINE('',#2190,#2191);
#2190 = CARTESIAN_POINT('',(12.,0.));
#2191 = VECTOR('',#2192,1.);
#2192 = DIRECTION('',(0.,-1.));
#2193 = ( GEOMETRIC_REPRESENTATION_CONTEXT(2) 
PARAMETRIC_REPRESENTATION_CONTEXT() REPRESENTATION_CONTEXT('2D SPACE',''
  ) );
#2194 = ORIENTED_EDGE('',*,*,#2195,.F.);
#2195 = EDGE_CURVE('',#2196,#2168,#2198,.T.);
#2196 = VERTEX_POINT('',#2197);
#2197 = CARTESIAN_POINT('',(158.,309.89763336483,125.));
#2198 = SURFACE_CURVE('',#2199,(#2203,#2210),.PCURVE_S1.);
#2199 = LINE('',#2200,#2201);
#2200 = CARTESIAN_POINT('',(-110.,309.89763336483,125.));
#2201 = VECTOR('',#2202,1.);
#2202 = DIRECTION('',(-1.,-0.,0.));
#2203 = PCURVE('',#71,#2204);
#2204 = DEFINITIONAL_REPRESENTATION('',(#2205),#2209);
#2205 = LINE('',#2206,#2207);
#2206 = CARTESIAN_POINT('',(110.,359.89763336483));
#2207 = VECTOR('',#2208,1.);
#2208 = DIRECTION('',(-1.,0.));
#2209 = ( GEOMETRIC_REPRESENTATION_CONTEXT(2) 
PARAMETRIC_REPRESENTATION_CONTEXT() REPRESENTATION_CONTEXT('2D SPACE',''
  ) );
#2210 = PCURVE('',#1994,#2211);
#2211 = DEFINITIONAL_REPRESENTATION('',(#2212),#2215);
#2212 = B_SPLINE_CURVE_WITH_KNOTS('',1,(#2213,#2214),.UNSPECIFIED.,.F.,
  .F.,(2,2),(-268.,48.),.PIECEWISE_BEZIER_KNOTS.);
#2213 = CARTESIAN_POINT('',(11.208995314658,158.));
#2214 = CARTESIAN_POINT('',(11.208995314658,-158.));
#2215 = ( GEOMETRIC_REPRESENTATION_CONTEXT(2) 
PARAMETRIC_REPRESENTATION_CONTEXT() REPRESENTATION_CONTEXT('2D SPACE',''
  ) );
#2216 = ORIENTED_EDGE('',*,*,#2217,.F.);
#2217 = EDGE_CURVE('',#2218,#2196,#2220,.T.);
#2218 = VERTEX_POINT('',#2219);
#2219 = CARTESIAN_POINT('',(162.,306.2915620641,125.));
#2220 = SURFACE_CURVE('',#2221,(#2226,#2233),.PCURVE_S1.);
#2221 = ELLIPSE('',#2222,34.609341370463,9.);
#2222 = AXIS2_PLACEMENT_3D('',#2223,#2224,#2225);
#2223 = CARTESIAN_POINT('',(158.,275.28829199437,125.));
#2224 = DIRECTION('',(0.,0.,1.));
#2225 = DIRECTION('',(0.,-1.,0.));
#2226 = PCURVE('',#71,#2227);
#2227 = DEFINITIONAL_REPRESENTATION('',(#2228),#2232);
#2228 = ELLIPSE('',#2229,34.609341370463,9.);
#2229 = AXIS2_PLACEMENT_2D('',#2230,#2231);
#2230 = CARTESIAN_POINT('',(378.,325.28829199437));
#2231 = DIRECTION('',(0.,-1.));
#2232 = ( GEOMETRIC_REPRESENTATION_CONTEXT(2) 
PARAMETRIC_REPRESENTATION_CONTEXT() REPRESENTATION_CONTEXT('2D SPACE',''
  ) );
#2233 = PCURVE('',#2234,#2239);
#2234 = CYLINDRICAL_SURFACE('',#2235,9.);
#2235 = AXIS2_PLACEMENT_3D('',#2236,#2237,#2238);
#2236 = CARTESIAN_POINT('',(158.,318.38059019233,113.39478481772));
#2237 = DIRECTION('',(0.,-0.965596390966,0.26004539941));
#2238 = DIRECTION('',(-0.,0.26004539941,0.965596390966));
#2239 = DEFINITIONAL_REPRESENTATION('',(#2240),#2248);
#2240 = B_SPLINE_CURVE_WITH_KNOTS('',6,(#2241,#2242,#2243,#2244,#2245,
    #2246,#2247),.UNSPECIFIED.,.F.,.F.,(7,7),(2.681038661908,
    3.14159265359),.PIECEWISE_BEZIER_KNOTS.);
#2241 = CARTESIAN_POINT('',(-0.460553991681,14.691004748215));
#2242 = CARTESIAN_POINT('',(-0.383794993068,13.55092363617));
#2243 = CARTESIAN_POINT('',(-0.307035994454,12.622504609211));
#2244 = CARTESIAN_POINT('',(-0.230276995841,11.917838479933));
#2245 = CARTESIAN_POINT('',(-0.153517997227,11.445276287779));
#2246 = CARTESIAN_POINT('',(-7.675899861355E-02,11.208995314658));
#2247 = CARTESIAN_POINT('',(0.,11.208995314658));
#2248 = ( GEOMETRIC_REPRESENTATION_CONTEXT(2) 
PARAMETRIC_REPRESENTATION_CONTEXT() REPRESENTATION_CONTEXT('2D SPACE',''
  ) );
#2249 = ORIENTED_EDGE('',*,*,#2250,.F.);
#2250 = EDGE_CURVE('',#2251,#2218,#2253,.T.);
#2251 = VERTEX_POINT('',#2252);
#2252 = CARTESIAN_POINT('',(162.,257.,125.));
#2253 = SURFACE_CURVE('',#2254,(#2258,#2265),.PCURVE_S1.);
#2254 = LINE('',#2255,#2256);
#2255 = CARTESIAN_POINT('',(162.,74.566010661909,125.));
#2256 = VECTOR('',#2257,1.);
#2257 = DIRECTION('',(0.,1.,0.));
#2258 = PCURVE('',#71,#2259);
#2259 = DEFINITIONAL_REPRESENTATION('',(#2260),#2264);
#2260 = LINE('',#2261,#2262);
#2261 = CARTESIAN_POINT('',(382.,124.5660106619));
#2262 = VECTOR('',#2263,1.);
#2263 = DIRECTION('',(0.,1.));
#2264 = ( GEOMETRIC_REPRESENTATION_CONTEXT(2) 
PARAMETRIC_REPRESENTATION_CONTEXT() REPRESENTATION_CONTEXT('2D SPACE',''
  ) );
#2265 = PCURVE('',#846,#2266);
#2266 = DEFINITIONAL_REPRESENTATION('',(#2267),#2270);
#2267 = B_SPLINE_CURVE_WITH_KNOTS('',1,(#2268,#2269),.UNSPECIFIED.,.F.,
  .F.,(2,2),(-69.17634586862,261.50308108701),.PIECEWISE_BEZIER_KNOTS.);
#2268 = CARTESIAN_POINT('',(-193.7423565305,-42.81425665813));
#2269 = CARTESIAN_POINT('',(136.9370704251,-42.81425665813));
#2270 = ( GEOMETRIC_REPRESENTATION_CONTEXT(2) 
PARAMETRIC_REPRESENTATION_CONTEXT() REPRESENTATION_CONTEXT('2D SPACE',''
  ) );
#2271 = ORIENTED_EDGE('',*,*,#2272,.F.);
#2272 = EDGE_CURVE('',#2273,#2251,#2275,.T.);
#2273 = VERTEX_POINT('',#2274);
#2274 = CARTESIAN_POINT('',(153.5,257.,125.));
#2275 = SURFACE_CURVE('',#2276,(#2280,#2287),.PCURVE_S1.);
#2276 = LINE('',#2277,#2278);
#2277 = CARTESIAN_POINT('',(153.5,257.,125.));
#2278 = VECTOR('',#2279,1.);
#2279 = DIRECTION('',(1.,0.,-0.));
#2280 = PCURVE('',#71,#2281);
#2281 = DEFINITIONAL_REPRESENTATION('',(#2282),#2286);
#2282 = LINE('',#2283,#2284);
#2283 = CARTESIAN_POINT('',(373.5,307.));
#2284 = VECTOR('',#2285,1.);
#2285 = DIRECTION('',(1.,0.));
#2286 = ( GEOMETRIC_REPRESENTATION_CONTEXT(2) 
PARAMETRIC_REPRESENTATION_CONTEXT() REPRESENTATION_CONTEXT('2D SPACE',''
  ) );
#2287 = PCURVE('',#2288,#2293);
#2288 = PLANE('',#2289);
#2289 = AXIS2_PLACEMENT_3D('',#2290,#2291,#2292);
#2290 = CARTESIAN_POINT('',(153.5,257.,113.));
#2291 = DIRECTION('',(-0.,1.,0.));
#2292 = DIRECTION('',(0.,0.,1.));
#2293 = DEFINITIONAL_REPRESENTATION('',(#2294),#2298);
#2294 = LINE('',#2295,#2296);
#2295 = CARTESIAN_POINT('',(12.,0.));
#2296 = VECTOR('',#2297,1.);
#2297 = DIRECTION('',(0.,1.));
#2298 = ( GEOMETRIC_REPRESENTATION_CONTEXT(2) 
PARAMETRIC_REPRESENTATION_CONTEXT() REPRESENTATION_CONTEXT('2D SPACE',''
  ) );
#2299 = ORIENTED_EDGE('',*,*,#2300,.F.);
#2300 = EDGE_CURVE('',#2301,#2273,#2303,.T.);
#2301 = VERTEX_POINT('',#2302);
#2302 = CARTESIAN_POINT('',(153.5,243.,125.));
#2303 = SURFACE_CURVE('',#2304,(#2308,#2315),.PCURVE_S1.);
#2304 = LINE('',#2305,#2306);
#2305 = CARTESIAN_POINT('',(153.5,243.,125.));
#2306 = VECTOR('',#2307,1.);
#2307 = DIRECTION('',(-0.,1.,0.));
#2308 = PCURVE('',#71,#2309);
#2309 = DEFINITIONAL_REPRESENTATION('',(#2310),#2314);
#2310 = LINE('',#2311,#2312);
#2311 = CARTESIAN_POINT('',(373.5,293.));
#2312 = VECTOR('',#2313,1.);
#2313 = DIRECTION('',(0.,1.));
#2314 = ( GEOMETRIC_REPRESENTATION_CONTEXT(2) 
PARAMETRIC_REPRESENTATION_CONTEXT() REPRESENTATION_CONTEXT('2D SPACE',''
  ) );
#2315 = PCURVE('',#2316,#2321);
#2316 = PLANE('',#2317);
#2317 = AXIS2_PLACEMENT_3D('',#2318,#2319,#2320);
#2318 = CARTESIAN_POINT('',(153.5,243.,113.));
#2319 = DIRECTION('',(1.,0.,-0.));
#2320 = DIRECTION('',(0.,0.,1.));
#2321 = DEFINITIONAL_REPRESENTATION('',(#2322),#2326);
#2322 = LINE('',#2323,#2324);
#2323 = CARTESIAN_POINT('',(12.,0.));
#2324 = VECTOR('',#2325,1.);
#2325 = DIRECTION('',(0.,-1.));
#2326 = ( GEOMETRIC_REPRESENTATION_CONTEXT(2) 
PARAMETRIC_REPRESENTATION_CONTEXT() REPRESENTATION_CONTEXT('2D SPACE',''
  ) );
#2327 = ORIENTED_EDGE('',*,*,#2328,.T.);
#2328 = EDGE_CURVE('',#2301,#2329,#2331,.T.);
#2329 = VERTEX_POINT('',#2330);
#2330 = CARTESIAN_POINT('',(162.,243.,125.));
#2331 = SURFACE_CURVE('',#2332,(#2336,#2343),.PCURVE_S1.);
#2332 = LINE('',#2333,#2334);
#2333 = CARTESIAN_POINT('',(153.5,243.,125.));
#2334 = VECTOR('',#2335,1.);
#2335 = DIRECTION('',(1.,0.,-0.));
#2336 = PCURVE('',#71,#2337);
#2337 = DEFINITIONAL_REPRESENTATION('',(#2338),#2342);
#2338 = LINE('',#2339,#2340);
#2339 = CARTESIAN_POINT('',(373.5,293.));
#2340 = VECTOR('',#2341,1.);
#2341 = DIRECTION('',(1.,0.));
#2342 = ( GEOMETRIC_REPRESENTATION_CONTEXT(2) 
PARAMETRIC_REPRESENTATION_CONTEXT() REPRESENTATION_CONTEXT('2D SPACE',''
  ) );
#2343 = PCURVE('',#2344,#2349);
#2344 = PLANE('',#2345);
#2345 = AXIS2_PLACEMENT_3D('',#2346,#2347,#2348);
#2346 = CARTESIAN_POINT('',(153.5,243.,113.));
#2347 = DIRECTION('',(-0.,1.,0.));
#2348 = DIRECTION('',(0.,0.,1.));
#2349 = DEFINITIONAL_REPRESENTATION('',(#2350),#2354);
#2350 = LINE('',#2351,#2352);
#2351 = CARTESIAN_POINT('',(12.,0.));
#2352 = VECTOR('',#2353,1.);
#2353 = DIRECTION('',(0.,1.));
#2354 = ( GEOMETRIC_REPRESENTATION_CONTEXT(2) 
PARAMETRIC_REPRESENTATION_CONTEXT() REPRESENTATION_CONTEXT('2D SPACE',''
  ) );
#2355 = ORIENTED_EDGE('',*,*,#2356,.F.);
#2356 = EDGE_CURVE('',#1048,#2329,#2357,.T.);
#2357 = SURFACE_CURVE('',#2358,(#2362,#2369),.PCURVE_S1.);
#2358 = LINE('',#2359,#2360);
#2359 = CARTESIAN_POINT('',(162.,74.566010661909,125.));
#2360 = VECTOR('',#2361,1.);
#2361 = DIRECTION('',(0.,1.,0.));
#2362 = PCURVE('',#71,#2363);
#2363 = DEFINITIONAL_REPRESENTATION('',(#2364),#2368);
#2364 = LINE('',#2365,#2366);
#2365 = CARTESIAN_POINT('',(382.,124.5660106619));
#2366 = VECTOR('',#2367,1.);
#2367 = DIRECTION('',(0.,1.));
#2368 = ( GEOMETRIC_REPRESENTATION_CONTEXT(2) 
PARAMETRIC_REPRESENTATION_CONTEXT() REPRESENTATION_CONTEXT('2D SPACE',''
  ) );
#2369 = PCURVE('',#846,#2370);
#2370 = DEFINITIONAL_REPRESENTATION('',(#2371),#2374);
#2371 = B_SPLINE_CURVE_WITH_KNOTS('',1,(#2372,#2373),.UNSPECIFIED.,.F.,
  .F.,(2,2),(-69.17634586862,261.50308108701),.PIECEWISE_BEZIER_KNOTS.);
#2372 = CARTESIAN_POINT('',(-193.7423565305,-42.81425665813));
#2373 = CARTESIAN_POINT('',(136.9370704251,-42.81425665813));
#2374 = ( GEOMETRIC_REPRESENTATION_CONTEXT(2) 
PARAMETRIC_REPRESENTATION_CONTEXT() REPRESENTATION_CONTEXT('2D SPACE',''
  ) );
#2375 = ORIENTED_EDGE('',*,*,#1069,.T.);
#2376 = ORIENTED_EDGE('',*,*,#2377,.T.);
#2377 = EDGE_CURVE('',#1070,#2378,#2380,.T.);
#2378 = VERTEX_POINT('',#2379);
#2379 = CARTESIAN_POINT('',(170.,309.12853688993,125.));
#2380 = SURFACE_CURVE('',#2381,(#2385,#2392),.PCURVE_S1.);
#2381 = LINE('',#2382,#2383);
#2382 = CARTESIAN_POINT('',(170.,74.566010661909,125.));
#2383 = VECTOR('',#2384,1.);
#2384 = DIRECTION('',(0.,1.,0.));
#2385 = PCURVE('',#71,#2386);
#2386 = DEFINITIONAL_REPRESENTATION('',(#2387),#2391);
#2387 = LINE('',#2388,#2389);
#2388 = CARTESIAN_POINT('',(390.,124.5660106619));
#2389 = VECTOR('',#2390,1.);
#2390 = DIRECTION('',(0.,1.));
#2391 = ( GEOMETRIC_REPRESENTATION_CONTEXT(2) 
PARAMETRIC_REPRESENTATION_CONTEXT() REPRESENTATION_CONTEXT('2D SPACE',''
  ) );
#2392 = PCURVE('',#1107,#2393);
#2393 = DEFINITIONAL_REPRESENTATION('',(#2394),#2397);
#2394 = B_SPLINE_CURVE_WITH_KNOTS('',1,(#2395,#2396),.UNSPECIFIED.,.F.,
  .F.,(2,2),(-77.87582092017,262.23398933809),.PIECEWISE_BEZIER_KNOTS.);
#2395 = CARTESIAN_POINT('',(-202.441831582,-42.81425665813));
#2396 = CARTESIAN_POINT('',(137.66797867618,-42.81425665813));
#2397 = ( GEOMETRIC_REPRESENTATION_CONTEXT(2) 
PARAMETRIC_REPRESENTATION_CONTEXT() REPRESENTATION_CONTEXT('2D SPACE',''
  ) );
#2398 = ORIENTED_EDGE('',*,*,#2399,.T.);
#2399 = EDGE_CURVE('',#2378,#2400,#2402,.T.);
#2400 = VERTEX_POINT('',#2401);
#2401 = CARTESIAN_POINT('',(166.8,321.43408048832,125.));
#2402 = SURFACE_CURVE('',#2403,(#2408,#2415),.PCURVE_S1.);
#2403 = ELLIPSE('',#2404,12.305543598387,3.2);
#2404 = AXIS2_PLACEMENT_3D('',#2405,#2406,#2407);
#2405 = CARTESIAN_POINT('',(166.8,309.12853688993,125.));
#2406 = DIRECTION('',(0.,0.,1.));
#2407 = DIRECTION('',(0.,-1.,0.));
#2408 = PCURVE('',#71,#2409);
#2409 = DEFINITIONAL_REPRESENTATION('',(#2410),#2414);
#2410 = ELLIPSE('',#2411,12.305543598387,3.2);
#2411 = AXIS2_PLACEMENT_2D('',#2412,#2413);
#2412 = CARTESIAN_POINT('',(386.8,359.12853688993));
#2413 = DIRECTION('',(0.,-1.));
#2414 = ( GEOMETRIC_REPRESENTATION_CONTEXT(2) 
PARAMETRIC_REPRESENTATION_CONTEXT() REPRESENTATION_CONTEXT('2D SPACE',''
  ) );
#2415 = PCURVE('',#2416,#2421);
#2416 = CYLINDRICAL_SURFACE('',#2417,3.2);
#2417 = AXIS2_PLACEMENT_3D('',#2418,#2419,#2420);
#2418 = CARTESIAN_POINT('',(166.8,320.66898970713,121.89203305822));
#2419 = DIRECTION('',(0.,-0.965596390966,0.26004539941));
#2420 = DIRECTION('',(-0.,0.26004539941,0.965596390966));
#2421 = DEFINITIONAL_REPRESENTATION('',(#2422),#2432);
#2422 = B_SPLINE_CURVE_WITH_KNOTS('',8,(#2423,#2424,#2425,#2426,#2427,
    #2428,#2429,#2430,#2431),.UNSPECIFIED.,.F.,.F.,(9,9),(1.570796326795
    ,3.14159265359),.PIECEWISE_BEZIER_KNOTS.);
#2423 = CARTESIAN_POINT('',(-1.570796326795,11.951632095125));
#2424 = CARTESIAN_POINT('',(-1.374446785946,9.618569841324));
#2425 = CARTESIAN_POINT('',(-1.178097245095,7.28550703358));
#2426 = CARTESIAN_POINT('',(-0.981747704247,5.089510671394));
#2427 = CARTESIAN_POINT('',(-0.785398163396,3.16762027975));
#2428 = CARTESIAN_POINT('',(-0.589048622547,1.640054495685));
#2429 = CARTESIAN_POINT('',(-0.392699081698,0.592982052825));
#2430 = CARTESIAN_POINT('',(-0.196349540849,6.944360765323E-02));
#2431 = CARTESIAN_POINT('',(0.,6.944360765323E-02));
#2432 = ( GEOMETRIC_REPRESENTATION_CONTEXT(2) 
PARAMETRIC_REPRESENTATION_CONTEXT() REPRESENTATION_CONTEXT('2D SPACE',''
  ) );
#2433 = ORIENTED_EDGE('',*,*,#2434,.T.);
#2434 = EDGE_CURVE('',#2400,#2435,#2437,.T.);
#2435 = VERTEX_POINT('',#2436);
#2436 = CARTESIAN_POINT('',(165.2,321.43408048832,125.));
#2437 = SURFACE_CURVE('',#2438,(#2442,#2449),.PCURVE_S1.);
#2438 = LINE('',#2439,#2440);
#2439 = CARTESIAN_POINT('',(-27.,321.43408048832,125.));
#2440 = VECTOR('',#2441,1.);
#2441 = DIRECTION('',(-1.,-0.,0.));
#2442 = PCURVE('',#71,#2443);
#2443 = DEFINITIONAL_REPRESENTATION('',(#2444),#2448);
#2444 = LINE('',#2445,#2446);
#2445 = CARTESIAN_POINT('',(193.,371.43408048832));
#2446 = VECTOR('',#2447,1.);
#2447 = DIRECTION('',(-1.,0.));
#2448 = ( GEOMETRIC_REPRESENTATION_CONTEXT(2) 
PARAMETRIC_REPRESENTATION_CONTEXT() REPRESENTATION_CONTEXT('2D SPACE',''
  ) );
#2449 = PCURVE('',#2450,#2455);
#2450 = PLANE('',#2451);
#2451 = AXIS2_PLACEMENT_3D('',#2452,#2453,#2454);
#2452 = CARTESIAN_POINT('',(166.,321.50113498525,124.98194150931));
#2453 = DIRECTION('',(-0.,0.26004539941,0.965596390966));
#2454 = DIRECTION('',(0.,-0.965596390966,0.26004539941));
#2455 = DEFINITIONAL_REPRESENTATION('',(#2456),#2459);
#2456 = B_SPLINE_CURVE_WITH_KNOTS('',1,(#2457,#2458),.UNSPECIFIED.,.F.,
  .F.,(2,2),(-193.8,-192.2),.PIECEWISE_BEZIER_KNOTS.);
#2457 = CARTESIAN_POINT('',(6.944360765331E-02,0.8));
#2458 = CARTESIAN_POINT('',(6.944360765331E-02,-0.8));
#2459 = ( GEOMETRIC_REPRESENTATION_CONTEXT(2) 
PARAMETRIC_REPRESENTATION_CONTEXT() REPRESENTATION_CONTEXT('2D SPACE',''
  ) );
#2460 = ORIENTED_EDGE('',*,*,#2461,.T.);
#2461 = EDGE_CURVE('',#2435,#2462,#2464,.T.);
#2462 = VERTEX_POINT('',#2463);
#2463 = CARTESIAN_POINT('',(162.85278712657,317.4924316403,125.));
#2464 = SURFACE_CURVE('',#2465,(#2470,#2477),.PCURVE_S1.);
#2465 = ELLIPSE('',#2466,12.305543598387,3.2);
#2466 = AXIS2_PLACEMENT_3D('',#2467,#2468,#2469);
#2467 = CARTESIAN_POINT('',(165.2,309.12853688993,125.));
#2468 = DIRECTION('',(0.,0.,1.));
#2469 = DIRECTION('',(0.,-1.,0.));
#2470 = PCURVE('',#71,#2471);
#2471 = DEFINITIONAL_REPRESENTATION('',(#2472),#2476);
#2472 = ELLIPSE('',#2473,12.305543598387,3.2);
#2473 = AXIS2_PLACEMENT_2D('',#2474,#2475);
#2474 = CARTESIAN_POINT('',(385.2,359.12853688993));
#2475 = DIRECTION('',(0.,-1.));
#2476 = ( GEOMETRIC_REPRESENTATION_CONTEXT(2) 
PARAMETRIC_REPRESENTATION_CONTEXT() REPRESENTATION_CONTEXT('2D SPACE',''
  ) );
#2477 = PCURVE('',#2478,#2483);
#2478 = CYLINDRICAL_SURFACE('',#2479,3.2);
#2479 = AXIS2_PLACEMENT_3D('',#2480,#2481,#2482);
#2480 = CARTESIAN_POINT('',(165.2,320.66898970713,121.89203305822));
#2481 = DIRECTION('',(0.,-0.965596390966,0.26004539941));
#2482 = DIRECTION('',(-0.,0.26004539941,0.965596390966));
#2483 = DEFINITIONAL_REPRESENTATION('',(#2484),#2492);
#2484 = B_SPLINE_CURVE_WITH_KNOTS('',6,(#2485,#2486,#2487,#2488,#2489,
    #2490,#2491),.UNSPECIFIED.,.F.,.F.,(7,7),(3.14159265359,
    3.965055727124),.PIECEWISE_BEZIER_KNOTS.);
#2485 = CARTESIAN_POINT('',(0.,6.944360765323E-02));
#2486 = CARTESIAN_POINT('',(0.137243845589,6.944360765323E-02));
#2487 = CARTESIAN_POINT('',(0.274487691178,0.338016008043));
#2488 = CARTESIAN_POINT('',(0.411731536767,0.87516976096));
#2489 = CARTESIAN_POINT('',(0.548975382356,1.665698554844));
#2490 = CARTESIAN_POINT('',(0.686219227945,2.679318512275));
#2491 = CARTESIAN_POINT('',(0.823463073534,3.875485509753));
#2492 = ( GEOMETRIC_REPRESENTATION_CONTEXT(2) 
PARAMETRIC_REPRESENTATION_CONTEXT() REPRESENTATION_CONTEXT('2D SPACE',''
  ) );
#2493 = ORIENTED_EDGE('',*,*,#2494,.T.);
#2494 = EDGE_CURVE('',#2462,#2495,#2497,.T.);
#2495 = VERTEX_POINT('',#2496);
#2496 = CARTESIAN_POINT('',(158.,321.43408048832,125.));
#2497 = SURFACE_CURVE('',#2498,(#2503,#2510),.PCURVE_S1.);
#2498 = ELLIPSE('',#2499,46.14578849395,12.);
#2499 = AXIS2_PLACEMENT_3D('',#2500,#2501,#2502);
#2500 = CARTESIAN_POINT('',(158.,275.28829199437,125.));
#2501 = DIRECTION('',(0.,0.,1.));
#2502 = DIRECTION('',(0.,-1.,0.));
#2503 = PCURVE('',#71,#2504);
#2504 = DEFINITIONAL_REPRESENTATION('',(#2505),#2509);
#2505 = ELLIPSE('',#2506,46.14578849395,12.);
#2506 = AXIS2_PLACEMENT_2D('',#2507,#2508);
#2507 = CARTESIAN_POINT('',(378.,325.28829199437));
#2508 = DIRECTION('',(0.,-1.));
#2509 = ( GEOMETRIC_REPRESENTATION_CONTEXT(2) 
PARAMETRIC_REPRESENTATION_CONTEXT() REPRESENTATION_CONTEXT('2D SPACE',''
  ) );
#2510 = PCURVE('',#2511,#2516);
#2511 = CYLINDRICAL_SURFACE('',#2512,12.);
#2512 = AXIS2_PLACEMENT_3D('',#2513,#2514,#2515);
#2513 = CARTESIAN_POINT('',(158.,318.38059019233,113.39478481772));
#2514 = DIRECTION('',(0.,-0.965596390966,0.26004539941));
#2515 = DIRECTION('',(-0.,0.26004539941,0.965596390966));
#2516 = DEFINITIONAL_REPRESENTATION('',(#2517),#2525);
#2517 = B_SPLINE_CURVE_WITH_KNOTS('',6,(#2518,#2519,#2520,#2521,#2522,
    #2523,#2524),.UNSPECIFIED.,.F.,.F.,(7,7),(2.725271128418,
    3.14159265359),.PIECEWISE_BEZIER_KNOTS.);
#2518 = CARTESIAN_POINT('',(-0.416321525171,3.875485509753));
#2519 = CARTESIAN_POINT('',(-0.346934604309,2.625182388383));
#2520 = CARTESIAN_POINT('',(-0.277547683448,1.610323039805));
#2521 = CARTESIAN_POINT('',(-0.208160762586,0.841742628107));
#2522 = CARTESIAN_POINT('',(-0.138773841724,0.326876565662));
#2523 = CARTESIAN_POINT('',(-6.93869208619E-02,6.944360765323E-02));
#2524 = CARTESIAN_POINT('',(0.,6.944360765323E-02));
#2525 = ( GEOMETRIC_REPRESENTATION_CONTEXT(2) 
PARAMETRIC_REPRESENTATION_CONTEXT() REPRESENTATION_CONTEXT('2D SPACE',''
  ) );
#2526 = ORIENTED_EDGE('',*,*,#2527,.T.);
#2527 = EDGE_CURVE('',#2495,#2528,#2530,.T.);
#2528 = VERTEX_POINT('',#2529);
#2529 = CARTESIAN_POINT('',(-158.,321.43408048832,125.));
#2530 = SURFACE_CURVE('',#2531,(#2535,#2542),.PCURVE_S1.);
#2531 = LINE('',#2532,#2533);
#2532 = CARTESIAN_POINT('',(-110.,321.43408048832,125.));
#2533 = VECTOR('',#2534,1.);
#2534 = DIRECTION('',(-1.,-0.,0.));
#2535 = PCURVE('',#71,#2536);
#2536 = DEFINITIONAL_REPRESENTATION('',(#2537),#2541);
#2537 = LINE('',#2538,#2539);
#2538 = CARTESIAN_POINT('',(110.,371.43408048832));
#2539 = VECTOR('',#2540,1.);
#2540 = DIRECTION('',(-1.,0.));
#2541 = ( GEOMETRIC_REPRESENTATION_CONTEXT(2) 
PARAMETRIC_REPRESENTATION_CONTEXT() REPRESENTATION_CONTEXT('2D SPACE',''
  ) );
#2542 = PCURVE('',#2543,#2548);
#2543 = PLANE('',#2544);
#2544 = AXIS2_PLACEMENT_3D('',#2545,#2546,#2547);
#2545 = CARTESIAN_POINT('',(0.,321.50113498525,124.98194150931));
#2546 = DIRECTION('',(-0.,0.26004539941,0.965596390966));
#2547 = DIRECTION('',(0.,-0.965596390966,0.26004539941));
#2548 = DEFINITIONAL_REPRESENTATION('',(#2549),#2552);
#2549 = B_SPLINE_CURVE_WITH_KNOTS('',1,(#2550,#2551),.UNSPECIFIED.,.F.,
  .F.,(2,2),(-268.,48.),.PIECEWISE_BEZIER_KNOTS.);
#2550 = CARTESIAN_POINT('',(6.944360765318E-02,158.));
#2551 = CARTESIAN_POINT('',(6.944360765318E-02,-158.));
#2552 = ( GEOMETRIC_REPRESENTATION_CONTEXT(2) 
PARAMETRIC_REPRESENTATION_CONTEXT() REPRESENTATION_CONTEXT('2D SPACE',''
  ) );
#2553 = ORIENTED_EDGE('',*,*,#2554,.T.);
#2554 = EDGE_CURVE('',#2528,#2555,#2557,.T.);
#2555 = VERTEX_POINT('',#2556);
#2556 = CARTESIAN_POINT('',(-162.8527871265,317.4924316403,125.));
#2557 = SURFACE_CURVE('',#2558,(#2563,#2570),.PCURVE_S1.);
#2558 = ELLIPSE('',#2559,46.14578849395,12.);
#2559 = AXIS2_PLACEMENT_3D('',#2560,#2561,#2562);
#2560 = CARTESIAN_POINT('',(-158.,275.28829199437,125.));
#2561 = DIRECTION('',(0.,0.,1.));
#2562 = DIRECTION('',(0.,-1.,0.));
#2563 = PCURVE('',#71,#2564);
#2564 = DEFINITIONAL_REPRESENTATION('',(#2565),#2569);
#2565 = ELLIPSE('',#2566,46.14578849395,12.);
#2566 = AXIS2_PLACEMENT_2D('',#2567,#2568);
#2567 = CARTESIAN_POINT('',(62.,325.28829199437));
#2568 = DIRECTION('',(0.,-1.));
#2569 = ( GEOMETRIC_REPRESENTATION_CONTEXT(2) 
PARAMETRIC_REPRESENTATION_CONTEXT() REPRESENTATION_CONTEXT('2D SPACE',''
  ) );
#2570 = PCURVE('',#2571,#2576);
#2571 = CYLINDRICAL_SURFACE('',#2572,12.);
#2572 = AXIS2_PLACEMENT_3D('',#2573,#2574,#2575);
#2573 = CARTESIAN_POINT('',(-158.,318.38059019233,113.39478481772));
#2574 = DIRECTION('',(0.,-0.965596390966,0.26004539941));
#2575 = DIRECTION('',(-1.,-0.,0.));
#2576 = DEFINITIONAL_REPRESENTATION('',(#2577),#2585);
#2577 = B_SPLINE_CURVE_WITH_KNOTS('',6,(#2578,#2579,#2580,#2581,#2582,
    #2583,#2584),.UNSPECIFIED.,.F.,.F.,(7,7),(3.14159265359,
    3.557914178761),.PIECEWISE_BEZIER_KNOTS.);
#2578 = CARTESIAN_POINT('',(-1.570796326795,6.944360765323E-02));
#2579 = CARTESIAN_POINT('',(-1.501409405933,6.944360765323E-02));
#2580 = CARTESIAN_POINT('',(-1.432022485071,0.326876565662));
#2581 = CARTESIAN_POINT('',(-1.362635564209,0.841742628105));
#2582 = CARTESIAN_POINT('',(-1.293248643347,1.610323039805));
#2583 = CARTESIAN_POINT('',(-1.223861722485,2.625182388383));
#2584 = CARTESIAN_POINT('',(-1.154474801624,3.875485509753));
#2585 = ( GEOMETRIC_REPRESENTATION_CONTEXT(2) 
PARAMETRIC_REPRESENTATION_CONTEXT() REPRESENTATION_CONTEXT('2D SPACE',''
  ) );
#2586 = ORIENTED_EDGE('',*,*,#2587,.T.);
#2587 = EDGE_CURVE('',#2555,#2588,#2590,.T.);
#2588 = VERTEX_POINT('',#2589);
#2589 = CARTESIAN_POINT('',(-165.2,321.43408048832,125.));
#2590 = SURFACE_CURVE('',#2591,(#2596,#2603),.PCURVE_S1.);
#2591 = ELLIPSE('',#2592,12.305543598387,3.2);
#2592 = AXIS2_PLACEMENT_3D('',#2593,#2594,#2595);
#2593 = CARTESIAN_POINT('',(-165.2,309.12853688993,125.));
#2594 = DIRECTION('',(0.,0.,1.));
#2595 = DIRECTION('',(0.,-1.,0.));
#2596 = PCURVE('',#71,#2597);
#2597 = DEFINITIONAL_REPRESENTATION('',(#2598),#2602);
#2598 = ELLIPSE('',#2599,12.305543598387,3.2);
#2599 = AXIS2_PLACEMENT_2D('',#2600,#2601);
#2600 = CARTESIAN_POINT('',(54.8,359.12853688993));
#2601 = DIRECTION('',(0.,-1.));
#2602 = ( GEOMETRIC_REPRESENTATION_CONTEXT(2) 
PARAMETRIC_REPRESENTATION_CONTEXT() REPRESENTATION_CONTEXT('2D SPACE',''
  ) );
#2603 = PCURVE('',#2604,#2609);
#2604 = CYLINDRICAL_SURFACE('',#2605,3.2);
#2605 = AXIS2_PLACEMENT_3D('',#2606,#2607,#2608);
#2606 = CARTESIAN_POINT('',(-165.2,320.66898970713,121.89203305822));
#2607 = DIRECTION('',(0.,-0.965596390966,0.26004539941));
#2608 = DIRECTION('',(-0.,0.26004539941,0.965596390966));
#2609 = DEFINITIONAL_REPRESENTATION('',(#2610),#2618);
#2610 = B_SPLINE_CURVE_WITH_KNOTS('',6,(#2611,#2612,#2613,#2614,#2615,
    #2616,#2617),.UNSPECIFIED.,.F.,.F.,(7,7),(2.318129580056,
    3.14159265359),.PIECEWISE_BEZIER_KNOTS.);
#2611 = CARTESIAN_POINT('',(-0.823463073534,3.875485509753));
#2612 = CARTESIAN_POINT('',(-0.686219227945,2.679318512275));
#2613 = CARTESIAN_POINT('',(-0.548975382356,1.665698554843));
#2614 = CARTESIAN_POINT('',(-0.411731536767,0.875169760961));
#2615 = CARTESIAN_POINT('',(-0.274487691178,0.338016008042));
#2616 = CARTESIAN_POINT('',(-0.137243845589,6.944360765323E-02));
#2617 = CARTESIAN_POINT('',(0.,6.944360765323E-02));
#2618 = ( GEOMETRIC_REPRESENTATION_CONTEXT(2) 
PARAMETRIC_REPRESENTATION_CONTEXT() REPRESENTATION_CONTEXT('2D SPACE',''
  ) );
#2619 = ORIENTED_EDGE('',*,*,#2620,.T.);
#2620 = EDGE_CURVE('',#2588,#2621,#2623,.T.);
#2621 = VERTEX_POINT('',#2622);
#2622 = CARTESIAN_POINT('',(-166.8,321.43408048832,125.));
#2623 = SURFACE_CURVE('',#2624,(#2628,#2635),.PCURVE_S1.);
#2624 = LINE('',#2625,#2626);
#2625 = CARTESIAN_POINT('',(-193.,321.43408048832,125.));
#2626 = VECTOR('',#2627,1.);
#2627 = DIRECTION('',(-1.,-0.,0.));
#2628 = PCURVE('',#71,#2629);
#2629 = DEFINITIONAL_REPRESENTATION('',(#2630),#2634);
#2630 = LINE('',#2631,#2632);
#2631 = CARTESIAN_POINT('',(27.,371.43408048832));
#2632 = VECTOR('',#2633,1.);
#2633 = DIRECTION('',(-1.,0.));
#2634 = ( GEOMETRIC_REPRESENTATION_CONTEXT(2) 
PARAMETRIC_REPRESENTATION_CONTEXT() REPRESENTATION_CONTEXT('2D SPACE',''
  ) );
#2635 = PCURVE('',#2636,#2641);
#2636 = PLANE('',#2637);
#2637 = AXIS2_PLACEMENT_3D('',#2638,#2639,#2640);
#2638 = CARTESIAN_POINT('',(-166.,321.50113498525,124.98194150931));
#2639 = DIRECTION('',(-0.,0.26004539941,0.965596390966));
#2640 = DIRECTION('',(0.,-0.965596390966,0.26004539941));
#2641 = DEFINITIONAL_REPRESENTATION('',(#2642),#2645);
#2642 = B_SPLINE_CURVE_WITH_KNOTS('',1,(#2643,#2644),.UNSPECIFIED.,.F.,
  .F.,(2,2),(-27.8,-26.2),.PIECEWISE_BEZIER_KNOTS.);
#2643 = CARTESIAN_POINT('',(6.944360765331E-02,0.8));
#2644 = CARTESIAN_POINT('',(6.944360765331E-02,-0.8));
#2645 = ( GEOMETRIC_REPRESENTATION_CONTEXT(2) 
PARAMETRIC_REPRESENTATION_CONTEXT() REPRESENTATION_CONTEXT('2D SPACE',''
  ) );
#2646 = ORIENTED_EDGE('',*,*,#2647,.T.);
#2647 = EDGE_CURVE('',#2621,#1655,#2648,.T.);
#2648 = SURFACE_CURVE('',#2649,(#2654,#2661),.PCURVE_S1.);
#2649 = ELLIPSE('',#2650,12.305543598387,3.2);
#2650 = AXIS2_PLACEMENT_3D('',#2651,#2652,#2653);
#2651 = CARTESIAN_POINT('',(-166.8,309.12853688993,125.));
#2652 = DIRECTION('',(0.,0.,1.));
#2653 = DIRECTION('',(0.,-1.,0.));
#2654 = PCURVE('',#71,#2655);
#2655 = DEFINITIONAL_REPRESENTATION('',(#2656),#2660);
#2656 = ELLIPSE('',#2657,12.305543598387,3.2);
#2657 = AXIS2_PLACEMENT_2D('',#2658,#2659);
#2658 = CARTESIAN_POINT('',(53.2,359.12853688993));
#2659 = DIRECTION('',(0.,-1.));
#2660 = ( GEOMETRIC_REPRESENTATION_CONTEXT(2) 
PARAMETRIC_REPRESENTATION_CONTEXT() REPRESENTATION_CONTEXT('2D SPACE',''
  ) );
#2661 = PCURVE('',#1800,#2662);
#2662 = DEFINITIONAL_REPRESENTATION('',(#2663),#2673);
#2663 = B_SPLINE_CURVE_WITH_KNOTS('',8,(#2664,#2665,#2666,#2667,#2668,
    #2669,#2670,#2671,#2672),.UNSPECIFIED.,.F.,.F.,(9,9),(3.14159265359,
    4.712388980385),.PIECEWISE_BEZIER_KNOTS.);
#2664 = CARTESIAN_POINT('',(0.,6.944360765323E-02));
#2665 = CARTESIAN_POINT('',(0.196349540849,6.944360765323E-02));
#2666 = CARTESIAN_POINT('',(0.392699081698,0.592982052826));
#2667 = CARTESIAN_POINT('',(0.589048622547,1.640054495678));
#2668 = CARTESIAN_POINT('',(0.785398163399,3.167620279746));
#2669 = CARTESIAN_POINT('',(0.981747704246,5.089510671394));
#2670 = CARTESIAN_POINT('',(1.178097245096,7.285507033581));
#2671 = CARTESIAN_POINT('',(1.374446785946,9.618569841324));
#2672 = CARTESIAN_POINT('',(1.570796326795,11.951632095125));
#2673 = ( GEOMETRIC_REPRESENTATION_CONTEXT(2) 
PARAMETRIC_REPRESENTATION_CONTEXT() REPRESENTATION_CONTEXT('2D SPACE',''
  ) );
#2674 = FACE_BOUND('',#2675,.T.);
#2675 = EDGE_LOOP('',(#2676));
#2676 = ORIENTED_EDGE('',*,*,#2677,.F.);
#2677 = EDGE_CURVE('',#2678,#2678,#2680,.T.);
#2678 = VERTEX_POINT('',#2679);
#2679 = CARTESIAN_POINT('',(-158.8,250.,125.));
#2680 = SURFACE_CURVE('',#2681,(#2686,#2693),.PCURVE_S1.);
#2681 = CIRCLE('',#2682,1.7);
#2682 = AXIS2_PLACEMENT_3D('',#2683,#2684,#2685);
#2683 = CARTESIAN_POINT('',(-160.5,250.,125.));
#2684 = DIRECTION('',(0.,0.,1.));
#2685 = DIRECTION('',(1.,0.,-0.));
#2686 = PCURVE('',#71,#2687);
#2687 = DEFINITIONAL_REPRESENTATION('',(#2688),#2692);
#2688 = CIRCLE('',#2689,1.7);
#2689 = AXIS2_PLACEMENT_2D('',#2690,#2691);
#2690 = CARTESIAN_POINT('',(59.5,300.));
#2691 = DIRECTION('',(1.,0.));
#2692 = ( GEOMETRIC_REPRESENTATION_CONTEXT(2) 
PARAMETRIC_REPRESENTATION_CONTEXT() REPRESENTATION_CONTEXT('2D SPACE',''
  ) );
#2693 = PCURVE('',#2694,#2699);
#2694 = CYLINDRICAL_SURFACE('',#2695,1.7);
#2695 = AXIS2_PLACEMENT_3D('',#2696,#2697,#2698);
#2696 = CARTESIAN_POINT('',(-160.5,250.,112.));
#2697 = DIRECTION('',(0.,0.,1.));
#2698 = DIRECTION('',(1.,0.,-0.));
#2699 = DEFINITIONAL_REPRESENTATION('',(#2700),#2704);
#2700 = LINE('',#2701,#2702);
#2701 = CARTESIAN_POINT('',(0.,13.));
#2702 = VECTOR('',#2703,1.);
#2703 = DIRECTION('',(1.,0.));
#2704 = ( GEOMETRIC_REPRESENTATION_CONTEXT(2) 
PARAMETRIC_REPRESENTATION_CONTEXT() REPRESENTATION_CONTEXT('2D SPACE',''
  ) );
#2705 = FACE_BOUND('',#2706,.T.);
#2706 = EDGE_LOOP('',(#2707));
#2707 = ORIENTED_EDGE('',*,*,#2708,.F.);
#2708 = EDGE_CURVE('',#2709,#2709,#2711,.T.);
#2709 = VERTEX_POINT('',#2710);
#2710 = CARTESIAN_POINT('',(-143.3,307.93408048832,125.));
#2711 = SURFACE_CURVE('',#2712,(#2717,#2724),.PCURVE_S1.);
#2712 = CIRCLE('',#2713,1.7);
#2713 = AXIS2_PLACEMENT_3D('',#2714,#2715,#2716);
#2714 = CARTESIAN_POINT('',(-145.,307.93408048832,125.));
#2715 = DIRECTION('',(0.,0.,1.));
#2716 = DIRECTION('',(1.,0.,-0.));
#2717 = PCURVE('',#71,#2718);
#2718 = DEFINITIONAL_REPRESENTATION('',(#2719),#2723);
#2719 = CIRCLE('',#2720,1.7);
#2720 = AXIS2_PLACEMENT_2D('',#2721,#2722);
#2721 = CARTESIAN_POINT('',(75.,357.93408048832));
#2722 = DIRECTION('',(1.,0.));
#2723 = ( GEOMETRIC_REPRESENTATION_CONTEXT(2) 
PARAMETRIC_REPRESENTATION_CONTEXT() REPRESENTATION_CONTEXT('2D SPACE',''
  ) );
#2724 = PCURVE('',#2725,#2730);
#2725 = CYLINDRICAL_SURFACE('',#2726,1.7);
#2726 = AXIS2_PLACEMENT_3D('',#2727,#2728,#2729);
#2727 = CARTESIAN_POINT('',(-145.,307.93408048832,112.));
#2728 = DIRECTION('',(0.,0.,1.));
#2729 = DIRECTION('',(1.,0.,-0.));
#2730 = DEFINITIONAL_REPRESENTATION('',(#2731),#2735);
#2731 = LINE('',#2732,#2733);
#2732 = CARTESIAN_POINT('',(0.,13.));
#2733 = VECTOR('',#2734,1.);
#2734 = DIRECTION('',(1.,0.));
#2735 = ( GEOMETRIC_REPRESENTATION_CONTEXT(2) 
PARAMETRIC_REPRESENTATION_CONTEXT() REPRESENTATION_CONTEXT('2D SPACE',''
  ) );
#2736 = FACE_BOUND('',#2737,.T.);
#2737 = EDGE_LOOP('',(#2738));
#2738 = ORIENTED_EDGE('',*,*,#2739,.F.);
#2739 = EDGE_CURVE('',#2740,#2740,#2742,.T.);
#2740 = VERTEX_POINT('',#2741);
#2741 = CARTESIAN_POINT('',(162.2,250.,125.));
#2742 = SURFACE_CURVE('',#2743,(#2748,#2755),.PCURVE_S1.);
#2743 = CIRCLE('',#2744,1.7);
#2744 = AXIS2_PLACEMENT_3D('',#2745,#2746,#2747);
#2745 = CARTESIAN_POINT('',(160.5,250.,125.));
#2746 = DIRECTION('',(0.,0.,1.));
#2747 = DIRECTION('',(1.,0.,-0.));
#2748 = PCURVE('',#71,#2749);
#2749 = DEFINITIONAL_REPRESENTATION('',(#2750),#2754);
#2750 = CIRCLE('',#2751,1.7);
#2751 = AXIS2_PLACEMENT_2D('',#2752,#2753);
#2752 = CARTESIAN_POINT('',(380.5,300.));
#2753 = DIRECTION('',(1.,0.));
#2754 = ( GEOMETRIC_REPRESENTATION_CONTEXT(2) 
PARAMETRIC_REPRESENTATION_CONTEXT() REPRESENTATION_CONTEXT('2D SPACE',''
  ) );
#2755 = PCURVE('',#2756,#2761);
#2756 = CYLINDRICAL_SURFACE('',#2757,1.7);
#2757 = AXIS2_PLACEMENT_3D('',#2758,#2759,#2760);
#2758 = CARTESIAN_POINT('',(160.5,250.,112.));
#2759 = DIRECTION('',(0.,0.,1.));
#2760 = DIRECTION('',(1.,0.,-0.));
#2761 = DEFINITIONAL_REPRESENTATION('',(#2762),#2766);
#2762 = LINE('',#2763,#2764);
#2763 = CARTESIAN_POINT('',(0.,13.));
#2764 = VECTOR('',#2765,1.);
#2765 = DIRECTION('',(1.,0.));
#2766 = ( GEOMETRIC_REPRESENTATION_CONTEXT(2) 
PARAMETRIC_REPRESENTATION_CONTEXT() REPRESENTATION_CONTEXT('2D SPACE',''
  ) );
#2767 = FACE_BOUND('',#2768,.T.);
#2768 = EDGE_LOOP('',(#2769));
#2769 = ORIENTED_EDGE('',*,*,#2770,.F.);
#2770 = EDGE_CURVE('',#2771,#2771,#2773,.T.);
#2771 = VERTEX_POINT('',#2772);
#2772 = CARTESIAN_POINT('',(146.7,307.93408048832,125.));
#2773 = SURFACE_CURVE('',#2774,(#2779,#2786),.PCURVE_S1.);
#2774 = CIRCLE('',#2775,1.7);
#2775 = AXIS2_PLACEMENT_3D('',#2776,#2777,#2778);
#2776 = CARTESIAN_POINT('',(145.,307.93408048832,125.));
#2777 = DIRECTION('',(0.,0.,1.));
#2778 = DIRECTION('',(1.,0.,-0.));
#2779 = PCURVE('',#71,#2780);
#2780 = DEFINITIONAL_REPRESENTATION('',(#2781),#2785);
#2781 = CIRCLE('',#2782,1.7);
#2782 = AXIS2_PLACEMENT_2D('',#2783,#2784);
#2783 = CARTESIAN_POINT('',(365.,357.93408048832));
#2784 = DIRECTION('',(1.,0.));
#2785 = ( GEOMETRIC_REPRESENTATION_CONTEXT(2) 
PARAMETRIC_REPRESENTATION_CONTEXT() REPRESENTATION_CONTEXT('2D SPACE',''
  ) );
#2786 = PCURVE('',#2787,#2792);
#2787 = CYLINDRICAL_SURFACE('',#2788,1.7);
#2788 = AXIS2_PLACEMENT_3D('',#2789,#2790,#2791);
#2789 = CARTESIAN_POINT('',(145.,307.93408048832,112.));
#2790 = DIRECTION('',(0.,0.,1.));
#2791 = DIRECTION('',(1.,0.,-0.));
#2792 = DEFINITIONAL_REPRESENTATION('',(#2793),#2797);
#2793 = LINE('',#2794,#2795);
#2794 = CARTESIAN_POINT('',(0.,13.));
#2795 = VECTOR('',#2796,1.);
#2796 = DIRECTION('',(1.,0.));
#2797 = ( GEOMETRIC_REPRESENTATION_CONTEXT(2) 
PARAMETRIC_REPRESENTATION_CONTEXT() REPRESENTATION_CONTEXT('2D SPACE',''
  ) );
#2798 = ADVANCED_FACE('',(#2799),#1359,.T.);
#2799 = FACE_BOUND('',#2800,.T.);
#2800 = EDGE_LOOP('',(#2801,#2824,#2825,#2826));
#2801 = ORIENTED_EDGE('',*,*,#2802,.F.);
#2802 = EDGE_CURVE('',#1318,#2803,#2805,.T.);
#2803 = VERTEX_POINT('',#2804);
#2804 = CARTESIAN_POINT('',(-166.8,333.,-4.440892098501E-16));
#2805 = SURFACE_CURVE('',#2806,(#2810,#2817),.PCURVE_S1.);
#2806 = LINE('',#2807,#2808);
#2807 = CARTESIAN_POINT('',(-166.8,25.798330887078,-4.440892098501E-16)
  );
#2808 = VECTOR('',#2809,1.);
#2809 = DIRECTION('',(0.,1.,0.));
#2810 = PCURVE('',#1359,#2811);
#2811 = DEFINITIONAL_REPRESENTATION('',(#2812),#2816);
#2812 = LINE('',#2813,#2814);
#2813 = CARTESIAN_POINT('',(0.,0.));
#2814 = VECTOR('',#2815,1.);
#2815 = DIRECTION('',(0.,1.));
#2816 = ( GEOMETRIC_REPRESENTATION_CONTEXT(2) 
PARAMETRIC_REPRESENTATION_CONTEXT() REPRESENTATION_CONTEXT('2D SPACE',''
  ) );
#2817 = PCURVE('',#1333,#2818);
#2818 = DEFINITIONAL_REPRESENTATION('',(#2819),#2823);
#2819 = LINE('',#2820,#2821);
#2820 = CARTESIAN_POINT('',(0.,-0.8));
#2821 = VECTOR('',#2822,1.);
#2822 = DIRECTION('',(1.,0.));
#2823 = ( GEOMETRIC_REPRESENTATION_CONTEXT(2) 
PARAMETRIC_REPRESENTATION_CONTEXT() REPRESENTATION_CONTEXT('2D SPACE',''
  ) );
#2824 = ORIENTED_EDGE('',*,*,#1344,.T.);
#2825 = ORIENTED_EDGE('',*,*,#1677,.T.);
#2826 = ORIENTED_EDGE('',*,*,#2827,.F.);
#2827 = EDGE_CURVE('',#2803,#1678,#2828,.T.);
#2828 = SURFACE_CURVE('',#2829,(#2834,#2840),.PCURVE_S1.);
#2829 = CIRCLE('',#2830,3.2);
#2830 = AXIS2_PLACEMENT_3D('',#2831,#2832,#2833);
#2831 = CARTESIAN_POINT('',(-166.8,333.,3.2));
#2832 = DIRECTION('',(0.,1.,0.));
#2833 = DIRECTION('',(0.,0.,-1.));
#2834 = PCURVE('',#1359,#2835);
#2835 = DEFINITIONAL_REPRESENTATION('',(#2836),#2839);
#2836 = B_SPLINE_CURVE_WITH_KNOTS('',1,(#2837,#2838),.UNSPECIFIED.,.F.,
  .F.,(2,2),(0.,1.570796326795),.PIECEWISE_BEZIER_KNOTS.);
#2837 = CARTESIAN_POINT('',(0.,307.20166911292));
#2838 = CARTESIAN_POINT('',(1.570796326795,307.20166911292));
#2839 = ( GEOMETRIC_REPRESENTATION_CONTEXT(2) 
PARAMETRIC_REPRESENTATION_CONTEXT() REPRESENTATION_CONTEXT('2D SPACE',''
  ) );
#2840 = PCURVE('',#1717,#2841);
#2841 = DEFINITIONAL_REPRESENTATION('',(#2842),#2845);
#2842 = B_SPLINE_CURVE_WITH_KNOTS('',1,(#2843,#2844),.UNSPECIFIED.,.F.,
  .F.,(2,2),(0.,1.570796326795),.PIECEWISE_BEZIER_KNOTS.);
#2843 = CARTESIAN_POINT('',(0.,0.));
#2844 = CARTESIAN_POINT('',(0.,1.570796326795));
#2845 = ( GEOMETRIC_REPRESENTATION_CONTEXT(2) 
PARAMETRIC_REPRESENTATION_CONTEXT() REPRESENTATION_CONTEXT('2D SPACE',''
  ) );
#2846 = ADVANCED_FACE('',(#2847),#98,.T.);
#2847 = FACE_BOUND('',#2848,.T.);
#2848 = EDGE_LOOP('',(#2849,#2850,#2851,#2872,#2898,#2919,#2945,#2966,
    #2987,#3006,#3007,#3028,#3054,#3075,#3101,#3122,#3143,#3162,#3163,
    #3184,#3569,#3595,#3624,#3643,#3644,#3665,#3691,#3712,#3738,#3759,
    #3780));
#2849 = ORIENTED_EDGE('',*,*,#1817,.F.);
#2850 = ORIENTED_EDGE('',*,*,#82,.T.);
#2851 = ORIENTED_EDGE('',*,*,#2852,.F.);
#2852 = EDGE_CURVE('',#2853,#83,#2855,.T.);
#2853 = VERTEX_POINT('',#2854);
#2854 = CARTESIAN_POINT('',(-162.,202.,117.));
#2855 = SURFACE_CURVE('',#2856,(#2860,#2866),.PCURVE_S1.);
#2856 = LINE('',#2857,#2858);
#2857 = CARTESIAN_POINT('',(-162.,194.5660106619,117.));
#2858 = VECTOR('',#2859,1.);
#2859 = DIRECTION('',(0.,-1.,0.));
#2860 = PCURVE('',#98,#2861);
#2861 = DEFINITIONAL_REPRESENTATION('',(#2862),#2865);
#2862 = B_SPLINE_CURVE_WITH_KNOTS('',1,(#2863,#2864),.UNSPECIFIED.,.F.,
  .F.,(2,2),(-7.433989338091,4.566010661909),.PIECEWISE_BEZIER_KNOTS.);
#2863 = CARTESIAN_POINT('',(2.867978676182,-50.81425665813));
#2864 = CARTESIAN_POINT('',(-9.132021323818,-50.81425665813));
#2865 = ( GEOMETRIC_REPRESENTATION_CONTEXT(2) 
PARAMETRIC_REPRESENTATION_CONTEXT() REPRESENTATION_CONTEXT('2D SPACE',''
  ) );
#2866 = PCURVE('',#125,#2867);
#2867 = DEFINITIONAL_REPRESENTATION('',(#2868),#2871);
#2868 = B_SPLINE_CURVE_WITH_KNOTS('',1,(#2869,#2870),.UNSPECIFIED.,.F.,
  .F.,(2,2),(-7.433989338091,4.566010661909),.PIECEWISE_BEZIER_KNOTS.);
#2869 = CARTESIAN_POINT('',(5.5,12.));
#2870 = CARTESIAN_POINT('',(5.5,0.));
#2871 = ( GEOMETRIC_REPRESENTATION_CONTEXT(2) 
PARAMETRIC_REPRESENTATION_CONTEXT() REPRESENTATION_CONTEXT('2D SPACE',''
  ) );
#2872 = ORIENTED_EDGE('',*,*,#2873,.F.);
#2873 = EDGE_CURVE('',#2874,#2853,#2876,.T.);
#2874 = VERTEX_POINT('',#2875);
#2875 = CARTESIAN_POINT('',(-162.,202.,110.8));
#2876 = SURFACE_CURVE('',#2877,(#2881,#2887),.PCURVE_S1.);
#2877 = LINE('',#2878,#2879);
#2878 = CARTESIAN_POINT('',(-162.,202.,135.40712832906));
#2879 = VECTOR('',#2880,1.);
#2880 = DIRECTION('',(0.,-0.,1.));
#2881 = PCURVE('',#98,#2882);
#2882 = DEFINITIONAL_REPRESENTATION('',(#2883),#2886);
#2883 = B_SPLINE_CURVE_WITH_KNOTS('',1,(#2884,#2885),.UNSPECIFIED.,.F.,
  .F.,(2,2),(-32.40712832906,-18.40712832906),.PIECEWISE_BEZIER_KNOTS.);
#2884 = CARTESIAN_POINT('',(2.867978676182,-64.81425665813));
#2885 = CARTESIAN_POINT('',(2.867978676182,-50.81425665813));
#2886 = ( GEOMETRIC_REPRESENTATION_CONTEXT(2) 
PARAMETRIC_REPRESENTATION_CONTEXT() REPRESENTATION_CONTEXT('2D SPACE',''
  ) );
#2887 = PCURVE('',#2888,#2893);
#2888 = PLANE('',#2889);
#2889 = AXIS2_PLACEMENT_3D('',#2890,#2891,#2892);
#2890 = CARTESIAN_POINT('',(-167.5,202.,103.));
#2891 = DIRECTION('',(-0.,1.,0.));
#2892 = DIRECTION('',(0.,0.,1.));
#2893 = DEFINITIONAL_REPRESENTATION('',(#2894),#2897);
#2894 = B_SPLINE_CURVE_WITH_KNOTS('',1,(#2895,#2896),.UNSPECIFIED.,.F.,
  .F.,(2,2),(-32.40712832906,-18.40712832906),.PIECEWISE_BEZIER_KNOTS.);
#2895 = CARTESIAN_POINT('',(0.,5.5));
#2896 = CARTESIAN_POINT('',(14.,5.5));
#2897 = ( GEOMETRIC_REPRESENTATION_CONTEXT(2) 
PARAMETRIC_REPRESENTATION_CONTEXT() REPRESENTATION_CONTEXT('2D SPACE',''
  ) );
#2898 = ORIENTED_EDGE('',*,*,#2899,.F.);
#2899 = EDGE_CURVE('',#2900,#2874,#2902,.T.);
#2900 = VERTEX_POINT('',#2901);
#2901 = CARTESIAN_POINT('',(-162.,203.,110.8));
#2902 = SURFACE_CURVE('',#2903,(#2907,#2913),.PCURVE_S1.);
#2903 = LINE('',#2904,#2905);
#2904 = CARTESIAN_POINT('',(-162.,203.,110.8));
#2905 = VECTOR('',#2906,1.);
#2906 = DIRECTION('',(0.,-1.,2.22044604925E-16));
#2907 = PCURVE('',#98,#2908);
#2908 = DEFINITIONAL_REPRESENTATION('',(#2909),#2912);
#2909 = B_SPLINE_CURVE_WITH_KNOTS('',1,(#2910,#2911),.UNSPECIFIED.,.F.,
  .F.,(2,2),(-5.999999928008E-07,14.0000006),.PIECEWISE_BEZIER_KNOTS.);
#2910 = CARTESIAN_POINT('',(3.867979276182,-57.01425665813));
#2911 = CARTESIAN_POINT('',(-10.13202192381,-57.01425665813));
#2912 = ( GEOMETRIC_REPRESENTATION_CONTEXT(2) 
PARAMETRIC_REPRESENTATION_CONTEXT() REPRESENTATION_CONTEXT('2D SPACE',''
  ) );
#2913 = PCURVE('',#1499,#2914);
#2914 = DEFINITIONAL_REPRESENTATION('',(#2915),#2918);
#2915 = B_SPLINE_CURVE_WITH_KNOTS('',1,(#2916,#2917),.UNSPECIFIED.,.F.,
  .F.,(2,2),(-5.999999928008E-07,14.0000006),.PIECEWISE_BEZIER_KNOTS.);
#2916 = CARTESIAN_POINT('',(2.651635327336,-5.999999926232E-07));
#2917 = CARTESIAN_POINT('',(2.651635327336,14.0000006));
#2918 = ( GEOMETRIC_REPRESENTATION_CONTEXT(2) 
PARAMETRIC_REPRESENTATION_CONTEXT() REPRESENTATION_CONTEXT('2D SPACE',''
  ) );
#2919 = ORIENTED_EDGE('',*,*,#2920,.T.);
#2920 = EDGE_CURVE('',#2900,#2921,#2923,.T.);
#2921 = VERTEX_POINT('',#2922);
#2922 = CARTESIAN_POINT('',(-162.,203.,109.2));
#2923 = SURFACE_CURVE('',#2924,(#2928,#2934),.PCURVE_S1.);
#2924 = LINE('',#2925,#2926);
#2925 = CARTESIAN_POINT('',(-162.,203.,138.90712832906));
#2926 = VECTOR('',#2927,1.);
#2927 = DIRECTION('',(0.,-2.22044604925E-16,-1.));
#2928 = PCURVE('',#98,#2929);
#2929 = DEFINITIONAL_REPRESENTATION('',(#2930),#2933);
#2930 = B_SPLINE_CURVE_WITH_KNOTS('',1,(#2931,#2932),.UNSPECIFIED.,.F.,
  .F.,(2,2),(27.207128329067,30.607128329067),.PIECEWISE_BEZIER_KNOTS.);
#2931 = CARTESIAN_POINT('',(3.867978676182,-56.11425665813));
#2932 = CARTESIAN_POINT('',(3.867978676182,-59.51425665813));
#2933 = ( GEOMETRIC_REPRESENTATION_CONTEXT(2) 
PARAMETRIC_REPRESENTATION_CONTEXT() REPRESENTATION_CONTEXT('2D SPACE',''
  ) );
#2934 = PCURVE('',#2935,#2940);
#2935 = PLANE('',#2936);
#2936 = AXIS2_PLACEMENT_3D('',#2937,#2938,#2939);
#2937 = CARTESIAN_POINT('',(-160.5,203.,110.));
#2938 = DIRECTION('',(0.,-1.,2.22044604925E-16));
#2939 = DIRECTION('',(1.,0.,0.));
#2940 = DEFINITIONAL_REPRESENTATION('',(#2941),#2944);
#2941 = B_SPLINE_CURVE_WITH_KNOTS('',1,(#2942,#2943),.UNSPECIFIED.,.F.,
  .F.,(2,2),(27.207128329067,30.607128329067),.PIECEWISE_BEZIER_KNOTS.);
#2942 = CARTESIAN_POINT('',(-1.5,1.7));
#2943 = CARTESIAN_POINT('',(-1.5,-1.7));
#2944 = ( GEOMETRIC_REPRESENTATION_CONTEXT(2) 
PARAMETRIC_REPRESENTATION_CONTEXT() REPRESENTATION_CONTEXT('2D SPACE',''
  ) );
#2945 = ORIENTED_EDGE('',*,*,#2946,.T.);
#2946 = EDGE_CURVE('',#2921,#2947,#2949,.T.);
#2947 = VERTEX_POINT('',#2948);
#2948 = CARTESIAN_POINT('',(-162.,202.,109.19999999999));
#2949 = SURFACE_CURVE('',#2950,(#2954,#2960),.PCURVE_S1.);
#2950 = LINE('',#2951,#2952);
#2951 = CARTESIAN_POINT('',(-162.,203.,109.2));
#2952 = VECTOR('',#2953,1.);
#2953 = DIRECTION('',(0.,-1.,2.22044604925E-16));
#2954 = PCURVE('',#98,#2955);
#2955 = DEFINITIONAL_REPRESENTATION('',(#2956),#2959);
#2956 = B_SPLINE_CURVE_WITH_KNOTS('',1,(#2957,#2958),.UNSPECIFIED.,.F.,
  .F.,(2,2),(-5.999999928008E-07,14.0000006),.PIECEWISE_BEZIER_KNOTS.);
#2957 = CARTESIAN_POINT('',(3.867979276182,-58.61425665813));
#2958 = CARTESIAN_POINT('',(-10.13202192381,-58.61425665813));
#2959 = ( GEOMETRIC_REPRESENTATION_CONTEXT(2) 
PARAMETRIC_REPRESENTATION_CONTEXT() REPRESENTATION_CONTEXT('2D SPACE',''
  ) );
#2960 = PCURVE('',#1499,#2961);
#2961 = DEFINITIONAL_REPRESENTATION('',(#2962),#2965);
#2962 = B_SPLINE_CURVE_WITH_KNOTS('',1,(#2963,#2964),.UNSPECIFIED.,.F.,
  .F.,(2,2),(-5.999999928008E-07,14.0000006),.PIECEWISE_BEZIER_KNOTS.);
#2963 = CARTESIAN_POINT('',(3.631549979844,-5.999999929784E-07));
#2964 = CARTESIAN_POINT('',(3.631549979844,14.0000006));
#2965 = ( GEOMETRIC_REPRESENTATION_CONTEXT(2) 
PARAMETRIC_REPRESENTATION_CONTEXT() REPRESENTATION_CONTEXT('2D SPACE',''
  ) );
#2966 = ORIENTED_EDGE('',*,*,#2967,.F.);
#2967 = EDGE_CURVE('',#2968,#2947,#2970,.T.);
#2968 = VERTEX_POINT('',#2969);
#2969 = CARTESIAN_POINT('',(-162.,202.,103.));
#2970 = SURFACE_CURVE('',#2971,(#2975,#2981),.PCURVE_S1.);
#2971 = LINE('',#2972,#2973);
#2972 = CARTESIAN_POINT('',(-162.,202.,135.40712832906));
#2973 = VECTOR('',#2974,1.);
#2974 = DIRECTION('',(0.,-0.,1.));
#2975 = PCURVE('',#98,#2976);
#2976 = DEFINITIONAL_REPRESENTATION('',(#2977),#2980);
#2977 = B_SPLINE_CURVE_WITH_KNOTS('',1,(#2978,#2979),.UNSPECIFIED.,.F.,
  .F.,(2,2),(-32.40712832906,-18.40712832906),.PIECEWISE_BEZIER_KNOTS.);
#2978 = CARTESIAN_POINT('',(2.867978676182,-64.81425665813));
#2979 = CARTESIAN_POINT('',(2.867978676182,-50.81425665813));
#2980 = ( GEOMETRIC_REPRESENTATION_CONTEXT(2) 
PARAMETRIC_REPRESENTATION_CONTEXT() REPRESENTATION_CONTEXT('2D SPACE',''
  ) );
#2981 = PCURVE('',#2888,#2982);
#2982 = DEFINITIONAL_REPRESENTATION('',(#2983),#2986);
#2983 = B_SPLINE_CURVE_WITH_KNOTS('',1,(#2984,#2985),.UNSPECIFIED.,.F.,
  .F.,(2,2),(-32.40712832906,-18.40712832906),.PIECEWISE_BEZIER_KNOTS.);
#2984 = CARTESIAN_POINT('',(0.,5.5));
#2985 = CARTESIAN_POINT('',(14.,5.5));
#2986 = ( GEOMETRIC_REPRESENTATION_CONTEXT(2) 
PARAMETRIC_REPRESENTATION_CONTEXT() REPRESENTATION_CONTEXT('2D SPACE',''
  ) );
#2987 = ORIENTED_EDGE('',*,*,#2988,.T.);
#2988 = EDGE_CURVE('',#2968,#166,#2989,.T.);
#2989 = SURFACE_CURVE('',#2990,(#2994,#3000),.PCURVE_S1.);
#2990 = LINE('',#2991,#2992);
#2991 = CARTESIAN_POINT('',(-162.,194.5660106619,103.));
#2992 = VECTOR('',#2993,1.);
#2993 = DIRECTION('',(0.,-1.,0.));
#2994 = PCURVE('',#98,#2995);
#2995 = DEFINITIONAL_REPRESENTATION('',(#2996),#2999);
#2996 = B_SPLINE_CURVE_WITH_KNOTS('',1,(#2997,#2998),.UNSPECIFIED.,.F.,
  .F.,(2,2),(-7.433989338091,4.566010661909),.PIECEWISE_BEZIER_KNOTS.);
#2997 = CARTESIAN_POINT('',(2.867978676182,-64.81425665813));
#2998 = CARTESIAN_POINT('',(-9.132021323818,-64.81425665813));
#2999 = ( GEOMETRIC_REPRESENTATION_CONTEXT(2) 
PARAMETRIC_REPRESENTATION_CONTEXT() REPRESENTATION_CONTEXT('2D SPACE',''
  ) );
#3000 = PCURVE('',#181,#3001);
#3001 = DEFINITIONAL_REPRESENTATION('',(#3002),#3005);
#3002 = B_SPLINE_CURVE_WITH_KNOTS('',1,(#3003,#3004),.UNSPECIFIED.,.F.,
  .F.,(2,2),(-7.433989338091,4.566010661909),.PIECEWISE_BEZIER_KNOTS.);
#3003 = CARTESIAN_POINT('',(5.5,12.));
#3004 = CARTESIAN_POINT('',(5.5,0.));
#3005 = ( GEOMETRIC_REPRESENTATION_CONTEXT(2) 
PARAMETRIC_REPRESENTATION_CONTEXT() REPRESENTATION_CONTEXT('2D SPACE',''
  ) );
#3006 = ORIENTED_EDGE('',*,*,#193,.T.);
#3007 = ORIENTED_EDGE('',*,*,#3008,.F.);
#3008 = EDGE_CURVE('',#3009,#194,#3011,.T.);
#3009 = VERTEX_POINT('',#3010);
#3010 = CARTESIAN_POINT('',(-162.,202.,67.));
#3011 = SURFACE_CURVE('',#3012,(#3016,#3022),.PCURVE_S1.);
#3012 = LINE('',#3013,#3014);
#3013 = CARTESIAN_POINT('',(-162.,194.5660106619,67.));
#3014 = VECTOR('',#3015,1.);
#3015 = DIRECTION('',(0.,-1.,0.));
#3016 = PCURVE('',#98,#3017);
#3017 = DEFINITIONAL_REPRESENTATION('',(#3018),#3021);
#3018 = B_SPLINE_CURVE_WITH_KNOTS('',1,(#3019,#3020),.UNSPECIFIED.,.F.,
  .F.,(2,2),(-7.433989338091,4.566010661909),.PIECEWISE_BEZIER_KNOTS.);
#3019 = CARTESIAN_POINT('',(2.867978676182,-100.8142566581));
#3020 = CARTESIAN_POINT('',(-9.132021323818,-100.8142566581));
#3021 = ( GEOMETRIC_REPRESENTATION_CONTEXT(2) 
PARAMETRIC_REPRESENTATION_CONTEXT() REPRESENTATION_CONTEXT('2D SPACE',''
  ) );
#3022 = PCURVE('',#231,#3023);
#3023 = DEFINITIONAL_REPRESENTATION('',(#3024),#3027);
#3024 = B_SPLINE_CURVE_WITH_KNOTS('',1,(#3025,#3026),.UNSPECIFIED.,.F.,
  .F.,(2,2),(-7.433989338091,4.566010661909),.PIECEWISE_BEZIER_KNOTS.);
#3025 = CARTESIAN_POINT('',(5.5,12.));
#3026 = CARTESIAN_POINT('',(5.5,0.));
#3027 = ( GEOMETRIC_REPRESENTATION_CONTEXT(2) 
PARAMETRIC_REPRESENTATION_CONTEXT() REPRESENTATION_CONTEXT('2D SPACE',''
  ) );
#3028 = ORIENTED_EDGE('',*,*,#3029,.F.);
#3029 = EDGE_CURVE('',#3030,#3009,#3032,.T.);
#3030 = VERTEX_POINT('',#3031);
#3031 = CARTESIAN_POINT('',(-162.,202.,60.799999999997));
#3032 = SURFACE_CURVE('',#3033,(#3037,#3043),.PCURVE_S1.);
#3033 = LINE('',#3034,#3035);
#3034 = CARTESIAN_POINT('',(-162.,202.,110.40712832906));
#3035 = VECTOR('',#3036,1.);
#3036 = DIRECTION('',(0.,-0.,1.));
#3037 = PCURVE('',#98,#3038);
#3038 = DEFINITIONAL_REPRESENTATION('',(#3039),#3042);
#3039 = B_SPLINE_CURVE_WITH_KNOTS('',1,(#3040,#3041),.UNSPECIFIED.,.F.,
  .F.,(2,2),(-57.40712832906,-43.40712832906),.PIECEWISE_BEZIER_KNOTS.);
#3040 = CARTESIAN_POINT('',(2.867978676182,-114.8142566581));
#3041 = CARTESIAN_POINT('',(2.867978676182,-100.8142566581));
#3042 = ( GEOMETRIC_REPRESENTATION_CONTEXT(2) 
PARAMETRIC_REPRESENTATION_CONTEXT() REPRESENTATION_CONTEXT('2D SPACE',''
  ) );
#3043 = PCURVE('',#3044,#3049);
#3044 = PLANE('',#3045);
#3045 = AXIS2_PLACEMENT_3D('',#3046,#3047,#3048);
#3046 = CARTESIAN_POINT('',(-167.5,202.,53.));
#3047 = DIRECTION('',(-0.,1.,0.));
#3048 = DIRECTION('',(0.,0.,1.));
#3049 = DEFINITIONAL_REPRESENTATION('',(#3050),#3053);
#3050 = B_SPLINE_CURVE_WITH_KNOTS('',1,(#3051,#3052),.UNSPECIFIED.,.F.,
  .F.,(2,2),(-57.40712832906,-43.40712832906),.PIECEWISE_BEZIER_KNOTS.);
#3051 = CARTESIAN_POINT('',(0.,5.5));
#3052 = CARTESIAN_POINT('',(14.,5.5));
#3053 = ( GEOMETRIC_REPRESENTATION_CONTEXT(2) 
PARAMETRIC_REPRESENTATION_CONTEXT() REPRESENTATION_CONTEXT('2D SPACE',''
  ) );
#3054 = ORIENTED_EDGE('',*,*,#3055,.F.);
#3055 = EDGE_CURVE('',#3056,#3030,#3058,.T.);
#3056 = VERTEX_POINT('',#3057);
#3057 = CARTESIAN_POINT('',(-162.,203.,60.8));
#3058 = SURFACE_CURVE('',#3059,(#3063,#3069),.PCURVE_S1.);
#3059 = LINE('',#3060,#3061);
#3060 = CARTESIAN_POINT('',(-162.,203.,60.8));
#3061 = VECTOR('',#3062,1.);
#3062 = DIRECTION('',(0.,-1.,2.22044604925E-16));
#3063 = PCURVE('',#98,#3064);
#3064 = DEFINITIONAL_REPRESENTATION('',(#3065),#3068);
#3065 = B_SPLINE_CURVE_WITH_KNOTS('',1,(#3066,#3067),.UNSPECIFIED.,.F.,
  .F.,(2,2),(-5.999999928008E-07,14.0000006),.PIECEWISE_BEZIER_KNOTS.);
#3066 = CARTESIAN_POINT('',(3.867979276182,-107.0142566581));
#3067 = CARTESIAN_POINT('',(-10.13202192381,-107.0142566581));
#3068 = ( GEOMETRIC_REPRESENTATION_CONTEXT(2) 
PARAMETRIC_REPRESENTATION_CONTEXT() REPRESENTATION_CONTEXT('2D SPACE',''
  ) );
#3069 = PCURVE('',#1464,#3070);
#3070 = DEFINITIONAL_REPRESENTATION('',(#3071),#3074);
#3071 = B_SPLINE_CURVE_WITH_KNOTS('',1,(#3072,#3073),.UNSPECIFIED.,.F.,
  .F.,(2,2),(-5.999999928008E-07,14.0000006),.PIECEWISE_BEZIER_KNOTS.);
#3072 = CARTESIAN_POINT('',(2.651635327336,-5.999999926232E-07));
#3073 = CARTESIAN_POINT('',(2.651635327336,14.0000006));
#3074 = ( GEOMETRIC_REPRESENTATION_CONTEXT(2) 
PARAMETRIC_REPRESENTATION_CONTEXT() REPRESENTATION_CONTEXT('2D SPACE',''
  ) );
#3075 = ORIENTED_EDGE('',*,*,#3076,.T.);
#3076 = EDGE_CURVE('',#3056,#3077,#3079,.T.);
#3077 = VERTEX_POINT('',#3078);
#3078 = CARTESIAN_POINT('',(-162.,203.,59.2));
#3079 = SURFACE_CURVE('',#3080,(#3084,#3090),.PCURVE_S1.);
#3080 = LINE('',#3081,#3082);
#3081 = CARTESIAN_POINT('',(-162.,203.,113.90712832906));
#3082 = VECTOR('',#3083,1.);
#3083 = DIRECTION('',(0.,-2.22044604925E-16,-1.));
#3084 = PCURVE('',#98,#3085);
#3085 = DEFINITIONAL_REPRESENTATION('',(#3086),#3089);
#3086 = B_SPLINE_CURVE_WITH_KNOTS('',1,(#3087,#3088),.UNSPECIFIED.,.F.,
  .F.,(2,2),(52.207128329067,55.607128329067),.PIECEWISE_BEZIER_KNOTS.);
#3087 = CARTESIAN_POINT('',(3.867978676182,-106.1142566581));
#3088 = CARTESIAN_POINT('',(3.867978676182,-109.5142566581));
#3089 = ( GEOMETRIC_REPRESENTATION_CONTEXT(2) 
PARAMETRIC_REPRESENTATION_CONTEXT() REPRESENTATION_CONTEXT('2D SPACE',''
  ) );
#3090 = PCURVE('',#3091,#3096);
#3091 = PLANE('',#3092);
#3092 = AXIS2_PLACEMENT_3D('',#3093,#3094,#3095);
#3093 = CARTESIAN_POINT('',(-160.5,203.,60.));
#3094 = DIRECTION('',(0.,-1.,2.22044604925E-16));
#3095 = DIRECTION('',(1.,0.,0.));
#3096 = DEFINITIONAL_REPRESENTATION('',(#3097),#3100);
#3097 = B_SPLINE_CURVE_WITH_KNOTS('',1,(#3098,#3099),.UNSPECIFIED.,.F.,
  .F.,(2,2),(52.207128329067,55.607128329067),.PIECEWISE_BEZIER_KNOTS.);
#3098 = CARTESIAN_POINT('',(-1.5,1.7));
#3099 = CARTESIAN_POINT('',(-1.5,-1.7));
#3100 = ( GEOMETRIC_REPRESENTATION_CONTEXT(2) 
PARAMETRIC_REPRESENTATION_CONTEXT() REPRESENTATION_CONTEXT('2D SPACE',''
  ) );
#3101 = ORIENTED_EDGE('',*,*,#3102,.T.);
#3102 = EDGE_CURVE('',#3077,#3103,#3105,.T.);
#3103 = VERTEX_POINT('',#3104);
#3104 = CARTESIAN_POINT('',(-162.,202.,59.200000000003));
#3105 = SURFACE_CURVE('',#3106,(#3110,#3116),.PCURVE_S1.);
#3106 = LINE('',#3107,#3108);
#3107 = CARTESIAN_POINT('',(-162.,203.,59.2));
#3108 = VECTOR('',#3109,1.);
#3109 = DIRECTION('',(0.,-1.,2.22044604925E-16));
#3110 = PCURVE('',#98,#3111);
#3111 = DEFINITIONAL_REPRESENTATION('',(#3112),#3115);
#3112 = B_SPLINE_CURVE_WITH_KNOTS('',1,(#3113,#3114),.UNSPECIFIED.,.F.,
  .F.,(2,2),(-5.999999928008E-07,14.0000006),.PIECEWISE_BEZIER_KNOTS.);
#3113 = CARTESIAN_POINT('',(3.867979276182,-108.6142566581));
#3114 = CARTESIAN_POINT('',(-10.13202192381,-108.6142566581));
#3115 = ( GEOMETRIC_REPRESENTATION_CONTEXT(2) 
PARAMETRIC_REPRESENTATION_CONTEXT() REPRESENTATION_CONTEXT('2D SPACE',''
  ) );
#3116 = PCURVE('',#1464,#3117);
#3117 = DEFINITIONAL_REPRESENTATION('',(#3118),#3121);
#3118 = B_SPLINE_CURVE_WITH_KNOTS('',1,(#3119,#3120),.UNSPECIFIED.,.F.,
  .F.,(2,2),(-5.999999928008E-07,14.0000006),.PIECEWISE_BEZIER_KNOTS.);
#3119 = CARTESIAN_POINT('',(3.631549979844,-5.999999929784E-07));
#3120 = CARTESIAN_POINT('',(3.631549979844,14.0000006));
#3121 = ( GEOMETRIC_REPRESENTATION_CONTEXT(2) 
PARAMETRIC_REPRESENTATION_CONTEXT() REPRESENTATION_CONTEXT('2D SPACE',''
  ) );
#3122 = ORIENTED_EDGE('',*,*,#3123,.F.);
#3123 = EDGE_CURVE('',#3124,#3103,#3126,.T.);
#3124 = VERTEX_POINT('',#3125);
#3125 = CARTESIAN_POINT('',(-162.,202.,53.));
#3126 = SURFACE_CURVE('',#3127,(#3131,#3137),.PCURVE_S1.);
#3127 = LINE('',#3128,#3129);
#3128 = CARTESIAN_POINT('',(-162.,202.,110.40712832906));
#3129 = VECTOR('',#3130,1.);
#3130 = DIRECTION('',(0.,-0.,1.));
#3131 = PCURVE('',#98,#3132);
#3132 = DEFINITIONAL_REPRESENTATION('',(#3133),#3136);
#3133 = B_SPLINE_CURVE_WITH_KNOTS('',1,(#3134,#3135),.UNSPECIFIED.,.F.,
  .F.,(2,2),(-57.40712832906,-43.40712832906),.PIECEWISE_BEZIER_KNOTS.);
#3134 = CARTESIAN_POINT('',(2.867978676182,-114.8142566581));
#3135 = CARTESIAN_POINT('',(2.867978676182,-100.8142566581));
#3136 = ( GEOMETRIC_REPRESENTATION_CONTEXT(2) 
PARAMETRIC_REPRESENTATION_CONTEXT() REPRESENTATION_CONTEXT('2D SPACE',''
  ) );
#3137 = PCURVE('',#3044,#3138);
#3138 = DEFINITIONAL_REPRESENTATION('',(#3139),#3142);
#3139 = B_SPLINE_CURVE_WITH_KNOTS('',1,(#3140,#3141),.UNSPECIFIED.,.F.,
  .F.,(2,2),(-57.40712832906,-43.40712832906),.PIECEWISE_BEZIER_KNOTS.);
#3140 = CARTESIAN_POINT('',(0.,5.5));
#3141 = CARTESIAN_POINT('',(14.,5.5));
#3142 = ( GEOMETRIC_REPRESENTATION_CONTEXT(2) 
PARAMETRIC_REPRESENTATION_CONTEXT() REPRESENTATION_CONTEXT('2D SPACE',''
  ) );
#3143 = ORIENTED_EDGE('',*,*,#3144,.T.);
#3144 = EDGE_CURVE('',#3124,#272,#3145,.T.);
#3145 = SURFACE_CURVE('',#3146,(#3150,#3156),.PCURVE_S1.);
#3146 = LINE('',#3147,#3148);
#3147 = CARTESIAN_POINT('',(-162.,194.5660106619,53.));
#3148 = VECTOR('',#3149,1.);
#3149 = DIRECTION('',(0.,-1.,0.));
#3150 = PCURVE('',#98,#3151);
#3151 = DEFINITIONAL_REPRESENTATION('',(#3152),#3155);
#3152 = B_SPLINE_CURVE_WITH_KNOTS('',1,(#3153,#3154),.UNSPECIFIED.,.F.,
  .F.,(2,2),(-7.433989338091,4.566010661909),.PIECEWISE_BEZIER_KNOTS.);
#3153 = CARTESIAN_POINT('',(2.867978676182,-114.8142566581));
#3154 = CARTESIAN_POINT('',(-9.132021323818,-114.8142566581));
#3155 = ( GEOMETRIC_REPRESENTATION_CONTEXT(2) 
PARAMETRIC_REPRESENTATION_CONTEXT() REPRESENTATION_CONTEXT('2D SPACE',''
  ) );
#3156 = PCURVE('',#287,#3157);
#3157 = DEFINITIONAL_REPRESENTATION('',(#3158),#3161);
#3158 = B_SPLINE_CURVE_WITH_KNOTS('',1,(#3159,#3160),.UNSPECIFIED.,.F.,
  .F.,(2,2),(-7.433989338091,4.566010661909),.PIECEWISE_BEZIER_KNOTS.);
#3159 = CARTESIAN_POINT('',(5.5,12.));
#3160 = CARTESIAN_POINT('',(5.5,0.));
#3161 = ( GEOMETRIC_REPRESENTATION_CONTEXT(2) 
PARAMETRIC_REPRESENTATION_CONTEXT() REPRESENTATION_CONTEXT('2D SPACE',''
  ) );
#3162 = ORIENTED_EDGE('',*,*,#299,.T.);
#3163 = ORIENTED_EDGE('',*,*,#3164,.T.);
#3164 = EDGE_CURVE('',#300,#3165,#3167,.T.);
#3165 = VERTEX_POINT('',#3166);
#3166 = CARTESIAN_POINT('',(-162.,331.53401240931,3.937745812509));
#3167 = SURFACE_CURVE('',#3168,(#3172,#3178),.PCURVE_S1.);
#3168 = LINE('',#3169,#3170);
#3169 = CARTESIAN_POINT('',(-162.,26.357745378172,3.937742251701));
#3170 = VECTOR('',#3171,1.);
#3171 = DIRECTION('',(0.,1.,0.));
#3172 = PCURVE('',#98,#3173);
#3173 = DEFINITIONAL_REPRESENTATION('',(#3174),#3177);
#3174 = B_SPLINE_CURVE_WITH_KNOTS('',1,(#3175,#3176),.UNSPECIFIED.,.F.,
  .F.,(2,2),(-6.000000567496E-07,306.64225522182),
  .PIECEWISE_BEZIER_KNOTS.);
#3175 = CARTESIAN_POINT('',(-172.7742765456,-163.8765144064));
#3176 = CARTESIAN_POINT('',(133.86797927618,-163.8765144064));
#3177 = ( GEOMETRIC_REPRESENTATION_CONTEXT(2) 
PARAMETRIC_REPRESENTATION_CONTEXT() REPRESENTATION_CONTEXT('2D SPACE',''
  ) );
#3178 = PCURVE('',#338,#3179);
#3179 = DEFINITIONAL_REPRESENTATION('',(#3180),#3183);
#3180 = B_SPLINE_CURVE_WITH_KNOTS('',1,(#3181,#3182),.UNSPECIFIED.,.F.,
  .F.,(2,2),(-6.000000567496E-07,306.64225522182),
  .PIECEWISE_BEZIER_KNOTS.);
#3181 = CARTESIAN_POINT('',(-1.110242335114,-6.000000567496E-07));
#3182 = CARTESIAN_POINT('',(-1.110242335114,306.64225522182));
#3183 = ( GEOMETRIC_REPRESENTATION_CONTEXT(2) 
PARAMETRIC_REPRESENTATION_CONTEXT() REPRESENTATION_CONTEXT('2D SPACE',''
  ) );
#3184 = ORIENTED_EDGE('',*,*,#3185,.F.);
#3185 = EDGE_CURVE('',#3186,#3165,#3188,.T.);
#3186 = VERTEX_POINT('',#3187);
#3187 = CARTESIAN_POINT('',(-162.,336.06225418749,8.465987590685));
#3188 = SURFACE_CURVE('',#3189,(#3283,#3380),.PCURVE_S1.);
#3189 = B_SPLINE_CURVE_WITH_KNOTS('',8,(#3190,#3191,#3192,#3193,#3194,
    #3195,#3196,#3197,#3198,#3199,#3200,#3201,#3202,#3203,#3204,#3205,
    #3206,#3207,#3208,#3209,#3210,#3211,#3212,#3213,#3214,#3215,#3216,
    #3217,#3218,#3219,#3220,#3221,#3222,#3223,#3224,#3225,#3226,#3227,
    #3228,#3229,#3230,#3231,#3232,#3233,#3234,#3235,#3236,#3237,#3238,
    #3239,#3240,#3241,#3242,#3243,#3244,#3245,#3246,#3247,#3248,#3249,
    #3250,#3251,#3252,#3253,#3254,#3255,#3256,#3257,#3258,#3259,#3260,
    #3261,#3262,#3263,#3264,#3265,#3266,#3267,#3268,#3269,#3270,#3271,
    #3272,#3273,#3274,#3275,#3276,#3277,#3278,#3279,#3280,#3281,#3282),
  .UNSPECIFIED.,.F.,.F.,(9,7,7,7,7,7,7,7,7,7,7,7,7,9),(0.,
    8.432924187093E-03,3.209336820689E-02,4.988756420386E-02,
    0.163683318298,0.34147065621,0.50001436552,0.65818329016,
    0.837080945231,0.913413035383,0.947890095514,0.977939654911,
    0.99076811024,1.),.UNSPECIFIED.);
#3190 = CARTESIAN_POINT('',(-162.,336.06687385494,8.30058137811));
#3191 = CARTESIAN_POINT('',(-162.,336.06725670808,8.293696592406));
#3192 = CARTESIAN_POINT('',(-162.,336.06759159028,8.286728600991));
#3193 = CARTESIAN_POINT('',(-162.,336.06788197759,8.2797073007));
#3194 = CARTESIAN_POINT('',(-162.,336.06813087976,8.272648622432));
#3195 = CARTESIAN_POINT('',(-162.,336.06834090158,8.265561620277));
#3196 = CARTESIAN_POINT('',(-162.,336.06851429641,8.258452377354));
#3197 = CARTESIAN_POINT('',(-162.,336.06865301155,8.251324728341));
#3198 = CARTESIAN_POINT('',(-162.,336.06905533071,8.224125498424));
#3199 = CARTESIAN_POINT('',(-162.,336.06909174892,8.203951500846));
#3200 = CARTESIAN_POINT('',(-162.,336.06890488311,8.183711599626));
#3201 = CARTESIAN_POINT('',(-162.,336.06851651969,8.163427882564));
#3202 = CARTESIAN_POINT('',(-162.,336.06794354591,8.1431159894));
#3203 = CARTESIAN_POINT('',(-162.,336.06719991209,8.12278689502));
#3204 = CARTESIAN_POINT('',(-162.,336.06629589139,8.102442092171));
#3205 = CARTESIAN_POINT('',(-162.,336.0644462328,8.066768215378));
#3206 = CARTESIAN_POINT('',(-162.,336.06356665162,8.051449501543));
#3207 = CARTESIAN_POINT('',(-162.,336.06260523277,8.036126738314));
#3208 = CARTESIAN_POINT('',(-162.,336.06156525011,8.020801429868));
#3209 = CARTESIAN_POINT('',(-162.,336.06044954406,8.005474798204));
#3210 = CARTESIAN_POINT('',(-162.,336.05926060118,7.990147828796));
#3211 = CARTESIAN_POINT('',(-162.,336.05800063383,7.974821316256));
#3212 = CARTESIAN_POINT('',(-162.,336.04817273034,7.861488325796));
#3213 = CARTESIAN_POINT('',(-162.,336.03685380316,7.763548535252));
#3214 = CARTESIAN_POINT('',(-162.,336.02323065337,7.66580331112));
#3215 = CARTESIAN_POINT('',(-162.,336.00746936412,7.568315451837));
#3216 = CARTESIAN_POINT('',(-162.,335.9897332989,7.471157228715));
#3217 = CARTESIAN_POINT('',(-162.,335.97007828414,7.374366749279));
#3218 = CARTESIAN_POINT('',(-162.,335.94854833708,7.277979499908));
#3219 = CARTESIAN_POINT('',(-162.,335.88857235535,7.032079775481));
#3220 = CARTESIAN_POINT('',(-162.,335.84744760527,6.883274048127));
#3221 = CARTESIAN_POINT('',(-162.,335.80179719957,6.735736951795));
#3222 = CARTESIAN_POINT('',(-162.,335.75150268564,6.589693156839));
#3223 = CARTESIAN_POINT('',(-162.,335.69637243168,6.445434036905));
#3224 = CARTESIAN_POINT('',(-162.,335.63616116023,6.303312603695));
#3225 = CARTESIAN_POINT('',(-162.,335.57057893891,6.163738088967));
#3226 = CARTESIAN_POINT('',(-162.,335.43580188193,5.905362265181));
#3227 = CARTESIAN_POINT('',(-162.,335.36776366058,5.78594229047));
#3228 = CARTESIAN_POINT('',(-162.,335.29504785065,5.669286185109));
#3229 = CARTESIAN_POINT('',(-162.,335.2175031594,5.555808839242));
#3230 = CARTESIAN_POINT('',(-162.,335.1350175275,5.445936578321));
#3231 = CARTESIAN_POINT('',(-162.,335.0475631761,5.340070337221));
#3232 = CARTESIAN_POINT('',(-162.,334.9552463409,5.238550282948));
#3233 = CARTESIAN_POINT('',(-162.,334.76166211586,5.044967387305));
#3234 = CARTESIAN_POINT('',(-162.,334.66039228475,4.952858644133));
#3235 = CARTESIAN_POINT('',(-162.,334.55479614115,4.865588732187));
#3236 = CARTESIAN_POINT('',(-162.,334.44521126679,4.783263551346));
#3237 = CARTESIAN_POINT('',(-162.,334.33203552772,4.705856174567));
#3238 = CARTESIAN_POINT('',(-162.,334.21569214342,4.633255964571));
#3239 = CARTESIAN_POINT('',(-162.,334.09659327632,4.565313126913));
#3240 = CARTESIAN_POINT('',(-162.,333.83773615783,4.43008457999));
#3241 = CARTESIAN_POINT('',(-162.,333.69731010782,4.364048938962));
#3242 = CARTESIAN_POINT('',(-162.,333.55430272971,4.303453299945));
#3243 = CARTESIAN_POINT('',(-162.,333.40913113355,4.248001837195));
#3244 = CARTESIAN_POINT('',(-162.,333.26215488525,4.19744475511));
#3245 = CARTESIAN_POINT('',(-162.,333.11367048605,4.151587261271));
#3246 = CARTESIAN_POINT('',(-162.,332.96390619684,4.110309619885));
#3247 = CARTESIAN_POINT('',(-162.,332.74861852537,4.058001665284));
#3248 = CARTESIAN_POINT('',(-162.,332.68403197158,4.043199542945));
#3249 = CARTESIAN_POINT('',(-162.,332.61925800525,4.029241549633));
#3250 = CARTESIAN_POINT('',(-162.,332.55431003347,4.016137003704));
#3251 = CARTESIAN_POINT('',(-162.,332.489202091,4.003901603974));
#3252 = CARTESIAN_POINT('',(-162.,332.42394879016,3.992559451182));
#3253 = CARTESIAN_POINT('',(-162.,332.35856539001,3.982147626061));
#3254 = CARTESIAN_POINT('',(-162.,332.26348464725,3.968466631672));
#3255 = CARTESIAN_POINT('',(-162.,332.23387858883,3.964411453579));
#3256 = CARTESIAN_POINT('',(-162.,332.20425131699,3.960563245556));
#3257 = CARTESIAN_POINT('',(-162.,332.1746046801,3.956928176983));
#3258 = CARTESIAN_POINT('',(-162.,332.14494096967,3.953513562621));
#3259 = CARTESIAN_POINT('',(-162.,332.11526302284,3.950328294373));
#3260 = CARTESIAN_POINT('',(-162.,332.08557432473,3.94738327306));
#3261 = CARTESIAN_POINT('',(-162.,332.02999731908,3.942346037747));
#3262 = CARTESIAN_POINT('',(-162.,332.00411244056,3.940193135487));
#3263 = CARTESIAN_POINT('',(-162.,331.97822551411,3.938241703527));
#3264 = CARTESIAN_POINT('',(-162.,331.95234015792,3.936502697963));
#3265 = CARTESIAN_POINT('',(-162.,331.9264617182,3.934988988207));
#3266 = CARTESIAN_POINT('',(-162.,331.90059773377,3.933716238835));
#3267 = CARTESIAN_POINT('',(-162.,331.87475971659,3.932705145974));
#3268 = CARTESIAN_POINT('',(-162.,331.83795476053,3.931677602766));
#3269 = CARTESIAN_POINT('',(-162.,331.82695219629,3.931423246848));
#3270 = CARTESIAN_POINT('',(-162.,331.81595956534,3.931224227494));
#3271 = CARTESIAN_POINT('',(-162.,331.80497889372,3.931083205029));
#3272 = CARTESIAN_POINT('',(-162.,331.79401303117,3.931003222634));
#3273 = CARTESIAN_POINT('',(-162.,331.78306588711,3.930987831189));
#3274 = CARTESIAN_POINT('',(-162.,331.77214309551,3.931041349374));
#3275 = CARTESIAN_POINT('',(-162.,331.7534162211,3.931261308136));
#3276 = CARTESIAN_POINT('',(-162.,331.74560054175,3.931391838114));
#3277 = CARTESIAN_POINT('',(-162.,331.73780589501,3.931562859766));
#3278 = CARTESIAN_POINT('',(-162.,331.73003405476,3.931776822668));
#3279 = CARTESIAN_POINT('',(-162.,331.72229315179,3.932036533413));
#3280 = CARTESIAN_POINT('',(-162.,331.71459508092,3.932345270135));
#3281 = CARTESIAN_POINT('',(-162.,331.70695707611,3.932706942344));
#3282 = CARTESIAN_POINT('',(-162.,331.69941862188,3.933126145063));
#3283 = PCURVE('',#98,#3284);
#3284 = DEFINITIONAL_REPRESENTATION('',(#3285),#3379);
#3285 = B_SPLINE_CURVE_WITH_KNOTS('',8,(#3286,#3287,#3288,#3289,#3290,
    #3291,#3292,#3293,#3294,#3295,#3296,#3297,#3298,#3299,#3300,#3301,
    #3302,#3303,#3304,#3305,#3306,#3307,#3308,#3309,#3310,#3311,#3312,
    #3313,#3314,#3315,#3316,#3317,#3318,#3319,#3320,#3321,#3322,#3323,
    #3324,#3325,#3326,#3327,#3328,#3329,#3330,#3331,#3332,#3333,#3334,
    #3335,#3336,#3337,#3338,#3339,#3340,#3341,#3342,#3343,#3344,#3345,
    #3346,#3347,#3348,#3349,#3350,#3351,#3352,#3353,#3354,#3355,#3356,
    #3357,#3358,#3359,#3360,#3361,#3362,#3363,#3364,#3365,#3366,#3367,
    #3368,#3369,#3370,#3371,#3372,#3373,#3374,#3375,#3376,#3377,#3378),
  .UNSPECIFIED.,.F.,.F.,(9,7,7,7,7,7,7,7,7,7,7,7,7,9),(0.,
    8.432924187093E-03,3.209336820689E-02,4.988756420386E-02,
    0.163683318298,0.34147065621,0.50001436552,0.65818329016,
    0.837080945231,0.913413035383,0.947890095514,0.977939654911,
    0.99076811024,1.),.UNSPECIFIED.);
#3286 = CARTESIAN_POINT('',(136.93485253112,-159.51367528));
#3287 = CARTESIAN_POINT('',(136.93523538426,-159.5205600657));
#3288 = CARTESIAN_POINT('',(136.93557026646,-159.5275280571));
#3289 = CARTESIAN_POINT('',(136.93586065378,-159.5345493574));
#3290 = CARTESIAN_POINT('',(136.93610955594,-159.5416080357));
#3291 = CARTESIAN_POINT('',(136.93631957776,-159.5486950378));
#3292 = CARTESIAN_POINT('',(136.93649297259,-159.5558042807));
#3293 = CARTESIAN_POINT('',(136.93663168773,-159.5629319297));
#3294 = CARTESIAN_POINT('',(136.93703400689,-159.5901311597));
#3295 = CARTESIAN_POINT('',(136.9370704251,-159.6103051572));
#3296 = CARTESIAN_POINT('',(136.93688355929,-159.6305450585));
#3297 = CARTESIAN_POINT('',(136.93649519587,-159.6508287755));
#3298 = CARTESIAN_POINT('',(136.93592222209,-159.6711406687));
#3299 = CARTESIAN_POINT('',(136.93517858827,-159.6914697631));
#3300 = CARTESIAN_POINT('',(136.93427456758,-159.7118145659));
#3301 = CARTESIAN_POINT('',(136.93242490899,-159.7474884427));
#3302 = CARTESIAN_POINT('',(136.9315453278,-159.7628071565));
#3303 = CARTESIAN_POINT('',(136.93058390895,-159.7781299198));
#3304 = CARTESIAN_POINT('',(136.92954392629,-159.7934552282));
#3305 = CARTESIAN_POINT('',(136.92842822024,-159.8087818599));
#3306 = CARTESIAN_POINT('',(136.92723927736,-159.8241088293));
#3307 = CARTESIAN_POINT('',(136.92597931001,-159.8394353418));
#3308 = CARTESIAN_POINT('',(136.91615140652,-159.9527683323));
#3309 = CARTESIAN_POINT('',(136.90483247934,-160.0507081228));
#3310 = CARTESIAN_POINT('',(136.89120932955,-160.148453347));
#3311 = CARTESIAN_POINT('',(136.8754480403,-160.2459412062));
#3312 = CARTESIAN_POINT('',(136.85771197508,-160.3430994294));
#3313 = CARTESIAN_POINT('',(136.83805696032,-160.4398899088));
#3314 = CARTESIAN_POINT('',(136.81652701326,-160.5362771582));
#3315 = CARTESIAN_POINT('',(136.75655103153,-160.7821768826));
#3316 = CARTESIAN_POINT('',(136.71542628145,-160.93098261));
#3317 = CARTESIAN_POINT('',(136.66977587575,-161.0785197063));
#3318 = CARTESIAN_POINT('',(136.61948136183,-161.2245635012));
#3319 = CARTESIAN_POINT('',(136.56435110786,-161.3688226212));
#3320 = CARTESIAN_POINT('',(136.50413983641,-161.5109440544));
#3321 = CARTESIAN_POINT('',(136.43855761509,-161.6505185691));
#3322 = CARTESIAN_POINT('',(136.30378055811,-161.9088943929));
#3323 = CARTESIAN_POINT('',(136.23574233676,-162.0283143676));
#3324 = CARTESIAN_POINT('',(136.16302652683,-162.144970473));
#3325 = CARTESIAN_POINT('',(136.08548183558,-162.2584478188));
#3326 = CARTESIAN_POINT('',(136.00299620369,-162.3683200798));
#3327 = CARTESIAN_POINT('',(135.91554185228,-162.4741863209));
#3328 = CARTESIAN_POINT('',(135.82322501708,-162.5757063751));
#3329 = CARTESIAN_POINT('',(135.62964079204,-162.7692892708));
#3330 = CARTESIAN_POINT('',(135.52837096093,-162.861398014));
#3331 = CARTESIAN_POINT('',(135.42277481733,-162.9486679259));
#3332 = CARTESIAN_POINT('',(135.31318994297,-163.0309931067));
#3333 = CARTESIAN_POINT('',(135.20001420391,-163.1084004835));
#3334 = CARTESIAN_POINT('',(135.0836708196,-163.1810006935));
#3335 = CARTESIAN_POINT('',(134.9645719525,-163.2489435312));
#3336 = CARTESIAN_POINT('',(134.70571483401,-163.3841720781));
#3337 = CARTESIAN_POINT('',(134.565288784,-163.4502077191));
#3338 = CARTESIAN_POINT('',(134.4222814059,-163.5108033581));
#3339 = CARTESIAN_POINT('',(134.27710980973,-163.5662548209));
#3340 = CARTESIAN_POINT('',(134.13013356143,-163.616811903));
#3341 = CARTESIAN_POINT('',(133.98164916223,-163.6626693968));
#3342 = CARTESIAN_POINT('',(133.83188487302,-163.7039470382));
#3343 = CARTESIAN_POINT('',(133.61659720155,-163.7562549928));
#3344 = CARTESIAN_POINT('',(133.55201064776,-163.7710571151));
#3345 = CARTESIAN_POINT('',(133.48723668143,-163.7850151085));
#3346 = CARTESIAN_POINT('',(133.42228870965,-163.7981196544));
#3347 = CARTESIAN_POINT('',(133.35718076719,-163.8103550541));
#3348 = CARTESIAN_POINT('',(133.29192746635,-163.8216972069));
#3349 = CARTESIAN_POINT('',(133.22654406619,-163.832109032));
#3350 = CARTESIAN_POINT('',(133.13146332344,-163.8457900264));
#3351 = CARTESIAN_POINT('',(133.10185726501,-163.8498452045));
#3352 = CARTESIAN_POINT('',(133.07222999317,-163.8536934125));
#3353 = CARTESIAN_POINT('',(133.04258335628,-163.8573284811));
#3354 = CARTESIAN_POINT('',(133.01291964586,-163.8607430955));
#3355 = CARTESIAN_POINT('',(132.98324169902,-163.8639283637));
#3356 = CARTESIAN_POINT('',(132.95355300091,-163.866873385));
#3357 = CARTESIAN_POINT('',(132.89797599526,-163.8719106203));
#3358 = CARTESIAN_POINT('',(132.87209111674,-163.8740635226));
#3359 = CARTESIAN_POINT('',(132.84620419029,-163.8760149546));
#3360 = CARTESIAN_POINT('',(132.8203188341,-163.8777539601));
#3361 = CARTESIAN_POINT('',(132.79444039439,-163.8792676699));
#3362 = CARTESIAN_POINT('',(132.76857640995,-163.8805404192));
#3363 = CARTESIAN_POINT('',(132.74273839277,-163.8815515121));
#3364 = CARTESIAN_POINT('',(132.70593343671,-163.8825790553));
#3365 = CARTESIAN_POINT('',(132.69493087248,-163.8828334112));
#3366 = CARTESIAN_POINT('',(132.68393824152,-163.8830324306));
#3367 = CARTESIAN_POINT('',(132.6729575699,-163.8831734531));
#3368 = CARTESIAN_POINT('',(132.66199170735,-163.8832534355));
#3369 = CARTESIAN_POINT('',(132.65104456329,-163.8832688269));
#3370 = CARTESIAN_POINT('',(132.64012177169,-163.8832153087));
#3371 = CARTESIAN_POINT('',(132.62139489728,-163.8829953499));
#3372 = CARTESIAN_POINT('',(132.61357921793,-163.88286482));
#3373 = CARTESIAN_POINT('',(132.60578457119,-163.8826937983));
#3374 = CARTESIAN_POINT('',(132.59801273095,-163.8824798354));
#3375 = CARTESIAN_POINT('',(132.59027182797,-163.8822201247));
#3376 = CARTESIAN_POINT('',(132.5825737571,-163.8819113879));
#3377 = CARTESIAN_POINT('',(132.5749357523,-163.8815497157));
#3378 = CARTESIAN_POINT('',(132.56739729807,-163.881130513));
#3379 = ( GEOMETRIC_REPRESENTATION_CONTEXT(2) 
PARAMETRIC_REPRESENTATION_CONTEXT() REPRESENTATION_CONTEXT('2D SPACE',''
  ) );
#3380 = PCURVE('',#3381,#3473);
#3381 = OFFSET_SURFACE('',#3382,-3.,.F.);
#3382 = B_SPLINE_SURFACE_WITH_KNOTS('',8,9,(
    (#3383,#3384,#3385,#3386,#3387,#3388,#3389,#3390,#3391,#3392)
    ,(#3393,#3394,#3395,#3396,#3397,#3398,#3399,#3400,#3401,#3402)
    ,(#3403,#3404,#3405,#3406,#3407,#3408,#3409,#3410,#3411,#3412)
    ,(#3413,#3414,#3415,#3416,#3417,#3418,#3419,#3420,#3421,#3422)
    ,(#3423,#3424,#3425,#3426,#3427,#3428,#3429,#3430,#3431,#3432)
    ,(#3433,#3434,#3435,#3436,#3437,#3438,#3439,#3440,#3441,#3442)
    ,(#3443,#3444,#3445,#3446,#3447,#3448,#3449,#3450,#3451,#3452)
    ,(#3453,#3454,#3455,#3456,#3457,#3458,#3459,#3460,#3461,#3462)
    ,(#3463,#3464,#3465,#3466,#3467,#3468,#3469,#3470,#3471,#3472
  )),.UNSPECIFIED.,.F.,.F.,.F.,(9,9),(10,10),(0.,1.),(0.,1.),
  .PIECEWISE_BEZIER_KNOTS.);
#3383 = CARTESIAN_POINT('',(-170.,328.,12.));
#3384 = CARTESIAN_POINT('',(-170.,328.55555555555,9.905604897606));
#3385 = CARTESIAN_POINT('',(-169.5887665165,329.11111111111,7.8112097652
    ));
#3386 = CARTESIAN_POINT('',(-168.7662992618,329.66666666666,
    5.809095442069));
#3387 = CARTESIAN_POINT('',(-167.5567584729,330.22222222222,
    3.991541461427));
#3388 = CARTESIAN_POINT('',(-166.0084585385,330.77777777779,
    2.443241527071));
#3389 = CARTESIAN_POINT('',(-164.1909045579,331.33333333332,
    1.233700738105));
#3390 = CARTESIAN_POINT('',(-162.1887902348,331.88888888889,
    0.411233483465));
#3391 = CARTESIAN_POINT('',(-160.0943951023,332.44444444444,
    -1.811726489799E-12));
#3392 = CARTESIAN_POINT('',(-158.,333.,-1.819877581966E-12));
#3393 = CARTESIAN_POINT('',(-170.,328.,12.));
#3394 = CARTESIAN_POINT('',(-170.,328.80340458081,10.000737618739));
#3395 = CARTESIAN_POINT('',(-169.6261674966,329.60680916537,
    7.987889792475));
#3396 = CARTESIAN_POINT('',(-168.8781550865,330.39867864877,
    6.022457815141));
#3397 = CARTESIAN_POINT('',(-167.7518389025,331.16747808936,
    4.167798470435));
#3398 = CARTESIAN_POINT('',(-166.2329690996,331.90262077419,
    2.505754480531));
#3399 = CARTESIAN_POINT('',(-164.3523268068,332.5954185658,
    1.189931405175));
#3400 = CARTESIAN_POINT('',(-162.2542963928,333.23983216566,
    0.32945562976));
#3401 = CARTESIAN_POINT('',(-160.0943951023,333.8328415441,
    -5.45415371888E-02));
#3402 = CARTESIAN_POINT('',(-158.,334.37444673711,-1.819877581966E-12));
#3403 = CARTESIAN_POINT('',(-170.,328.,12.));
#3404 = CARTESIAN_POINT('',(-170.,329.26715470087,10.355404664431));
#3405 = CARTESIAN_POINT('',(-169.6528824825,330.31427372522,
    8.410590061346));
#3406 = CARTESIAN_POINT('',(-168.9580521041,331.43637664023,
    6.563457536156));
#3407 = CARTESIAN_POINT('',(-167.8911820665,332.49909855248,
    4.749107397763));
#3408 = CARTESIAN_POINT('',(-166.393333786,333.47105447436,
    3.050466758613));
#3409 = CARTESIAN_POINT('',(-164.4676284133,334.30252555086,
    1.662745173555));
#3410 = CARTESIAN_POINT('',(-162.3010865056,334.95952850709,
    0.731233119187));
#3411 = CARTESIAN_POINT('',(-160.0943951023,335.32949419906,
    0.174499773258));
#3412 = CARTESIAN_POINT('',(-158.,335.74889412594,0.308425493871));
#3413 = CARTESIAN_POINT('',(-170.,328.,12.));
#3414 = CARTESIAN_POINT('',(-170.,329.41873847803,10.441538596961));
#3415 = CARTESIAN_POINT('',(-169.6689114739,330.74678306337,
    8.637390237158));
#3416 = CARTESIAN_POINT('',(-169.0059903147,332.12839674269,
    6.876708848203));
#3417 = CARTESIAN_POINT('',(-167.9747879649,333.46353630651,
    5.13291263559));
#3418 = CARTESIAN_POINT('',(-166.4895525979,334.69839102595,
    3.49102214804));
#3419 = CARTESIAN_POINT('',(-164.5368093771,335.72544997642,
    2.149425277013));
#3420 = CARTESIAN_POINT('',(-162.3291605733,336.46556742264,
    1.258104457871));
#3421 = CARTESIAN_POINT('',(-160.0943951023,336.83791346469,
    0.778812428982));
#3422 = CARTESIAN_POINT('',(-157.9999999999,337.04259247835,
    0.92527363972));
#3423 = CARTESIAN_POINT('',(-170.,328.,12.));
#3424 = CARTESIAN_POINT('',(-170.,329.49950824797,10.500491752025));
#3425 = CARTESIAN_POINT('',(-169.6742544711,331.09375704445,
    8.906242955547));
#3426 = CARTESIAN_POINT('',(-169.0219697182,332.70045652308,
    7.299543476928));
#3427 = CARTESIAN_POINT('',(-168.0026565978,334.28085314374,
    5.719146856231));
#3428 = CARTESIAN_POINT('',(-166.5216255352,335.75971642305,
    4.240283576976));
#3429 = CARTESIAN_POINT('',(-164.5598696984,336.97220690343,
    3.027793096532));
#3430 = CARTESIAN_POINT('',(-162.3385185959,337.79372311476,
    2.206276885241));
#3431 = CARTESIAN_POINT('',(-160.0943951023,338.19970955456,
    1.80029044544));
#3432 = CARTESIAN_POINT('',(-158.,338.17481144818,1.825188551828));
#3433 = CARTESIAN_POINT('',(-170.,328.,12.));
#3434 = CARTESIAN_POINT('',(-170.,329.55846140303,10.581261521963));
#3435 = CARTESIAN_POINT('',(-169.6689114739,331.36260976283,
    9.253216936619));
#3436 = CARTESIAN_POINT('',(-169.0059903147,333.12329115181,
    7.87160325731));
#3437 = CARTESIAN_POINT('',(-167.9747879649,334.86708736438,
    6.536463693463));
#3438 = CARTESIAN_POINT('',(-166.4895525979,336.50897785199,
    5.301608974064));
#3439 = CARTESIAN_POINT('',(-164.5368093771,337.85057472296,
    4.274550023538));
#3440 = CARTESIAN_POINT('',(-162.3291605733,338.74189554214,
    3.534432577345));
#3441 = CARTESIAN_POINT('',(-160.0943951023,339.22118757101,
    3.162086535275));
#3442 = CARTESIAN_POINT('',(-157.9999999999,339.07472636026,
    2.957407521608));
#3443 = CARTESIAN_POINT('',(-170.,328.,12.));
#3444 = CARTESIAN_POINT('',(-170.,329.64459533556,10.732845299119));
#3445 = CARTESIAN_POINT('',(-169.6528824825,331.58940993864,
    9.685726274782));
#3446 = CARTESIAN_POINT('',(-168.9580521041,333.43654246385,
    8.563623359772));
#3447 = CARTESIAN_POINT('',(-167.8911820665,335.2508926022,
    7.500901447505));
#3448 = CARTESIAN_POINT('',(-166.393333786,336.94953324142,
    6.528945525662));
#3449 = CARTESIAN_POINT('',(-164.4676284133,338.33725482641,
    5.697474449116));
#3450 = CARTESIAN_POINT('',(-162.3010865056,339.26876688082,
    5.040471492919));
#3451 = CARTESIAN_POINT('',(-160.0943951023,339.82550022673,
    4.670505800953));
#3452 = CARTESIAN_POINT('',(-158.,339.69157450612,4.251105874072));
#3453 = CARTESIAN_POINT('',(-170.,328.,12.));
#3454 = CARTESIAN_POINT('',(-170.,329.99926238126,11.196595419186));
#3455 = CARTESIAN_POINT('',(-169.6261674966,332.01211020751,
    10.393190834621));
#3456 = CARTESIAN_POINT('',(-168.8781550865,333.97754218488,
    9.601321351216));
#3457 = CARTESIAN_POINT('',(-167.7518389025,335.83220152952,
    8.832521910619));
#3458 = CARTESIAN_POINT('',(-166.2329690996,337.49424551951,
    8.097379225813));
#3459 = CARTESIAN_POINT('',(-164.3523268068,338.81006859479,
    7.404581434176));
#3460 = CARTESIAN_POINT('',(-162.2542963928,339.67054437026,
    6.760167834333));
#3461 = CARTESIAN_POINT('',(-160.0943951023,340.05454153718,
    6.167158455884));
#3462 = CARTESIAN_POINT('',(-158.,340.,5.62555326287));
#3463 = CARTESIAN_POINT('',(-170.,328.,12.));
#3464 = CARTESIAN_POINT('',(-170.,330.09439510239,11.444444444444));
#3465 = CARTESIAN_POINT('',(-169.5887665165,332.18879023479,
    10.888888888888));
#3466 = CARTESIAN_POINT('',(-168.7662992619,334.19090455795,
    10.333333333333));
#3467 = CARTESIAN_POINT('',(-167.5567584729,336.00845853853,
    9.777777777775));
#3468 = CARTESIAN_POINT('',(-166.0084585385,337.55675847297,
    9.222222222222));
#3469 = CARTESIAN_POINT('',(-164.1909045579,338.76629926186,
    8.666666666664));
#3470 = CARTESIAN_POINT('',(-162.1887902348,339.58876651655,
    8.111111111109));
#3471 = CARTESIAN_POINT('',(-160.0943951023,340.,7.555555555553));
#3472 = CARTESIAN_POINT('',(-158.,340.,6.999999999997));
#3473 = DEFINITIONAL_REPRESENTATION('',(#3474),#3568);
#3474 = B_SPLINE_CURVE_WITH_KNOTS('',8,(#3475,#3476,#3477,#3478,#3479,
    #3480,#3481,#3482,#3483,#3484,#3485,#3486,#3487,#3488,#3489,#3490,
    #3491,#3492,#3493,#3494,#3495,#3496,#3497,#3498,#3499,#3500,#3501,
    #3502,#3503,#3504,#3505,#3506,#3507,#3508,#3509,#3510,#3511,#3512,
    #3513,#3514,#3515,#3516,#3517,#3518,#3519,#3520,#3521,#3522,#3523,
    #3524,#3525,#3526,#3527,#3528,#3529,#3530,#3531,#3532,#3533,#3534,
    #3535,#3536,#3537,#3538,#3539,#3540,#3541,#3542,#3543,#3544,#3545,
    #3546,#3547,#3548,#3549,#3550,#3551,#3552,#3553,#3554,#3555,#3556,
    #3557,#3558,#3559,#3560,#3561,#3562,#3563,#3564,#3565,#3566,#3567),
  .UNSPECIFIED.,.F.,.F.,(9,7,7,7,7,7,7,7,7,7,7,7,7,9),(0.,
    8.432924187093E-03,3.209336820689E-02,4.988756420386E-02,
    0.163683318298,0.34147065621,0.50001436552,0.65818329016,
    0.837080945231,0.913413035383,0.947890095514,0.977939654911,
    0.99076811024,1.),.UNSPECIFIED.);
#3475 = CARTESIAN_POINT('',(1.,0.709771038274));
#3476 = CARTESIAN_POINT('',(0.99739682017,0.709550614109));
#3477 = CARTESIAN_POINT('',(0.995010599744,0.709358148658));
#3478 = CARTESIAN_POINT('',(0.992773013878,0.709184676637));
#3479 = CARTESIAN_POINT('',(0.990651196421,0.709025879453));
#3480 = CARTESIAN_POINT('',(0.988627049887,0.708879386848));
#3481 = CARTESIAN_POINT('',(0.986685577232,0.708743256853));
#3482 = CARTESIAN_POINT('',(0.984812235431,0.708615634037));
#3483 = CARTESIAN_POINT('',(0.97791274786,0.708158764798));
#3484 = CARTESIAN_POINT('',(0.973304472294,0.707881458198));
#3485 = CARTESIAN_POINT('',(0.968980677154,0.707639015493));
#3486 = CARTESIAN_POINT('',(0.964883109516,0.707424098821));
#3487 = CARTESIAN_POINT('',(0.960967501625,0.707231156998));
#3488 = CARTESIAN_POINT('',(0.95719334865,0.707055142526));
#3489 = CARTESIAN_POINT('',(0.95354432844,0.706894137015));
#3490 = CARTESIAN_POINT('',(0.947332083744,0.706633803206));
#3491 = CARTESIAN_POINT('',(0.944724813798,0.706529138687));
#3492 = CARTESIAN_POINT('',(0.942169435484,0.706430656323));
#3493 = CARTESIAN_POINT('',(0.939660020311,0.706337640353));
#3494 = CARTESIAN_POINT('',(0.937191822588,0.70624952204));
#3495 = CARTESIAN_POINT('',(0.934760977467,0.706165842149));
#3496 = CARTESIAN_POINT('',(0.932364198983,0.706086213429));
#3497 = CARTESIAN_POINT('',(0.914869444326,0.705524700565));
#3498 = CARTESIAN_POINT('',(0.901013443504,0.705190408747));
#3499 = CARTESIAN_POINT('',(0.88768385297,0.704920695488));
#3500 = CARTESIAN_POINT('',(0.874814519768,0.704710716051));
#3501 = CARTESIAN_POINT('',(0.862164583971,0.704533566066));
#3502 = CARTESIAN_POINT('',(0.849704342368,0.704388143077));
#3503 = CARTESIAN_POINT('',(0.837333048461,0.704264559689));
#3504 = CARTESIAN_POINT('',(0.805727109995,0.703994279481));
#3505 = CARTESIAN_POINT('',(0.786555087472,0.703873422107));
#3506 = CARTESIAN_POINT('',(0.767262867508,0.703778643157));
#3507 = CARTESIAN_POINT('',(0.747716223021,0.703701174572));
#3508 = CARTESIAN_POINT('',(0.727804081104,0.703634673531));
#3509 = CARTESIAN_POINT('',(0.707426128835,0.703574387775));
#3510 = CARTESIAN_POINT('',(0.686505016127,0.70351822524));
#3511 = CARTESIAN_POINT('',(0.645819316746,0.703419044999));
#3512 = CARTESIAN_POINT('',(0.626173853347,0.703375262369));
#3513 = CARTESIAN_POINT('',(0.606043685757,0.703334335359));
#3514 = CARTESIAN_POINT('',(0.585436605886,0.703297177155));
#3515 = CARTESIAN_POINT('',(0.564400427287,0.703266320121));
#3516 = CARTESIAN_POINT('',(0.543040873737,0.703244663527));
#3517 = CARTESIAN_POINT('',(0.521518293855,0.703233865366));
#3518 = CARTESIAN_POINT('',(0.478529021349,0.703233866927));
#3519 = CARTESIAN_POINT('',(0.457057341501,0.703244615804));
#3520 = CARTESIAN_POINT('',(0.435747540472,0.703266170921));
#3521 = CARTESIAN_POINT('',(0.414758828216,0.703296891482));
#3522 = CARTESIAN_POINT('',(0.394196452917,0.703333903329));
#3523 = CARTESIAN_POINT('',(0.374108313075,0.703374688823));
#3524 = CARTESIAN_POINT('',(0.354502511275,0.703418328479));
#3525 = CARTESIAN_POINT('',(0.313711689371,0.703517621404));
#3526 = CARTESIAN_POINT('',(0.292655589286,0.703574098371));
#3527 = CARTESIAN_POINT('',(0.272150069252,0.703634730681));
#3528 = CARTESIAN_POINT('',(0.252116390254,0.703701630503));
#3529 = CARTESIAN_POINT('',(0.232452182113,0.703779656704));
#3530 = CARTESIAN_POINT('',(0.213044247492,0.703875282921));
#3531 = CARTESIAN_POINT('',(0.193755738112,0.703997455417));
#3532 = CARTESIAN_POINT('',(0.166086195266,0.704235881481));
#3533 = CARTESIAN_POINT('',(0.157792413577,0.704315388154));
#3534 = CARTESIAN_POINT('',(0.149463270553,0.704404452792));
#3535 = CARTESIAN_POINT('',(0.14107753072,0.704504976299));
#3536 = CARTESIAN_POINT('',(0.132611121718,0.704619191334));
#3537 = CARTESIAN_POINT('',(0.124034572914,0.704749947115));
#3538 = CARTESIAN_POINT('',(0.115306261359,0.704901490288));
#3539 = CARTESIAN_POINT('',(0.102321351947,0.705161704781));
#3540 = CARTESIAN_POINT('',(9.823724113821E-02,0.705248307531));
#3541 = CARTESIAN_POINT('',(9.410263949327E-02,0.705341252082));
#3542 = CARTESIAN_POINT('',(8.991066581648E-02,0.705441286346));
#3543 = CARTESIAN_POINT('',(8.565304661698E-02,0.705549325814));
#3544 = CARTESIAN_POINT('',(8.131911185392E-02,0.705666575187));
#3545 = CARTESIAN_POINT('',(7.689479068188E-02,0.705794650004));
#3546 = CARTESIAN_POINT('',(6.841056943707E-02,0.706058633291));
#3547 = CARTESIAN_POINT('',(6.437662446374E-02,0.706191475571));
#3548 = CARTESIAN_POINT('',(6.024834027742E-02,0.706335522336));
#3549 = CARTESIAN_POINT('',(5.600765024311E-02,0.706492912936));
#3550 = CARTESIAN_POINT('',(5.163423075307E-02,0.706666071574));
#3551 = CARTESIAN_POINT('',(4.71023628206E-02,0.706858095875));
#3552 = CARTESIAN_POINT('',(4.23702776041E-02,0.707074091309));
#3553 = CARTESIAN_POINT('',(3.522389637915E-02,0.707429905789));
#3554 = CARTESIAN_POINT('',(3.303545010329E-02,0.707542454719));
#3555 = CARTESIAN_POINT('',(3.079077090456E-02,0.707661818138));
#3556 = CARTESIAN_POINT('',(2.848189811584E-02,0.707788987708));
#3557 = CARTESIAN_POINT('',(2.609953111726E-02,0.707925130616));
#3558 = CARTESIAN_POINT('',(2.36319319716E-02,0.708071729066));
#3559 = CARTESIAN_POINT('',(2.106198611001E-02,0.708230955514));
#3560 = CARTESIAN_POINT('',(1.641970183698E-02,0.70853245707));
#3561 = CARTESIAN_POINT('',(1.441106854564E-02,0.708666880287));
#3562 = CARTESIAN_POINT('',(1.232417886056E-02,0.708811071789));
#3563 = CARTESIAN_POINT('',(1.014805695225E-02,0.708966402741));
#3564 = CARTESIAN_POINT('',(7.861386303488E-03,0.709135630774));
#3565 = CARTESIAN_POINT('',(5.439843723017E-03,0.709321940273));
#3566 = CARTESIAN_POINT('',(2.850335920657E-03,0.709529686175));
#3567 = CARTESIAN_POINT('',(0.,0.709771038274));
#3568 = ( GEOMETRIC_REPRESENTATION_CONTEXT(2) 
PARAMETRIC_REPRESENTATION_CONTEXT() REPRESENTATION_CONTEXT('2D SPACE',''
  ) );
#3569 = ORIENTED_EDGE('',*,*,#3570,.T.);
#3570 = EDGE_CURVE('',#3186,#3571,#3573,.T.);
#3571 = VERTEX_POINT('',#3572);
#3572 = CARTESIAN_POINT('',(-162.,336.06225774829,100.84203173517));
#3573 = SURFACE_CURVE('',#3574,(#3578,#3584),.PCURVE_S1.);
#3574 = LINE('',#3575,#3576);
#3575 = CARTESIAN_POINT('',(-162.,336.06225774829,6.999999999997));
#3576 = VECTOR('',#3577,1.);
#3577 = DIRECTION('',(0.,0.,1.));
#3578 = PCURVE('',#98,#3579);
#3579 = DEFINITIONAL_REPRESENTATION('',(#3580),#3583);
#3580 = B_SPLINE_CURVE_WITH_KNOTS('',1,(#3581,#3582),.UNSPECIFIED.,.F.,
  .F.,(2,2),(-5.999997725326E-07,93.842032335176),
  .PIECEWISE_BEZIER_KNOTS.);
#3581 = CARTESIAN_POINT('',(136.93023642448,-160.8142572581));
#3582 = CARTESIAN_POINT('',(136.93023642448,-66.97222432296));
#3583 = ( GEOMETRIC_REPRESENTATION_CONTEXT(2) 
PARAMETRIC_REPRESENTATION_CONTEXT() REPRESENTATION_CONTEXT('2D SPACE',''
  ) );
#3584 = PCURVE('',#3585,#3590);
#3585 = CYLINDRICAL_SURFACE('',#3586,9.);
#3586 = AXIS2_PLACEMENT_3D('',#3587,#3588,#3589);
#3587 = CARTESIAN_POINT('',(-158.,328.,6.999999999997));
#3588 = DIRECTION('',(0.,0.,1.));
#3589 = DIRECTION('',(-1.,0.,0.));
#3590 = DEFINITIONAL_REPRESENTATION('',(#3591),#3594);
#3591 = B_SPLINE_CURVE_WITH_KNOTS('',1,(#3592,#3593),.UNSPECIFIED.,.F.,
  .F.,(2,2),(-5.999997725326E-07,93.842032335176),
  .PIECEWISE_BEZIER_KNOTS.);
#3592 = CARTESIAN_POINT('',(-1.110242335114,-5.999997725326E-07));
#3593 = CARTESIAN_POINT('',(-1.110242335114,93.842032335176));
#3594 = ( GEOMETRIC_REPRESENTATION_CONTEXT(2) 
PARAMETRIC_REPRESENTATION_CONTEXT() REPRESENTATION_CONTEXT('2D SPACE',''
  ) );
#3595 = ORIENTED_EDGE('',*,*,#3596,.T.);
#3596 = EDGE_CURVE('',#3571,#3597,#3599,.T.);
#3597 = VERTEX_POINT('',#3598);
#3598 = CARTESIAN_POINT('',(-162.,320.47714322863,121.17967180251));
#3599 = SURFACE_CURVE('',#3600,(#3605,#3612),.PCURVE_S1.);
#3600 = CIRCLE('',#3601,21.062257748299);
#3601 = AXIS2_PLACEMENT_3D('',#3602,#3603,#3604);
#3602 = CARTESIAN_POINT('',(-162.,315.,100.84203173517));
#3603 = DIRECTION('',(1.,0.,0.));
#3604 = DIRECTION('',(-0.,1.,0.));
#3605 = PCURVE('',#98,#3606);
#3606 = DEFINITIONAL_REPRESENTATION('',(#3607),#3611);
#3607 = CIRCLE('',#3608,21.062257748299);
#3608 = AXIS2_PLACEMENT_2D('',#3609,#3610);
#3609 = CARTESIAN_POINT('',(115.86797867618,-66.97222492296));
#3610 = DIRECTION('',(1.,0.));
#3611 = ( GEOMETRIC_REPRESENTATION_CONTEXT(2) 
PARAMETRIC_REPRESENTATION_CONTEXT() REPRESENTATION_CONTEXT('2D SPACE',''
  ) );
#3612 = PCURVE('',#3613,#3618);
#3613 = TOROIDAL_SURFACE('',#3614,13.,9.);
#3614 = AXIS2_PLACEMENT_3D('',#3615,#3616,#3617);
#3615 = CARTESIAN_POINT('',(-158.,315.,100.84203173517));
#3616 = DIRECTION('',(1.,0.,0.));
#3617 = DIRECTION('',(-0.,1.,0.));
#3618 = DEFINITIONAL_REPRESENTATION('',(#3619),#3623);
#3619 = LINE('',#3620,#3621);
#3620 = CARTESIAN_POINT('',(0.,5.822631315498));
#3621 = VECTOR('',#3622,1.);
#3622 = DIRECTION('',(1.,0.));
#3623 = ( GEOMETRIC_REPRESENTATION_CONTEXT(2) 
PARAMETRIC_REPRESENTATION_CONTEXT() REPRESENTATION_CONTEXT('2D SPACE',''
  ) );
#3624 = ORIENTED_EDGE('',*,*,#3625,.T.);
#3625 = EDGE_CURVE('',#3597,#1924,#3626,.T.);
#3626 = SURFACE_CURVE('',#3627,(#3631,#3637),.PCURVE_S1.);
#3627 = LINE('',#3628,#3629);
#3628 = CARTESIAN_POINT('',(-162.,320.47714322863,121.17967180251));
#3629 = VECTOR('',#3630,1.);
#3630 = DIRECTION('',(0.,-0.965596390966,0.26004539941));
#3631 = PCURVE('',#98,#3632);
#3632 = DEFINITIONAL_REPRESENTATION('',(#3633),#3636);
#3633 = B_SPLINE_CURVE_WITH_KNOTS('',1,(#3634,#3635),.UNSPECIFIED.,.F.,
  .F.,(2,2),(-5.999998971638E-07,34.05771444474),
  .PIECEWISE_BEZIER_KNOTS.);
#3634 = CARTESIAN_POINT('',(121.34512248417,-46.63458501164));
#3635 = CARTESIAN_POINT('',(88.459115752439,-37.77803289984));
#3636 = ( GEOMETRIC_REPRESENTATION_CONTEXT(2) 
PARAMETRIC_REPRESENTATION_CONTEXT() REPRESENTATION_CONTEXT('2D SPACE',''
  ) );
#3637 = PCURVE('',#1962,#3638);
#3638 = DEFINITIONAL_REPRESENTATION('',(#3639),#3642);
#3639 = B_SPLINE_CURVE_WITH_KNOTS('',1,(#3640,#3641),.UNSPECIFIED.,.F.,
  .F.,(2,2),(-5.999998971638E-07,34.05771444474),
  .PIECEWISE_BEZIER_KNOTS.);
#3640 = CARTESIAN_POINT('',(-1.110242335114,-5.999999153714E-07));
#3641 = CARTESIAN_POINT('',(-1.110242335114,34.05771444474));
#3642 = ( GEOMETRIC_REPRESENTATION_CONTEXT(2) 
PARAMETRIC_REPRESENTATION_CONTEXT() REPRESENTATION_CONTEXT('2D SPACE',''
  ) );
#3643 = ORIENTED_EDGE('',*,*,#1923,.F.);
#3644 = ORIENTED_EDGE('',*,*,#3645,.F.);
#3645 = EDGE_CURVE('',#3646,#1896,#3648,.T.);
#3646 = VERTEX_POINT('',#3647);
#3647 = CARTESIAN_POINT('',(-162.,257.,113.));
#3648 = SURFACE_CURVE('',#3649,(#3653,#3659),.PCURVE_S1.);
#3649 = LINE('',#3650,#3651);
#3650 = CARTESIAN_POINT('',(-162.,257.,140.40712832906));
#3651 = VECTOR('',#3652,1.);
#3652 = DIRECTION('',(0.,-0.,1.));
#3653 = PCURVE('',#98,#3654);
#3654 = DEFINITIONAL_REPRESENTATION('',(#3655),#3658);
#3655 = B_SPLINE_CURVE_WITH_KNOTS('',1,(#3656,#3657),.UNSPECIFIED.,.F.,
  .F.,(2,2),(-27.40712832906,-15.40712832906),.PIECEWISE_BEZIER_KNOTS.);
#3656 = CARTESIAN_POINT('',(57.867978676182,-54.81425665813));
#3657 = CARTESIAN_POINT('',(57.867978676182,-42.81425665813));
#3658 = ( GEOMETRIC_REPRESENTATION_CONTEXT(2) 
PARAMETRIC_REPRESENTATION_CONTEXT() REPRESENTATION_CONTEXT('2D SPACE',''
  ) );
#3659 = PCURVE('',#1911,#3660);
#3660 = DEFINITIONAL_REPRESENTATION('',(#3661),#3664);
#3661 = B_SPLINE_CURVE_WITH_KNOTS('',1,(#3662,#3663),.UNSPECIFIED.,.F.,
  .F.,(2,2),(-27.40712832906,-15.40712832906),.PIECEWISE_BEZIER_KNOTS.);
#3662 = CARTESIAN_POINT('',(0.,5.5));
#3663 = CARTESIAN_POINT('',(12.,5.5));
#3664 = ( GEOMETRIC_REPRESENTATION_CONTEXT(2) 
PARAMETRIC_REPRESENTATION_CONTEXT() REPRESENTATION_CONTEXT('2D SPACE',''
  ) );
#3665 = ORIENTED_EDGE('',*,*,#3666,.T.);
#3666 = EDGE_CURVE('',#3646,#3667,#3669,.T.);
#3667 = VERTEX_POINT('',#3668);
#3668 = CARTESIAN_POINT('',(-162.,250.79999999998,113.));
#3669 = SURFACE_CURVE('',#3670,(#3674,#3680),.PCURVE_S1.);
#3670 = LINE('',#3671,#3672);
#3671 = CARTESIAN_POINT('',(-162.,221.0660106619,113.));
#3672 = VECTOR('',#3673,1.);
#3673 = DIRECTION('',(0.,-1.,0.));
#3674 = PCURVE('',#98,#3675);
#3675 = DEFINITIONAL_REPRESENTATION('',(#3676),#3679);
#3676 = B_SPLINE_CURVE_WITH_KNOTS('',1,(#3677,#3678),.UNSPECIFIED.,.F.,
  .F.,(2,2),(-35.93398933809,-21.93398933809),.PIECEWISE_BEZIER_KNOTS.);
#3677 = CARTESIAN_POINT('',(57.867978676182,-54.81425665813));
#3678 = CARTESIAN_POINT('',(43.867978676182,-54.81425665813));
#3679 = ( GEOMETRIC_REPRESENTATION_CONTEXT(2) 
PARAMETRIC_REPRESENTATION_CONTEXT() REPRESENTATION_CONTEXT('2D SPACE',''
  ) );
#3680 = PCURVE('',#3681,#3686);
#3681 = PLANE('',#3682);
#3682 = AXIS2_PLACEMENT_3D('',#3683,#3684,#3685);
#3683 = CARTESIAN_POINT('',(-167.5,243.,113.));
#3684 = DIRECTION('',(0.,0.,1.));
#3685 = DIRECTION('',(1.,0.,-0.));
#3686 = DEFINITIONAL_REPRESENTATION('',(#3687),#3690);
#3687 = B_SPLINE_CURVE_WITH_KNOTS('',1,(#3688,#3689),.UNSPECIFIED.,.F.,
  .F.,(2,2),(-35.93398933809,-21.93398933809),.PIECEWISE_BEZIER_KNOTS.);
#3688 = CARTESIAN_POINT('',(5.5,14.));
#3689 = CARTESIAN_POINT('',(5.5,0.));
#3690 = ( GEOMETRIC_REPRESENTATION_CONTEXT(2) 
PARAMETRIC_REPRESENTATION_CONTEXT() REPRESENTATION_CONTEXT('2D SPACE',''
  ) );
#3691 = ORIENTED_EDGE('',*,*,#3692,.F.);
#3692 = EDGE_CURVE('',#3693,#3667,#3695,.T.);
#3693 = VERTEX_POINT('',#3694);
#3694 = CARTESIAN_POINT('',(-162.,250.8,112.));
#3695 = SURFACE_CURVE('',#3696,(#3700,#3706),.PCURVE_S1.);
#3696 = LINE('',#3697,#3698);
#3697 = CARTESIAN_POINT('',(-162.,250.8,112.));
#3698 = VECTOR('',#3699,1.);
#3699 = DIRECTION('',(0.,0.,1.));
#3700 = PCURVE('',#98,#3701);
#3701 = DEFINITIONAL_REPRESENTATION('',(#3702),#3705);
#3702 = B_SPLINE_CURVE_WITH_KNOTS('',1,(#3703,#3704),.UNSPECIFIED.,.F.,
  .F.,(2,2),(-6.000000070117E-07,14.0000006),.PIECEWISE_BEZIER_KNOTS.);
#3703 = CARTESIAN_POINT('',(51.667978676182,-55.81425725813));
#3704 = CARTESIAN_POINT('',(51.667978676182,-41.81425605813));
#3705 = ( GEOMETRIC_REPRESENTATION_CONTEXT(2) 
PARAMETRIC_REPRESENTATION_CONTEXT() REPRESENTATION_CONTEXT('2D SPACE',''
  ) );
#3706 = PCURVE('',#2694,#3707);
#3707 = DEFINITIONAL_REPRESENTATION('',(#3708),#3711);
#3708 = B_SPLINE_CURVE_WITH_KNOTS('',1,(#3709,#3710),.UNSPECIFIED.,.F.,
  .F.,(2,2),(-6.000000070117E-07,14.0000006),.PIECEWISE_BEZIER_KNOTS.);
#3709 = CARTESIAN_POINT('',(2.651635327336,-6.000000070117E-07));
#3710 = CARTESIAN_POINT('',(2.651635327336,14.0000006));
#3711 = ( GEOMETRIC_REPRESENTATION_CONTEXT(2) 
PARAMETRIC_REPRESENTATION_CONTEXT() REPRESENTATION_CONTEXT('2D SPACE',''
  ) );
#3712 = ORIENTED_EDGE('',*,*,#3713,.T.);
#3713 = EDGE_CURVE('',#3693,#3714,#3716,.T.);
#3714 = VERTEX_POINT('',#3715);
#3715 = CARTESIAN_POINT('',(-162.,249.2,112.));
#3716 = SURFACE_CURVE('',#3717,(#3721,#3727),.PCURVE_S1.);
#3717 = LINE('',#3718,#3719);
#3718 = CARTESIAN_POINT('',(-162.,224.5660106619,112.));
#3719 = VECTOR('',#3720,1.);
#3720 = DIRECTION('',(0.,-1.,0.));
#3721 = PCURVE('',#98,#3722);
#3722 = DEFINITIONAL_REPRESENTATION('',(#3723),#3726);
#3723 = B_SPLINE_CURVE_WITH_KNOTS('',1,(#3724,#3725),.UNSPECIFIED.,.F.,
  .F.,(2,2),(-27.13398933809,-23.73398933809),.PIECEWISE_BEZIER_KNOTS.);
#3724 = CARTESIAN_POINT('',(52.567978676182,-55.81425665813));
#3725 = CARTESIAN_POINT('',(49.167978676182,-55.81425665813));
#3726 = ( GEOMETRIC_REPRESENTATION_CONTEXT(2) 
PARAMETRIC_REPRESENTATION_CONTEXT() REPRESENTATION_CONTEXT('2D SPACE',''
  ) );
#3727 = PCURVE('',#3728,#3733);
#3728 = PLANE('',#3729);
#3729 = AXIS2_PLACEMENT_3D('',#3730,#3731,#3732);
#3730 = CARTESIAN_POINT('',(-160.5,250.,112.));
#3731 = DIRECTION('',(0.,0.,1.));
#3732 = DIRECTION('',(1.,0.,-0.));
#3733 = DEFINITIONAL_REPRESENTATION('',(#3734),#3737);
#3734 = B_SPLINE_CURVE_WITH_KNOTS('',1,(#3735,#3736),.UNSPECIFIED.,.F.,
  .F.,(2,2),(-27.13398933809,-23.73398933809),.PIECEWISE_BEZIER_KNOTS.);
#3735 = CARTESIAN_POINT('',(-1.5,1.7));
#3736 = CARTESIAN_POINT('',(-1.5,-1.7));
#3737 = ( GEOMETRIC_REPRESENTATION_CONTEXT(2) 
PARAMETRIC_REPRESENTATION_CONTEXT() REPRESENTATION_CONTEXT('2D SPACE',''
  ) );
#3738 = ORIENTED_EDGE('',*,*,#3739,.T.);
#3739 = EDGE_CURVE('',#3714,#3740,#3742,.T.);
#3740 = VERTEX_POINT('',#3741);
#3741 = CARTESIAN_POINT('',(-162.,249.20000000001,113.));
#3742 = SURFACE_CURVE('',#3743,(#3747,#3753),.PCURVE_S1.);
#3743 = LINE('',#3744,#3745);
#3744 = CARTESIAN_POINT('',(-162.,249.2,112.));
#3745 = VECTOR('',#3746,1.);
#3746 = DIRECTION('',(0.,0.,1.));
#3747 = PCURVE('',#98,#3748);
#3748 = DEFINITIONAL_REPRESENTATION('',(#3749),#3752);
#3749 = B_SPLINE_CURVE_WITH_KNOTS('',1,(#3750,#3751),.UNSPECIFIED.,.F.,
  .F.,(2,2),(-6.000000070117E-07,14.0000006),.PIECEWISE_BEZIER_KNOTS.);
#3750 = CARTESIAN_POINT('',(50.067978676182,-55.81425725813));
#3751 = CARTESIAN_POINT('',(50.067978676182,-41.81425605813));
#3752 = ( GEOMETRIC_REPRESENTATION_CONTEXT(2) 
PARAMETRIC_REPRESENTATION_CONTEXT() REPRESENTATION_CONTEXT('2D SPACE',''
  ) );
#3753 = PCURVE('',#2694,#3754);
#3754 = DEFINITIONAL_REPRESENTATION('',(#3755),#3758);
#3755 = B_SPLINE_CURVE_WITH_KNOTS('',1,(#3756,#3757),.UNSPECIFIED.,.F.,
  .F.,(2,2),(-6.000000070117E-07,14.0000006),.PIECEWISE_BEZIER_KNOTS.);
#3756 = CARTESIAN_POINT('',(3.631549979844,-6.000000070117E-07));
#3757 = CARTESIAN_POINT('',(3.631549979844,14.0000006));
#3758 = ( GEOMETRIC_REPRESENTATION_CONTEXT(2) 
PARAMETRIC_REPRESENTATION_CONTEXT() REPRESENTATION_CONTEXT('2D SPACE',''
  ) );
#3759 = ORIENTED_EDGE('',*,*,#3760,.T.);
#3760 = EDGE_CURVE('',#3740,#3761,#3763,.T.);
#3761 = VERTEX_POINT('',#3762);
#3762 = CARTESIAN_POINT('',(-162.,243.,113.));
#3763 = SURFACE_CURVE('',#3764,(#3768,#3774),.PCURVE_S1.);
#3764 = LINE('',#3765,#3766);
#3765 = CARTESIAN_POINT('',(-162.,221.0660106619,113.));
#3766 = VECTOR('',#3767,1.);
#3767 = DIRECTION('',(0.,-1.,0.));
#3768 = PCURVE('',#98,#3769);
#3769 = DEFINITIONAL_REPRESENTATION('',(#3770),#3773);
#3770 = B_SPLINE_CURVE_WITH_KNOTS('',1,(#3771,#3772),.UNSPECIFIED.,.F.,
  .F.,(2,2),(-35.93398933809,-21.93398933809),.PIECEWISE_BEZIER_KNOTS.);
#3771 = CARTESIAN_POINT('',(57.867978676182,-54.81425665813));
#3772 = CARTESIAN_POINT('',(43.867978676182,-54.81425665813));
#3773 = ( GEOMETRIC_REPRESENTATION_CONTEXT(2) 
PARAMETRIC_REPRESENTATION_CONTEXT() REPRESENTATION_CONTEXT('2D SPACE',''
  ) );
#3774 = PCURVE('',#3681,#3775);
#3775 = DEFINITIONAL_REPRESENTATION('',(#3776),#3779);
#3776 = B_SPLINE_CURVE_WITH_KNOTS('',1,(#3777,#3778),.UNSPECIFIED.,.F.,
  .F.,(2,2),(-35.93398933809,-21.93398933809),.PIECEWISE_BEZIER_KNOTS.);
#3777 = CARTESIAN_POINT('',(5.5,14.));
#3778 = CARTESIAN_POINT('',(5.5,0.));
#3779 = ( GEOMETRIC_REPRESENTATION_CONTEXT(2) 
PARAMETRIC_REPRESENTATION_CONTEXT() REPRESENTATION_CONTEXT('2D SPACE',''
  ) );
#3780 = ORIENTED_EDGE('',*,*,#3781,.T.);
#3781 = EDGE_CURVE('',#3761,#1818,#3782,.T.);
#3782 = SURFACE_CURVE('',#3783,(#3787,#3793),.PCURVE_S1.);
#3783 = LINE('',#3784,#3785);
#3784 = CARTESIAN_POINT('',(-162.,243.,140.40712832906));
#3785 = VECTOR('',#3786,1.);
#3786 = DIRECTION('',(0.,-0.,1.));
#3787 = PCURVE('',#98,#3788);
#3788 = DEFINITIONAL_REPRESENTATION('',(#3789),#3792);
#3789 = B_SPLINE_CURVE_WITH_KNOTS('',1,(#3790,#3791),.UNSPECIFIED.,.F.,
  .F.,(2,2),(-27.40712832906,-15.40712832906),.PIECEWISE_BEZIER_KNOTS.);
#3790 = CARTESIAN_POINT('',(43.867978676182,-54.81425665813));
#3791 = CARTESIAN_POINT('',(43.867978676182,-42.81425665813));
#3792 = ( GEOMETRIC_REPRESENTATION_CONTEXT(2) 
PARAMETRIC_REPRESENTATION_CONTEXT() REPRESENTATION_CONTEXT('2D SPACE',''
  ) );
#3793 = PCURVE('',#1855,#3794);
#3794 = DEFINITIONAL_REPRESENTATION('',(#3795),#3798);
#3795 = B_SPLINE_CURVE_WITH_KNOTS('',1,(#3796,#3797),.UNSPECIFIED.,.F.,
  .F.,(2,2),(-27.40712832906,-15.40712832906),.PIECEWISE_BEZIER_KNOTS.);
#3796 = CARTESIAN_POINT('',(0.,5.5));
#3797 = CARTESIAN_POINT('',(12.,5.5));
#3798 = ( GEOMETRIC_REPRESENTATION_CONTEXT(2) 
PARAMETRIC_REPRESENTATION_CONTEXT() REPRESENTATION_CONTEXT('2D SPACE',''
  ) );
#3799 = ADVANCED_FACE('',(#3800),#1333,.T.);
#3800 = FACE_BOUND('',#3801,.T.);
#3801 = EDGE_LOOP('',(#3802,#3803,#3804,#3832));
#3802 = ORIENTED_EDGE('',*,*,#1317,.T.);
#3803 = ORIENTED_EDGE('',*,*,#2802,.T.);
#3804 = ORIENTED_EDGE('',*,*,#3805,.T.);
#3805 = EDGE_CURVE('',#2803,#3806,#3808,.T.);
#3806 = VERTEX_POINT('',#3807);
#3807 = CARTESIAN_POINT('',(-165.2,333.,-4.440892098501E-16));
#3808 = SURFACE_CURVE('',#3809,(#3813,#3820),.PCURVE_S1.);
#3809 = LINE('',#3810,#3811);
#3810 = CARTESIAN_POINT('',(-170.,333.,-1.477928890381E-12));
#3811 = VECTOR('',#3812,1.);
#3812 = DIRECTION('',(1.,0.,0.));
#3813 = PCURVE('',#1333,#3814);
#3814 = DEFINITIONAL_REPRESENTATION('',(#3815),#3819);
#3815 = LINE('',#3816,#3817);
#3816 = CARTESIAN_POINT('',(307.20166911292,-4.));
#3817 = VECTOR('',#3818,1.);
#3818 = DIRECTION('',(0.,1.));
#3819 = ( GEOMETRIC_REPRESENTATION_CONTEXT(2) 
PARAMETRIC_REPRESENTATION_CONTEXT() REPRESENTATION_CONTEXT('2D SPACE',''
  ) );
#3820 = PCURVE('',#3821,#3826);
#3821 = CYLINDRICAL_SURFACE('',#3822,7.);
#3822 = AXIS2_PLACEMENT_3D('',#3823,#3824,#3825);
#3823 = CARTESIAN_POINT('',(-166.,333.,6.999999999997));
#3824 = DIRECTION('',(1.,0.,0.));
#3825 = DIRECTION('',(0.,1.,0.));
#3826 = DEFINITIONAL_REPRESENTATION('',(#3827),#3831);
#3827 = LINE('',#3828,#3829);
#3828 = CARTESIAN_POINT('',(4.712388980385,-4.));
#3829 = VECTOR('',#3830,1.);
#3830 = DIRECTION('',(-0.,1.));
#3831 = ( GEOMETRIC_REPRESENTATION_CONTEXT(2) 
PARAMETRIC_REPRESENTATION_CONTEXT() REPRESENTATION_CONTEXT('2D SPACE',''
  ) );
#3832 = ORIENTED_EDGE('',*,*,#3833,.F.);
#3833 = EDGE_CURVE('',#1289,#3806,#3834,.T.);
#3834 = SURFACE_CURVE('',#3835,(#3839,#3846),.PCURVE_S1.);
#3835 = LINE('',#3836,#3837);
#3836 = CARTESIAN_POINT('',(-165.2,25.798330887078,-4.440892098501E-16)
  );
#3837 = VECTOR('',#3838,1.);
#3838 = DIRECTION('',(0.,1.,0.));
#3839 = PCURVE('',#1333,#3840);
#3840 = DEFINITIONAL_REPRESENTATION('',(#3841),#3845);
#3841 = LINE('',#3842,#3843);
#3842 = CARTESIAN_POINT('',(0.,0.8));
#3843 = VECTOR('',#3844,1.);
#3844 = DIRECTION('',(1.,0.));
#3845 = ( GEOMETRIC_REPRESENTATION_CONTEXT(2) 
PARAMETRIC_REPRESENTATION_CONTEXT() REPRESENTATION_CONTEXT('2D SPACE',''
  ) );
#3846 = PCURVE('',#1305,#3847);
#3847 = DEFINITIONAL_REPRESENTATION('',(#3848),#3852);
#3848 = LINE('',#3849,#3850);
#3849 = CARTESIAN_POINT('',(-0.,0.));
#3850 = VECTOR('',#3851,1.);
#3851 = DIRECTION('',(-0.,1.));
#3852 = ( GEOMETRIC_REPRESENTATION_CONTEXT(2) 
PARAMETRIC_REPRESENTATION_CONTEXT() REPRESENTATION_CONTEXT('2D SPACE',''
  ) );
#3853 = ADVANCED_FACE('',(#3854),#125,.T.);
#3854 = FACE_BOUND('',#3855,.T.);
#3855 = EDGE_LOOP('',(#3856,#3879,#3880,#3881));
#3856 = ORIENTED_EDGE('',*,*,#3857,.F.);
#3857 = EDGE_CURVE('',#2853,#3858,#3860,.T.);
#3858 = VERTEX_POINT('',#3859);
#3859 = CARTESIAN_POINT('',(-153.5,202.,117.));
#3860 = SURFACE_CURVE('',#3861,(#3865,#3872),.PCURVE_S1.);
#3861 = LINE('',#3862,#3863);
#3862 = CARTESIAN_POINT('',(-167.5,202.,117.));
#3863 = VECTOR('',#3864,1.);
#3864 = DIRECTION('',(1.,0.,-0.));
#3865 = PCURVE('',#125,#3866);
#3866 = DEFINITIONAL_REPRESENTATION('',(#3867),#3871);
#3867 = LINE('',#3868,#3869);
#3868 = CARTESIAN_POINT('',(0.,12.));
#3869 = VECTOR('',#3870,1.);
#3870 = DIRECTION('',(1.,0.));
#3871 = ( GEOMETRIC_REPRESENTATION_CONTEXT(2) 
PARAMETRIC_REPRESENTATION_CONTEXT() REPRESENTATION_CONTEXT('2D SPACE',''
  ) );
#3872 = PCURVE('',#2888,#3873);
#3873 = DEFINITIONAL_REPRESENTATION('',(#3874),#3878);
#3874 = LINE('',#3875,#3876);
#3875 = CARTESIAN_POINT('',(14.,0.));
#3876 = VECTOR('',#3877,1.);
#3877 = DIRECTION('',(0.,1.));
#3878 = ( GEOMETRIC_REPRESENTATION_CONTEXT(2) 
PARAMETRIC_REPRESENTATION_CONTEXT() REPRESENTATION_CONTEXT('2D SPACE',''
  ) );
#3879 = ORIENTED_EDGE('',*,*,#2852,.T.);
#3880 = ORIENTED_EDGE('',*,*,#109,.T.);
#3881 = ORIENTED_EDGE('',*,*,#3882,.T.);
#3882 = EDGE_CURVE('',#110,#3858,#3883,.T.);
#3883 = SURFACE_CURVE('',#3884,(#3888,#3895),.PCURVE_S1.);
#3884 = LINE('',#3885,#3886);
#3885 = CARTESIAN_POINT('',(-153.5,190.,117.));
#3886 = VECTOR('',#3887,1.);
#3887 = DIRECTION('',(-0.,1.,0.));
#3888 = PCURVE('',#125,#3889);
#3889 = DEFINITIONAL_REPRESENTATION('',(#3890),#3894);
#3890 = LINE('',#3891,#3892);
#3891 = CARTESIAN_POINT('',(14.,0.));
#3892 = VECTOR('',#3893,1.);
#3893 = DIRECTION('',(0.,1.));
#3894 = ( GEOMETRIC_REPRESENTATION_CONTEXT(2) 
PARAMETRIC_REPRESENTATION_CONTEXT() REPRESENTATION_CONTEXT('2D SPACE',''
  ) );
#3895 = PCURVE('',#153,#3896);
#3896 = DEFINITIONAL_REPRESENTATION('',(#3897),#3901);
#3897 = LINE('',#3898,#3899);
#3898 = CARTESIAN_POINT('',(14.,0.));
#3899 = VECTOR('',#3900,1.);
#3900 = DIRECTION('',(0.,-1.));
#3901 = ( GEOMETRIC_REPRESENTATION_CONTEXT(2) 
PARAMETRIC_REPRESENTATION_CONTEXT() REPRESENTATION_CONTEXT('2D SPACE',''
  ) );
#3902 = ADVANCED_FACE('',(#3903),#1305,.T.);
#3903 = FACE_BOUND('',#3904,.F.);
#3904 = EDGE_LOOP('',(#3905,#3906,#3907,#3928,#4060));
#3905 = ORIENTED_EDGE('',*,*,#3833,.F.);
#3906 = ORIENTED_EDGE('',*,*,#1288,.F.);
#3907 = ORIENTED_EDGE('',*,*,#3908,.T.);
#3908 = EDGE_CURVE('',#1260,#3909,#3911,.T.);
#3909 = VERTEX_POINT('',#3910);
#3910 = CARTESIAN_POINT('',(-162.852787233,331.67480776834,
    1.025007534167));
#3911 = SURFACE_CURVE('',#3912,(#3916,#3922),.PCURVE_S1.);
#3912 = LINE('',#3913,#3914);
#3913 = CARTESIAN_POINT('',(-162.8527871265,26.357745378172,
    1.025007649017));
#3914 = VECTOR('',#3915,1.);
#3915 = DIRECTION('',(0.,1.,0.));
#3916 = PCURVE('',#1305,#3917);
#3917 = DEFINITIONAL_REPRESENTATION('',(#3918),#3921);
#3918 = B_SPLINE_CURVE_WITH_KNOTS('',1,(#3919,#3920),.UNSPECIFIED.,.F.,
  .F.,(2,2),(-6.000000567496E-07,306.64225522182),
  .PIECEWISE_BEZIER_KNOTS.);
#3919 = CARTESIAN_POINT('',(-0.823463073534,0.559413891094));
#3920 = CARTESIAN_POINT('',(-0.823463073534,307.20166971292));
#3921 = ( GEOMETRIC_REPRESENTATION_CONTEXT(2) 
PARAMETRIC_REPRESENTATION_CONTEXT() REPRESENTATION_CONTEXT('2D SPACE',''
  ) );
#3922 = PCURVE('',#1276,#3923);
#3923 = DEFINITIONAL_REPRESENTATION('',(#3924),#3927);
#3924 = B_SPLINE_CURVE_WITH_KNOTS('',1,(#3925,#3926),.UNSPECIFIED.,.F.,
  .F.,(2,2),(-6.000000567496E-07,306.64225522182),
  .PIECEWISE_BEZIER_KNOTS.);
#3925 = CARTESIAN_POINT('',(-1.154474801624,-6.000000567496E-07));
#3926 = CARTESIAN_POINT('',(-1.154474801624,306.64225522182));
#3927 = ( GEOMETRIC_REPRESENTATION_CONTEXT(2) 
PARAMETRIC_REPRESENTATION_CONTEXT() REPRESENTATION_CONTEXT('2D SPACE',''
  ) );
#3928 = ORIENTED_EDGE('',*,*,#3929,.T.);
#3929 = EDGE_CURVE('',#3909,#3930,#3932,.T.);
#3930 = VERTEX_POINT('',#3931);
#3931 = CARTESIAN_POINT('',(-162.7991445573,333.,1.084369327264));
#3932 = SURFACE_CURVE('',#3933,(#3943,#3956),.PCURVE_S1.);
#3933 = B_SPLINE_CURVE_WITH_KNOTS('',8,(#3934,#3935,#3936,#3937,#3938,
    #3939,#3940,#3941,#3942),.UNSPECIFIED.,.F.,.F.,(9,9),(0.,1.),
  .PIECEWISE_BEZIER_KNOTS.);
#3934 = CARTESIAN_POINT('',(-162.8527871265,331.67480742706,
    1.025007649016));
#3935 = CARTESIAN_POINT('',(-162.8587011234,331.84061529644,
    1.018625369268));
#3936 = CARTESIAN_POINT('',(-162.8596074404,332.00661844838,
    1.017686931258));
#3937 = CARTESIAN_POINT('',(-162.8565987055,332.17265600564,
    1.020896012001));
#3938 = CARTESIAN_POINT('',(-162.8502730704,332.33859756445,
    1.02766774421));
#3939 = CARTESIAN_POINT('',(-162.8410856816,332.50435242554,
    1.037582454262));
#3940 = CARTESIAN_POINT('',(-162.8293466114,332.66987052097,
    1.050418266549));
#3941 = CARTESIAN_POINT('',(-162.8152992194,332.83514243605,
    1.066036384261));
#3942 = CARTESIAN_POINT('',(-162.7991249211,333.0002004,1.084391610918)
  );
#3943 = PCURVE('',#1305,#3944);
#3944 = DEFINITIONAL_REPRESENTATION('',(#3945),#3955);
#3945 = B_SPLINE_CURVE_WITH_KNOTS('',8,(#3946,#3947,#3948,#3949,#3950,
    #3951,#3952,#3953,#3954),.UNSPECIFIED.,.F.,.F.,(9,9),(0.,1.),
  .PIECEWISE_BEZIER_KNOTS.);
#3946 = CARTESIAN_POINT('',(-0.823463073534,305.87647653998));
#3947 = CARTESIAN_POINT('',(-0.820743984941,306.04228440936));
#3948 = CARTESIAN_POINT('',(-0.820336371171,306.2082875613));
#3949 = CARTESIAN_POINT('',(-0.821710998434,306.37432511856));
#3950 = CARTESIAN_POINT('',(-0.824606870391,306.54026667737));
#3951 = CARTESIAN_POINT('',(-0.828830838646,306.70602153846));
#3952 = CARTESIAN_POINT('',(-0.834266333437,306.87153963389));
#3953 = CARTESIAN_POINT('',(-0.840830388443,307.03681154897));
#3954 = CARTESIAN_POINT('',(-0.848475611823,307.20186951292));
#3955 = ( GEOMETRIC_REPRESENTATION_CONTEXT(2) 
PARAMETRIC_REPRESENTATION_CONTEXT() REPRESENTATION_CONTEXT('2D SPACE',''
  ) );
#3956 = PCURVE('',#3957,#4048);
#3957 = B_SPLINE_SURFACE_WITH_KNOTS('',8,9,(
    (#3958,#3959,#3960,#3961,#3962,#3963,#3964,#3965,#3966,#3967)
    ,(#3968,#3969,#3970,#3971,#3972,#3973,#3974,#3975,#3976,#3977)
    ,(#3978,#3979,#3980,#3981,#3982,#3983,#3984,#3985,#3986,#3987)
    ,(#3988,#3989,#3990,#3991,#3992,#3993,#3994,#3995,#3996,#3997)
    ,(#3998,#3999,#4000,#4001,#4002,#4003,#4004,#4005,#4006,#4007)
    ,(#4008,#4009,#4010,#4011,#4012,#4013,#4014,#4015,#4016,#4017)
    ,(#4018,#4019,#4020,#4021,#4022,#4023,#4024,#4025,#4026,#4027)
    ,(#4028,#4029,#4030,#4031,#4032,#4033,#4034,#4035,#4036,#4037)
    ,(#4038,#4039,#4040,#4041,#4042,#4043,#4044,#4045,#4046,#4047
  )),.UNSPECIFIED.,.F.,.F.,.F.,(9,9),(10,10),(0.,1.),(0.,1.),
  .PIECEWISE_BEZIER_KNOTS.);
#3958 = CARTESIAN_POINT('',(-170.,328.,12.));
#3959 = CARTESIAN_POINT('',(-170.,328.55555555555,9.905604897606));
#3960 = CARTESIAN_POINT('',(-169.5887665165,329.11111111111,7.8112097652
    ));
#3961 = CARTESIAN_POINT('',(-168.7662992618,329.66666666666,
    5.809095442069));
#3962 = CARTESIAN_POINT('',(-167.5567584729,330.22222222222,
    3.991541461427));
#3963 = CARTESIAN_POINT('',(-166.0084585385,330.77777777779,
    2.443241527071));
#3964 = CARTESIAN_POINT('',(-164.1909045579,331.33333333332,
    1.233700738105));
#3965 = CARTESIAN_POINT('',(-162.1887902348,331.88888888889,
    0.411233483465));
#3966 = CARTESIAN_POINT('',(-160.0943951023,332.44444444444,
    -1.811726489799E-12));
#3967 = CARTESIAN_POINT('',(-158.,333.,-1.819877581966E-12));
#3968 = CARTESIAN_POINT('',(-170.,328.,12.));
#3969 = CARTESIAN_POINT('',(-170.,328.80340458081,10.000737618739));
#3970 = CARTESIAN_POINT('',(-169.6261674966,329.60680916537,
    7.987889792475));
#3971 = CARTESIAN_POINT('',(-168.8781550865,330.39867864877,
    6.022457815141));
#3972 = CARTESIAN_POINT('',(-167.7518389025,331.16747808936,
    4.167798470435));
#3973 = CARTESIAN_POINT('',(-166.2329690996,331.90262077419,
    2.505754480531));
#3974 = CARTESIAN_POINT('',(-164.3523268068,332.5954185658,
    1.189931405175));
#3975 = CARTESIAN_POINT('',(-162.2542963928,333.23983216566,
    0.32945562976));
#3976 = CARTESIAN_POINT('',(-160.0943951023,333.8328415441,
    -5.45415371888E-02));
#3977 = CARTESIAN_POINT('',(-158.,334.37444673711,-1.819877581966E-12));
#3978 = CARTESIAN_POINT('',(-170.,328.,12.));
#3979 = CARTESIAN_POINT('',(-170.,329.26715470087,10.355404664431));
#3980 = CARTESIAN_POINT('',(-169.6528824825,330.31427372522,
    8.410590061346));
#3981 = CARTESIAN_POINT('',(-168.9580521041,331.43637664023,
    6.563457536156));
#3982 = CARTESIAN_POINT('',(-167.8911820665,332.49909855248,
    4.749107397763));
#3983 = CARTESIAN_POINT('',(-166.393333786,333.47105447436,
    3.050466758613));
#3984 = CARTESIAN_POINT('',(-164.4676284133,334.30252555086,
    1.662745173555));
#3985 = CARTESIAN_POINT('',(-162.3010865056,334.95952850709,
    0.731233119187));
#3986 = CARTESIAN_POINT('',(-160.0943951023,335.32949419906,
    0.174499773258));
#3987 = CARTESIAN_POINT('',(-158.,335.74889412594,0.308425493871));
#3988 = CARTESIAN_POINT('',(-170.,328.,12.));
#3989 = CARTESIAN_POINT('',(-170.,329.41873847803,10.441538596961));
#3990 = CARTESIAN_POINT('',(-169.6689114739,330.74678306337,
    8.637390237158));
#3991 = CARTESIAN_POINT('',(-169.0059903147,332.12839674269,
    6.876708848203));
#3992 = CARTESIAN_POINT('',(-167.9747879649,333.46353630651,
    5.13291263559));
#3993 = CARTESIAN_POINT('',(-166.4895525979,334.69839102595,
    3.49102214804));
#3994 = CARTESIAN_POINT('',(-164.5368093771,335.72544997642,
    2.149425277013));
#3995 = CARTESIAN_POINT('',(-162.3291605733,336.46556742264,
    1.258104457871));
#3996 = CARTESIAN_POINT('',(-160.0943951023,336.83791346469,
    0.778812428982));
#3997 = CARTESIAN_POINT('',(-157.9999999999,337.04259247835,
    0.92527363972));
#3998 = CARTESIAN_POINT('',(-170.,328.,12.));
#3999 = CARTESIAN_POINT('',(-170.,329.49950824797,10.500491752025));
#4000 = CARTESIAN_POINT('',(-169.6742544711,331.09375704445,
    8.906242955547));
#4001 = CARTESIAN_POINT('',(-169.0219697182,332.70045652308,
    7.299543476928));
#4002 = CARTESIAN_POINT('',(-168.0026565978,334.28085314374,
    5.719146856231));
#4003 = CARTESIAN_POINT('',(-166.5216255352,335.75971642305,
    4.240283576976));
#4004 = CARTESIAN_POINT('',(-164.5598696984,336.97220690343,
    3.027793096532));
#4005 = CARTESIAN_POINT('',(-162.3385185959,337.79372311476,
    2.206276885241));
#4006 = CARTESIAN_POINT('',(-160.0943951023,338.19970955456,
    1.80029044544));
#4007 = CARTESIAN_POINT('',(-158.,338.17481144818,1.825188551828));
#4008 = CARTESIAN_POINT('',(-170.,328.,12.));
#4009 = CARTESIAN_POINT('',(-170.,329.55846140303,10.581261521963));
#4010 = CARTESIAN_POINT('',(-169.6689114739,331.36260976283,
    9.253216936619));
#4011 = CARTESIAN_POINT('',(-169.0059903147,333.12329115181,
    7.87160325731));
#4012 = CARTESIAN_POINT('',(-167.9747879649,334.86708736438,
    6.536463693463));
#4013 = CARTESIAN_POINT('',(-166.4895525979,336.50897785199,
    5.301608974064));
#4014 = CARTESIAN_POINT('',(-164.5368093771,337.85057472296,
    4.274550023538));
#4015 = CARTESIAN_POINT('',(-162.3291605733,338.74189554214,
    3.534432577345));
#4016 = CARTESIAN_POINT('',(-160.0943951023,339.22118757101,
    3.162086535275));
#4017 = CARTESIAN_POINT('',(-157.9999999999,339.07472636026,
    2.957407521608));
#4018 = CARTESIAN_POINT('',(-170.,328.,12.));
#4019 = CARTESIAN_POINT('',(-170.,329.64459533556,10.732845299119));
#4020 = CARTESIAN_POINT('',(-169.6528824825,331.58940993864,
    9.685726274782));
#4021 = CARTESIAN_POINT('',(-168.9580521041,333.43654246385,
    8.563623359772));
#4022 = CARTESIAN_POINT('',(-167.8911820665,335.2508926022,
    7.500901447505));
#4023 = CARTESIAN_POINT('',(-166.393333786,336.94953324142,
    6.528945525662));
#4024 = CARTESIAN_POINT('',(-164.4676284133,338.33725482641,
    5.697474449116));
#4025 = CARTESIAN_POINT('',(-162.3010865056,339.26876688082,
    5.040471492919));
#4026 = CARTESIAN_POINT('',(-160.0943951023,339.82550022673,
    4.670505800953));
#4027 = CARTESIAN_POINT('',(-158.,339.69157450612,4.251105874072));
#4028 = CARTESIAN_POINT('',(-170.,328.,12.));
#4029 = CARTESIAN_POINT('',(-170.,329.99926238126,11.196595419186));
#4030 = CARTESIAN_POINT('',(-169.6261674966,332.01211020751,
    10.393190834621));
#4031 = CARTESIAN_POINT('',(-168.8781550865,333.97754218488,
    9.601321351216));
#4032 = CARTESIAN_POINT('',(-167.7518389025,335.83220152952,
    8.832521910619));
#4033 = CARTESIAN_POINT('',(-166.2329690996,337.49424551951,
    8.097379225813));
#4034 = CARTESIAN_POINT('',(-164.3523268068,338.81006859479,
    7.404581434176));
#4035 = CARTESIAN_POINT('',(-162.2542963928,339.67054437026,
    6.760167834333));
#4036 = CARTESIAN_POINT('',(-160.0943951023,340.05454153718,
    6.167158455884));
#4037 = CARTESIAN_POINT('',(-158.,340.,5.62555326287));
#4038 = CARTESIAN_POINT('',(-170.,328.,12.));
#4039 = CARTESIAN_POINT('',(-170.,330.09439510239,11.444444444444));
#4040 = CARTESIAN_POINT('',(-169.5887665165,332.18879023479,
    10.888888888888));
#4041 = CARTESIAN_POINT('',(-168.7662992619,334.19090455795,
    10.333333333333));
#4042 = CARTESIAN_POINT('',(-167.5567584729,336.00845853853,
    9.777777777775));
#4043 = CARTESIAN_POINT('',(-166.0084585385,337.55675847297,
    9.222222222222));
#4044 = CARTESIAN_POINT('',(-164.1909045579,338.76629926186,
    8.666666666664));
#4045 = CARTESIAN_POINT('',(-162.1887902348,339.58876651655,
    8.111111111109));
#4046 = CARTESIAN_POINT('',(-160.0943951023,340.,7.555555555553));
#4047 = CARTESIAN_POINT('',(-158.,340.,6.999999999997));
#4048 = DEFINITIONAL_REPRESENTATION('',(#4049),#4059);
#4049 = B_SPLINE_CURVE_WITH_KNOTS('',8,(#4050,#4051,#4052,#4053,#4054,
    #4055,#4056,#4057,#4058),.UNSPECIFIED.,.F.,.F.,(9,9),(0.,1.),
  .PIECEWISE_BEZIER_KNOTS.);
#4050 = CARTESIAN_POINT('',(0.,0.734961485412));
#4051 = CARTESIAN_POINT('',(1.60033640551E-02,0.73535848275));
#4052 = CARTESIAN_POINT('',(3.13889278783E-02,0.735986844953));
#4053 = CARTESIAN_POINT('',(4.633690538214E-02,0.7367924568));
#4054 = CARTESIAN_POINT('',(6.09429826401E-02,0.737743885542));
#4055 = CARTESIAN_POINT('',(7.527949624469E-02,0.738820968858));
#4056 = CARTESIAN_POINT('',(8.940416199752E-02,0.740005205749));
#4057 = CARTESIAN_POINT('',(0.103361787936,0.741287145699));
#4058 = CARTESIAN_POINT('',(0.117195604658,0.74265679128));
#4059 = ( GEOMETRIC_REPRESENTATION_CONTEXT(2) 
PARAMETRIC_REPRESENTATION_CONTEXT() REPRESENTATION_CONTEXT('2D SPACE',''
  ) );
#4060 = ORIENTED_EDGE('',*,*,#4061,.F.);
#4061 = EDGE_CURVE('',#3806,#3930,#4062,.T.);
#4062 = SURFACE_CURVE('',#4063,(#4068,#4074),.PCURVE_S1.);
#4063 = CIRCLE('',#4064,3.2);
#4064 = AXIS2_PLACEMENT_3D('',#4065,#4066,#4067);
#4065 = CARTESIAN_POINT('',(-165.2,333.,3.2));
#4066 = DIRECTION('',(0.,-1.,-0.));
#4067 = DIRECTION('',(0.,0.,-1.));
#4068 = PCURVE('',#1305,#4069);
#4069 = DEFINITIONAL_REPRESENTATION('',(#4070),#4073);
#4070 = B_SPLINE_CURVE_WITH_KNOTS('',1,(#4071,#4072),.UNSPECIFIED.,.F.,
  .F.,(2,2),(0.,1.570796326795),.PIECEWISE_BEZIER_KNOTS.);
#4071 = CARTESIAN_POINT('',(0.,307.20166911292));
#4072 = CARTESIAN_POINT('',(-1.570796326795,307.20166911292));
#4073 = ( GEOMETRIC_REPRESENTATION_CONTEXT(2) 
PARAMETRIC_REPRESENTATION_CONTEXT() REPRESENTATION_CONTEXT('2D SPACE',''
  ) );
#4074 = PCURVE('',#4075,#4080);
#4075 = TOROIDAL_SURFACE('',#4076,3.8,3.2);
#4076 = AXIS2_PLACEMENT_3D('',#4077,#4078,#4079);
#4077 = CARTESIAN_POINT('',(-165.2,333.,6.999999999997));
#4078 = DIRECTION('',(1.,0.,0.));
#4079 = DIRECTION('',(0.,0.,-1.));
#4080 = DEFINITIONAL_REPRESENTATION('',(#4081),#4084);
#4081 = B_SPLINE_CURVE_WITH_KNOTS('',1,(#4082,#4083),.UNSPECIFIED.,.F.,
  .F.,(2,2),(0.,1.570796326795),.PIECEWISE_BEZIER_KNOTS.);
#4082 = CARTESIAN_POINT('',(0.,0.));
#4083 = CARTESIAN_POINT('',(0.,1.570796326795));
#4084 = ( GEOMETRIC_REPRESENTATION_CONTEXT(2) 
PARAMETRIC_REPRESENTATION_CONTEXT() REPRESENTATION_CONTEXT('2D SPACE',''
  ) );
#4085 = ADVANCED_FACE('',(#4086),#153,.T.);
#4086 = FACE_BOUND('',#4087,.T.);
#4087 = EDGE_LOOP('',(#4088,#4089,#4112,#4133));
#4088 = ORIENTED_EDGE('',*,*,#137,.F.);
#4089 = ORIENTED_EDGE('',*,*,#4090,.T.);
#4090 = EDGE_CURVE('',#138,#4091,#4093,.T.);
#4091 = VERTEX_POINT('',#4092);
#4092 = CARTESIAN_POINT('',(-153.5,202.,103.));
#4093 = SURFACE_CURVE('',#4094,(#4098,#4105),.PCURVE_S1.);
#4094 = LINE('',#4095,#4096);
#4095 = CARTESIAN_POINT('',(-153.5,190.,103.));
#4096 = VECTOR('',#4097,1.);
#4097 = DIRECTION('',(-0.,1.,0.));
#4098 = PCURVE('',#153,#4099);
#4099 = DEFINITIONAL_REPRESENTATION('',(#4100),#4104);
#4100 = LINE('',#4101,#4102);
#4101 = CARTESIAN_POINT('',(0.,0.));
#4102 = VECTOR('',#4103,1.);
#4103 = DIRECTION('',(0.,-1.));
#4104 = ( GEOMETRIC_REPRESENTATION_CONTEXT(2) 
PARAMETRIC_REPRESENTATION_CONTEXT() REPRESENTATION_CONTEXT('2D SPACE',''
  ) );
#4105 = PCURVE('',#181,#4106);
#4106 = DEFINITIONAL_REPRESENTATION('',(#4107),#4111);
#4107 = LINE('',#4108,#4109);
#4108 = CARTESIAN_POINT('',(14.,0.));
#4109 = VECTOR('',#4110,1.);
#4110 = DIRECTION('',(0.,1.));
#4111 = ( GEOMETRIC_REPRESENTATION_CONTEXT(2) 
PARAMETRIC_REPRESENTATION_CONTEXT() REPRESENTATION_CONTEXT('2D SPACE',''
  ) );
#4112 = ORIENTED_EDGE('',*,*,#4113,.T.);
#4113 = EDGE_CURVE('',#4091,#3858,#4114,.T.);
#4114 = SURFACE_CURVE('',#4115,(#4119,#4126),.PCURVE_S1.);
#4115 = LINE('',#4116,#4117);
#4116 = CARTESIAN_POINT('',(-153.5,202.,103.));
#4117 = VECTOR('',#4118,1.);
#4118 = DIRECTION('',(0.,0.,1.));
#4119 = PCURVE('',#153,#4120);
#4120 = DEFINITIONAL_REPRESENTATION('',(#4121),#4125);
#4121 = LINE('',#4122,#4123);
#4122 = CARTESIAN_POINT('',(0.,-12.));
#4123 = VECTOR('',#4124,1.);
#4124 = DIRECTION('',(1.,0.));
#4125 = ( GEOMETRIC_REPRESENTATION_CONTEXT(2) 
PARAMETRIC_REPRESENTATION_CONTEXT() REPRESENTATION_CONTEXT('2D SPACE',''
  ) );
#4126 = PCURVE('',#2888,#4127);
#4127 = DEFINITIONAL_REPRESENTATION('',(#4128),#4132);
#4128 = LINE('',#4129,#4130);
#4129 = CARTESIAN_POINT('',(0.,14.));
#4130 = VECTOR('',#4131,1.);
#4131 = DIRECTION('',(1.,0.));
#4132 = ( GEOMETRIC_REPRESENTATION_CONTEXT(2) 
PARAMETRIC_REPRESENTATION_CONTEXT() REPRESENTATION_CONTEXT('2D SPACE',''
  ) );
#4133 = ORIENTED_EDGE('',*,*,#3882,.F.);
#4134 = ADVANCED_FACE('',(#4135),#1276,.T.);
#4135 = FACE_BOUND('',#4136,.F.);
#4136 = EDGE_LOOP('',(#4137,#4138,#4139,#4162));
#4137 = ORIENTED_EDGE('',*,*,#3908,.F.);
#4138 = ORIENTED_EDGE('',*,*,#1259,.F.);
#4139 = ORIENTED_EDGE('',*,*,#4140,.T.);
#4140 = EDGE_CURVE('',#1233,#4141,#4143,.T.);
#4141 = VERTEX_POINT('',#4142);
#4142 = CARTESIAN_POINT('',(-158.,333.,-2.291500322826E-13));
#4143 = SURFACE_CURVE('',#4144,(#4148,#4155),.PCURVE_S1.);
#4144 = LINE('',#4145,#4146);
#4145 = CARTESIAN_POINT('',(-158.,26.357745378172,-2.291500322826E-13));
#4146 = VECTOR('',#4147,1.);
#4147 = DIRECTION('',(0.,1.,0.));
#4148 = PCURVE('',#1276,#4149);
#4149 = DEFINITIONAL_REPRESENTATION('',(#4150),#4154);
#4150 = LINE('',#4151,#4152);
#4151 = CARTESIAN_POINT('',(-1.570796326795,0.));
#4152 = VECTOR('',#4153,1.);
#4153 = DIRECTION('',(-0.,1.));
#4154 = ( GEOMETRIC_REPRESENTATION_CONTEXT(2) 
PARAMETRIC_REPRESENTATION_CONTEXT() REPRESENTATION_CONTEXT('2D SPACE',''
  ) );
#4155 = PCURVE('',#1248,#4156);
#4156 = DEFINITIONAL_REPRESENTATION('',(#4157),#4161);
#4157 = LINE('',#4158,#4159);
#4158 = CARTESIAN_POINT('',(0.,-158.));
#4159 = VECTOR('',#4160,1.);
#4160 = DIRECTION('',(1.,0.));
#4161 = ( GEOMETRIC_REPRESENTATION_CONTEXT(2) 
PARAMETRIC_REPRESENTATION_CONTEXT() REPRESENTATION_CONTEXT('2D SPACE',''
  ) );
#4162 = ORIENTED_EDGE('',*,*,#4163,.F.);
#4163 = EDGE_CURVE('',#3909,#4141,#4164,.T.);
#4164 = SURFACE_CURVE('',#4165,(#4173,#4185),.PCURVE_S1.);
#4165 = B_SPLINE_CURVE_WITH_KNOTS('',6,(#4166,#4167,#4168,#4169,#4170,
    #4171,#4172),.UNSPECIFIED.,.F.,.F.,(7,7),(0.,1.),
  .PIECEWISE_BEZIER_KNOTS.);
#4166 = CARTESIAN_POINT('',(-170.,328.,12.));
#4167 = CARTESIAN_POINT('',(-170.,328.83333333333,8.85840734641));
#4168 = CARTESIAN_POINT('',(-169.0132677677,329.66666666666,
    5.717081991538));
#4169 = CARTESIAN_POINT('',(-167.0382817956,330.5,2.961718204318));
#4170 = CARTESIAN_POINT('',(-164.2829180084,331.33333333333,
    0.986732232243));
#4171 = CARTESIAN_POINT('',(-161.1415926535,332.16666666666,
    -2.202904525461E-13));
#4172 = CARTESIAN_POINT('',(-158.,333.,-2.291500322826E-13));
#4173 = PCURVE('',#1276,#4174);
#4174 = DEFINITIONAL_REPRESENTATION('',(#4175),#4184);
#4175 = B_SPLINE_CURVE_WITH_KNOTS('',7,(#4176,#4177,#4178,#4179,#4180,
    #4181,#4182,#4183),.UNSPECIFIED.,.F.,.F.,(8,8),(0.,1.),
  .PIECEWISE_BEZIER_KNOTS.);
#4176 = CARTESIAN_POINT('',(0.,301.64225462182));
#4177 = CARTESIAN_POINT('',(-0.224399475256,302.35654033611));
#4178 = CARTESIAN_POINT('',(-0.448781374538,303.07077010432));
#4179 = CARTESIAN_POINT('',(-0.673243282604,303.78525454843));
#4180 = CARTESIAN_POINT('',(-0.897553044191,304.49925469522));
#4181 = CARTESIAN_POINT('',(-1.122014952257,305.21373913932));
#4182 = CARTESIAN_POINT('',(-1.346396851538,305.92796890754));
#4183 = CARTESIAN_POINT('',(-1.570796326795,306.64225462182));
#4184 = ( GEOMETRIC_REPRESENTATION_CONTEXT(2) 
PARAMETRIC_REPRESENTATION_CONTEXT() REPRESENTATION_CONTEXT('2D SPACE',''
  ) );
#4185 = PCURVE('',#3957,#4186);
#4186 = DEFINITIONAL_REPRESENTATION('',(#4187),#4196);
#4187 = B_SPLINE_CURVE_WITH_KNOTS('',7,(#4188,#4189,#4190,#4191,#4192,
    #4193,#4194,#4195),.UNSPECIFIED.,.F.,.F.,(8,8),(0.,1.),
  .PIECEWISE_BEZIER_KNOTS.);
#4188 = CARTESIAN_POINT('',(0.,5.551115123126E-17));
#4189 = CARTESIAN_POINT('',(0.,0.142857142857));
#4190 = CARTESIAN_POINT('',(0.,0.285703096506));
#4191 = CARTESIAN_POINT('',(0.,0.428599985306));
#4192 = CARTESIAN_POINT('',(0.,0.571400014694));
#4193 = CARTESIAN_POINT('',(0.,0.714296903494));
#4194 = CARTESIAN_POINT('',(0.,0.857142857143));
#4195 = CARTESIAN_POINT('',(0.,1.));
#4196 = ( GEOMETRIC_REPRESENTATION_CONTEXT(2) 
PARAMETRIC_REPRESENTATION_CONTEXT() REPRESENTATION_CONTEXT('2D SPACE',''
  ) );
#4197 = ADVANCED_FACE('',(#4198),#181,.F.);
#4198 = FACE_BOUND('',#4199,.F.);
#4199 = EDGE_LOOP('',(#4200,#4221,#4222,#4223));
#4200 = ORIENTED_EDGE('',*,*,#4201,.F.);
#4201 = EDGE_CURVE('',#2968,#4091,#4202,.T.);
#4202 = SURFACE_CURVE('',#4203,(#4207,#4214),.PCURVE_S1.);
#4203 = LINE('',#4204,#4205);
#4204 = CARTESIAN_POINT('',(-167.5,202.,103.));
#4205 = VECTOR('',#4206,1.);
#4206 = DIRECTION('',(1.,0.,-0.));
#4207 = PCURVE('',#181,#4208);
#4208 = DEFINITIONAL_REPRESENTATION('',(#4209),#4213);
#4209 = LINE('',#4210,#4211);
#4210 = CARTESIAN_POINT('',(0.,12.));
#4211 = VECTOR('',#4212,1.);
#4212 = DIRECTION('',(1.,0.));
#4213 = ( GEOMETRIC_REPRESENTATION_CONTEXT(2) 
PARAMETRIC_REPRESENTATION_CONTEXT() REPRESENTATION_CONTEXT('2D SPACE',''
  ) );
#4214 = PCURVE('',#2888,#4215);
#4215 = DEFINITIONAL_REPRESENTATION('',(#4216),#4220);
#4216 = LINE('',#4217,#4218);
#4217 = CARTESIAN_POINT('',(0.,0.));
#4218 = VECTOR('',#4219,1.);
#4219 = DIRECTION('',(0.,1.));
#4220 = ( GEOMETRIC_REPRESENTATION_CONTEXT(2) 
PARAMETRIC_REPRESENTATION_CONTEXT() REPRESENTATION_CONTEXT('2D SPACE',''
  ) );
#4221 = ORIENTED_EDGE('',*,*,#2988,.T.);
#4222 = ORIENTED_EDGE('',*,*,#165,.T.);
#4223 = ORIENTED_EDGE('',*,*,#4090,.T.);
#4224 = ADVANCED_FACE('',(#4225),#1248,.T.);
#4225 = FACE_BOUND('',#4226,.T.);
#4226 = EDGE_LOOP('',(#4227,#4228,#4229,#4257));
#4227 = ORIENTED_EDGE('',*,*,#1232,.T.);
#4228 = ORIENTED_EDGE('',*,*,#4140,.T.);
#4229 = ORIENTED_EDGE('',*,*,#4230,.T.);
#4230 = EDGE_CURVE('',#4141,#4231,#4233,.T.);
#4231 = VERTEX_POINT('',#4232);
#4232 = CARTESIAN_POINT('',(158.,333.,-2.291500322826E-13));
#4233 = SURFACE_CURVE('',#4234,(#4238,#4245),.PCURVE_S1.);
#4234 = LINE('',#4235,#4236);
#4235 = CARTESIAN_POINT('',(-170.,333.,-1.477928890381E-12));
#4236 = VECTOR('',#4237,1.);
#4237 = DIRECTION('',(1.,0.,0.));
#4238 = PCURVE('',#1248,#4239);
#4239 = DEFINITIONAL_REPRESENTATION('',(#4240),#4244);
#4240 = LINE('',#4241,#4242);
#4241 = CARTESIAN_POINT('',(306.64225462182,-170.));
#4242 = VECTOR('',#4243,1.);
#4243 = DIRECTION('',(0.,1.));
#4244 = ( GEOMETRIC_REPRESENTATION_CONTEXT(2) 
PARAMETRIC_REPRESENTATION_CONTEXT() REPRESENTATION_CONTEXT('2D SPACE',''
  ) );
#4245 = PCURVE('',#4246,#4251);
#4246 = CYLINDRICAL_SURFACE('',#4247,7.);
#4247 = AXIS2_PLACEMENT_3D('',#4248,#4249,#4250);
#4248 = CARTESIAN_POINT('',(0.,333.,6.999999999997));
#4249 = DIRECTION('',(1.,0.,0.));
#4250 = DIRECTION('',(0.,1.,0.));
#4251 = DEFINITIONAL_REPRESENTATION('',(#4252),#4256);
#4252 = LINE('',#4253,#4254);
#4253 = CARTESIAN_POINT('',(4.712388980385,-170.));
#4254 = VECTOR('',#4255,1.);
#4255 = DIRECTION('',(-0.,1.));
#4256 = ( GEOMETRIC_REPRESENTATION_CONTEXT(2) 
PARAMETRIC_REPRESENTATION_CONTEXT() REPRESENTATION_CONTEXT('2D SPACE',''
  ) );
#4257 = ORIENTED_EDGE('',*,*,#4258,.F.);
#4258 = EDGE_CURVE('',#1204,#4231,#4259,.T.);
#4259 = SURFACE_CURVE('',#4260,(#4264,#4271),.PCURVE_S1.);
#4260 = LINE('',#4261,#4262);
#4261 = CARTESIAN_POINT('',(158.,26.357745378172,-2.291500322826E-13));
#4262 = VECTOR('',#4263,1.);
#4263 = DIRECTION('',(0.,1.,0.));
#4264 = PCURVE('',#1248,#4265);
#4265 = DEFINITIONAL_REPRESENTATION('',(#4266),#4270);
#4266 = LINE('',#4267,#4268);
#4267 = CARTESIAN_POINT('',(0.,158.));
#4268 = VECTOR('',#4269,1.);
#4269 = DIRECTION('',(1.,0.));
#4270 = ( GEOMETRIC_REPRESENTATION_CONTEXT(2) 
PARAMETRIC_REPRESENTATION_CONTEXT() REPRESENTATION_CONTEXT('2D SPACE',''
  ) );
#4271 = PCURVE('',#1220,#4272);
#4272 = DEFINITIONAL_REPRESENTATION('',(#4273),#4277);
#4273 = LINE('',#4274,#4275);
#4274 = CARTESIAN_POINT('',(-0.,0.));
#4275 = VECTOR('',#4276,1.);
#4276 = DIRECTION('',(-0.,1.));
#4277 = ( GEOMETRIC_REPRESENTATION_CONTEXT(2) 
PARAMETRIC_REPRESENTATION_CONTEXT() REPRESENTATION_CONTEXT('2D SPACE',''
  ) );
#4278 = ADVANCED_FACE('',(#4279),#1220,.T.);
#4279 = FACE_BOUND('',#4280,.F.);
#4280 = EDGE_LOOP('',(#4281,#4282,#4283,#4304));
#4281 = ORIENTED_EDGE('',*,*,#4258,.F.);
#4282 = ORIENTED_EDGE('',*,*,#1203,.F.);
#4283 = ORIENTED_EDGE('',*,*,#4284,.T.);
#4284 = EDGE_CURVE('',#1175,#4285,#4287,.T.);
#4285 = VERTEX_POINT('',#4286);
#4286 = CARTESIAN_POINT('',(162.852787233,331.67480776834,1.025007534167
    ));
#4287 = SURFACE_CURVE('',#4288,(#4292,#4298),.PCURVE_S1.);
#4288 = LINE('',#4289,#4290);
#4289 = CARTESIAN_POINT('',(162.85278712657,26.357745378172,
    1.025007649017));
#4290 = VECTOR('',#4291,1.);
#4291 = DIRECTION('',(0.,1.,0.));
#4292 = PCURVE('',#1220,#4293);
#4293 = DEFINITIONAL_REPRESENTATION('',(#4294),#4297);
#4294 = B_SPLINE_CURVE_WITH_KNOTS('',1,(#4295,#4296),.UNSPECIFIED.,.F.,
  .F.,(2,2),(-6.000000567496E-07,306.64225522182),
  .PIECEWISE_BEZIER_KNOTS.);
#4295 = CARTESIAN_POINT('',(-0.416321525171,-6.000000567496E-07));
#4296 = CARTESIAN_POINT('',(-0.416321525171,306.64225522182));
#4297 = ( GEOMETRIC_REPRESENTATION_CONTEXT(2) 
PARAMETRIC_REPRESENTATION_CONTEXT() REPRESENTATION_CONTEXT('2D SPACE',''
  ) );
#4298 = PCURVE('',#1191,#4299);
#4299 = DEFINITIONAL_REPRESENTATION('',(#4300),#4303);
#4300 = B_SPLINE_CURVE_WITH_KNOTS('',1,(#4301,#4302),.UNSPECIFIED.,.F.,
  .F.,(2,2),(-6.000000567496E-07,306.64225522182),
  .PIECEWISE_BEZIER_KNOTS.);
#4301 = CARTESIAN_POINT('',(0.823463073534,0.559413891094));
#4302 = CARTESIAN_POINT('',(0.823463073534,307.20166971292));
#4303 = ( GEOMETRIC_REPRESENTATION_CONTEXT(2) 
PARAMETRIC_REPRESENTATION_CONTEXT() REPRESENTATION_CONTEXT('2D SPACE',''
  ) );
#4304 = ORIENTED_EDGE('',*,*,#4305,.F.);
#4305 = EDGE_CURVE('',#4231,#4285,#4306,.T.);
#4306 = SURFACE_CURVE('',#4307,(#4315,#4327),.PCURVE_S1.);
#4307 = B_SPLINE_CURVE_WITH_KNOTS('',6,(#4308,#4309,#4310,#4311,#4312,
    #4313,#4314),.UNSPECIFIED.,.F.,.F.,(7,7),(0.,1.),
  .PIECEWISE_BEZIER_KNOTS.);
#4308 = CARTESIAN_POINT('',(158.,333.,-2.282618538629E-13));
#4309 = CARTESIAN_POINT('',(161.14159265359,332.16666666666,
    -2.194877879447E-13));
#4310 = CARTESIAN_POINT('',(164.28291800846,331.33333333333,
    0.986732232243));
#4311 = CARTESIAN_POINT('',(167.03828179568,330.5,2.961718204318));
#4312 = CARTESIAN_POINT('',(169.01326776775,329.66666666666,
    5.717081991538));
#4313 = CARTESIAN_POINT('',(170.,328.83333333333,8.85840734641));
#4314 = CARTESIAN_POINT('',(170.,328.,12.));
#4315 = PCURVE('',#1220,#4316);
#4316 = DEFINITIONAL_REPRESENTATION('',(#4317),#4326);
#4317 = B_SPLINE_CURVE_WITH_KNOTS('',7,(#4318,#4319,#4320,#4321,#4322,
    #4323,#4324,#4325),.UNSPECIFIED.,.F.,.F.,(8,8),(0.,1.),
  .PIECEWISE_BEZIER_KNOTS.);
#4318 = CARTESIAN_POINT('',(0.,306.64225462182));
#4319 = CARTESIAN_POINT('',(-0.224399475256,305.92796890754));
#4320 = CARTESIAN_POINT('',(-0.448781374537,305.21373913931));
#4321 = CARTESIAN_POINT('',(-0.673243282604,304.49925469524));
#4322 = CARTESIAN_POINT('',(-0.897553044191,303.78525454841));
#4323 = CARTESIAN_POINT('',(-1.122014952258,303.07077010434));
#4324 = CARTESIAN_POINT('',(-1.346396851538,302.35654033611));
#4325 = CARTESIAN_POINT('',(-1.570796326795,301.64225462182));
#4326 = ( GEOMETRIC_REPRESENTATION_CONTEXT(2) 
PARAMETRIC_REPRESENTATION_CONTEXT() REPRESENTATION_CONTEXT('2D SPACE',''
  ) );
#4327 = PCURVE('',#4328,#4419);
#4328 = B_SPLINE_SURFACE_WITH_KNOTS('',8,9,(
    (#4329,#4330,#4331,#4332,#4333,#4334,#4335,#4336,#4337,#4338)
    ,(#4339,#4340,#4341,#4342,#4343,#4344,#4345,#4346,#4347,#4348)
    ,(#4349,#4350,#4351,#4352,#4353,#4354,#4355,#4356,#4357,#4358)
    ,(#4359,#4360,#4361,#4362,#4363,#4364,#4365,#4366,#4367,#4368)
    ,(#4369,#4370,#4371,#4372,#4373,#4374,#4375,#4376,#4377,#4378)
    ,(#4379,#4380,#4381,#4382,#4383,#4384,#4385,#4386,#4387,#4388)
    ,(#4389,#4390,#4391,#4392,#4393,#4394,#4395,#4396,#4397,#4398)
    ,(#4399,#4400,#4401,#4402,#4403,#4404,#4405,#4406,#4407,#4408)
    ,(#4409,#4410,#4411,#4412,#4413,#4414,#4415,#4416,#4417,#4418
  )),.UNSPECIFIED.,.F.,.F.,.F.,(9,9),(10,10),(0.,1.),(0.,1.),
  .PIECEWISE_BEZIER_KNOTS.);
#4329 = CARTESIAN_POINT('',(158.,333.,-1.821209849595E-12));
#4330 = CARTESIAN_POINT('',(160.09439510239,332.44444444444,
    -1.813607405892E-12));
#4331 = CARTESIAN_POINT('',(162.18879023479,331.88888888889,
    0.411233483465));
#4332 = CARTESIAN_POINT('',(164.19090455793,331.33333333332,
    1.233700738104));
#4333 = CARTESIAN_POINT('',(166.00845853856,330.77777777778,
    2.443241527072));
#4334 = CARTESIAN_POINT('',(167.55675847293,330.22222222223,
    3.991541461426));
#4335 = CARTESIAN_POINT('',(168.76629926188,329.66666666665,
    5.809095442069));
#4336 = CARTESIAN_POINT('',(169.58876651653,329.11111111112,7.8112097652
    ));
#4337 = CARTESIAN_POINT('',(169.99999999999,328.55555555555,
    9.905604897606));
#4338 = CARTESIAN_POINT('',(170.,328.,12.));
#4339 = CARTESIAN_POINT('',(158.,334.37444673711,-1.821237605171E-12));
#4340 = CARTESIAN_POINT('',(160.09439510239,333.8328415441,
    -5.45415371888E-02));
#4341 = CARTESIAN_POINT('',(162.2542963928,333.23983216566,
    0.329455629761));
#4342 = CARTESIAN_POINT('',(164.3523268069,332.5954185658,1.189931405174
    ));
#4343 = CARTESIAN_POINT('',(166.23296909959,331.90262077418,
    2.505754480532));
#4344 = CARTESIAN_POINT('',(167.75183890257,331.16747808938,
    4.167798470435));
#4345 = CARTESIAN_POINT('',(168.87815508655,330.39867864876,
    6.022457815142));
#4346 = CARTESIAN_POINT('',(169.62616749668,329.60680916538,
    7.987889792474));
#4347 = CARTESIAN_POINT('',(169.99999999999,328.8034045808,
    10.000737618739));
#4348 = CARTESIAN_POINT('',(170.,328.,12.));
#4349 = CARTESIAN_POINT('',(158.,335.74889412594,0.308425493871));
#4350 = CARTESIAN_POINT('',(160.09439510239,335.32949419906,
    0.174499773258));
#4351 = CARTESIAN_POINT('',(162.30108650566,334.95952850709,
    0.731233119187));
#4352 = CARTESIAN_POINT('',(164.4676284133,334.30252555087,
    1.662745173555));
#4353 = CARTESIAN_POINT('',(166.39333378605,333.47105447435,
    3.050466758613));
#4354 = CARTESIAN_POINT('',(167.89118206659,332.49909855249,
    4.749107397762));
#4355 = CARTESIAN_POINT('',(168.95805210417,331.43637664022,
    6.563457536157));
#4356 = CARTESIAN_POINT('',(169.6528824825,330.31427372522,
    8.410590061346));
#4357 = CARTESIAN_POINT('',(169.99999999999,329.26715470087,
    10.355404664431));
#4358 = CARTESIAN_POINT('',(170.,328.,12.));
#4359 = CARTESIAN_POINT('',(157.99999999999,337.04259247835,
    0.92527363972));
#4360 = CARTESIAN_POINT('',(160.09439510239,336.83791346469,
    0.778812428982));
#4361 = CARTESIAN_POINT('',(162.32916057338,336.46556742264,
    1.258104457872));
#4362 = CARTESIAN_POINT('',(164.53680937715,335.72544997643,
    2.149425277012));
#4363 = CARTESIAN_POINT('',(166.48955259793,334.69839102594,
    3.491022148041));
#4364 = CARTESIAN_POINT('',(167.974787965,333.46353630651,5.132912635589
    ));
#4365 = CARTESIAN_POINT('',(169.00599031475,332.12839674268,
    6.876708848204));
#4366 = CARTESIAN_POINT('',(169.668911474,330.74678306337,8.637390237158
    ));
#4367 = CARTESIAN_POINT('',(169.99999999999,329.41873847803,
    10.441538596961));
#4368 = CARTESIAN_POINT('',(170.,328.,12.));
#4369 = CARTESIAN_POINT('',(158.,338.17481144818,1.825188551828));
#4370 = CARTESIAN_POINT('',(160.09439510239,338.19970955456,
    1.80029044544));
#4371 = CARTESIAN_POINT('',(162.33851859596,337.79372311476,
    2.206276885242));
#4372 = CARTESIAN_POINT('',(164.55986969843,336.97220690343,
    3.027793096532));
#4373 = CARTESIAN_POINT('',(166.52162553523,335.75971642304,
    4.240283576977));
#4374 = CARTESIAN_POINT('',(168.00265659781,334.28085314374,
    5.71914685623));
#4375 = CARTESIAN_POINT('',(169.02196971828,332.70045652307,
    7.299543476928));
#4376 = CARTESIAN_POINT('',(169.67425447116,331.09375704445,
    8.906242955547));
#4377 = CARTESIAN_POINT('',(170.,329.49950824797,10.500491752025));
#4378 = CARTESIAN_POINT('',(170.,328.,12.));
#4379 = CARTESIAN_POINT('',(157.99999999999,339.07472636027,
    2.957407521608));
#4380 = CARTESIAN_POINT('',(160.09439510239,339.22118757101,
    3.162086535275));
#4381 = CARTESIAN_POINT('',(162.32916057338,338.74189554214,
    3.534432577345));
#4382 = CARTESIAN_POINT('',(164.53680937714,337.85057472296,
    4.274550023537));
#4383 = CARTESIAN_POINT('',(166.48955259794,336.50897785199,
    5.301608974065));
#4384 = CARTESIAN_POINT('',(167.974787965,334.86708736439,6.536463693462
    ));
#4385 = CARTESIAN_POINT('',(169.00599031475,333.1232911518,
    7.871603257311));
#4386 = CARTESIAN_POINT('',(169.66891147399,331.36260976283,
    9.253216936619));
#4387 = CARTESIAN_POINT('',(170.,329.55846140303,10.581261521964));
#4388 = CARTESIAN_POINT('',(170.,328.,12.));
#4389 = CARTESIAN_POINT('',(158.,339.69157450612,4.251105874072));
#4390 = CARTESIAN_POINT('',(160.09439510239,339.82550022672,
    4.670505800953));
#4391 = CARTESIAN_POINT('',(162.30108650567,339.26876688081,
    5.040471492919));
#4392 = CARTESIAN_POINT('',(164.4676284133,338.3372548264,5.697474449116
    ));
#4393 = CARTESIAN_POINT('',(166.39333378607,336.94953324141,
    6.528945525663));
#4394 = CARTESIAN_POINT('',(167.89118206658,335.2508926022,
    7.500901447504));
#4395 = CARTESIAN_POINT('',(168.95805210418,333.43654246385,
    8.563623359772));
#4396 = CARTESIAN_POINT('',(169.6528824825,331.58940993864,
    9.685726274781));
#4397 = CARTESIAN_POINT('',(170.,329.64459533556,10.732845299119));
#4398 = CARTESIAN_POINT('',(170.,328.,12.));
#4399 = CARTESIAN_POINT('',(158.,340.,5.62555326287));
#4400 = CARTESIAN_POINT('',(160.09439510239,340.05454153718,
    6.167158455884));
#4401 = CARTESIAN_POINT('',(162.25429639281,339.67054437026,
    6.760167834333));
#4402 = CARTESIAN_POINT('',(164.35232680689,338.81006859479,
    7.404581434175));
#4403 = CARTESIAN_POINT('',(166.23296909962,337.49424551951,
    8.097379225814));
#4404 = CARTESIAN_POINT('',(167.75183890255,335.83220152952,
    8.832521910618));
#4405 = CARTESIAN_POINT('',(168.87815508657,333.97754218488,
    9.601321351217));
#4406 = CARTESIAN_POINT('',(169.62616749668,332.01211020751,
    10.39319083462));
#4407 = CARTESIAN_POINT('',(170.,329.99926238126,11.196595419186));
#4408 = CARTESIAN_POINT('',(170.,328.,12.));
#4409 = CARTESIAN_POINT('',(158.,340.,6.999999999997));
#4410 = CARTESIAN_POINT('',(160.09439510239,340.,7.555555555553));
#4411 = CARTESIAN_POINT('',(162.1887902348,339.58876651655,8.11111111111
    ));
#4412 = CARTESIAN_POINT('',(164.19090455791,338.76629926186,
    8.666666666663));
#4413 = CARTESIAN_POINT('',(166.00845853859,337.55675847297,
    9.222222222223));
#4414 = CARTESIAN_POINT('',(167.55675847291,336.00845853853,
    9.777777777774));
#4415 = CARTESIAN_POINT('',(168.7662992619,334.19090455795,
    10.333333333334));
#4416 = CARTESIAN_POINT('',(169.58876651653,332.18879023479,
    10.888888888887));
#4417 = CARTESIAN_POINT('',(170.,330.09439510239,11.444444444444));
#4418 = CARTESIAN_POINT('',(170.,328.,12.));
#4419 = DEFINITIONAL_REPRESENTATION('',(#4420),#4429);
#4420 = B_SPLINE_CURVE_WITH_KNOTS('',7,(#4421,#4422,#4423,#4424,#4425,
    #4426,#4427,#4428),.UNSPECIFIED.,.F.,.F.,(8,8),(0.,1.),
  .PIECEWISE_BEZIER_KNOTS.);
#4421 = CARTESIAN_POINT('',(0.,0.));
#4422 = CARTESIAN_POINT('',(0.,0.142857142857));
#4423 = CARTESIAN_POINT('',(0.,0.285703096506));
#4424 = CARTESIAN_POINT('',(0.,0.428599985306));
#4425 = CARTESIAN_POINT('',(0.,0.571400014694));
#4426 = CARTESIAN_POINT('',(0.,0.714296903494));
#4427 = CARTESIAN_POINT('',(0.,0.857142857143));
#4428 = CARTESIAN_POINT('',(0.,1.));
#4429 = ( GEOMETRIC_REPRESENTATION_CONTEXT(2) 
PARAMETRIC_REPRESENTATION_CONTEXT() REPRESENTATION_CONTEXT('2D SPACE',''
  ) );
#4430 = ADVANCED_FACE('',(#4431),#231,.T.);
#4431 = FACE_BOUND('',#4432,.T.);
#4432 = EDGE_LOOP('',(#4433,#4456,#4457,#4458));
#4433 = ORIENTED_EDGE('',*,*,#4434,.F.);
#4434 = EDGE_CURVE('',#3009,#4435,#4437,.T.);
#4435 = VERTEX_POINT('',#4436);
#4436 = CARTESIAN_POINT('',(-153.5,202.,67.));
#4437 = SURFACE_CURVE('',#4438,(#4442,#4449),.PCURVE_S1.);
#4438 = LINE('',#4439,#4440);
#4439 = CARTESIAN_POINT('',(-167.5,202.,67.));
#4440 = VECTOR('',#4441,1.);
#4441 = DIRECTION('',(1.,0.,-0.));
#4442 = PCURVE('',#231,#4443);
#4443 = DEFINITIONAL_REPRESENTATION('',(#4444),#4448);
#4444 = LINE('',#4445,#4446);
#4445 = CARTESIAN_POINT('',(0.,12.));
#4446 = VECTOR('',#4447,1.);
#4447 = DIRECTION('',(1.,0.));
#4448 = ( GEOMETRIC_REPRESENTATION_CONTEXT(2) 
PARAMETRIC_REPRESENTATION_CONTEXT() REPRESENTATION_CONTEXT('2D SPACE',''
  ) );
#4449 = PCURVE('',#3044,#4450);
#4450 = DEFINITIONAL_REPRESENTATION('',(#4451),#4455);
#4451 = LINE('',#4452,#4453);
#4452 = CARTESIAN_POINT('',(14.,0.));
#4453 = VECTOR('',#4454,1.);
#4454 = DIRECTION('',(0.,1.));
#4455 = ( GEOMETRIC_REPRESENTATION_CONTEXT(2) 
PARAMETRIC_REPRESENTATION_CONTEXT() REPRESENTATION_CONTEXT('2D SPACE',''
  ) );
#4456 = ORIENTED_EDGE('',*,*,#3008,.T.);
#4457 = ORIENTED_EDGE('',*,*,#215,.T.);
#4458 = ORIENTED_EDGE('',*,*,#4459,.T.);
#4459 = EDGE_CURVE('',#216,#4435,#4460,.T.);
#4460 = SURFACE_CURVE('',#4461,(#4465,#4472),.PCURVE_S1.);
#4461 = LINE('',#4462,#4463);
#4462 = CARTESIAN_POINT('',(-153.5,190.,67.));
#4463 = VECTOR('',#4464,1.);
#4464 = DIRECTION('',(-0.,1.,0.));
#4465 = PCURVE('',#231,#4466);
#4466 = DEFINITIONAL_REPRESENTATION('',(#4467),#4471);
#4467 = LINE('',#4468,#4469);
#4468 = CARTESIAN_POINT('',(14.,0.));
#4469 = VECTOR('',#4470,1.);
#4470 = DIRECTION('',(0.,1.));
#4471 = ( GEOMETRIC_REPRESENTATION_CONTEXT(2) 
PARAMETRIC_REPRESENTATION_CONTEXT() REPRESENTATION_CONTEXT('2D SPACE',''
  ) );
#4472 = PCURVE('',#259,#4473);
#4473 = DEFINITIONAL_REPRESENTATION('',(#4474),#4478);
#4474 = LINE('',#4475,#4476);
#4475 = CARTESIAN_POINT('',(14.,0.));
#4476 = VECTOR('',#4477,1.);
#4477 = DIRECTION('',(0.,-1.));
#4478 = ( GEOMETRIC_REPRESENTATION_CONTEXT(2) 
PARAMETRIC_REPRESENTATION_CONTEXT() REPRESENTATION_CONTEXT('2D SPACE',''
  ) );
#4479 = ADVANCED_FACE('',(#4480),#1191,.T.);
#4480 = FACE_BOUND('',#4481,.T.);
#4481 = EDGE_LOOP('',(#4482,#4505,#4506,#4507,#4548));
#4482 = ORIENTED_EDGE('',*,*,#4483,.F.);
#4483 = EDGE_CURVE('',#1148,#4484,#4486,.T.);
#4484 = VERTEX_POINT('',#4485);
#4485 = CARTESIAN_POINT('',(165.2,333.,-4.440892098501E-16));
#4486 = SURFACE_CURVE('',#4487,(#4491,#4498),.PCURVE_S1.);
#4487 = LINE('',#4488,#4489);
#4488 = CARTESIAN_POINT('',(165.2,25.798330887078,-4.440892098501E-16));
#4489 = VECTOR('',#4490,1.);
#4490 = DIRECTION('',(0.,1.,0.));
#4491 = PCURVE('',#1191,#4492);
#4492 = DEFINITIONAL_REPRESENTATION('',(#4493),#4497);
#4493 = LINE('',#4494,#4495);
#4494 = CARTESIAN_POINT('',(0.,0.));
#4495 = VECTOR('',#4496,1.);
#4496 = DIRECTION('',(0.,1.));
#4497 = ( GEOMETRIC_REPRESENTATION_CONTEXT(2) 
PARAMETRIC_REPRESENTATION_CONTEXT() REPRESENTATION_CONTEXT('2D SPACE',''
  ) );
#4498 = PCURVE('',#1163,#4499);
#4499 = DEFINITIONAL_REPRESENTATION('',(#4500),#4504);
#4500 = LINE('',#4501,#4502);
#4501 = CARTESIAN_POINT('',(0.,-0.8));
#4502 = VECTOR('',#4503,1.);
#4503 = DIRECTION('',(1.,0.));
#4504 = ( GEOMETRIC_REPRESENTATION_CONTEXT(2) 
PARAMETRIC_REPRESENTATION_CONTEXT() REPRESENTATION_CONTEXT('2D SPACE',''
  ) );
#4505 = ORIENTED_EDGE('',*,*,#1174,.T.);
#4506 = ORIENTED_EDGE('',*,*,#4284,.T.);
#4507 = ORIENTED_EDGE('',*,*,#4508,.F.);
#4508 = EDGE_CURVE('',#4509,#4285,#4511,.T.);
#4509 = VERTEX_POINT('',#4510);
#4510 = CARTESIAN_POINT('',(162.79914455733,333.,1.084369327264));
#4511 = SURFACE_CURVE('',#4512,(#4522,#4535),.PCURVE_S1.);
#4512 = B_SPLINE_CURVE_WITH_KNOTS('',8,(#4513,#4514,#4515,#4516,#4517,
    #4518,#4519,#4520,#4521),.UNSPECIFIED.,.F.,.F.,(9,9),(0.,1.),
  .PIECEWISE_BEZIER_KNOTS.);
#4513 = CARTESIAN_POINT('',(162.79912492119,333.0002004,1.084391610919)
  );
#4514 = CARTESIAN_POINT('',(162.81529922295,332.83514243809,
    1.066036380885));
#4515 = CARTESIAN_POINT('',(162.82934659941,332.66987052472,
    1.050418278434));
#4516 = CARTESIAN_POINT('',(162.84108570109,332.5043524194,
    1.037582435108));
#4517 = CARTESIAN_POINT('',(162.85027305229,332.33859756981,
    1.027667762131));
#4518 = CARTESIAN_POINT('',(162.85659871526,332.17265600363,
    1.020896002344));
#4519 = CARTESIAN_POINT('',(162.85960743796,332.00661844761,
    1.017686933742));
#4520 = CARTESIAN_POINT('',(162.85870112351,331.84061529769,
    1.01862536922));
#4521 = CARTESIAN_POINT('',(162.85278712657,331.67480742706,
    1.025007649017));
#4522 = PCURVE('',#1191,#4523);
#4523 = DEFINITIONAL_REPRESENTATION('',(#4524),#4534);
#4524 = B_SPLINE_CURVE_WITH_KNOTS('',8,(#4525,#4526,#4527,#4528,#4529,
    #4530,#4531,#4532,#4533),.UNSPECIFIED.,.F.,.F.,(9,9),(0.,1.),
  .PIECEWISE_BEZIER_KNOTS.);
#4525 = CARTESIAN_POINT('',(0.848475611823,307.20186951292));
#4526 = CARTESIAN_POINT('',(0.840830386934,307.03681155101));
#4527 = CARTESIAN_POINT('',(0.834266338716,306.87153963765));
#4528 = CARTESIAN_POINT('',(0.828830830147,306.70602153232));
#4529 = CARTESIAN_POINT('',(0.824606878339,306.54026668273));
#4530 = CARTESIAN_POINT('',(0.821710994154,306.37432511655));
#4531 = CARTESIAN_POINT('',(0.820336372271,306.20828756053));
#4532 = CARTESIAN_POINT('',(0.820743984921,306.04228441061));
#4533 = CARTESIAN_POINT('',(0.823463073534,305.87647653998));
#4534 = ( GEOMETRIC_REPRESENTATION_CONTEXT(2) 
PARAMETRIC_REPRESENTATION_CONTEXT() REPRESENTATION_CONTEXT('2D SPACE',''
  ) );
#4535 = PCURVE('',#4328,#4536);
#4536 = DEFINITIONAL_REPRESENTATION('',(#4537),#4547);
#4537 = B_SPLINE_CURVE_WITH_KNOTS('',8,(#4538,#4539,#4540,#4541,#4542,
    #4543,#4544,#4545,#4546),.UNSPECIFIED.,.F.,.F.,(9,9),(0.,1.),
  .PIECEWISE_BEZIER_KNOTS.);
#4538 = CARTESIAN_POINT('',(0.117195629839,0.257343230149));
#4539 = CARTESIAN_POINT('',(0.103361813408,0.258712875951));
#4540 = CARTESIAN_POINT('',(8.940398162267E-02,0.259994640019));
#4541 = CARTESIAN_POINT('',(7.527983570232E-02,0.261179321193));
#4542 = CARTESIAN_POINT('',(6.094264369813E-02,0.262255824965));
#4543 = CARTESIAN_POINT('',(4.633709335341E-02,0.263207703648));
#4544 = CARTESIAN_POINT('',(3.138887988962E-02,0.264013114198));
#4545 = CARTESIAN_POINT('',(1.600336417597E-02,0.264641517247));
#4546 = CARTESIAN_POINT('',(0.,0.265038514588));
#4547 = ( GEOMETRIC_REPRESENTATION_CONTEXT(2) 
PARAMETRIC_REPRESENTATION_CONTEXT() REPRESENTATION_CONTEXT('2D SPACE',''
  ) );
#4548 = ORIENTED_EDGE('',*,*,#4549,.F.);
#4549 = EDGE_CURVE('',#4484,#4509,#4550,.T.);
#4550 = SURFACE_CURVE('',#4551,(#4556,#4562),.PCURVE_S1.);
#4551 = CIRCLE('',#4552,3.2);
#4552 = AXIS2_PLACEMENT_3D('',#4553,#4554,#4555);
#4553 = CARTESIAN_POINT('',(165.2,333.,3.2));
#4554 = DIRECTION('',(0.,1.,0.));
#4555 = DIRECTION('',(0.,0.,-1.));
#4556 = PCURVE('',#1191,#4557);
#4557 = DEFINITIONAL_REPRESENTATION('',(#4558),#4561);
#4558 = B_SPLINE_CURVE_WITH_KNOTS('',1,(#4559,#4560),.UNSPECIFIED.,.F.,
  .F.,(2,2),(0.,1.570796326795),.PIECEWISE_BEZIER_KNOTS.);
#4559 = CARTESIAN_POINT('',(0.,307.20166911292));
#4560 = CARTESIAN_POINT('',(1.570796326795,307.20166911292));
#4561 = ( GEOMETRIC_REPRESENTATION_CONTEXT(2) 
PARAMETRIC_REPRESENTATION_CONTEXT() REPRESENTATION_CONTEXT('2D SPACE',''
  ) );
#4562 = PCURVE('',#4563,#4568);
#4563 = TOROIDAL_SURFACE('',#4564,3.8,3.2);
#4564 = AXIS2_PLACEMENT_3D('',#4565,#4566,#4567);
#4565 = CARTESIAN_POINT('',(165.2,333.,6.999999999997));
#4566 = DIRECTION('',(-1.,-0.,-0.));
#4567 = DIRECTION('',(0.,0.,-1.));
#4568 = DEFINITIONAL_REPRESENTATION('',(#4569),#4572);
#4569 = B_SPLINE_CURVE_WITH_KNOTS('',1,(#4570,#4571),.UNSPECIFIED.,.F.,
  .F.,(2,2),(0.,1.570796326795),.PIECEWISE_BEZIER_KNOTS.);
#4570 = CARTESIAN_POINT('',(0.,0.));
#4571 = CARTESIAN_POINT('',(0.,1.570796326795));
#4572 = ( GEOMETRIC_REPRESENTATION_CONTEXT(2) 
PARAMETRIC_REPRESENTATION_CONTEXT() REPRESENTATION_CONTEXT('2D SPACE',''
  ) );
#4573 = ADVANCED_FACE('',(#4574),#259,.T.);
#4574 = FACE_BOUND('',#4575,.T.);
#4575 = EDGE_LOOP('',(#4576,#4577,#4600,#4621));
#4576 = ORIENTED_EDGE('',*,*,#243,.F.);
#4577 = ORIENTED_EDGE('',*,*,#4578,.T.);
#4578 = EDGE_CURVE('',#244,#4579,#4581,.T.);
#4579 = VERTEX_POINT('',#4580);
#4580 = CARTESIAN_POINT('',(-153.5,202.,53.));
#4581 = SURFACE_CURVE('',#4582,(#4586,#4593),.PCURVE_S1.);
#4582 = LINE('',#4583,#4584);
#4583 = CARTESIAN_POINT('',(-153.5,190.,53.));
#4584 = VECTOR('',#4585,1.);
#4585 = DIRECTION('',(-0.,1.,0.));
#4586 = PCURVE('',#259,#4587);
#4587 = DEFINITIONAL_REPRESENTATION('',(#4588),#4592);
#4588 = LINE('',#4589,#4590);
#4589 = CARTESIAN_POINT('',(0.,0.));
#4590 = VECTOR('',#4591,1.);
#4591 = DIRECTION('',(0.,-1.));
#4592 = ( GEOMETRIC_REPRESENTATION_CONTEXT(2) 
PARAMETRIC_REPRESENTATION_CONTEXT() REPRESENTATION_CONTEXT('2D SPACE',''
  ) );
#4593 = PCURVE('',#287,#4594);
#4594 = DEFINITIONAL_REPRESENTATION('',(#4595),#4599);
#4595 = LINE('',#4596,#4597);
#4596 = CARTESIAN_POINT('',(14.,0.));
#4597 = VECTOR('',#4598,1.);
#4598 = DIRECTION('',(0.,1.));
#4599 = ( GEOMETRIC_REPRESENTATION_CONTEXT(2) 
PARAMETRIC_REPRESENTATION_CONTEXT() REPRESENTATION_CONTEXT('2D SPACE',''
  ) );
#4600 = ORIENTED_EDGE('',*,*,#4601,.T.);
#4601 = EDGE_CURVE('',#4579,#4435,#4602,.T.);
#4602 = SURFACE_CURVE('',#4603,(#4607,#4614),.PCURVE_S1.);
#4603 = LINE('',#4604,#4605);
#4604 = CARTESIAN_POINT('',(-153.5,202.,53.));
#4605 = VECTOR('',#4606,1.);
#4606 = DIRECTION('',(0.,0.,1.));
#4607 = PCURVE('',#259,#4608);
#4608 = DEFINITIONAL_REPRESENTATION('',(#4609),#4613);
#4609 = LINE('',#4610,#4611);
#4610 = CARTESIAN_POINT('',(0.,-12.));
#4611 = VECTOR('',#4612,1.);
#4612 = DIRECTION('',(1.,0.));
#4613 = ( GEOMETRIC_REPRESENTATION_CONTEXT(2) 
PARAMETRIC_REPRESENTATION_CONTEXT() REPRESENTATION_CONTEXT('2D SPACE',''
  ) );
#4614 = PCURVE('',#3044,#4615);
#4615 = DEFINITIONAL_REPRESENTATION('',(#4616),#4620);
#4616 = LINE('',#4617,#4618);
#4617 = CARTESIAN_POINT('',(0.,14.));
#4618 = VECTOR('',#4619,1.);
#4619 = DIRECTION('',(1.,0.));
#4620 = ( GEOMETRIC_REPRESENTATION_CONTEXT(2) 
PARAMETRIC_REPRESENTATION_CONTEXT() REPRESENTATION_CONTEXT('2D SPACE',''
  ) );
#4621 = ORIENTED_EDGE('',*,*,#4459,.F.);
#4622 = ADVANCED_FACE('',(#4623),#1163,.T.);
#4623 = FACE_BOUND('',#4624,.T.);
#4624 = EDGE_LOOP('',(#4625,#4626,#4627,#4655));
#4625 = ORIENTED_EDGE('',*,*,#1147,.T.);
#4626 = ORIENTED_EDGE('',*,*,#4483,.T.);
#4627 = ORIENTED_EDGE('',*,*,#4628,.T.);
#4628 = EDGE_CURVE('',#4484,#4629,#4631,.T.);
#4629 = VERTEX_POINT('',#4630);
#4630 = CARTESIAN_POINT('',(166.8,333.,-4.440892098501E-16));
#4631 = SURFACE_CURVE('',#4632,(#4636,#4643),.PCURVE_S1.);
#4632 = LINE('',#4633,#4634);
#4633 = CARTESIAN_POINT('',(162.,333.,-1.477928890381E-12));
#4634 = VECTOR('',#4635,1.);
#4635 = DIRECTION('',(1.,0.,0.));
#4636 = PCURVE('',#1163,#4637);
#4637 = DEFINITIONAL_REPRESENTATION('',(#4638),#4642);
#4638 = LINE('',#4639,#4640);
#4639 = CARTESIAN_POINT('',(307.20166911292,-4.));
#4640 = VECTOR('',#4641,1.);
#4641 = DIRECTION('',(0.,1.));
#4642 = ( GEOMETRIC_REPRESENTATION_CONTEXT(2) 
PARAMETRIC_REPRESENTATION_CONTEXT() REPRESENTATION_CONTEXT('2D SPACE',''
  ) );
#4643 = PCURVE('',#4644,#4649);
#4644 = CYLINDRICAL_SURFACE('',#4645,7.);
#4645 = AXIS2_PLACEMENT_3D('',#4646,#4647,#4648);
#4646 = CARTESIAN_POINT('',(166.,333.,6.999999999997));
#4647 = DIRECTION('',(1.,0.,0.));
#4648 = DIRECTION('',(0.,1.,0.));
#4649 = DEFINITIONAL_REPRESENTATION('',(#4650),#4654);
#4650 = LINE('',#4651,#4652);
#4651 = CARTESIAN_POINT('',(4.712388980385,-4.));
#4652 = VECTOR('',#4653,1.);
#4653 = DIRECTION('',(-0.,1.));
#4654 = ( GEOMETRIC_REPRESENTATION_CONTEXT(2) 
PARAMETRIC_REPRESENTATION_CONTEXT() REPRESENTATION_CONTEXT('2D SPACE',''
  ) );
#4655 = ORIENTED_EDGE('',*,*,#4656,.F.);
#4656 = EDGE_CURVE('',#1119,#4629,#4657,.T.);
#4657 = SURFACE_CURVE('',#4658,(#4662,#4669),.PCURVE_S1.);
#4658 = LINE('',#4659,#4660);
#4659 = CARTESIAN_POINT('',(166.8,25.798330887078,-4.440892098501E-16));
#4660 = VECTOR('',#4661,1.);
#4661 = DIRECTION('',(0.,1.,0.));
#4662 = PCURVE('',#1163,#4663);
#4663 = DEFINITIONAL_REPRESENTATION('',(#4664),#4668);
#4664 = LINE('',#4665,#4666);
#4665 = CARTESIAN_POINT('',(0.,0.8));
#4666 = VECTOR('',#4667,1.);
#4667 = DIRECTION('',(1.,0.));
#4668 = ( GEOMETRIC_REPRESENTATION_CONTEXT(2) 
PARAMETRIC_REPRESENTATION_CONTEXT() REPRESENTATION_CONTEXT('2D SPACE',''
  ) );
#4669 = PCURVE('',#1135,#4670);
#4670 = DEFINITIONAL_REPRESENTATION('',(#4671),#4675);
#4671 = LINE('',#4672,#4673);
#4672 = CARTESIAN_POINT('',(-0.,0.));
#4673 = VECTOR('',#4674,1.);
#4674 = DIRECTION('',(-0.,1.));
#4675 = ( GEOMETRIC_REPRESENTATION_CONTEXT(2) 
PARAMETRIC_REPRESENTATION_CONTEXT() REPRESENTATION_CONTEXT('2D SPACE',''
  ) );
#4676 = ADVANCED_FACE('',(#4677),#287,.F.);
#4677 = FACE_BOUND('',#4678,.F.);
#4678 = EDGE_LOOP('',(#4679,#4700,#4701,#4702));
#4679 = ORIENTED_EDGE('',*,*,#4680,.F.);
#4680 = EDGE_CURVE('',#3124,#4579,#4681,.T.);
#4681 = SURFACE_CURVE('',#4682,(#4686,#4693),.PCURVE_S1.);
#4682 = LINE('',#4683,#4684);
#4683 = CARTESIAN_POINT('',(-167.5,202.,53.));
#4684 = VECTOR('',#4685,1.);
#4685 = DIRECTION('',(1.,0.,-0.));
#4686 = PCURVE('',#287,#4687);
#4687 = DEFINITIONAL_REPRESENTATION('',(#4688),#4692);
#4688 = LINE('',#4689,#4690);
#4689 = CARTESIAN_POINT('',(0.,12.));
#4690 = VECTOR('',#4691,1.);
#4691 = DIRECTION('',(1.,0.));
#4692 = ( GEOMETRIC_REPRESENTATION_CONTEXT(2) 
PARAMETRIC_REPRESENTATION_CONTEXT() REPRESENTATION_CONTEXT('2D SPACE',''
  ) );
#4693 = PCURVE('',#3044,#4694);
#4694 = DEFINITIONAL_REPRESENTATION('',(#4695),#4699);
#4695 = LINE('',#4696,#4697);
#4696 = CARTESIAN_POINT('',(0.,0.));
#4697 = VECTOR('',#4698,1.);
#4698 = DIRECTION('',(0.,1.));
#4699 = ( GEOMETRIC_REPRESENTATION_CONTEXT(2) 
PARAMETRIC_REPRESENTATION_CONTEXT() REPRESENTATION_CONTEXT('2D SPACE',''
  ) );
#4700 = ORIENTED_EDGE('',*,*,#3144,.T.);
#4701 = ORIENTED_EDGE('',*,*,#271,.T.);
#4702 = ORIENTED_EDGE('',*,*,#4578,.T.);
#4703 = ADVANCED_FACE('',(#4704),#1135,.T.);
#4704 = FACE_BOUND('',#4705,.F.);
#4705 = EDGE_LOOP('',(#4706,#4707,#4708,#4731));
#4706 = ORIENTED_EDGE('',*,*,#4656,.F.);
#4707 = ORIENTED_EDGE('',*,*,#1118,.F.);
#4708 = ORIENTED_EDGE('',*,*,#4709,.T.);
#4709 = EDGE_CURVE('',#1092,#4710,#4712,.T.);
#4710 = VERTEX_POINT('',#4711);
#4711 = CARTESIAN_POINT('',(170.,333.,3.2));
#4712 = SURFACE_CURVE('',#4713,(#4717,#4724),.PCURVE_S1.);
#4713 = LINE('',#4714,#4715);
#4714 = CARTESIAN_POINT('',(170.,25.798330887078,3.2));
#4715 = VECTOR('',#4716,1.);
#4716 = DIRECTION('',(0.,1.,0.));
#4717 = PCURVE('',#1135,#4718);
#4718 = DEFINITIONAL_REPRESENTATION('',(#4719),#4723);
#4719 = LINE('',#4720,#4721);
#4720 = CARTESIAN_POINT('',(-1.570796326795,0.));
#4721 = VECTOR('',#4722,1.);
#4722 = DIRECTION('',(-0.,1.));
#4723 = ( GEOMETRIC_REPRESENTATION_CONTEXT(2) 
PARAMETRIC_REPRESENTATION_CONTEXT() REPRESENTATION_CONTEXT('2D SPACE',''
  ) );
#4724 = PCURVE('',#1107,#4725);
#4725 = DEFINITIONAL_REPRESENTATION('',(#4726),#4730);
#4726 = LINE('',#4727,#4728);
#4727 = CARTESIAN_POINT('',(-173.3336904367,-164.6142566581));
#4728 = VECTOR('',#4729,1.);
#4729 = DIRECTION('',(1.,0.));
#4730 = ( GEOMETRIC_REPRESENTATION_CONTEXT(2) 
PARAMETRIC_REPRESENTATION_CONTEXT() REPRESENTATION_CONTEXT('2D SPACE',''
  ) );
#4731 = ORIENTED_EDGE('',*,*,#4732,.F.);
#4732 = EDGE_CURVE('',#4629,#4710,#4733,.T.);
#4733 = SURFACE_CURVE('',#4734,(#4739,#4745),.PCURVE_S1.);
#4734 = CIRCLE('',#4735,3.2);
#4735 = AXIS2_PLACEMENT_3D('',#4736,#4737,#4738);
#4736 = CARTESIAN_POINT('',(166.8,333.,3.2));
#4737 = DIRECTION('',(0.,-1.,-0.));
#4738 = DIRECTION('',(0.,0.,-1.));
#4739 = PCURVE('',#1135,#4740);
#4740 = DEFINITIONAL_REPRESENTATION('',(#4741),#4744);
#4741 = B_SPLINE_CURVE_WITH_KNOTS('',1,(#4742,#4743),.UNSPECIFIED.,.F.,
  .F.,(2,2),(0.,1.570796326795),.PIECEWISE_BEZIER_KNOTS.);
#4742 = CARTESIAN_POINT('',(0.,307.20166911292));
#4743 = CARTESIAN_POINT('',(-1.570796326795,307.20166911292));
#4744 = ( GEOMETRIC_REPRESENTATION_CONTEXT(2) 
PARAMETRIC_REPRESENTATION_CONTEXT() REPRESENTATION_CONTEXT('2D SPACE',''
  ) );
#4745 = PCURVE('',#4746,#4751);
#4746 = TOROIDAL_SURFACE('',#4747,3.8,3.2);
#4747 = AXIS2_PLACEMENT_3D('',#4748,#4749,#4750);
#4748 = CARTESIAN_POINT('',(166.8,333.,6.999999999997));
#4749 = DIRECTION('',(1.,0.,0.));
#4750 = DIRECTION('',(0.,0.,-1.));
#4751 = DEFINITIONAL_REPRESENTATION('',(#4752),#4755);
#4752 = B_SPLINE_CURVE_WITH_KNOTS('',1,(#4753,#4754),.UNSPECIFIED.,.F.,
  .F.,(2,2),(0.,1.570796326795),.PIECEWISE_BEZIER_KNOTS.);
#4753 = CARTESIAN_POINT('',(0.,0.));
#4754 = CARTESIAN_POINT('',(0.,1.570796326795));
#4755 = ( GEOMETRIC_REPRESENTATION_CONTEXT(2) 
PARAMETRIC_REPRESENTATION_CONTEXT() REPRESENTATION_CONTEXT('2D SPACE',''
  ) );
#4756 = ADVANCED_FACE('',(#4757),#1107,.T.);
#4757 = FACE_BOUND('',#4758,.T.);
#4758 = EDGE_LOOP('',(#4759,#4760,#4761,#4762,#4786,#4814,#4843));
#4759 = ORIENTED_EDGE('',*,*,#2377,.F.);
#4760 = ORIENTED_EDGE('',*,*,#1091,.T.);
#4761 = ORIENTED_EDGE('',*,*,#4709,.T.);
#4762 = ORIENTED_EDGE('',*,*,#4763,.T.);
#4763 = EDGE_CURVE('',#4710,#4764,#4766,.T.);
#4764 = VERTEX_POINT('',#4765);
#4765 = CARTESIAN_POINT('',(170.,336.8,6.999999999997));
#4766 = SURFACE_CURVE('',#4767,(#4772,#4779),.PCURVE_S1.);
#4767 = CIRCLE('',#4768,3.8);
#4768 = AXIS2_PLACEMENT_3D('',#4769,#4770,#4771);
#4769 = CARTESIAN_POINT('',(170.,333.,6.999999999997));
#4770 = DIRECTION('',(1.,0.,0.));
#4771 = DIRECTION('',(0.,0.,-1.));
#4772 = PCURVE('',#1107,#4773);
#4773 = DEFINITIONAL_REPRESENTATION('',(#4774),#4778);
#4774 = CIRCLE('',#4775,3.8);
#4775 = AXIS2_PLACEMENT_2D('',#4776,#4777);
#4776 = CARTESIAN_POINT('',(133.86797867618,-160.8142566581));
#4777 = DIRECTION('',(0.,-1.));
#4778 = ( GEOMETRIC_REPRESENTATION_CONTEXT(2) 
PARAMETRIC_REPRESENTATION_CONTEXT() REPRESENTATION_CONTEXT('2D SPACE',''
  ) );
#4779 = PCURVE('',#4746,#4780);
#4780 = DEFINITIONAL_REPRESENTATION('',(#4781),#4785);
#4781 = LINE('',#4782,#4783);
#4782 = CARTESIAN_POINT('',(0.,1.570796326795));
#4783 = VECTOR('',#4784,1.);
#4784 = DIRECTION('',(1.,0.));
#4785 = ( GEOMETRIC_REPRESENTATION_CONTEXT(2) 
PARAMETRIC_REPRESENTATION_CONTEXT() REPRESENTATION_CONTEXT('2D SPACE',''
  ) );
#4786 = ORIENTED_EDGE('',*,*,#4787,.T.);
#4787 = EDGE_CURVE('',#4764,#4788,#4790,.T.);
#4788 = VERTEX_POINT('',#4789);
#4789 = CARTESIAN_POINT('',(170.,336.8,100.84203173517));
#4790 = SURFACE_CURVE('',#4791,(#4795,#4802),.PCURVE_S1.);
#4791 = LINE('',#4792,#4793);
#4792 = CARTESIAN_POINT('',(170.,336.8,6.999999999997));
#4793 = VECTOR('',#4794,1.);
#4794 = DIRECTION('',(0.,0.,1.));
#4795 = PCURVE('',#1107,#4796);
#4796 = DEFINITIONAL_REPRESENTATION('',(#4797),#4801);
#4797 = LINE('',#4798,#4799);
#4798 = CARTESIAN_POINT('',(137.66797867618,-160.8142566581));
#4799 = VECTOR('',#4800,1.);
#4800 = DIRECTION('',(0.,1.));
#4801 = ( GEOMETRIC_REPRESENTATION_CONTEXT(2) 
PARAMETRIC_REPRESENTATION_CONTEXT() REPRESENTATION_CONTEXT('2D SPACE',''
  ) );
#4802 = PCURVE('',#4803,#4808);
#4803 = CYLINDRICAL_SURFACE('',#4804,3.2);
#4804 = AXIS2_PLACEMENT_3D('',#4805,#4806,#4807);
#4805 = CARTESIAN_POINT('',(166.8,336.8,6.999999999997));
#4806 = DIRECTION('',(0.,0.,1.));
#4807 = DIRECTION('',(0.,1.,0.));
#4808 = DEFINITIONAL_REPRESENTATION('',(#4809),#4813);
#4809 = LINE('',#4810,#4811);
#4810 = CARTESIAN_POINT('',(-1.570796326795,0.));
#4811 = VECTOR('',#4812,1.);
#4812 = DIRECTION('',(-0.,1.));
#4813 = ( GEOMETRIC_REPRESENTATION_CONTEXT(2) 
PARAMETRIC_REPRESENTATION_CONTEXT() REPRESENTATION_CONTEXT('2D SPACE',''
  ) );
#4814 = ORIENTED_EDGE('',*,*,#4815,.T.);
#4815 = EDGE_CURVE('',#4788,#4816,#4818,.T.);
#4816 = VERTEX_POINT('',#4817);
#4817 = CARTESIAN_POINT('',(170.,320.66898970713,121.89203305822));
#4818 = SURFACE_CURVE('',#4819,(#4824,#4831),.PCURVE_S1.);
#4819 = CIRCLE('',#4820,21.8);
#4820 = AXIS2_PLACEMENT_3D('',#4821,#4822,#4823);
#4821 = CARTESIAN_POINT('',(170.,315.,100.84203173517));
#4822 = DIRECTION('',(1.,0.,0.));
#4823 = DIRECTION('',(-0.,1.,0.));
#4824 = PCURVE('',#1107,#4825);
#4825 = DEFINITIONAL_REPRESENTATION('',(#4826),#4830);
#4826 = CIRCLE('',#4827,21.8);
#4827 = AXIS2_PLACEMENT_2D('',#4828,#4829);
#4828 = CARTESIAN_POINT('',(115.86797867618,-66.97222492296));
#4829 = DIRECTION('',(1.,0.));
#4830 = ( GEOMETRIC_REPRESENTATION_CONTEXT(2) 
PARAMETRIC_REPRESENTATION_CONTEXT() REPRESENTATION_CONTEXT('2D SPACE',''
  ) );
#4831 = PCURVE('',#4832,#4837);
#4832 = TOROIDAL_SURFACE('',#4833,21.8,3.2);
#4833 = AXIS2_PLACEMENT_3D('',#4834,#4835,#4836);
#4834 = CARTESIAN_POINT('',(166.8,315.,100.84203173517));
#4835 = DIRECTION('',(1.,0.,0.));
#4836 = DIRECTION('',(-0.,1.,0.));
#4837 = DEFINITIONAL_REPRESENTATION('',(#4838),#4842);
#4838 = LINE('',#4839,#4840);
#4839 = CARTESIAN_POINT('',(0.,1.570796326795));
#4840 = VECTOR('',#4841,1.);
#4841 = DIRECTION('',(1.,0.));
#4842 = ( GEOMETRIC_REPRESENTATION_CONTEXT(2) 
PARAMETRIC_REPRESENTATION_CONTEXT() REPRESENTATION_CONTEXT('2D SPACE',''
  ) );
#4843 = ORIENTED_EDGE('',*,*,#4844,.T.);
#4844 = EDGE_CURVE('',#4816,#2378,#4845,.T.);
#4845 = SURFACE_CURVE('',#4846,(#4850,#4857),.PCURVE_S1.);
#4846 = LINE('',#4847,#4848);
#4847 = CARTESIAN_POINT('',(170.,320.66898970713,121.89203305822));
#4848 = VECTOR('',#4849,1.);
#4849 = DIRECTION('',(0.,-0.965596390966,0.26004539941));
#4850 = PCURVE('',#1107,#4851);
#4851 = DEFINITIONAL_REPRESENTATION('',(#4852),#4856);
#4852 = LINE('',#4853,#4854);
#4853 = CARTESIAN_POINT('',(121.53696838332,-45.92222359991));
#4854 = VECTOR('',#4855,1.);
#4855 = DIRECTION('',(-0.965596390966,0.26004539941));
#4856 = ( GEOMETRIC_REPRESENTATION_CONTEXT(2) 
PARAMETRIC_REPRESENTATION_CONTEXT() REPRESENTATION_CONTEXT('2D SPACE',''
  ) );
#4857 = PCURVE('',#2416,#4858);
#4858 = DEFINITIONAL_REPRESENTATION('',(#4859),#4863);
#4859 = LINE('',#4860,#4861);
#4860 = CARTESIAN_POINT('',(-1.570796326795,0.));
#4861 = VECTOR('',#4862,1.);
#4862 = DIRECTION('',(-0.,1.));
#4863 = ( GEOMETRIC_REPRESENTATION_CONTEXT(2) 
PARAMETRIC_REPRESENTATION_CONTEXT() REPRESENTATION_CONTEXT('2D SPACE',''
  ) );
#4864 = ADVANCED_FACE('',(#4865),#338,.F.);
#4865 = FACE_BOUND('',#4866,.T.);
#4866 = EDGE_LOOP('',(#4867,#4868,#4869,#4892));
#4867 = ORIENTED_EDGE('',*,*,#3164,.F.);
#4868 = ORIENTED_EDGE('',*,*,#321,.F.);
#4869 = ORIENTED_EDGE('',*,*,#4870,.T.);
#4870 = EDGE_CURVE('',#322,#4871,#4873,.T.);
#4871 = VERTEX_POINT('',#4872);
#4872 = CARTESIAN_POINT('',(-158.,333.,3.));
#4873 = SURFACE_CURVE('',#4874,(#4878,#4885),.PCURVE_S1.);
#4874 = LINE('',#4875,#4876);
#4875 = CARTESIAN_POINT('',(-158.,26.357745378172,3.));
#4876 = VECTOR('',#4877,1.);
#4877 = DIRECTION('',(0.,1.,0.));
#4878 = PCURVE('',#338,#4879);
#4879 = DEFINITIONAL_REPRESENTATION('',(#4880),#4884);
#4880 = LINE('',#4881,#4882);
#4881 = CARTESIAN_POINT('',(-1.570796326795,0.));
#4882 = VECTOR('',#4883,1.);
#4883 = DIRECTION('',(-0.,1.));
#4884 = ( GEOMETRIC_REPRESENTATION_CONTEXT(2) 
PARAMETRIC_REPRESENTATION_CONTEXT() REPRESENTATION_CONTEXT('2D SPACE',''
  ) );
#4885 = PCURVE('',#366,#4886);
#4886 = DEFINITIONAL_REPRESENTATION('',(#4887),#4891);
#4887 = LINE('',#4888,#4889);
#4888 = CARTESIAN_POINT('',(0.,-158.));
#4889 = VECTOR('',#4890,1.);
#4890 = DIRECTION('',(1.,0.));
#4891 = ( GEOMETRIC_REPRESENTATION_CONTEXT(2) 
PARAMETRIC_REPRESENTATION_CONTEXT() REPRESENTATION_CONTEXT('2D SPACE',''
  ) );
#4892 = ORIENTED_EDGE('',*,*,#4893,.F.);
#4893 = EDGE_CURVE('',#3165,#4871,#4894,.T.);
#4894 = SURFACE_CURVE('',#4895,(#4903,#4915),.PCURVE_S1.);
#4895 = B_SPLINE_CURVE_WITH_KNOTS('',6,(#4896,#4897,#4898,#4899,#4900,
    #4901,#4902),.UNSPECIFIED.,.F.,.F.,(7,7),(0.,1.),
  .PIECEWISE_BEZIER_KNOTS.);
#4896 = CARTESIAN_POINT('',(-167.,328.,12.));
#4897 = CARTESIAN_POINT('',(-167.,328.83333333333,9.643805509807));
#4898 = CARTESIAN_POINT('',(-166.2599255194,329.66666747419,
    7.287830883883));
#4899 = CARTESIAN_POINT('',(-164.7787520609,330.5,5.221247939053));
#4900 = CARTESIAN_POINT('',(-162.7121691161,331.33333252579,
    3.740074480533));
#4901 = CARTESIAN_POINT('',(-160.3561944901,332.16666666666,3.));
#4902 = CARTESIAN_POINT('',(-158.,333.,3.));
#4903 = PCURVE('',#338,#4904);
#4904 = DEFINITIONAL_REPRESENTATION('',(#4905),#4914);
#4905 = B_SPLINE_CURVE_WITH_KNOTS('',7,(#4906,#4907,#4908,#4909,#4910,
    #4911,#4912,#4913),.UNSPECIFIED.,.F.,.F.,(8,8),(0.,1.),
  .PIECEWISE_BEZIER_KNOTS.);
#4906 = CARTESIAN_POINT('',(0.,301.64225462182));
#4907 = CARTESIAN_POINT('',(-0.224399475256,302.35654033611));
#4908 = CARTESIAN_POINT('',(-0.448781374538,303.07077010432));
#4909 = CARTESIAN_POINT('',(-0.673243282604,303.78525454843));
#4910 = CARTESIAN_POINT('',(-0.897553044191,304.49925469522));
#4911 = CARTESIAN_POINT('',(-1.122014952257,305.21373913932));
#4912 = CARTESIAN_POINT('',(-1.346396851538,305.92796890754));
#4913 = CARTESIAN_POINT('',(-1.570796326795,306.64225462182));
#4914 = ( GEOMETRIC_REPRESENTATION_CONTEXT(2) 
PARAMETRIC_REPRESENTATION_CONTEXT() REPRESENTATION_CONTEXT('2D SPACE',''
  ) );
#4915 = PCURVE('',#3381,#4916);
#4916 = DEFINITIONAL_REPRESENTATION('',(#4917),#4926);
#4917 = B_SPLINE_CURVE_WITH_KNOTS('',7,(#4918,#4919,#4920,#4921,#4922,
    #4923,#4924,#4925),.UNSPECIFIED.,.F.,.F.,(8,8),(0.,1.),
  .PIECEWISE_BEZIER_KNOTS.);
#4918 = CARTESIAN_POINT('',(0.,5.551115123126E-17));
#4919 = CARTESIAN_POINT('',(0.,0.142857142857));
#4920 = CARTESIAN_POINT('',(0.,0.285703096506));
#4921 = CARTESIAN_POINT('',(0.,0.428599985306));
#4922 = CARTESIAN_POINT('',(0.,0.571400014694));
#4923 = CARTESIAN_POINT('',(0.,0.714296903494));
#4924 = CARTESIAN_POINT('',(0.,0.857142857143));
#4925 = CARTESIAN_POINT('',(0.,1.));
#4926 = ( GEOMETRIC_REPRESENTATION_CONTEXT(2) 
PARAMETRIC_REPRESENTATION_CONTEXT() REPRESENTATION_CONTEXT('2D SPACE',''
  ) );
#4927 = ADVANCED_FACE('',(#4928,#5461,#5496,#5531,#5566,#5601,#5636,
    #5671,#5706),#366,.F.);
#4928 = FACE_BOUND('',#4929,.F.);
#4929 = EDGE_LOOP('',(#4930,#4953,#4954,#4975,#5001,#5020,#5021,#5042,
    #5068,#5087,#5088,#5109,#5135,#5154,#5155,#5176,#5202,#5221,#5222,
    #5223,#5251,#5277,#5303,#5329,#5357,#5383,#5409,#5435));
#4930 = ORIENTED_EDGE('',*,*,#4931,.F.);
#4931 = EDGE_CURVE('',#780,#4932,#4934,.T.);
#4932 = VERTEX_POINT('',#4933);
#4933 = CARTESIAN_POINT('',(158.,333.,3.));
#4934 = SURFACE_CURVE('',#4935,(#4939,#4946),.PCURVE_S1.);
#4935 = LINE('',#4936,#4937);
#4936 = CARTESIAN_POINT('',(158.,26.357745378172,3.));
#4937 = VECTOR('',#4938,1.);
#4938 = DIRECTION('',(0.,1.,0.));
#4939 = PCURVE('',#366,#4940);
#4940 = DEFINITIONAL_REPRESENTATION('',(#4941),#4945);
#4941 = LINE('',#4942,#4943);
#4942 = CARTESIAN_POINT('',(0.,158.));
#4943 = VECTOR('',#4944,1.);
#4944 = DIRECTION('',(1.,0.));
#4945 = ( GEOMETRIC_REPRESENTATION_CONTEXT(2) 
PARAMETRIC_REPRESENTATION_CONTEXT() REPRESENTATION_CONTEXT('2D SPACE',''
  ) );
#4946 = PCURVE('',#818,#4947);
#4947 = DEFINITIONAL_REPRESENTATION('',(#4948),#4952);
#4948 = LINE('',#4949,#4950);
#4949 = CARTESIAN_POINT('',(-0.,0.));
#4950 = VECTOR('',#4951,1.);
#4951 = DIRECTION('',(-0.,1.));
#4952 = ( GEOMETRIC_REPRESENTATION_CONTEXT(2) 
PARAMETRIC_REPRESENTATION_CONTEXT() REPRESENTATION_CONTEXT('2D SPACE',''
  ) );
#4953 = ORIENTED_EDGE('',*,*,#779,.T.);
#4954 = ORIENTED_EDGE('',*,*,#4955,.F.);
#4955 = EDGE_CURVE('',#4956,#752,#4958,.T.);
#4956 = VERTEX_POINT('',#4957);
#4957 = CARTESIAN_POINT('',(97.,202.,3.));
#4958 = SURFACE_CURVE('',#4959,(#4963,#4969),.PCURVE_S1.);
#4959 = LINE('',#4960,#4961);
#4960 = CARTESIAN_POINT('',(97.,108.17887268908,3.));
#4961 = VECTOR('',#4962,1.);
#4962 = DIRECTION('',(0.,-1.,0.));
#4963 = PCURVE('',#366,#4964);
#4964 = DEFINITIONAL_REPRESENTATION('',(#4965),#4968);
#4965 = B_SPLINE_CURVE_WITH_KNOTS('',1,(#4966,#4967),.UNSPECIFIED.,.F.,
  .F.,(2,2),(-93.82112731091,-81.82112731091),.PIECEWISE_BEZIER_KNOTS.);
#4966 = CARTESIAN_POINT('',(175.64225462182,97.));
#4967 = CARTESIAN_POINT('',(163.64225462182,97.));
#4968 = ( GEOMETRIC_REPRESENTATION_CONTEXT(2) 
PARAMETRIC_REPRESENTATION_CONTEXT() REPRESENTATION_CONTEXT('2D SPACE',''
  ) );
#4969 = PCURVE('',#767,#4970);
#4970 = DEFINITIONAL_REPRESENTATION('',(#4971),#4974);
#4971 = B_SPLINE_CURVE_WITH_KNOTS('',1,(#4972,#4973),.UNSPECIFIED.,.F.,
  .F.,(2,2),(-93.82112731091,-81.82112731091),.PIECEWISE_BEZIER_KNOTS.);
#4972 = CARTESIAN_POINT('',(0.5,-12.));
#4973 = CARTESIAN_POINT('',(0.5,0.));
#4974 = ( GEOMETRIC_REPRESENTATION_CONTEXT(2) 
PARAMETRIC_REPRESENTATION_CONTEXT() REPRESENTATION_CONTEXT('2D SPACE',''
  ) );
#4975 = ORIENTED_EDGE('',*,*,#4976,.F.);
#4976 = EDGE_CURVE('',#4977,#4956,#4979,.T.);
#4977 = VERTEX_POINT('',#4978);
#4978 = CARTESIAN_POINT('',(83.,202.,3.));
#4979 = SURFACE_CURVE('',#4980,(#4984,#4990),.PCURVE_S1.);
#4980 = LINE('',#4981,#4982);
#4981 = CARTESIAN_POINT('',(41.5,202.,3.));
#4982 = VECTOR('',#4983,1.);
#4983 = DIRECTION('',(1.,0.,0.));
#4984 = PCURVE('',#366,#4985);
#4985 = DEFINITIONAL_REPRESENTATION('',(#4986),#4989);
#4986 = B_SPLINE_CURVE_WITH_KNOTS('',1,(#4987,#4988),.UNSPECIFIED.,.F.,
  .F.,(2,2),(41.5,55.5),.PIECEWISE_BEZIER_KNOTS.);
#4987 = CARTESIAN_POINT('',(175.64225462182,83.));
#4988 = CARTESIAN_POINT('',(175.64225462182,97.));
#4989 = ( GEOMETRIC_REPRESENTATION_CONTEXT(2) 
PARAMETRIC_REPRESENTATION_CONTEXT() REPRESENTATION_CONTEXT('2D SPACE',''
  ) );
#4990 = PCURVE('',#4991,#4996);
#4991 = PLANE('',#4992);
#4992 = AXIS2_PLACEMENT_3D('',#4993,#4994,#4995);
#4993 = CARTESIAN_POINT('',(83.,202.,2.5));
#4994 = DIRECTION('',(-0.,1.,0.));
#4995 = DIRECTION('',(0.,0.,1.));
#4996 = DEFINITIONAL_REPRESENTATION('',(#4997),#5000);
#4997 = B_SPLINE_CURVE_WITH_KNOTS('',1,(#4998,#4999),.UNSPECIFIED.,.F.,
  .F.,(2,2),(41.5,55.5),.PIECEWISE_BEZIER_KNOTS.);
#4998 = CARTESIAN_POINT('',(0.5,0.));
#4999 = CARTESIAN_POINT('',(0.5,14.));
#5000 = ( GEOMETRIC_REPRESENTATION_CONTEXT(2) 
PARAMETRIC_REPRESENTATION_CONTEXT() REPRESENTATION_CONTEXT('2D SPACE',''
  ) );
#5001 = ORIENTED_EDGE('',*,*,#5002,.T.);
#5002 = EDGE_CURVE('',#4977,#674,#5003,.T.);
#5003 = SURFACE_CURVE('',#5004,(#5008,#5014),.PCURVE_S1.);
#5004 = LINE('',#5005,#5006);
#5005 = CARTESIAN_POINT('',(83.,108.17887268908,3.));
#5006 = VECTOR('',#5007,1.);
#5007 = DIRECTION('',(0.,-1.,0.));
#5008 = PCURVE('',#366,#5009);
#5009 = DEFINITIONAL_REPRESENTATION('',(#5010),#5013);
#5010 = B_SPLINE_CURVE_WITH_KNOTS('',1,(#5011,#5012),.UNSPECIFIED.,.F.,
  .F.,(2,2),(-93.82112731091,-81.82112731091),.PIECEWISE_BEZIER_KNOTS.);
#5011 = CARTESIAN_POINT('',(175.64225462182,83.));
#5012 = CARTESIAN_POINT('',(163.64225462182,83.));
#5013 = ( GEOMETRIC_REPRESENTATION_CONTEXT(2) 
PARAMETRIC_REPRESENTATION_CONTEXT() REPRESENTATION_CONTEXT('2D SPACE',''
  ) );
#5014 = PCURVE('',#711,#5015);
#5015 = DEFINITIONAL_REPRESENTATION('',(#5016),#5019);
#5016 = B_SPLINE_CURVE_WITH_KNOTS('',1,(#5017,#5018),.UNSPECIFIED.,.F.,
  .F.,(2,2),(-93.82112731091,-81.82112731091),.PIECEWISE_BEZIER_KNOTS.);
#5017 = CARTESIAN_POINT('',(0.5,-12.));
#5018 = CARTESIAN_POINT('',(0.5,0.));
#5019 = ( GEOMETRIC_REPRESENTATION_CONTEXT(2) 
PARAMETRIC_REPRESENTATION_CONTEXT() REPRESENTATION_CONTEXT('2D SPACE',''
  ) );
#5020 = ORIENTED_EDGE('',*,*,#673,.T.);
#5021 = ORIENTED_EDGE('',*,*,#5022,.F.);
#5022 = EDGE_CURVE('',#5023,#646,#5025,.T.);
#5023 = VERTEX_POINT('',#5024);
#5024 = CARTESIAN_POINT('',(37.,202.,3.));
#5025 = SURFACE_CURVE('',#5026,(#5030,#5036),.PCURVE_S1.);
#5026 = LINE('',#5027,#5028);
#5027 = CARTESIAN_POINT('',(37.,108.17887268908,3.));
#5028 = VECTOR('',#5029,1.);
#5029 = DIRECTION('',(0.,-1.,0.));
#5030 = PCURVE('',#366,#5031);
#5031 = DEFINITIONAL_REPRESENTATION('',(#5032),#5035);
#5032 = B_SPLINE_CURVE_WITH_KNOTS('',1,(#5033,#5034),.UNSPECIFIED.,.F.,
  .F.,(2,2),(-93.82112731091,-81.82112731091),.PIECEWISE_BEZIER_KNOTS.);
#5033 = CARTESIAN_POINT('',(175.64225462182,37.));
#5034 = CARTESIAN_POINT('',(163.64225462182,37.));
#5035 = ( GEOMETRIC_REPRESENTATION_CONTEXT(2) 
PARAMETRIC_REPRESENTATION_CONTEXT() REPRESENTATION_CONTEXT('2D SPACE',''
  ) );
#5036 = PCURVE('',#661,#5037);
#5037 = DEFINITIONAL_REPRESENTATION('',(#5038),#5041);
#5038 = B_SPLINE_CURVE_WITH_KNOTS('',1,(#5039,#5040),.UNSPECIFIED.,.F.,
  .F.,(2,2),(-93.82112731091,-81.82112731091),.PIECEWISE_BEZIER_KNOTS.);
#5039 = CARTESIAN_POINT('',(0.5,-12.));
#5040 = CARTESIAN_POINT('',(0.5,0.));
#5041 = ( GEOMETRIC_REPRESENTATION_CONTEXT(2) 
PARAMETRIC_REPRESENTATION_CONTEXT() REPRESENTATION_CONTEXT('2D SPACE',''
  ) );
#5042 = ORIENTED_EDGE('',*,*,#5043,.F.);
#5043 = EDGE_CURVE('',#5044,#5023,#5046,.T.);
#5044 = VERTEX_POINT('',#5045);
#5045 = CARTESIAN_POINT('',(23.,202.,3.));
#5046 = SURFACE_CURVE('',#5047,(#5051,#5057),.PCURVE_S1.);
#5047 = LINE('',#5048,#5049);
#5048 = CARTESIAN_POINT('',(11.5,202.,3.));
#5049 = VECTOR('',#5050,1.);
#5050 = DIRECTION('',(1.,0.,0.));
#5051 = PCURVE('',#366,#5052);
#5052 = DEFINITIONAL_REPRESENTATION('',(#5053),#5056);
#5053 = B_SPLINE_CURVE_WITH_KNOTS('',1,(#5054,#5055),.UNSPECIFIED.,.F.,
  .F.,(2,2),(11.5,25.5),.PIECEWISE_BEZIER_KNOTS.);
#5054 = CARTESIAN_POINT('',(175.64225462182,23.));
#5055 = CARTESIAN_POINT('',(175.64225462182,37.));
#5056 = ( GEOMETRIC_REPRESENTATION_CONTEXT(2) 
PARAMETRIC_REPRESENTATION_CONTEXT() REPRESENTATION_CONTEXT('2D SPACE',''
  ) );
#5057 = PCURVE('',#5058,#5063);
#5058 = PLANE('',#5059);
#5059 = AXIS2_PLACEMENT_3D('',#5060,#5061,#5062);
#5060 = CARTESIAN_POINT('',(23.,202.,2.5));
#5061 = DIRECTION('',(-0.,1.,0.));
#5062 = DIRECTION('',(0.,0.,1.));
#5063 = DEFINITIONAL_REPRESENTATION('',(#5064),#5067);
#5064 = B_SPLINE_CURVE_WITH_KNOTS('',1,(#5065,#5066),.UNSPECIFIED.,.F.,
  .F.,(2,2),(11.5,25.5),.PIECEWISE_BEZIER_KNOTS.);
#5065 = CARTESIAN_POINT('',(0.5,0.));
#5066 = CARTESIAN_POINT('',(0.5,14.));
#5067 = ( GEOMETRIC_REPRESENTATION_CONTEXT(2) 
PARAMETRIC_REPRESENTATION_CONTEXT() REPRESENTATION_CONTEXT('2D SPACE',''
  ) );
#5068 = ORIENTED_EDGE('',*,*,#5069,.T.);
#5069 = EDGE_CURVE('',#5044,#568,#5070,.T.);
#5070 = SURFACE_CURVE('',#5071,(#5075,#5081),.PCURVE_S1.);
#5071 = LINE('',#5072,#5073);
#5072 = CARTESIAN_POINT('',(23.,108.17887268908,3.));
#5073 = VECTOR('',#5074,1.);
#5074 = DIRECTION('',(0.,-1.,0.));
#5075 = PCURVE('',#366,#5076);
#5076 = DEFINITIONAL_REPRESENTATION('',(#5077),#5080);
#5077 = B_SPLINE_CURVE_WITH_KNOTS('',1,(#5078,#5079),.UNSPECIFIED.,.F.,
  .F.,(2,2),(-93.82112731091,-81.82112731091),.PIECEWISE_BEZIER_KNOTS.);
#5078 = CARTESIAN_POINT('',(175.64225462182,23.));
#5079 = CARTESIAN_POINT('',(163.64225462182,23.));
#5080 = ( GEOMETRIC_REPRESENTATION_CONTEXT(2) 
PARAMETRIC_REPRESENTATION_CONTEXT() REPRESENTATION_CONTEXT('2D SPACE',''
  ) );
#5081 = PCURVE('',#605,#5082);
#5082 = DEFINITIONAL_REPRESENTATION('',(#5083),#5086);
#5083 = B_SPLINE_CURVE_WITH_KNOTS('',1,(#5084,#5085),.UNSPECIFIED.,.F.,
  .F.,(2,2),(-93.82112731091,-81.82112731091),.PIECEWISE_BEZIER_KNOTS.);
#5084 = CARTESIAN_POINT('',(0.5,-12.));
#5085 = CARTESIAN_POINT('',(0.5,0.));
#5086 = ( GEOMETRIC_REPRESENTATION_CONTEXT(2) 
PARAMETRIC_REPRESENTATION_CONTEXT() REPRESENTATION_CONTEXT('2D SPACE',''
  ) );
#5087 = ORIENTED_EDGE('',*,*,#567,.T.);
#5088 = ORIENTED_EDGE('',*,*,#5089,.F.);
#5089 = EDGE_CURVE('',#5090,#540,#5092,.T.);
#5090 = VERTEX_POINT('',#5091);
#5091 = CARTESIAN_POINT('',(-23.,202.,3.));
#5092 = SURFACE_CURVE('',#5093,(#5097,#5103),.PCURVE_S1.);
#5093 = LINE('',#5094,#5095);
#5094 = CARTESIAN_POINT('',(-23.,108.17887268908,3.));
#5095 = VECTOR('',#5096,1.);
#5096 = DIRECTION('',(0.,-1.,0.));
#5097 = PCURVE('',#366,#5098);
#5098 = DEFINITIONAL_REPRESENTATION('',(#5099),#5102);
#5099 = B_SPLINE_CURVE_WITH_KNOTS('',1,(#5100,#5101),.UNSPECIFIED.,.F.,
  .F.,(2,2),(-93.82112731091,-81.82112731091),.PIECEWISE_BEZIER_KNOTS.);
#5100 = CARTESIAN_POINT('',(175.64225462182,-23.));
#5101 = CARTESIAN_POINT('',(163.64225462182,-23.));
#5102 = ( GEOMETRIC_REPRESENTATION_CONTEXT(2) 
PARAMETRIC_REPRESENTATION_CONTEXT() REPRESENTATION_CONTEXT('2D SPACE',''
  ) );
#5103 = PCURVE('',#555,#5104);
#5104 = DEFINITIONAL_REPRESENTATION('',(#5105),#5108);
#5105 = B_SPLINE_CURVE_WITH_KNOTS('',1,(#5106,#5107),.UNSPECIFIED.,.F.,
  .F.,(2,2),(-93.82112731091,-81.82112731091),.PIECEWISE_BEZIER_KNOTS.);
#5106 = CARTESIAN_POINT('',(0.5,-12.));
#5107 = CARTESIAN_POINT('',(0.5,0.));
#5108 = ( GEOMETRIC_REPRESENTATION_CONTEXT(2) 
PARAMETRIC_REPRESENTATION_CONTEXT() REPRESENTATION_CONTEXT('2D SPACE',''
  ) );
#5109 = ORIENTED_EDGE('',*,*,#5110,.F.);
#5110 = EDGE_CURVE('',#5111,#5090,#5113,.T.);
#5111 = VERTEX_POINT('',#5112);
#5112 = CARTESIAN_POINT('',(-37.,202.,3.));
#5113 = SURFACE_CURVE('',#5114,(#5118,#5124),.PCURVE_S1.);
#5114 = LINE('',#5115,#5116);
#5115 = CARTESIAN_POINT('',(-18.5,202.,3.));
#5116 = VECTOR('',#5117,1.);
#5117 = DIRECTION('',(1.,0.,0.));
#5118 = PCURVE('',#366,#5119);
#5119 = DEFINITIONAL_REPRESENTATION('',(#5120),#5123);
#5120 = B_SPLINE_CURVE_WITH_KNOTS('',1,(#5121,#5122),.UNSPECIFIED.,.F.,
  .F.,(2,2),(-18.5,-4.5),.PIECEWISE_BEZIER_KNOTS.);
#5121 = CARTESIAN_POINT('',(175.64225462182,-37.));
#5122 = CARTESIAN_POINT('',(175.64225462182,-23.));
#5123 = ( GEOMETRIC_REPRESENTATION_CONTEXT(2) 
PARAMETRIC_REPRESENTATION_CONTEXT() REPRESENTATION_CONTEXT('2D SPACE',''
  ) );
#5124 = PCURVE('',#5125,#5130);
#5125 = PLANE('',#5126);
#5126 = AXIS2_PLACEMENT_3D('',#5127,#5128,#5129);
#5127 = CARTESIAN_POINT('',(-37.,202.,2.5));
#5128 = DIRECTION('',(-0.,1.,0.));
#5129 = DIRECTION('',(0.,0.,1.));
#5130 = DEFINITIONAL_REPRESENTATION('',(#5131),#5134);
#5131 = B_SPLINE_CURVE_WITH_KNOTS('',1,(#5132,#5133),.UNSPECIFIED.,.F.,
  .F.,(2,2),(-18.5,-4.5),.PIECEWISE_BEZIER_KNOTS.);
#5132 = CARTESIAN_POINT('',(0.5,0.));
#5133 = CARTESIAN_POINT('',(0.5,14.));
#5134 = ( GEOMETRIC_REPRESENTATION_CONTEXT(2) 
PARAMETRIC_REPRESENTATION_CONTEXT() REPRESENTATION_CONTEXT('2D SPACE',''
  ) );
#5135 = ORIENTED_EDGE('',*,*,#5136,.T.);
#5136 = EDGE_CURVE('',#5111,#462,#5137,.T.);
#5137 = SURFACE_CURVE('',#5138,(#5142,#5148),.PCURVE_S1.);
#5138 = LINE('',#5139,#5140);
#5139 = CARTESIAN_POINT('',(-37.,108.17887268908,3.));
#5140 = VECTOR('',#5141,1.);
#5141 = DIRECTION('',(0.,-1.,0.));
#5142 = PCURVE('',#366,#5143);
#5143 = DEFINITIONAL_REPRESENTATION('',(#5144),#5147);
#5144 = B_SPLINE_CURVE_WITH_KNOTS('',1,(#5145,#5146),.UNSPECIFIED.,.F.,
  .F.,(2,2),(-93.82112731091,-81.82112731091),.PIECEWISE_BEZIER_KNOTS.);
#5145 = CARTESIAN_POINT('',(175.64225462182,-37.));
#5146 = CARTESIAN_POINT('',(163.64225462182,-37.));
#5147 = ( GEOMETRIC_REPRESENTATION_CONTEXT(2) 
PARAMETRIC_REPRESENTATION_CONTEXT() REPRESENTATION_CONTEXT('2D SPACE',''
  ) );
#5148 = PCURVE('',#499,#5149);
#5149 = DEFINITIONAL_REPRESENTATION('',(#5150),#5153);
#5150 = B_SPLINE_CURVE_WITH_KNOTS('',1,(#5151,#5152),.UNSPECIFIED.,.F.,
  .F.,(2,2),(-93.82112731091,-81.82112731091),.PIECEWISE_BEZIER_KNOTS.);
#5151 = CARTESIAN_POINT('',(0.5,-12.));
#5152 = CARTESIAN_POINT('',(0.5,0.));
#5153 = ( GEOMETRIC_REPRESENTATION_CONTEXT(2) 
PARAMETRIC_REPRESENTATION_CONTEXT() REPRESENTATION_CONTEXT('2D SPACE',''
  ) );
#5154 = ORIENTED_EDGE('',*,*,#461,.T.);
#5155 = ORIENTED_EDGE('',*,*,#5156,.F.);
#5156 = EDGE_CURVE('',#5157,#434,#5159,.T.);
#5157 = VERTEX_POINT('',#5158);
#5158 = CARTESIAN_POINT('',(-83.,202.,3.));
#5159 = SURFACE_CURVE('',#5160,(#5164,#5170),.PCURVE_S1.);
#5160 = LINE('',#5161,#5162);
#5161 = CARTESIAN_POINT('',(-83.,108.17887268908,3.));
#5162 = VECTOR('',#5163,1.);
#5163 = DIRECTION('',(0.,-1.,0.));
#5164 = PCURVE('',#366,#5165);
#5165 = DEFINITIONAL_REPRESENTATION('',(#5166),#5169);
#5166 = B_SPLINE_CURVE_WITH_KNOTS('',1,(#5167,#5168),.UNSPECIFIED.,.F.,
  .F.,(2,2),(-93.82112731091,-81.82112731091),.PIECEWISE_BEZIER_KNOTS.);
#5167 = CARTESIAN_POINT('',(175.64225462182,-83.));
#5168 = CARTESIAN_POINT('',(163.64225462182,-83.));
#5169 = ( GEOMETRIC_REPRESENTATION_CONTEXT(2) 
PARAMETRIC_REPRESENTATION_CONTEXT() REPRESENTATION_CONTEXT('2D SPACE',''
  ) );
#5170 = PCURVE('',#449,#5171);
#5171 = DEFINITIONAL_REPRESENTATION('',(#5172),#5175);
#5172 = B_SPLINE_CURVE_WITH_KNOTS('',1,(#5173,#5174),.UNSPECIFIED.,.F.,
  .F.,(2,2),(-93.82112731091,-81.82112731091),.PIECEWISE_BEZIER_KNOTS.);
#5173 = CARTESIAN_POINT('',(0.5,-12.));
#5174 = CARTESIAN_POINT('',(0.5,0.));
#5175 = ( GEOMETRIC_REPRESENTATION_CONTEXT(2) 
PARAMETRIC_REPRESENTATION_CONTEXT() REPRESENTATION_CONTEXT('2D SPACE',''
  ) );
#5176 = ORIENTED_EDGE('',*,*,#5177,.F.);
#5177 = EDGE_CURVE('',#5178,#5157,#5180,.T.);
#5178 = VERTEX_POINT('',#5179);
#5179 = CARTESIAN_POINT('',(-97.,202.,3.));
#5180 = SURFACE_CURVE('',#5181,(#5185,#5191),.PCURVE_S1.);
#5181 = LINE('',#5182,#5183);
#5182 = CARTESIAN_POINT('',(-48.5,202.,3.));
#5183 = VECTOR('',#5184,1.);
#5184 = DIRECTION('',(1.,0.,0.));
#5185 = PCURVE('',#366,#5186);
#5186 = DEFINITIONAL_REPRESENTATION('',(#5187),#5190);
#5187 = B_SPLINE_CURVE_WITH_KNOTS('',1,(#5188,#5189),.UNSPECIFIED.,.F.,
  .F.,(2,2),(-48.5,-34.5),.PIECEWISE_BEZIER_KNOTS.);
#5188 = CARTESIAN_POINT('',(175.64225462182,-97.));
#5189 = CARTESIAN_POINT('',(175.64225462182,-83.));
#5190 = ( GEOMETRIC_REPRESENTATION_CONTEXT(2) 
PARAMETRIC_REPRESENTATION_CONTEXT() REPRESENTATION_CONTEXT('2D SPACE',''
  ) );
#5191 = PCURVE('',#5192,#5197);
#5192 = PLANE('',#5193);
#5193 = AXIS2_PLACEMENT_3D('',#5194,#5195,#5196);
#5194 = CARTESIAN_POINT('',(-97.,202.,2.5));
#5195 = DIRECTION('',(-0.,1.,0.));
#5196 = DIRECTION('',(0.,0.,1.));
#5197 = DEFINITIONAL_REPRESENTATION('',(#5198),#5201);
#5198 = B_SPLINE_CURVE_WITH_KNOTS('',1,(#5199,#5200),.UNSPECIFIED.,.F.,
  .F.,(2,2),(-48.5,-34.5),.PIECEWISE_BEZIER_KNOTS.);
#5199 = CARTESIAN_POINT('',(0.5,0.));
#5200 = CARTESIAN_POINT('',(0.5,14.));
#5201 = ( GEOMETRIC_REPRESENTATION_CONTEXT(2) 
PARAMETRIC_REPRESENTATION_CONTEXT() REPRESENTATION_CONTEXT('2D SPACE',''
  ) );
#5202 = ORIENTED_EDGE('',*,*,#5203,.T.);
#5203 = EDGE_CURVE('',#5178,#351,#5204,.T.);
#5204 = SURFACE_CURVE('',#5205,(#5209,#5215),.PCURVE_S1.);
#5205 = LINE('',#5206,#5207);
#5206 = CARTESIAN_POINT('',(-97.,108.17887268908,3.));
#5207 = VECTOR('',#5208,1.);
#5208 = DIRECTION('',(0.,-1.,0.));
#5209 = PCURVE('',#366,#5210);
#5210 = DEFINITIONAL_REPRESENTATION('',(#5211),#5214);
#5211 = B_SPLINE_CURVE_WITH_KNOTS('',1,(#5212,#5213),.UNSPECIFIED.,.F.,
  .F.,(2,2),(-93.82112731091,-81.82112731091),.PIECEWISE_BEZIER_KNOTS.);
#5212 = CARTESIAN_POINT('',(175.64225462182,-97.));
#5213 = CARTESIAN_POINT('',(163.64225462182,-97.));
#5214 = ( GEOMETRIC_REPRESENTATION_CONTEXT(2) 
PARAMETRIC_REPRESENTATION_CONTEXT() REPRESENTATION_CONTEXT('2D SPACE',''
  ) );
#5215 = PCURVE('',#393,#5216);
#5216 = DEFINITIONAL_REPRESENTATION('',(#5217),#5220);
#5217 = B_SPLINE_CURVE_WITH_KNOTS('',1,(#5218,#5219),.UNSPECIFIED.,.F.,
  .F.,(2,2),(-93.82112731091,-81.82112731091),.PIECEWISE_BEZIER_KNOTS.);
#5218 = CARTESIAN_POINT('',(0.5,-12.));
#5219 = CARTESIAN_POINT('',(0.5,0.));
#5220 = ( GEOMETRIC_REPRESENTATION_CONTEXT(2) 
PARAMETRIC_REPRESENTATION_CONTEXT() REPRESENTATION_CONTEXT('2D SPACE',''
  ) );
#5221 = ORIENTED_EDGE('',*,*,#350,.T.);
#5222 = ORIENTED_EDGE('',*,*,#4870,.T.);
#5223 = ORIENTED_EDGE('',*,*,#5224,.T.);
#5224 = EDGE_CURVE('',#4871,#5225,#5227,.T.);
#5225 = VERTEX_POINT('',#5226);
#5226 = CARTESIAN_POINT('',(-98.,333.,2.999999999997));
#5227 = SURFACE_CURVE('',#5228,(#5232,#5239),.PCURVE_S1.);
#5228 = LINE('',#5229,#5230);
#5229 = CARTESIAN_POINT('',(-170.,333.,2.999999999997));
#5230 = VECTOR('',#5231,1.);
#5231 = DIRECTION('',(1.,0.,0.));
#5232 = PCURVE('',#366,#5233);
#5233 = DEFINITIONAL_REPRESENTATION('',(#5234),#5238);
#5234 = LINE('',#5235,#5236);
#5235 = CARTESIAN_POINT('',(306.64225462182,-170.));
#5236 = VECTOR('',#5237,1.);
#5237 = DIRECTION('',(0.,1.));
#5238 = ( GEOMETRIC_REPRESENTATION_CONTEXT(2) 
PARAMETRIC_REPRESENTATION_CONTEXT() REPRESENTATION_CONTEXT('2D SPACE',''
  ) );
#5239 = PCURVE('',#5240,#5245);
#5240 = CYLINDRICAL_SURFACE('',#5241,4.);
#5241 = AXIS2_PLACEMENT_3D('',#5242,#5243,#5244);
#5242 = CARTESIAN_POINT('',(0.,333.,6.999999999997));
#5243 = DIRECTION('',(1.,0.,0.));
#5244 = DIRECTION('',(0.,1.,0.));
#5245 = DEFINITIONAL_REPRESENTATION('',(#5246),#5250);
#5246 = LINE('',#5247,#5248);
#5247 = CARTESIAN_POINT('',(4.712388980385,-170.));
#5248 = VECTOR('',#5249,1.);
#5249 = DIRECTION('',(-0.,1.));
#5250 = ( GEOMETRIC_REPRESENTATION_CONTEXT(2) 
PARAMETRIC_REPRESENTATION_CONTEXT() REPRESENTATION_CONTEXT('2D SPACE',''
  ) );
#5251 = ORIENTED_EDGE('',*,*,#5252,.T.);
#5252 = EDGE_CURVE('',#5225,#5253,#5255,.T.);
#5253 = VERTEX_POINT('',#5254);
#5254 = CARTESIAN_POINT('',(-98.,331.5,3.));
#5255 = SURFACE_CURVE('',#5256,(#5260,#5266),.PCURVE_S1.);
#5256 = LINE('',#5257,#5258);
#5257 = CARTESIAN_POINT('',(-98.,178.92887268908,3.));
#5258 = VECTOR('',#5259,1.);
#5259 = DIRECTION('',(0.,-1.,0.));
#5260 = PCURVE('',#366,#5261);
#5261 = DEFINITIONAL_REPRESENTATION('',(#5262),#5265);
#5262 = B_SPLINE_CURVE_WITH_KNOTS('',1,(#5263,#5264),.UNSPECIFIED.,.F.,
  .F.,(2,2),(-154.0711273109,-152.5711273109),.PIECEWISE_BEZIER_KNOTS.);
#5263 = CARTESIAN_POINT('',(306.64225462182,-98.));
#5264 = CARTESIAN_POINT('',(305.14225462182,-98.));
#5265 = ( GEOMETRIC_REPRESENTATION_CONTEXT(2) 
PARAMETRIC_REPRESENTATION_CONTEXT() REPRESENTATION_CONTEXT('2D SPACE',''
  ) );
#5266 = PCURVE('',#5267,#5272);
#5267 = PLANE('',#5268);
#5268 = AXIS2_PLACEMENT_3D('',#5269,#5270,#5271);
#5269 = CARTESIAN_POINT('',(-98.,331.5,2.));
#5270 = DIRECTION('',(1.,0.,-0.));
#5271 = DIRECTION('',(0.,0.,1.));
#5272 = DEFINITIONAL_REPRESENTATION('',(#5273),#5276);
#5273 = B_SPLINE_CURVE_WITH_KNOTS('',1,(#5274,#5275),.UNSPECIFIED.,.F.,
  .F.,(2,2),(-154.0711273109,-152.5711273109),.PIECEWISE_BEZIER_KNOTS.);
#5274 = CARTESIAN_POINT('',(1.,-1.5));
#5275 = CARTESIAN_POINT('',(1.,0.));
#5276 = ( GEOMETRIC_REPRESENTATION_CONTEXT(2) 
PARAMETRIC_REPRESENTATION_CONTEXT() REPRESENTATION_CONTEXT('2D SPACE',''
  ) );
#5277 = ORIENTED_EDGE('',*,*,#5278,.T.);
#5278 = EDGE_CURVE('',#5253,#5279,#5281,.T.);
#5279 = VERTEX_POINT('',#5280);
#5280 = CARTESIAN_POINT('',(-88.,331.5,3.));
#5281 = SURFACE_CURVE('',#5282,(#5286,#5292),.PCURVE_S1.);
#5282 = LINE('',#5283,#5284);
#5283 = CARTESIAN_POINT('',(-49.,331.5,3.));
#5284 = VECTOR('',#5285,1.);
#5285 = DIRECTION('',(1.,0.,0.));
#5286 = PCURVE('',#366,#5287);
#5287 = DEFINITIONAL_REPRESENTATION('',(#5288),#5291);
#5288 = B_SPLINE_CURVE_WITH_KNOTS('',1,(#5289,#5290),.UNSPECIFIED.,.F.,
  .F.,(2,2),(-49.,-39.),.PIECEWISE_BEZIER_KNOTS.);
#5289 = CARTESIAN_POINT('',(305.14225462182,-98.));
#5290 = CARTESIAN_POINT('',(305.14225462182,-88.));
#5291 = ( GEOMETRIC_REPRESENTATION_CONTEXT(2) 
PARAMETRIC_REPRESENTATION_CONTEXT() REPRESENTATION_CONTEXT('2D SPACE',''
  ) );
#5292 = PCURVE('',#5293,#5298);
#5293 = PLANE('',#5294);
#5294 = AXIS2_PLACEMENT_3D('',#5295,#5296,#5297);
#5295 = CARTESIAN_POINT('',(-98.,331.5,2.));
#5296 = DIRECTION('',(-0.,1.,0.));
#5297 = DIRECTION('',(0.,0.,1.));
#5298 = DEFINITIONAL_REPRESENTATION('',(#5299),#5302);
#5299 = B_SPLINE_CURVE_WITH_KNOTS('',1,(#5300,#5301),.UNSPECIFIED.,.F.,
  .F.,(2,2),(-49.,-39.),.PIECEWISE_BEZIER_KNOTS.);
#5300 = CARTESIAN_POINT('',(1.,0.));
#5301 = CARTESIAN_POINT('',(1.,10.));
#5302 = ( GEOMETRIC_REPRESENTATION_CONTEXT(2) 
PARAMETRIC_REPRESENTATION_CONTEXT() REPRESENTATION_CONTEXT('2D SPACE',''
  ) );
#5303 = ORIENTED_EDGE('',*,*,#5304,.F.);
#5304 = EDGE_CURVE('',#5305,#5279,#5307,.T.);
#5305 = VERTEX_POINT('',#5306);
#5306 = CARTESIAN_POINT('',(-88.,333.,2.999999999997));
#5307 = SURFACE_CURVE('',#5308,(#5312,#5318),.PCURVE_S1.);
#5308 = LINE('',#5309,#5310);
#5309 = CARTESIAN_POINT('',(-88.,178.92887268908,3.));
#5310 = VECTOR('',#5311,1.);
#5311 = DIRECTION('',(0.,-1.,0.));
#5312 = PCURVE('',#366,#5313);
#5313 = DEFINITIONAL_REPRESENTATION('',(#5314),#5317);
#5314 = B_SPLINE_CURVE_WITH_KNOTS('',1,(#5315,#5316),.UNSPECIFIED.,.F.,
  .F.,(2,2),(-154.0711273109,-152.5711273109),.PIECEWISE_BEZIER_KNOTS.);
#5315 = CARTESIAN_POINT('',(306.64225462182,-88.));
#5316 = CARTESIAN_POINT('',(305.14225462182,-88.));
#5317 = ( GEOMETRIC_REPRESENTATION_CONTEXT(2) 
PARAMETRIC_REPRESENTATION_CONTEXT() REPRESENTATION_CONTEXT('2D SPACE',''
  ) );
#5318 = PCURVE('',#5319,#5324);
#5319 = PLANE('',#5320);
#5320 = AXIS2_PLACEMENT_3D('',#5321,#5322,#5323);
#5321 = CARTESIAN_POINT('',(-88.,331.5,2.));
#5322 = DIRECTION('',(1.,0.,-0.));
#5323 = DIRECTION('',(0.,0.,1.));
#5324 = DEFINITIONAL_REPRESENTATION('',(#5325),#5328);
#5325 = B_SPLINE_CURVE_WITH_KNOTS('',1,(#5326,#5327),.UNSPECIFIED.,.F.,
  .F.,(2,2),(-154.0711273109,-152.5711273109),.PIECEWISE_BEZIER_KNOTS.);
#5326 = CARTESIAN_POINT('',(1.,-1.5));
#5327 = CARTESIAN_POINT('',(1.,0.));
#5328 = ( GEOMETRIC_REPRESENTATION_CONTEXT(2) 
PARAMETRIC_REPRESENTATION_CONTEXT() REPRESENTATION_CONTEXT('2D SPACE',''
  ) );
#5329 = ORIENTED_EDGE('',*,*,#5330,.T.);
#5330 = EDGE_CURVE('',#5305,#5331,#5333,.T.);
#5331 = VERTEX_POINT('',#5332);
#5332 = CARTESIAN_POINT('',(88.,333.,2.999999999997));
#5333 = SURFACE_CURVE('',#5334,(#5338,#5345),.PCURVE_S1.);
#5334 = LINE('',#5335,#5336);
#5335 = CARTESIAN_POINT('',(-170.,333.,2.999999999997));
#5336 = VECTOR('',#5337,1.);
#5337 = DIRECTION('',(1.,0.,0.));
#5338 = PCURVE('',#366,#5339);
#5339 = DEFINITIONAL_REPRESENTATION('',(#5340),#5344);
#5340 = LINE('',#5341,#5342);
#5341 = CARTESIAN_POINT('',(306.64225462182,-170.));
#5342 = VECTOR('',#5343,1.);
#5343 = DIRECTION('',(0.,1.));
#5344 = ( GEOMETRIC_REPRESENTATION_CONTEXT(2) 
PARAMETRIC_REPRESENTATION_CONTEXT() REPRESENTATION_CONTEXT('2D SPACE',''
  ) );
#5345 = PCURVE('',#5346,#5351);
#5346 = CYLINDRICAL_SURFACE('',#5347,4.);
#5347 = AXIS2_PLACEMENT_3D('',#5348,#5349,#5350);
#5348 = CARTESIAN_POINT('',(0.,333.,6.999999999997));
#5349 = DIRECTION('',(1.,0.,0.));
#5350 = DIRECTION('',(0.,1.,0.));
#5351 = DEFINITIONAL_REPRESENTATION('',(#5352),#5356);
#5352 = LINE('',#5353,#5354);
#5353 = CARTESIAN_POINT('',(4.712388980385,-170.));
#5354 = VECTOR('',#5355,1.);
#5355 = DIRECTION('',(-0.,1.));
#5356 = ( GEOMETRIC_REPRESENTATION_CONTEXT(2) 
PARAMETRIC_REPRESENTATION_CONTEXT() REPRESENTATION_CONTEXT('2D SPACE',''
  ) );
#5357 = ORIENTED_EDGE('',*,*,#5358,.T.);
#5358 = EDGE_CURVE('',#5331,#5359,#5361,.T.);
#5359 = VERTEX_POINT('',#5360);
#5360 = CARTESIAN_POINT('',(88.,331.5,3.));
#5361 = SURFACE_CURVE('',#5362,(#5366,#5372),.PCURVE_S1.);
#5362 = LINE('',#5363,#5364);
#5363 = CARTESIAN_POINT('',(88.,178.92887268908,3.));
#5364 = VECTOR('',#5365,1.);
#5365 = DIRECTION('',(0.,-1.,0.));
#5366 = PCURVE('',#366,#5367);
#5367 = DEFINITIONAL_REPRESENTATION('',(#5368),#5371);
#5368 = B_SPLINE_CURVE_WITH_KNOTS('',1,(#5369,#5370),.UNSPECIFIED.,.F.,
  .F.,(2,2),(-154.0711273109,-152.5711273109),.PIECEWISE_BEZIER_KNOTS.);
#5369 = CARTESIAN_POINT('',(306.64225462182,88.));
#5370 = CARTESIAN_POINT('',(305.14225462182,88.));
#5371 = ( GEOMETRIC_REPRESENTATION_CONTEXT(2) 
PARAMETRIC_REPRESENTATION_CONTEXT() REPRESENTATION_CONTEXT('2D SPACE',''
  ) );
#5372 = PCURVE('',#5373,#5378);
#5373 = PLANE('',#5374);
#5374 = AXIS2_PLACEMENT_3D('',#5375,#5376,#5377);
#5375 = CARTESIAN_POINT('',(88.,331.5,2.));
#5376 = DIRECTION('',(1.,0.,-0.));
#5377 = DIRECTION('',(0.,0.,1.));
#5378 = DEFINITIONAL_REPRESENTATION('',(#5379),#5382);
#5379 = B_SPLINE_CURVE_WITH_KNOTS('',1,(#5380,#5381),.UNSPECIFIED.,.F.,
  .F.,(2,2),(-154.0711273109,-152.5711273109),.PIECEWISE_BEZIER_KNOTS.);
#5380 = CARTESIAN_POINT('',(1.,-1.5));
#5381 = CARTESIAN_POINT('',(1.,0.));
#5382 = ( GEOMETRIC_REPRESENTATION_CONTEXT(2) 
PARAMETRIC_REPRESENTATION_CONTEXT() REPRESENTATION_CONTEXT('2D SPACE',''
  ) );
#5383 = ORIENTED_EDGE('',*,*,#5384,.T.);
#5384 = EDGE_CURVE('',#5359,#5385,#5387,.T.);
#5385 = VERTEX_POINT('',#5386);
#5386 = CARTESIAN_POINT('',(98.,331.5,3.));
#5387 = SURFACE_CURVE('',#5388,(#5392,#5398),.PCURVE_S1.);
#5388 = LINE('',#5389,#5390);
#5389 = CARTESIAN_POINT('',(44.,331.5,3.));
#5390 = VECTOR('',#5391,1.);
#5391 = DIRECTION('',(1.,0.,0.));
#5392 = PCURVE('',#366,#5393);
#5393 = DEFINITIONAL_REPRESENTATION('',(#5394),#5397);
#5394 = B_SPLINE_CURVE_WITH_KNOTS('',1,(#5395,#5396),.UNSPECIFIED.,.F.,
  .F.,(2,2),(44.,54.),.PIECEWISE_BEZIER_KNOTS.);
#5395 = CARTESIAN_POINT('',(305.14225462182,88.));
#5396 = CARTESIAN_POINT('',(305.14225462182,98.));
#5397 = ( GEOMETRIC_REPRESENTATION_CONTEXT(2) 
PARAMETRIC_REPRESENTATION_CONTEXT() REPRESENTATION_CONTEXT('2D SPACE',''
  ) );
#5398 = PCURVE('',#5399,#5404);
#5399 = PLANE('',#5400);
#5400 = AXIS2_PLACEMENT_3D('',#5401,#5402,#5403);
#5401 = CARTESIAN_POINT('',(88.,331.5,2.));
#5402 = DIRECTION('',(-0.,1.,0.));
#5403 = DIRECTION('',(0.,0.,1.));
#5404 = DEFINITIONAL_REPRESENTATION('',(#5405),#5408);
#5405 = B_SPLINE_CURVE_WITH_KNOTS('',1,(#5406,#5407),.UNSPECIFIED.,.F.,
  .F.,(2,2),(44.,54.),.PIECEWISE_BEZIER_KNOTS.);
#5406 = CARTESIAN_POINT('',(1.,0.));
#5407 = CARTESIAN_POINT('',(1.,10.));
#5408 = ( GEOMETRIC_REPRESENTATION_CONTEXT(2) 
PARAMETRIC_REPRESENTATION_CONTEXT() REPRESENTATION_CONTEXT('2D SPACE',''
  ) );
#5409 = ORIENTED_EDGE('',*,*,#5410,.F.);
#5410 = EDGE_CURVE('',#5411,#5385,#5413,.T.);
#5411 = VERTEX_POINT('',#5412);
#5412 = CARTESIAN_POINT('',(98.,333.,2.999999999997));
#5413 = SURFACE_CURVE('',#5414,(#5418,#5424),.PCURVE_S1.);
#5414 = LINE('',#5415,#5416);
#5415 = CARTESIAN_POINT('',(98.,178.92887268908,3.));
#5416 = VECTOR('',#5417,1.);
#5417 = DIRECTION('',(0.,-1.,0.));
#5418 = PCURVE('',#366,#5419);
#5419 = DEFINITIONAL_REPRESENTATION('',(#5420),#5423);
#5420 = B_SPLINE_CURVE_WITH_KNOTS('',1,(#5421,#5422),.UNSPECIFIED.,.F.,
  .F.,(2,2),(-154.0711273109,-152.5711273109),.PIECEWISE_BEZIER_KNOTS.);
#5421 = CARTESIAN_POINT('',(306.64225462182,98.));
#5422 = CARTESIAN_POINT('',(305.14225462182,98.));
#5423 = ( GEOMETRIC_REPRESENTATION_CONTEXT(2) 
PARAMETRIC_REPRESENTATION_CONTEXT() REPRESENTATION_CONTEXT('2D SPACE',''
  ) );
#5424 = PCURVE('',#5425,#5430);
#5425 = PLANE('',#5426);
#5426 = AXIS2_PLACEMENT_3D('',#5427,#5428,#5429);
#5427 = CARTESIAN_POINT('',(98.,331.5,2.));
#5428 = DIRECTION('',(1.,0.,-0.));
#5429 = DIRECTION('',(0.,0.,1.));
#5430 = DEFINITIONAL_REPRESENTATION('',(#5431),#5434);
#5431 = B_SPLINE_CURVE_WITH_KNOTS('',1,(#5432,#5433),.UNSPECIFIED.,.F.,
  .F.,(2,2),(-154.0711273109,-152.5711273109),.PIECEWISE_BEZIER_KNOTS.);
#5432 = CARTESIAN_POINT('',(1.,-1.5));
#5433 = CARTESIAN_POINT('',(1.,0.));
#5434 = ( GEOMETRIC_REPRESENTATION_CONTEXT(2) 
PARAMETRIC_REPRESENTATION_CONTEXT() REPRESENTATION_CONTEXT('2D SPACE',''
  ) );
#5435 = ORIENTED_EDGE('',*,*,#5436,.T.);
#5436 = EDGE_CURVE('',#5411,#4932,#5437,.T.);
#5437 = SURFACE_CURVE('',#5438,(#5442,#5449),.PCURVE_S1.);
#5438 = LINE('',#5439,#5440);
#5439 = CARTESIAN_POINT('',(-170.,333.,2.999999999997));
#5440 = VECTOR('',#5441,1.);
#5441 = DIRECTION('',(1.,0.,0.));
#5442 = PCURVE('',#366,#5443);
#5443 = DEFINITIONAL_REPRESENTATION('',(#5444),#5448);
#5444 = LINE('',#5445,#5446);
#5445 = CARTESIAN_POINT('',(306.64225462182,-170.));
#5446 = VECTOR('',#5447,1.);
#5447 = DIRECTION('',(0.,1.));
#5448 = ( GEOMETRIC_REPRESENTATION_CONTEXT(2) 
PARAMETRIC_REPRESENTATION_CONTEXT() REPRESENTATION_CONTEXT('2D SPACE',''
  ) );
#5449 = PCURVE('',#5450,#5455);
#5450 = CYLINDRICAL_SURFACE('',#5451,4.);
#5451 = AXIS2_PLACEMENT_3D('',#5452,#5453,#5454);
#5452 = CARTESIAN_POINT('',(0.,333.,6.999999999997));
#5453 = DIRECTION('',(1.,0.,0.));
#5454 = DIRECTION('',(0.,1.,0.));
#5455 = DEFINITIONAL_REPRESENTATION('',(#5456),#5460);
#5456 = LINE('',#5457,#5458);
#5457 = CARTESIAN_POINT('',(4.712388980385,-170.));
#5458 = VECTOR('',#5459,1.);
#5459 = DIRECTION('',(-0.,1.));
#5460 = ( GEOMETRIC_REPRESENTATION_CONTEXT(2) 
PARAMETRIC_REPRESENTATION_CONTEXT() REPRESENTATION_CONTEXT('2D SPACE',''
  ) );
#5461 = FACE_BOUND('',#5462,.F.);
#5462 = EDGE_LOOP('',(#5463));
#5463 = ORIENTED_EDGE('',*,*,#5464,.T.);
#5464 = EDGE_CURVE('',#5465,#5465,#5467,.T.);
#5465 = VERTEX_POINT('',#5466);
#5466 = CARTESIAN_POINT('',(-114.5,254.5,3.));
#5467 = SURFACE_CURVE('',#5468,(#5473,#5484),.PCURVE_S1.);
#5468 = CIRCLE('',#5469,4.5);
#5469 = AXIS2_PLACEMENT_3D('',#5470,#5471,#5472);
#5470 = CARTESIAN_POINT('',(-119.,254.5,3.));
#5471 = DIRECTION('',(0.,0.,1.));
#5472 = DIRECTION('',(1.,0.,-0.));
#5473 = PCURVE('',#366,#5474);
#5474 = DEFINITIONAL_REPRESENTATION('',(#5475),#5483);
#5475 = ( BOUNDED_CURVE() B_SPLINE_CURVE(2,(#5476,#5477,#5478,#5479,
#5480,#5481,#5482),.UNSPECIFIED.,.T.,.F.) B_SPLINE_CURVE_WITH_KNOTS((1,2
    ,2,2,2,1),(-2.094395102393,0.,2.094395102393,4.188790204786,
6.28318530718,8.377580409573),.UNSPECIFIED.) CURVE() 
GEOMETRIC_REPRESENTATION_ITEM() RATIONAL_B_SPLINE_CURVE((1.,0.5,1.,0.5,
1.,0.5,1.)) REPRESENTATION_ITEM('') );
#5476 = CARTESIAN_POINT('',(228.14225462182,-114.5));
#5477 = CARTESIAN_POINT('',(235.93648325588,-114.5));
#5478 = CARTESIAN_POINT('',(232.03936893885,-121.25));
#5479 = CARTESIAN_POINT('',(228.14225462182,-128.));
#5480 = CARTESIAN_POINT('',(224.24514030479,-121.25));
#5481 = CARTESIAN_POINT('',(220.34802598776,-114.5));
#5482 = CARTESIAN_POINT('',(228.14225462182,-114.5));
#5483 = ( GEOMETRIC_REPRESENTATION_CONTEXT(2) 
PARAMETRIC_REPRESENTATION_CONTEXT() REPRESENTATION_CONTEXT('2D SPACE',''
  ) );
#5484 = PCURVE('',#5485,#5490);
#5485 = CYLINDRICAL_SURFACE('',#5486,4.5);
#5486 = AXIS2_PLACEMENT_3D('',#5487,#5488,#5489);
#5487 = CARTESIAN_POINT('',(-119.,254.5,2.5));
#5488 = DIRECTION('',(0.,0.,1.));
#5489 = DIRECTION('',(1.,0.,-0.));
#5490 = DEFINITIONAL_REPRESENTATION('',(#5491),#5495);
#5491 = LINE('',#5492,#5493);
#5492 = CARTESIAN_POINT('',(0.,0.5));
#5493 = VECTOR('',#5494,1.);
#5494 = DIRECTION('',(1.,0.));
#5495 = ( GEOMETRIC_REPRESENTATION_CONTEXT(2) 
PARAMETRIC_REPRESENTATION_CONTEXT() REPRESENTATION_CONTEXT('2D SPACE',''
  ) );
#5496 = FACE_BOUND('',#5497,.F.);
#5497 = EDGE_LOOP('',(#5498));
#5498 = ORIENTED_EDGE('',*,*,#5499,.T.);
#5499 = EDGE_CURVE('',#5500,#5500,#5502,.T.);
#5500 = VERTEX_POINT('',#5501);
#5501 = CARTESIAN_POINT('',(-114.5,269.5,3.));
#5502 = SURFACE_CURVE('',#5503,(#5508,#5519),.PCURVE_S1.);
#5503 = CIRCLE('',#5504,4.5);
#5504 = AXIS2_PLACEMENT_3D('',#5505,#5506,#5507);
#5505 = CARTESIAN_POINT('',(-119.,269.5,3.));
#5506 = DIRECTION('',(0.,0.,1.));
#5507 = DIRECTION('',(1.,0.,-0.));
#5508 = PCURVE('',#366,#5509);
#5509 = DEFINITIONAL_REPRESENTATION('',(#5510),#5518);
#5510 = ( BOUNDED_CURVE() B_SPLINE_CURVE(2,(#5511,#5512,#5513,#5514,
#5515,#5516,#5517),.UNSPECIFIED.,.T.,.F.) B_SPLINE_CURVE_WITH_KNOTS((1,2
    ,2,2,2,1),(-2.094395102393,0.,2.094395102393,4.188790204786,
6.28318530718,8.377580409573),.UNSPECIFIED.) CURVE() 
GEOMETRIC_REPRESENTATION_ITEM() RATIONAL_B_SPLINE_CURVE((1.,0.5,1.,0.5,
1.,0.5,1.)) REPRESENTATION_ITEM('') );
#5511 = CARTESIAN_POINT('',(243.14225462182,-114.5));
#5512 = CARTESIAN_POINT('',(250.93648325588,-114.5));
#5513 = CARTESIAN_POINT('',(247.03936893885,-121.25));
#5514 = CARTESIAN_POINT('',(243.14225462182,-128.));
#5515 = CARTESIAN_POINT('',(239.24514030479,-121.25));
#5516 = CARTESIAN_POINT('',(235.34802598776,-114.5));
#5517 = CARTESIAN_POINT('',(243.14225462182,-114.5));
#5518 = ( GEOMETRIC_REPRESENTATION_CONTEXT(2) 
PARAMETRIC_REPRESENTATION_CONTEXT() REPRESENTATION_CONTEXT('2D SPACE',''
  ) );
#5519 = PCURVE('',#5520,#5525);
#5520 = CYLINDRICAL_SURFACE('',#5521,4.5);
#5521 = AXIS2_PLACEMENT_3D('',#5522,#5523,#5524);
#5522 = CARTESIAN_POINT('',(-119.,269.5,2.5));
#5523 = DIRECTION('',(0.,0.,1.));
#5524 = DIRECTION('',(1.,0.,-0.));
#5525 = DEFINITIONAL_REPRESENTATION('',(#5526),#5530);
#5526 = LINE('',#5527,#5528);
#5527 = CARTESIAN_POINT('',(0.,0.5));
#5528 = VECTOR('',#5529,1.);
#5529 = DIRECTION('',(1.,0.));
#5530 = ( GEOMETRIC_REPRESENTATION_CONTEXT(2) 
PARAMETRIC_REPRESENTATION_CONTEXT() REPRESENTATION_CONTEXT('2D SPACE',''
  ) );
#5531 = FACE_BOUND('',#5532,.F.);
#5532 = EDGE_LOOP('',(#5533));
#5533 = ORIENTED_EDGE('',*,*,#5534,.T.);
#5534 = EDGE_CURVE('',#5535,#5535,#5537,.T.);
#5535 = VERTEX_POINT('',#5536);
#5536 = CARTESIAN_POINT('',(-112.,288.5,3.));
#5537 = SURFACE_CURVE('',#5538,(#5543,#5554),.PCURVE_S1.);
#5538 = CIRCLE('',#5539,4.5);
#5539 = AXIS2_PLACEMENT_3D('',#5540,#5541,#5542);
#5540 = CARTESIAN_POINT('',(-116.5,288.5,3.));
#5541 = DIRECTION('',(0.,0.,1.));
#5542 = DIRECTION('',(1.,0.,-0.));
#5543 = PCURVE('',#366,#5544);
#5544 = DEFINITIONAL_REPRESENTATION('',(#5545),#5553);
#5545 = ( BOUNDED_CURVE() B_SPLINE_CURVE(2,(#5546,#5547,#5548,#5549,
#5550,#5551,#5552),.UNSPECIFIED.,.T.,.F.) B_SPLINE_CURVE_WITH_KNOTS((1,2
    ,2,2,2,1),(-2.094395102393,0.,2.094395102393,4.188790204786,
6.28318530718,8.377580409573),.UNSPECIFIED.) CURVE() 
GEOMETRIC_REPRESENTATION_ITEM() RATIONAL_B_SPLINE_CURVE((1.,0.5,1.,0.5,
1.,0.5,1.)) REPRESENTATION_ITEM('') );
#5546 = CARTESIAN_POINT('',(262.14225462182,-112.));
#5547 = CARTESIAN_POINT('',(269.93648325588,-112.));
#5548 = CARTESIAN_POINT('',(266.03936893885,-118.75));
#5549 = CARTESIAN_POINT('',(262.14225462182,-125.5));
#5550 = CARTESIAN_POINT('',(258.24514030479,-118.75));
#5551 = CARTESIAN_POINT('',(254.34802598776,-112.));
#5552 = CARTESIAN_POINT('',(262.14225462182,-112.));
#5553 = ( GEOMETRIC_REPRESENTATION_CONTEXT(2) 
PARAMETRIC_REPRESENTATION_CONTEXT() REPRESENTATION_CONTEXT('2D SPACE',''
  ) );
#5554 = PCURVE('',#5555,#5560);
#5555 = CYLINDRICAL_SURFACE('',#5556,4.5);
#5556 = AXIS2_PLACEMENT_3D('',#5557,#5558,#5559);
#5557 = CARTESIAN_POINT('',(-116.5,288.5,2.5));
#5558 = DIRECTION('',(0.,0.,1.));
#5559 = DIRECTION('',(1.,0.,-0.));
#5560 = DEFINITIONAL_REPRESENTATION('',(#5561),#5565);
#5561 = LINE('',#5562,#5563);
#5562 = CARTESIAN_POINT('',(0.,0.5));
#5563 = VECTOR('',#5564,1.);
#5564 = DIRECTION('',(1.,0.));
#5565 = ( GEOMETRIC_REPRESENTATION_CONTEXT(2) 
PARAMETRIC_REPRESENTATION_CONTEXT() REPRESENTATION_CONTEXT('2D SPACE',''
  ) );
#5566 = FACE_BOUND('',#5567,.F.);
#5567 = EDGE_LOOP('',(#5568));
#5568 = ORIENTED_EDGE('',*,*,#5569,.T.);
#5569 = EDGE_CURVE('',#5570,#5570,#5572,.T.);
#5570 = VERTEX_POINT('',#5571);
#5571 = CARTESIAN_POINT('',(-112.,311.5,3.));
#5572 = SURFACE_CURVE('',#5573,(#5578,#5589),.PCURVE_S1.);
#5573 = CIRCLE('',#5574,4.5);
#5574 = AXIS2_PLACEMENT_3D('',#5575,#5576,#5577);
#5575 = CARTESIAN_POINT('',(-116.5,311.5,3.));
#5576 = DIRECTION('',(0.,0.,1.));
#5577 = DIRECTION('',(1.,0.,-0.));
#5578 = PCURVE('',#366,#5579);
#5579 = DEFINITIONAL_REPRESENTATION('',(#5580),#5588);
#5580 = ( BOUNDED_CURVE() B_SPLINE_CURVE(2,(#5581,#5582,#5583,#5584,
#5585,#5586,#5587),.UNSPECIFIED.,.T.,.F.) B_SPLINE_CURVE_WITH_KNOTS((1,2
    ,2,2,2,1),(-2.094395102393,0.,2.094395102393,4.188790204786,
6.28318530718,8.377580409573),.UNSPECIFIED.) CURVE() 
GEOMETRIC_REPRESENTATION_ITEM() RATIONAL_B_SPLINE_CURVE((1.,0.5,1.,0.5,
1.,0.5,1.)) REPRESENTATION_ITEM('') );
#5581 = CARTESIAN_POINT('',(285.14225462182,-112.));
#5582 = CARTESIAN_POINT('',(292.93648325588,-112.));
#5583 = CARTESIAN_POINT('',(289.03936893885,-118.75));
#5584 = CARTESIAN_POINT('',(285.14225462182,-125.5));
#5585 = CARTESIAN_POINT('',(281.24514030479,-118.75));
#5586 = CARTESIAN_POINT('',(277.34802598776,-112.));
#5587 = CARTESIAN_POINT('',(285.14225462182,-112.));
#5588 = ( GEOMETRIC_REPRESENTATION_CONTEXT(2) 
PARAMETRIC_REPRESENTATION_CONTEXT() REPRESENTATION_CONTEXT('2D SPACE',''
  ) );
#5589 = PCURVE('',#5590,#5595);
#5590 = CYLINDRICAL_SURFACE('',#5591,4.5);
#5591 = AXIS2_PLACEMENT_3D('',#5592,#5593,#5594);
#5592 = CARTESIAN_POINT('',(-116.5,311.5,2.5));
#5593 = DIRECTION('',(0.,0.,1.));
#5594 = DIRECTION('',(1.,0.,-0.));
#5595 = DEFINITIONAL_REPRESENTATION('',(#5596),#5600);
#5596 = LINE('',#5597,#5598);
#5597 = CARTESIAN_POINT('',(0.,0.5));
#5598 = VECTOR('',#5599,1.);
#5599 = DIRECTION('',(1.,0.));
#5600 = ( GEOMETRIC_REPRESENTATION_CONTEXT(2) 
PARAMETRIC_REPRESENTATION_CONTEXT() REPRESENTATION_CONTEXT('2D SPACE',''
  ) );
#5601 = FACE_BOUND('',#5602,.F.);
#5602 = EDGE_LOOP('',(#5603));
#5603 = ORIENTED_EDGE('',*,*,#5604,.T.);
#5604 = EDGE_CURVE('',#5605,#5605,#5607,.T.);
#5605 = VERTEX_POINT('',#5606);
#5606 = CARTESIAN_POINT('',(-76.5,254.5,3.));
#5607 = SURFACE_CURVE('',#5608,(#5613,#5624),.PCURVE_S1.);
#5608 = CIRCLE('',#5609,4.5);
#5609 = AXIS2_PLACEMENT_3D('',#5610,#5611,#5612);
#5610 = CARTESIAN_POINT('',(-81.,254.5,3.));
#5611 = DIRECTION('',(0.,0.,1.));
#5612 = DIRECTION('',(1.,0.,-0.));
#5613 = PCURVE('',#366,#5614);
#5614 = DEFINITIONAL_REPRESENTATION('',(#5615),#5623);
#5615 = ( BOUNDED_CURVE() B_SPLINE_CURVE(2,(#5616,#5617,#5618,#5619,
#5620,#5621,#5622),.UNSPECIFIED.,.T.,.F.) B_SPLINE_CURVE_WITH_KNOTS((1,2
    ,2,2,2,1),(-2.094395102393,0.,2.094395102393,4.188790204786,
6.28318530718,8.377580409573),.UNSPECIFIED.) CURVE() 
GEOMETRIC_REPRESENTATION_ITEM() RATIONAL_B_SPLINE_CURVE((1.,0.5,1.,0.5,
1.,0.5,1.)) REPRESENTATION_ITEM('') );
#5616 = CARTESIAN_POINT('',(228.14225462182,-76.5));
#5617 = CARTESIAN_POINT('',(235.93648325588,-76.5));
#5618 = CARTESIAN_POINT('',(232.03936893885,-83.25));
#5619 = CARTESIAN_POINT('',(228.14225462182,-90.));
#5620 = CARTESIAN_POINT('',(224.24514030479,-83.25));
#5621 = CARTESIAN_POINT('',(220.34802598776,-76.5));
#5622 = CARTESIAN_POINT('',(228.14225462182,-76.5));
#5623 = ( GEOMETRIC_REPRESENTATION_CONTEXT(2) 
PARAMETRIC_REPRESENTATION_CONTEXT() REPRESENTATION_CONTEXT('2D SPACE',''
  ) );
#5624 = PCURVE('',#5625,#5630);
#5625 = CYLINDRICAL_SURFACE('',#5626,4.5);
#5626 = AXIS2_PLACEMENT_3D('',#5627,#5628,#5629);
#5627 = CARTESIAN_POINT('',(-81.,254.5,2.5));
#5628 = DIRECTION('',(0.,0.,1.));
#5629 = DIRECTION('',(1.,0.,-0.));
#5630 = DEFINITIONAL_REPRESENTATION('',(#5631),#5635);
#5631 = LINE('',#5632,#5633);
#5632 = CARTESIAN_POINT('',(0.,0.5));
#5633 = VECTOR('',#5634,1.);
#5634 = DIRECTION('',(1.,0.));
#5635 = ( GEOMETRIC_REPRESENTATION_CONTEXT(2) 
PARAMETRIC_REPRESENTATION_CONTEXT() REPRESENTATION_CONTEXT('2D SPACE',''
  ) );
#5636 = FACE_BOUND('',#5637,.F.);
#5637 = EDGE_LOOP('',(#5638));
#5638 = ORIENTED_EDGE('',*,*,#5639,.T.);
#5639 = EDGE_CURVE('',#5640,#5640,#5642,.T.);
#5640 = VERTEX_POINT('',#5641);
#5641 = CARTESIAN_POINT('',(-76.5,269.5,3.));
#5642 = SURFACE_CURVE('',#5643,(#5648,#5659),.PCURVE_S1.);
#5643 = CIRCLE('',#5644,4.5);
#5644 = AXIS2_PLACEMENT_3D('',#5645,#5646,#5647);
#5645 = CARTESIAN_POINT('',(-81.,269.5,3.));
#5646 = DIRECTION('',(0.,0.,1.));
#5647 = DIRECTION('',(1.,0.,-0.));
#5648 = PCURVE('',#366,#5649);
#5649 = DEFINITIONAL_REPRESENTATION('',(#5650),#5658);
#5650 = ( BOUNDED_CURVE() B_SPLINE_CURVE(2,(#5651,#5652,#5653,#5654,
#5655,#5656,#5657),.UNSPECIFIED.,.T.,.F.) B_SPLINE_CURVE_WITH_KNOTS((1,2
    ,2,2,2,1),(-2.094395102393,0.,2.094395102393,4.188790204786,
6.28318530718,8.377580409573),.UNSPECIFIED.) CURVE() 
GEOMETRIC_REPRESENTATION_ITEM() RATIONAL_B_SPLINE_CURVE((1.,0.5,1.,0.5,
1.,0.5,1.)) REPRESENTATION_ITEM('') );
#5651 = CARTESIAN_POINT('',(243.14225462182,-76.5));
#5652 = CARTESIAN_POINT('',(250.93648325588,-76.5));
#5653 = CARTESIAN_POINT('',(247.03936893885,-83.25));
#5654 = CARTESIAN_POINT('',(243.14225462182,-90.));
#5655 = CARTESIAN_POINT('',(239.24514030479,-83.25));
#5656 = CARTESIAN_POINT('',(235.34802598776,-76.5));
#5657 = CARTESIAN_POINT('',(243.14225462182,-76.5));
#5658 = ( GEOMETRIC_REPRESENTATION_CONTEXT(2) 
PARAMETRIC_REPRESENTATION_CONTEXT() REPRESENTATION_CONTEXT('2D SPACE',''
  ) );
#5659 = PCURVE('',#5660,#5665);
#5660 = CYLINDRICAL_SURFACE('',#5661,4.5);
#5661 = AXIS2_PLACEMENT_3D('',#5662,#5663,#5664);
#5662 = CARTESIAN_POINT('',(-81.,269.5,2.5));
#5663 = DIRECTION('',(0.,0.,1.));
#5664 = DIRECTION('',(1.,0.,-0.));
#5665 = DEFINITIONAL_REPRESENTATION('',(#5666),#5670);
#5666 = LINE('',#5667,#5668);
#5667 = CARTESIAN_POINT('',(0.,0.5));
#5668 = VECTOR('',#5669,1.);
#5669 = DIRECTION('',(1.,0.));
#5670 = ( GEOMETRIC_REPRESENTATION_CONTEXT(2) 
PARAMETRIC_REPRESENTATION_CONTEXT() REPRESENTATION_CONTEXT('2D SPACE',''
  ) );
#5671 = FACE_BOUND('',#5672,.F.);
#5672 = EDGE_LOOP('',(#5673));
#5673 = ORIENTED_EDGE('',*,*,#5674,.T.);
#5674 = EDGE_CURVE('',#5675,#5675,#5677,.T.);
#5675 = VERTEX_POINT('',#5676);
#5676 = CARTESIAN_POINT('',(-79.,288.5,3.));
#5677 = SURFACE_CURVE('',#5678,(#5683,#5694),.PCURVE_S1.);
#5678 = CIRCLE('',#5679,4.5);
#5679 = AXIS2_PLACEMENT_3D('',#5680,#5681,#5682);
#5680 = CARTESIAN_POINT('',(-83.5,288.5,3.));
#5681 = DIRECTION('',(0.,0.,1.));
#5682 = DIRECTION('',(1.,0.,-0.));
#5683 = PCURVE('',#366,#5684);
#5684 = DEFINITIONAL_REPRESENTATION('',(#5685),#5693);
#5685 = ( BOUNDED_CURVE() B_SPLINE_CURVE(2,(#5686,#5687,#5688,#5689,
#5690,#5691,#5692),.UNSPECIFIED.,.T.,.F.) B_SPLINE_CURVE_WITH_KNOTS((1,2
    ,2,2,2,1),(-2.094395102393,0.,2.094395102393,4.188790204786,
6.28318530718,8.377580409573),.UNSPECIFIED.) CURVE() 
GEOMETRIC_REPRESENTATION_ITEM() RATIONAL_B_SPLINE_CURVE((1.,0.5,1.,0.5,
1.,0.5,1.)) REPRESENTATION_ITEM('') );
#5686 = CARTESIAN_POINT('',(262.14225462182,-79.));
#5687 = CARTESIAN_POINT('',(269.93648325588,-79.));
#5688 = CARTESIAN_POINT('',(266.03936893885,-85.75));
#5689 = CARTESIAN_POINT('',(262.14225462182,-92.5));
#5690 = CARTESIAN_POINT('',(258.24514030479,-85.75));
#5691 = CARTESIAN_POINT('',(254.34802598776,-79.));
#5692 = CARTESIAN_POINT('',(262.14225462182,-79.));
#5693 = ( GEOMETRIC_REPRESENTATION_CONTEXT(2) 
PARAMETRIC_REPRESENTATION_CONTEXT() REPRESENTATION_CONTEXT('2D SPACE',''
  ) );
#5694 = PCURVE('',#5695,#5700);
#5695 = CYLINDRICAL_SURFACE('',#5696,4.5);
#5696 = AXIS2_PLACEMENT_3D('',#5697,#5698,#5699);
#5697 = CARTESIAN_POINT('',(-83.5,288.5,2.5));
#5698 = DIRECTION('',(0.,0.,1.));
#5699 = DIRECTION('',(1.,0.,-0.));
#5700 = DEFINITIONAL_REPRESENTATION('',(#5701),#5705);
#5701 = LINE('',#5702,#5703);
#5702 = CARTESIAN_POINT('',(0.,0.5));
#5703 = VECTOR('',#5704,1.);
#5704 = DIRECTION('',(1.,0.));
#5705 = ( GEOMETRIC_REPRESENTATION_CONTEXT(2) 
PARAMETRIC_REPRESENTATION_CONTEXT() REPRESENTATION_CONTEXT('2D SPACE',''
  ) );
#5706 = FACE_BOUND('',#5707,.F.);
#5707 = EDGE_LOOP('',(#5708));
#5708 = ORIENTED_EDGE('',*,*,#5709,.T.);
#5709 = EDGE_CURVE('',#5710,#5710,#5712,.T.);
#5710 = VERTEX_POINT('',#5711);
#5711 = CARTESIAN_POINT('',(-79.,311.5,3.));
#5712 = SURFACE_CURVE('',#5713,(#5718,#5729),.PCURVE_S1.);
#5713 = CIRCLE('',#5714,4.5);
#5714 = AXIS2_PLACEMENT_3D('',#5715,#5716,#5717);
#5715 = CARTESIAN_POINT('',(-83.5,311.5,3.));
#5716 = DIRECTION('',(0.,0.,1.));
#5717 = DIRECTION('',(1.,0.,-0.));
#5718 = PCURVE('',#366,#5719);
#5719 = DEFINITIONAL_REPRESENTATION('',(#5720),#5728);
#5720 = ( BOUNDED_CURVE() B_SPLINE_CURVE(2,(#5721,#5722,#5723,#5724,
#5725,#5726,#5727),.UNSPECIFIED.,.T.,.F.) B_SPLINE_CURVE_WITH_KNOTS((1,2
    ,2,2,2,1),(-2.094395102393,0.,2.094395102393,4.188790204786,
6.28318530718,8.377580409573),.UNSPECIFIED.) CURVE() 
GEOMETRIC_REPRESENTATION_ITEM() RATIONAL_B_SPLINE_CURVE((1.,0.5,1.,0.5,
1.,0.5,1.)) REPRESENTATION_ITEM('') );
#5721 = CARTESIAN_POINT('',(285.14225462182,-79.));
#5722 = CARTESIAN_POINT('',(292.93648325588,-79.));
#5723 = CARTESIAN_POINT('',(289.03936893885,-85.75));
#5724 = CARTESIAN_POINT('',(285.14225462182,-92.5));
#5725 = CARTESIAN_POINT('',(281.24514030479,-85.75));
#5726 = CARTESIAN_POINT('',(277.34802598776,-79.));
#5727 = CARTESIAN_POINT('',(285.14225462182,-79.));
#5728 = ( GEOMETRIC_REPRESENTATION_CONTEXT(2) 
PARAMETRIC_REPRESENTATION_CONTEXT() REPRESENTATION_CONTEXT('2D SPACE',''
  ) );
#5729 = PCURVE('',#5730,#5735);
#5730 = CYLINDRICAL_SURFACE('',#5731,4.5);
#5731 = AXIS2_PLACEMENT_3D('',#5732,#5733,#5734);
#5732 = CARTESIAN_POINT('',(-83.5,311.5,2.5));
#5733 = DIRECTION('',(0.,0.,1.));
#5734 = DIRECTION('',(1.,0.,-0.));
#5735 = DEFINITIONAL_REPRESENTATION('',(#5736),#5740);
#5736 = LINE('',#5737,#5738);
#5737 = CARTESIAN_POINT('',(0.,0.5));
#5738 = VECTOR('',#5739,1.);
#5739 = DIRECTION('',(1.,0.));
#5740 = ( GEOMETRIC_REPRESENTATION_CONTEXT(2) 
PARAMETRIC_REPRESENTATION_CONTEXT() REPRESENTATION_CONTEXT('2D SPACE',''
  ) );
#5741 = ADVANCED_FACE('',(#5742),#846,.F.);
#5742 = FACE_BOUND('',#5743,.F.);
#5743 = EDGE_LOOP('',(#5744,#5745,#5746,#5767,#5793,#5814,#5840,#5861,
    #5882,#5901,#5902,#5923,#5949,#5970,#5996,#6017,#6038,#6057,#6058,
    #6079,#6464,#6490,#6519,#6538,#6539,#6560,#6586,#6607,#6633,#6654,
    #6675));
#5744 = ORIENTED_EDGE('',*,*,#2356,.F.);
#5745 = ORIENTED_EDGE('',*,*,#1047,.T.);
#5746 = ORIENTED_EDGE('',*,*,#5747,.F.);
#5747 = EDGE_CURVE('',#5748,#1020,#5750,.T.);
#5748 = VERTEX_POINT('',#5749);
#5749 = CARTESIAN_POINT('',(162.,202.,117.));
#5750 = SURFACE_CURVE('',#5751,(#5755,#5761),.PCURVE_S1.);
#5751 = LINE('',#5752,#5753);
#5752 = CARTESIAN_POINT('',(162.,194.5660106619,117.));
#5753 = VECTOR('',#5754,1.);
#5754 = DIRECTION('',(0.,-1.,0.));
#5755 = PCURVE('',#846,#5756);
#5756 = DEFINITIONAL_REPRESENTATION('',(#5757),#5760);
#5757 = B_SPLINE_CURVE_WITH_KNOTS('',1,(#5758,#5759),.UNSPECIFIED.,.F.,
  .F.,(2,2),(-7.433989338091,4.566010661909),.PIECEWISE_BEZIER_KNOTS.);
#5758 = CARTESIAN_POINT('',(2.867978676182,-50.81425665813));
#5759 = CARTESIAN_POINT('',(-9.132021323818,-50.81425665813));
#5760 = ( GEOMETRIC_REPRESENTATION_CONTEXT(2) 
PARAMETRIC_REPRESENTATION_CONTEXT() REPRESENTATION_CONTEXT('2D SPACE',''
  ) );
#5761 = PCURVE('',#1035,#5762);
#5762 = DEFINITIONAL_REPRESENTATION('',(#5763),#5766);
#5763 = B_SPLINE_CURVE_WITH_KNOTS('',1,(#5764,#5765),.UNSPECIFIED.,.F.,
  .F.,(2,2),(-7.433989338091,4.566010661909),.PIECEWISE_BEZIER_KNOTS.);
#5764 = CARTESIAN_POINT('',(8.5,12.));
#5765 = CARTESIAN_POINT('',(8.5,0.));
#5766 = ( GEOMETRIC_REPRESENTATION_CONTEXT(2) 
PARAMETRIC_REPRESENTATION_CONTEXT() REPRESENTATION_CONTEXT('2D SPACE',''
  ) );
#5767 = ORIENTED_EDGE('',*,*,#5768,.F.);
#5768 = EDGE_CURVE('',#5769,#5748,#5771,.T.);
#5769 = VERTEX_POINT('',#5770);
#5770 = CARTESIAN_POINT('',(162.,202.,110.8));
#5771 = SURFACE_CURVE('',#5772,(#5776,#5782),.PCURVE_S1.);
#5772 = LINE('',#5773,#5774);
#5773 = CARTESIAN_POINT('',(162.,202.,135.40712832906));
#5774 = VECTOR('',#5775,1.);
#5775 = DIRECTION('',(0.,-0.,1.));
#5776 = PCURVE('',#846,#5777);
#5777 = DEFINITIONAL_REPRESENTATION('',(#5778),#5781);
#5778 = B_SPLINE_CURVE_WITH_KNOTS('',1,(#5779,#5780),.UNSPECIFIED.,.F.,
  .F.,(2,2),(-32.40712832906,-18.40712832906),.PIECEWISE_BEZIER_KNOTS.);
#5779 = CARTESIAN_POINT('',(2.867978676182,-64.81425665813));
#5780 = CARTESIAN_POINT('',(2.867978676182,-50.81425665813));
#5781 = ( GEOMETRIC_REPRESENTATION_CONTEXT(2) 
PARAMETRIC_REPRESENTATION_CONTEXT() REPRESENTATION_CONTEXT('2D SPACE',''
  ) );
#5782 = PCURVE('',#5783,#5788);
#5783 = PLANE('',#5784);
#5784 = AXIS2_PLACEMENT_3D('',#5785,#5786,#5787);
#5785 = CARTESIAN_POINT('',(153.5,202.,103.));
#5786 = DIRECTION('',(-0.,1.,0.));
#5787 = DIRECTION('',(0.,0.,1.));
#5788 = DEFINITIONAL_REPRESENTATION('',(#5789),#5792);
#5789 = B_SPLINE_CURVE_WITH_KNOTS('',1,(#5790,#5791),.UNSPECIFIED.,.F.,
  .F.,(2,2),(-32.40712832906,-18.40712832906),.PIECEWISE_BEZIER_KNOTS.);
#5790 = CARTESIAN_POINT('',(0.,8.5));
#5791 = CARTESIAN_POINT('',(14.,8.5));
#5792 = ( GEOMETRIC_REPRESENTATION_CONTEXT(2) 
PARAMETRIC_REPRESENTATION_CONTEXT() REPRESENTATION_CONTEXT('2D SPACE',''
  ) );
#5793 = ORIENTED_EDGE('',*,*,#5794,.F.);
#5794 = EDGE_CURVE('',#5795,#5769,#5797,.T.);
#5795 = VERTEX_POINT('',#5796);
#5796 = CARTESIAN_POINT('',(162.,203.,110.8));
#5797 = SURFACE_CURVE('',#5798,(#5802,#5808),.PCURVE_S1.);
#5798 = LINE('',#5799,#5800);
#5799 = CARTESIAN_POINT('',(162.,203.,110.8));
#5800 = VECTOR('',#5801,1.);
#5801 = DIRECTION('',(0.,-1.,2.22044604925E-16));
#5802 = PCURVE('',#846,#5803);
#5803 = DEFINITIONAL_REPRESENTATION('',(#5804),#5807);
#5804 = B_SPLINE_CURVE_WITH_KNOTS('',1,(#5805,#5806),.UNSPECIFIED.,.F.,
  .F.,(2,2),(-5.999999928008E-07,14.0000006),.PIECEWISE_BEZIER_KNOTS.);
#5805 = CARTESIAN_POINT('',(3.867979276182,-57.01425665813));
#5806 = CARTESIAN_POINT('',(-10.13202192381,-57.01425665813));
#5807 = ( GEOMETRIC_REPRESENTATION_CONTEXT(2) 
PARAMETRIC_REPRESENTATION_CONTEXT() REPRESENTATION_CONTEXT('2D SPACE',''
  ) );
#5808 = PCURVE('',#1639,#5809);
#5809 = DEFINITIONAL_REPRESENTATION('',(#5810),#5813);
#5810 = B_SPLINE_CURVE_WITH_KNOTS('',1,(#5811,#5812),.UNSPECIFIED.,.F.,
  .F.,(2,2),(-5.999999928008E-07,14.0000006),.PIECEWISE_BEZIER_KNOTS.);
#5811 = CARTESIAN_POINT('',(0.489957326254,-5.999999926232E-07));
#5812 = CARTESIAN_POINT('',(0.489957326254,14.0000006));
#5813 = ( GEOMETRIC_REPRESENTATION_CONTEXT(2) 
PARAMETRIC_REPRESENTATION_CONTEXT() REPRESENTATION_CONTEXT('2D SPACE',''
  ) );
#5814 = ORIENTED_EDGE('',*,*,#5815,.T.);
#5815 = EDGE_CURVE('',#5795,#5816,#5818,.T.);
#5816 = VERTEX_POINT('',#5817);
#5817 = CARTESIAN_POINT('',(162.,203.,109.2));
#5818 = SURFACE_CURVE('',#5819,(#5823,#5829),.PCURVE_S1.);
#5819 = LINE('',#5820,#5821);
#5820 = CARTESIAN_POINT('',(162.,203.,138.90712832906));
#5821 = VECTOR('',#5822,1.);
#5822 = DIRECTION('',(0.,-2.22044604925E-16,-1.));
#5823 = PCURVE('',#846,#5824);
#5824 = DEFINITIONAL_REPRESENTATION('',(#5825),#5828);
#5825 = B_SPLINE_CURVE_WITH_KNOTS('',1,(#5826,#5827),.UNSPECIFIED.,.F.,
  .F.,(2,2),(27.207128329067,30.607128329067),.PIECEWISE_BEZIER_KNOTS.);
#5826 = CARTESIAN_POINT('',(3.867978676182,-56.11425665813));
#5827 = CARTESIAN_POINT('',(3.867978676182,-59.51425665813));
#5828 = ( GEOMETRIC_REPRESENTATION_CONTEXT(2) 
PARAMETRIC_REPRESENTATION_CONTEXT() REPRESENTATION_CONTEXT('2D SPACE',''
  ) );
#5829 = PCURVE('',#5830,#5835);
#5830 = PLANE('',#5831);
#5831 = AXIS2_PLACEMENT_3D('',#5832,#5833,#5834);
#5832 = CARTESIAN_POINT('',(160.5,203.,110.));
#5833 = DIRECTION('',(0.,-1.,2.22044604925E-16));
#5834 = DIRECTION('',(1.,0.,0.));
#5835 = DEFINITIONAL_REPRESENTATION('',(#5836),#5839);
#5836 = B_SPLINE_CURVE_WITH_KNOTS('',1,(#5837,#5838),.UNSPECIFIED.,.F.,
  .F.,(2,2),(27.207128329067,30.607128329067),.PIECEWISE_BEZIER_KNOTS.);
#5837 = CARTESIAN_POINT('',(1.5,1.7));
#5838 = CARTESIAN_POINT('',(1.5,-1.7));
#5839 = ( GEOMETRIC_REPRESENTATION_CONTEXT(2) 
PARAMETRIC_REPRESENTATION_CONTEXT() REPRESENTATION_CONTEXT('2D SPACE',''
  ) );
#5840 = ORIENTED_EDGE('',*,*,#5841,.T.);
#5841 = EDGE_CURVE('',#5816,#5842,#5844,.T.);
#5842 = VERTEX_POINT('',#5843);
#5843 = CARTESIAN_POINT('',(162.,202.,109.19999999999));
#5844 = SURFACE_CURVE('',#5845,(#5849,#5855),.PCURVE_S1.);
#5845 = LINE('',#5846,#5847);
#5846 = CARTESIAN_POINT('',(162.,203.,109.2));
#5847 = VECTOR('',#5848,1.);
#5848 = DIRECTION('',(0.,-1.,2.22044604925E-16));
#5849 = PCURVE('',#846,#5850);
#5850 = DEFINITIONAL_REPRESENTATION('',(#5851),#5854);
#5851 = B_SPLINE_CURVE_WITH_KNOTS('',1,(#5852,#5853),.UNSPECIFIED.,.F.,
  .F.,(2,2),(-5.999999928008E-07,14.0000006),.PIECEWISE_BEZIER_KNOTS.);
#5852 = CARTESIAN_POINT('',(3.867979276182,-58.61425665813));
#5853 = CARTESIAN_POINT('',(-10.13202192381,-58.61425665813));
#5854 = ( GEOMETRIC_REPRESENTATION_CONTEXT(2) 
PARAMETRIC_REPRESENTATION_CONTEXT() REPRESENTATION_CONTEXT('2D SPACE',''
  ) );
#5855 = PCURVE('',#1639,#5856);
#5856 = DEFINITIONAL_REPRESENTATION('',(#5857),#5860);
#5857 = B_SPLINE_CURVE_WITH_KNOTS('',1,(#5858,#5859),.UNSPECIFIED.,.F.,
  .F.,(2,2),(-5.999999928008E-07,14.0000006),.PIECEWISE_BEZIER_KNOTS.);
#5858 = CARTESIAN_POINT('',(5.793227980926,-5.999999929784E-07));
#5859 = CARTESIAN_POINT('',(5.793227980926,14.0000006));
#5860 = ( GEOMETRIC_REPRESENTATION_CONTEXT(2) 
PARAMETRIC_REPRESENTATION_CONTEXT() REPRESENTATION_CONTEXT('2D SPACE',''
  ) );
#5861 = ORIENTED_EDGE('',*,*,#5862,.F.);
#5862 = EDGE_CURVE('',#5863,#5842,#5865,.T.);
#5863 = VERTEX_POINT('',#5864);
#5864 = CARTESIAN_POINT('',(162.,202.,103.));
#5865 = SURFACE_CURVE('',#5866,(#5870,#5876),.PCURVE_S1.);
#5866 = LINE('',#5867,#5868);
#5867 = CARTESIAN_POINT('',(162.,202.,135.40712832906));
#5868 = VECTOR('',#5869,1.);
#5869 = DIRECTION('',(0.,-0.,1.));
#5870 = PCURVE('',#846,#5871);
#5871 = DEFINITIONAL_REPRESENTATION('',(#5872),#5875);
#5872 = B_SPLINE_CURVE_WITH_KNOTS('',1,(#5873,#5874),.UNSPECIFIED.,.F.,
  .F.,(2,2),(-32.40712832906,-18.40712832906),.PIECEWISE_BEZIER_KNOTS.);
#5873 = CARTESIAN_POINT('',(2.867978676182,-64.81425665813));
#5874 = CARTESIAN_POINT('',(2.867978676182,-50.81425665813));
#5875 = ( GEOMETRIC_REPRESENTATION_CONTEXT(2) 
PARAMETRIC_REPRESENTATION_CONTEXT() REPRESENTATION_CONTEXT('2D SPACE',''
  ) );
#5876 = PCURVE('',#5783,#5877);
#5877 = DEFINITIONAL_REPRESENTATION('',(#5878),#5881);
#5878 = B_SPLINE_CURVE_WITH_KNOTS('',1,(#5879,#5880),.UNSPECIFIED.,.F.,
  .F.,(2,2),(-32.40712832906,-18.40712832906),.PIECEWISE_BEZIER_KNOTS.);
#5879 = CARTESIAN_POINT('',(0.,8.5));
#5880 = CARTESIAN_POINT('',(14.,8.5));
#5881 = ( GEOMETRIC_REPRESENTATION_CONTEXT(2) 
PARAMETRIC_REPRESENTATION_CONTEXT() REPRESENTATION_CONTEXT('2D SPACE',''
  ) );
#5882 = ORIENTED_EDGE('',*,*,#5883,.T.);
#5883 = EDGE_CURVE('',#5863,#942,#5884,.T.);
#5884 = SURFACE_CURVE('',#5885,(#5889,#5895),.PCURVE_S1.);
#5885 = LINE('',#5886,#5887);
#5886 = CARTESIAN_POINT('',(162.,194.5660106619,103.));
#5887 = VECTOR('',#5888,1.);
#5888 = DIRECTION('',(0.,-1.,0.));
#5889 = PCURVE('',#846,#5890);
#5890 = DEFINITIONAL_REPRESENTATION('',(#5891),#5894);
#5891 = B_SPLINE_CURVE_WITH_KNOTS('',1,(#5892,#5893),.UNSPECIFIED.,.F.,
  .F.,(2,2),(-7.433989338091,4.566010661909),.PIECEWISE_BEZIER_KNOTS.);
#5892 = CARTESIAN_POINT('',(2.867978676182,-64.81425665813));
#5893 = CARTESIAN_POINT('',(-9.132021323818,-64.81425665813));
#5894 = ( GEOMETRIC_REPRESENTATION_CONTEXT(2) 
PARAMETRIC_REPRESENTATION_CONTEXT() REPRESENTATION_CONTEXT('2D SPACE',''
  ) );
#5895 = PCURVE('',#979,#5896);
#5896 = DEFINITIONAL_REPRESENTATION('',(#5897),#5900);
#5897 = B_SPLINE_CURVE_WITH_KNOTS('',1,(#5898,#5899),.UNSPECIFIED.,.F.,
  .F.,(2,2),(-7.433989338091,4.566010661909),.PIECEWISE_BEZIER_KNOTS.);
#5898 = CARTESIAN_POINT('',(8.5,12.));
#5899 = CARTESIAN_POINT('',(8.5,0.));
#5900 = ( GEOMETRIC_REPRESENTATION_CONTEXT(2) 
PARAMETRIC_REPRESENTATION_CONTEXT() REPRESENTATION_CONTEXT('2D SPACE',''
  ) );
#5901 = ORIENTED_EDGE('',*,*,#941,.T.);
#5902 = ORIENTED_EDGE('',*,*,#5903,.F.);
#5903 = EDGE_CURVE('',#5904,#914,#5906,.T.);
#5904 = VERTEX_POINT('',#5905);
#5905 = CARTESIAN_POINT('',(162.,202.,67.));
#5906 = SURFACE_CURVE('',#5907,(#5911,#5917),.PCURVE_S1.);
#5907 = LINE('',#5908,#5909);
#5908 = CARTESIAN_POINT('',(162.,194.5660106619,67.));
#5909 = VECTOR('',#5910,1.);
#5910 = DIRECTION('',(0.,-1.,0.));
#5911 = PCURVE('',#846,#5912);
#5912 = DEFINITIONAL_REPRESENTATION('',(#5913),#5916);
#5913 = B_SPLINE_CURVE_WITH_KNOTS('',1,(#5914,#5915),.UNSPECIFIED.,.F.,
  .F.,(2,2),(-7.433989338091,4.566010661909),.PIECEWISE_BEZIER_KNOTS.);
#5914 = CARTESIAN_POINT('',(2.867978676182,-100.8142566581));
#5915 = CARTESIAN_POINT('',(-9.132021323818,-100.8142566581));
#5916 = ( GEOMETRIC_REPRESENTATION_CONTEXT(2) 
PARAMETRIC_REPRESENTATION_CONTEXT() REPRESENTATION_CONTEXT('2D SPACE',''
  ) );
#5917 = PCURVE('',#929,#5918);
#5918 = DEFINITIONAL_REPRESENTATION('',(#5919),#5922);
#5919 = B_SPLINE_CURVE_WITH_KNOTS('',1,(#5920,#5921),.UNSPECIFIED.,.F.,
  .F.,(2,2),(-7.433989338091,4.566010661909),.PIECEWISE_BEZIER_KNOTS.);
#5920 = CARTESIAN_POINT('',(8.5,12.));
#5921 = CARTESIAN_POINT('',(8.5,0.));
#5922 = ( GEOMETRIC_REPRESENTATION_CONTEXT(2) 
PARAMETRIC_REPRESENTATION_CONTEXT() REPRESENTATION_CONTEXT('2D SPACE',''
  ) );
#5923 = ORIENTED_EDGE('',*,*,#5924,.F.);
#5924 = EDGE_CURVE('',#5925,#5904,#5927,.T.);
#5925 = VERTEX_POINT('',#5926);
#5926 = CARTESIAN_POINT('',(162.,202.,60.799999999997));
#5927 = SURFACE_CURVE('',#5928,(#5932,#5938),.PCURVE_S1.);
#5928 = LINE('',#5929,#5930);
#5929 = CARTESIAN_POINT('',(162.,202.,110.40712832906));
#5930 = VECTOR('',#5931,1.);
#5931 = DIRECTION('',(0.,-0.,1.));
#5932 = PCURVE('',#846,#5933);
#5933 = DEFINITIONAL_REPRESENTATION('',(#5934),#5937);
#5934 = B_SPLINE_CURVE_WITH_KNOTS('',1,(#5935,#5936),.UNSPECIFIED.,.F.,
  .F.,(2,2),(-57.40712832906,-43.40712832906),.PIECEWISE_BEZIER_KNOTS.);
#5935 = CARTESIAN_POINT('',(2.867978676182,-114.8142566581));
#5936 = CARTESIAN_POINT('',(2.867978676182,-100.8142566581));
#5937 = ( GEOMETRIC_REPRESENTATION_CONTEXT(2) 
PARAMETRIC_REPRESENTATION_CONTEXT() REPRESENTATION_CONTEXT('2D SPACE',''
  ) );
#5938 = PCURVE('',#5939,#5944);
#5939 = PLANE('',#5940);
#5940 = AXIS2_PLACEMENT_3D('',#5941,#5942,#5943);
#5941 = CARTESIAN_POINT('',(153.5,202.,53.));
#5942 = DIRECTION('',(-0.,1.,0.));
#5943 = DIRECTION('',(0.,0.,1.));
#5944 = DEFINITIONAL_REPRESENTATION('',(#5945),#5948);
#5945 = B_SPLINE_CURVE_WITH_KNOTS('',1,(#5946,#5947),.UNSPECIFIED.,.F.,
  .F.,(2,2),(-57.40712832906,-43.40712832906),.PIECEWISE_BEZIER_KNOTS.);
#5946 = CARTESIAN_POINT('',(0.,8.5));
#5947 = CARTESIAN_POINT('',(14.,8.5));
#5948 = ( GEOMETRIC_REPRESENTATION_CONTEXT(2) 
PARAMETRIC_REPRESENTATION_CONTEXT() REPRESENTATION_CONTEXT('2D SPACE',''
  ) );
#5949 = ORIENTED_EDGE('',*,*,#5950,.F.);
#5950 = EDGE_CURVE('',#5951,#5925,#5953,.T.);
#5951 = VERTEX_POINT('',#5952);
#5952 = CARTESIAN_POINT('',(162.,203.,60.8));
#5953 = SURFACE_CURVE('',#5954,(#5958,#5964),.PCURVE_S1.);
#5954 = LINE('',#5955,#5956);
#5955 = CARTESIAN_POINT('',(162.,203.,60.8));
#5956 = VECTOR('',#5957,1.);
#5957 = DIRECTION('',(0.,-1.,2.22044604925E-16));
#5958 = PCURVE('',#846,#5959);
#5959 = DEFINITIONAL_REPRESENTATION('',(#5960),#5963);
#5960 = B_SPLINE_CURVE_WITH_KNOTS('',1,(#5961,#5962),.UNSPECIFIED.,.F.,
  .F.,(2,2),(-5.999999928008E-07,14.0000006),.PIECEWISE_BEZIER_KNOTS.);
#5961 = CARTESIAN_POINT('',(3.867979276182,-107.0142566581));
#5962 = CARTESIAN_POINT('',(-10.13202192381,-107.0142566581));
#5963 = ( GEOMETRIC_REPRESENTATION_CONTEXT(2) 
PARAMETRIC_REPRESENTATION_CONTEXT() REPRESENTATION_CONTEXT('2D SPACE',''
  ) );
#5964 = PCURVE('',#1604,#5965);
#5965 = DEFINITIONAL_REPRESENTATION('',(#5966),#5969);
#5966 = B_SPLINE_CURVE_WITH_KNOTS('',1,(#5967,#5968),.UNSPECIFIED.,.F.,
  .F.,(2,2),(-5.999999928008E-07,14.0000006),.PIECEWISE_BEZIER_KNOTS.);
#5967 = CARTESIAN_POINT('',(0.489957326254,-5.999999926232E-07));
#5968 = CARTESIAN_POINT('',(0.489957326254,14.0000006));
#5969 = ( GEOMETRIC_REPRESENTATION_CONTEXT(2) 
PARAMETRIC_REPRESENTATION_CONTEXT() REPRESENTATION_CONTEXT('2D SPACE',''
  ) );
#5970 = ORIENTED_EDGE('',*,*,#5971,.T.);
#5971 = EDGE_CURVE('',#5951,#5972,#5974,.T.);
#5972 = VERTEX_POINT('',#5973);
#5973 = CARTESIAN_POINT('',(162.,203.,59.2));
#5974 = SURFACE_CURVE('',#5975,(#5979,#5985),.PCURVE_S1.);
#5975 = LINE('',#5976,#5977);
#5976 = CARTESIAN_POINT('',(162.,203.,113.90712832906));
#5977 = VECTOR('',#5978,1.);
#5978 = DIRECTION('',(0.,-2.22044604925E-16,-1.));
#5979 = PCURVE('',#846,#5980);
#5980 = DEFINITIONAL_REPRESENTATION('',(#5981),#5984);
#5981 = B_SPLINE_CURVE_WITH_KNOTS('',1,(#5982,#5983),.UNSPECIFIED.,.F.,
  .F.,(2,2),(52.207128329067,55.607128329067),.PIECEWISE_BEZIER_KNOTS.);
#5982 = CARTESIAN_POINT('',(3.867978676182,-106.1142566581));
#5983 = CARTESIAN_POINT('',(3.867978676182,-109.5142566581));
#5984 = ( GEOMETRIC_REPRESENTATION_CONTEXT(2) 
PARAMETRIC_REPRESENTATION_CONTEXT() REPRESENTATION_CONTEXT('2D SPACE',''
  ) );
#5985 = PCURVE('',#5986,#5991);
#5986 = PLANE('',#5987);
#5987 = AXIS2_PLACEMENT_3D('',#5988,#5989,#5990);
#5988 = CARTESIAN_POINT('',(160.5,203.,60.));
#5989 = DIRECTION('',(0.,-1.,2.22044604925E-16));
#5990 = DIRECTION('',(1.,0.,0.));
#5991 = DEFINITIONAL_REPRESENTATION('',(#5992),#5995);
#5992 = B_SPLINE_CURVE_WITH_KNOTS('',1,(#5993,#5994),.UNSPECIFIED.,.F.,
  .F.,(2,2),(52.207128329067,55.607128329067),.PIECEWISE_BEZIER_KNOTS.);
#5993 = CARTESIAN_POINT('',(1.5,1.7));
#5994 = CARTESIAN_POINT('',(1.5,-1.7));
#5995 = ( GEOMETRIC_REPRESENTATION_CONTEXT(2) 
PARAMETRIC_REPRESENTATION_CONTEXT() REPRESENTATION_CONTEXT('2D SPACE',''
  ) );
#5996 = ORIENTED_EDGE('',*,*,#5997,.T.);
#5997 = EDGE_CURVE('',#5972,#5998,#6000,.T.);
#5998 = VERTEX_POINT('',#5999);
#5999 = CARTESIAN_POINT('',(162.,202.,59.200000000003));
#6000 = SURFACE_CURVE('',#6001,(#6005,#6011),.PCURVE_S1.);
#6001 = LINE('',#6002,#6003);
#6002 = CARTESIAN_POINT('',(162.,203.,59.2));
#6003 = VECTOR('',#6004,1.);
#6004 = DIRECTION('',(0.,-1.,2.22044604925E-16));
#6005 = PCURVE('',#846,#6006);
#6006 = DEFINITIONAL_REPRESENTATION('',(#6007),#6010);
#6007 = B_SPLINE_CURVE_WITH_KNOTS('',1,(#6008,#6009),.UNSPECIFIED.,.F.,
  .F.,(2,2),(-5.999999928008E-07,14.0000006),.PIECEWISE_BEZIER_KNOTS.);
#6008 = CARTESIAN_POINT('',(3.867979276182,-108.6142566581));
#6009 = CARTESIAN_POINT('',(-10.13202192381,-108.6142566581));
#6010 = ( GEOMETRIC_REPRESENTATION_CONTEXT(2) 
PARAMETRIC_REPRESENTATION_CONTEXT() REPRESENTATION_CONTEXT('2D SPACE',''
  ) );
#6011 = PCURVE('',#1604,#6012);
#6012 = DEFINITIONAL_REPRESENTATION('',(#6013),#6016);
#6013 = B_SPLINE_CURVE_WITH_KNOTS('',1,(#6014,#6015),.UNSPECIFIED.,.F.,
  .F.,(2,2),(-5.999999928008E-07,14.0000006),.PIECEWISE_BEZIER_KNOTS.);
#6014 = CARTESIAN_POINT('',(5.793227980926,-5.999999929784E-07));
#6015 = CARTESIAN_POINT('',(5.793227980926,14.0000006));
#6016 = ( GEOMETRIC_REPRESENTATION_CONTEXT(2) 
PARAMETRIC_REPRESENTATION_CONTEXT() REPRESENTATION_CONTEXT('2D SPACE',''
  ) );
#6017 = ORIENTED_EDGE('',*,*,#6018,.F.);
#6018 = EDGE_CURVE('',#6019,#5998,#6021,.T.);
#6019 = VERTEX_POINT('',#6020);
#6020 = CARTESIAN_POINT('',(162.,202.,53.));
#6021 = SURFACE_CURVE('',#6022,(#6026,#6032),.PCURVE_S1.);
#6022 = LINE('',#6023,#6024);
#6023 = CARTESIAN_POINT('',(162.,202.,110.40712832906));
#6024 = VECTOR('',#6025,1.);
#6025 = DIRECTION('',(0.,-0.,1.));
#6026 = PCURVE('',#846,#6027);
#6027 = DEFINITIONAL_REPRESENTATION('',(#6028),#6031);
#6028 = B_SPLINE_CURVE_WITH_KNOTS('',1,(#6029,#6030),.UNSPECIFIED.,.F.,
  .F.,(2,2),(-57.40712832906,-43.40712832906),.PIECEWISE_BEZIER_KNOTS.);
#6029 = CARTESIAN_POINT('',(2.867978676182,-114.8142566581));
#6030 = CARTESIAN_POINT('',(2.867978676182,-100.8142566581));
#6031 = ( GEOMETRIC_REPRESENTATION_CONTEXT(2) 
PARAMETRIC_REPRESENTATION_CONTEXT() REPRESENTATION_CONTEXT('2D SPACE',''
  ) );
#6032 = PCURVE('',#5939,#6033);
#6033 = DEFINITIONAL_REPRESENTATION('',(#6034),#6037);
#6034 = B_SPLINE_CURVE_WITH_KNOTS('',1,(#6035,#6036),.UNSPECIFIED.,.F.,
  .F.,(2,2),(-57.40712832906,-43.40712832906),.PIECEWISE_BEZIER_KNOTS.);
#6035 = CARTESIAN_POINT('',(0.,8.5));
#6036 = CARTESIAN_POINT('',(14.,8.5));
#6037 = ( GEOMETRIC_REPRESENTATION_CONTEXT(2) 
PARAMETRIC_REPRESENTATION_CONTEXT() REPRESENTATION_CONTEXT('2D SPACE',''
  ) );
#6038 = ORIENTED_EDGE('',*,*,#6039,.T.);
#6039 = EDGE_CURVE('',#6019,#831,#6040,.T.);
#6040 = SURFACE_CURVE('',#6041,(#6045,#6051),.PCURVE_S1.);
#6041 = LINE('',#6042,#6043);
#6042 = CARTESIAN_POINT('',(162.,194.5660106619,53.));
#6043 = VECTOR('',#6044,1.);
#6044 = DIRECTION('',(0.,-1.,0.));
#6045 = PCURVE('',#846,#6046);
#6046 = DEFINITIONAL_REPRESENTATION('',(#6047),#6050);
#6047 = B_SPLINE_CURVE_WITH_KNOTS('',1,(#6048,#6049),.UNSPECIFIED.,.F.,
  .F.,(2,2),(-7.433989338091,4.566010661909),.PIECEWISE_BEZIER_KNOTS.);
#6048 = CARTESIAN_POINT('',(2.867978676182,-114.8142566581));
#6049 = CARTESIAN_POINT('',(-9.132021323818,-114.8142566581));
#6050 = ( GEOMETRIC_REPRESENTATION_CONTEXT(2) 
PARAMETRIC_REPRESENTATION_CONTEXT() REPRESENTATION_CONTEXT('2D SPACE',''
  ) );
#6051 = PCURVE('',#873,#6052);
#6052 = DEFINITIONAL_REPRESENTATION('',(#6053),#6056);
#6053 = B_SPLINE_CURVE_WITH_KNOTS('',1,(#6054,#6055),.UNSPECIFIED.,.F.,
  .F.,(2,2),(-7.433989338091,4.566010661909),.PIECEWISE_BEZIER_KNOTS.);
#6054 = CARTESIAN_POINT('',(8.5,12.));
#6055 = CARTESIAN_POINT('',(8.5,0.));
#6056 = ( GEOMETRIC_REPRESENTATION_CONTEXT(2) 
PARAMETRIC_REPRESENTATION_CONTEXT() REPRESENTATION_CONTEXT('2D SPACE',''
  ) );
#6057 = ORIENTED_EDGE('',*,*,#830,.T.);
#6058 = ORIENTED_EDGE('',*,*,#6059,.T.);
#6059 = EDGE_CURVE('',#802,#6060,#6062,.T.);
#6060 = VERTEX_POINT('',#6061);
#6061 = CARTESIAN_POINT('',(162.,331.53401240931,3.937745812509));
#6062 = SURFACE_CURVE('',#6063,(#6067,#6073),.PCURVE_S1.);
#6063 = LINE('',#6064,#6065);
#6064 = CARTESIAN_POINT('',(162.,26.357745378172,3.937742251701));
#6065 = VECTOR('',#6066,1.);
#6066 = DIRECTION('',(0.,1.,0.));
#6067 = PCURVE('',#846,#6068);
#6068 = DEFINITIONAL_REPRESENTATION('',(#6069),#6072);
#6069 = B_SPLINE_CURVE_WITH_KNOTS('',1,(#6070,#6071),.UNSPECIFIED.,.F.,
  .F.,(2,2),(-6.000000567496E-07,306.64225522182),
  .PIECEWISE_BEZIER_KNOTS.);
#6070 = CARTESIAN_POINT('',(-172.7742765456,-163.8765144064));
#6071 = CARTESIAN_POINT('',(133.86797927618,-163.8765144064));
#6072 = ( GEOMETRIC_REPRESENTATION_CONTEXT(2) 
PARAMETRIC_REPRESENTATION_CONTEXT() REPRESENTATION_CONTEXT('2D SPACE',''
  ) );
#6073 = PCURVE('',#818,#6074);
#6074 = DEFINITIONAL_REPRESENTATION('',(#6075),#6078);
#6075 = B_SPLINE_CURVE_WITH_KNOTS('',1,(#6076,#6077),.UNSPECIFIED.,.F.,
  .F.,(2,2),(-6.000000567496E-07,306.64225522182),
  .PIECEWISE_BEZIER_KNOTS.);
#6076 = CARTESIAN_POINT('',(-0.460553991681,-6.000000567496E-07));
#6077 = CARTESIAN_POINT('',(-0.460553991681,306.64225522182));
#6078 = ( GEOMETRIC_REPRESENTATION_CONTEXT(2) 
PARAMETRIC_REPRESENTATION_CONTEXT() REPRESENTATION_CONTEXT('2D SPACE',''
  ) );
#6079 = ORIENTED_EDGE('',*,*,#6080,.F.);
#6080 = EDGE_CURVE('',#6081,#6060,#6083,.T.);
#6081 = VERTEX_POINT('',#6082);
#6082 = CARTESIAN_POINT('',(162.,336.06225418749,8.465987590685));
#6083 = SURFACE_CURVE('',#6084,(#6178,#6275),.PCURVE_S1.);
#6084 = B_SPLINE_CURVE_WITH_KNOTS('',8,(#6085,#6086,#6087,#6088,#6089,
    #6090,#6091,#6092,#6093,#6094,#6095,#6096,#6097,#6098,#6099,#6100,
    #6101,#6102,#6103,#6104,#6105,#6106,#6107,#6108,#6109,#6110,#6111,
    #6112,#6113,#6114,#6115,#6116,#6117,#6118,#6119,#6120,#6121,#6122,
    #6123,#6124,#6125,#6126,#6127,#6128,#6129,#6130,#6131,#6132,#6133,
    #6134,#6135,#6136,#6137,#6138,#6139,#6140,#6141,#6142,#6143,#6144,
    #6145,#6146,#6147,#6148,#6149,#6150,#6151,#6152,#6153,#6154,#6155,
    #6156,#6157,#6158,#6159,#6160,#6161,#6162,#6163,#6164,#6165,#6166,
    #6167,#6168,#6169,#6170,#6171,#6172,#6173,#6174,#6175,#6176,#6177),
  .UNSPECIFIED.,.F.,.F.,(9,7,7,7,7,7,7,7,7,7,7,7,7,9),(0.,
    8.432924186938E-03,3.209336820655E-02,4.988756420338E-02,
    0.163683318298,0.34147065621,0.50001436552,0.658183289847,
    0.837080944882,0.91341303506,0.947890095226,0.977939654684,
    0.99076811006,1.),.UNSPECIFIED.);
#6085 = CARTESIAN_POINT('',(162.,336.06687385494,8.30058137811));
#6086 = CARTESIAN_POINT('',(162.,336.06725670808,8.293696592406));
#6087 = CARTESIAN_POINT('',(162.,336.06759159028,8.286728600991));
#6088 = CARTESIAN_POINT('',(162.,336.06788197759,8.2797073007));
#6089 = CARTESIAN_POINT('',(162.,336.06813087976,8.272648622432));
#6090 = CARTESIAN_POINT('',(162.,336.06834090158,8.265561620278));
#6091 = CARTESIAN_POINT('',(162.,336.06851429641,8.258452377354));
#6092 = CARTESIAN_POINT('',(162.,336.06865301155,8.251324728342));
#6093 = CARTESIAN_POINT('',(162.,336.06905533071,8.224125498424));
#6094 = CARTESIAN_POINT('',(162.,336.06909174892,8.203951500847));
#6095 = CARTESIAN_POINT('',(162.,336.0689048831,8.183711599626));
#6096 = CARTESIAN_POINT('',(162.,336.06851651969,8.163427882564));
#6097 = CARTESIAN_POINT('',(162.,336.06794354591,8.143115989401));
#6098 = CARTESIAN_POINT('',(162.,336.06719991208,8.122786895021));
#6099 = CARTESIAN_POINT('',(162.,336.06629589139,8.102442092172));
#6100 = CARTESIAN_POINT('',(162.,336.0644462328,8.066768215379));
#6101 = CARTESIAN_POINT('',(162.,336.06356665162,8.051449501544));
#6102 = CARTESIAN_POINT('',(162.,336.06260523277,8.036126738315));
#6103 = CARTESIAN_POINT('',(162.,336.06156525011,8.02080142987));
#6104 = CARTESIAN_POINT('',(162.,336.06044954406,8.005474798205));
#6105 = CARTESIAN_POINT('',(162.,336.05926060118,7.990147828797));
#6106 = CARTESIAN_POINT('',(162.,336.05800063383,7.974821316257));
#6107 = CARTESIAN_POINT('',(162.,336.04817273034,7.861488325796));
#6108 = CARTESIAN_POINT('',(162.,336.03685380316,7.763548535255));
#6109 = CARTESIAN_POINT('',(162.,336.02323065337,7.665803311117));
#6110 = CARTESIAN_POINT('',(162.,336.00746936413,7.568315451842));
#6111 = CARTESIAN_POINT('',(162.,335.9897332989,7.471157228714));
#6112 = CARTESIAN_POINT('',(162.,335.97007828414,7.37436674928));
#6113 = CARTESIAN_POINT('',(162.,335.94854833708,7.277979499909));
#6114 = CARTESIAN_POINT('',(162.,335.88857235535,7.032079775481));
#6115 = CARTESIAN_POINT('',(162.,335.84744760527,6.883274048129));
#6116 = CARTESIAN_POINT('',(162.,335.80179719957,6.735736951795));
#6117 = CARTESIAN_POINT('',(162.,335.75150268564,6.58969315684));
#6118 = CARTESIAN_POINT('',(162.,335.69637243168,6.445434036906));
#6119 = CARTESIAN_POINT('',(162.,335.63616116023,6.303312603696));
#6120 = CARTESIAN_POINT('',(162.,335.57057893891,6.163738088968));
#6121 = CARTESIAN_POINT('',(162.,335.43580188193,5.905362265182));
#6122 = CARTESIAN_POINT('',(162.,335.36776366058,5.785942290471));
#6123 = CARTESIAN_POINT('',(162.,335.29504785065,5.66928618511));
#6124 = CARTESIAN_POINT('',(162.,335.2175031594,5.555808839242));
#6125 = CARTESIAN_POINT('',(162.,335.1350175275,5.445936578321));
#6126 = CARTESIAN_POINT('',(162.,335.04756317609,5.340070337222));
#6127 = CARTESIAN_POINT('',(162.,334.9552463409,5.238550282949));
#6128 = CARTESIAN_POINT('',(162.,334.76166211605,5.044967387497));
#6129 = CARTESIAN_POINT('',(162.,334.66039228515,4.952858644497));
#6130 = CARTESIAN_POINT('',(162.,334.55479614178,4.865588732705));
#6131 = CARTESIAN_POINT('',(162.,334.44521126766,4.783263551997));
#6132 = CARTESIAN_POINT('',(162.,334.33203552884,4.705856175332));
#6133 = CARTESIAN_POINT('',(162.,334.2156921448,4.633255965431));
#6134 = CARTESIAN_POINT('',(162.,334.09659327796,4.565313127852));
#6135 = CARTESIAN_POINT('',(162.,333.83773615981,4.430084580938));
#6136 = CARTESIAN_POINT('',(162.,333.69731010987,4.364048939855));
#6137 = CARTESIAN_POINT('',(162.,333.55430273182,4.303453300784));
#6138 = CARTESIAN_POINT('',(162.,333.40913113571,4.248001837982));
#6139 = CARTESIAN_POINT('',(162.,333.26215488746,4.197444755844));
#6140 = CARTESIAN_POINT('',(162.,333.11367048831,4.151587261952));
#6141 = CARTESIAN_POINT('',(162.,332.96390619915,4.110309620513));
#6142 = CARTESIAN_POINT('',(162.,332.74861852771,4.058001665824));
#6143 = CARTESIAN_POINT('',(162.,332.6840319739,4.043199543454));
#6144 = CARTESIAN_POINT('',(162.,332.61925800755,4.02924155011));
#6145 = CARTESIAN_POINT('',(162.,332.55431003576,4.01613700415));
#6146 = CARTESIAN_POINT('',(162.,332.48920209327,4.003901604389));
#6147 = CARTESIAN_POINT('',(162.,332.42394879241,3.992559451565));
#6148 = CARTESIAN_POINT('',(162.,332.35856539224,3.982147626413));
#6149 = CARTESIAN_POINT('',(162.,332.26348464944,3.968466631974));
#6150 = CARTESIAN_POINT('',(162.,332.23387859098,3.964411453864));
#6151 = CARTESIAN_POINT('',(162.,332.20425131912,3.960563245823));
#6152 = CARTESIAN_POINT('',(162.,332.1746046822,3.956928177233));
#6153 = CARTESIAN_POINT('',(162.,332.14494097174,3.953513562854));
#6154 = CARTESIAN_POINT('',(162.,332.11526302488,3.950328294588));
#6155 = CARTESIAN_POINT('',(162.,332.08557432674,3.947383273258));
#6156 = CARTESIAN_POINT('',(162.,332.029997321,3.94234603791));
#6157 = CARTESIAN_POINT('',(162.,332.00411244243,3.940193135633));
#6158 = CARTESIAN_POINT('',(162.,331.97822551593,3.938241703655));
#6159 = CARTESIAN_POINT('',(162.,331.95234015969,3.936502698074));
#6160 = CARTESIAN_POINT('',(162.,331.92646171992,3.934988988301));
#6161 = CARTESIAN_POINT('',(162.,331.90059773543,3.933716238913));
#6162 = CARTESIAN_POINT('',(162.,331.8747597182,3.932705146036));
#6163 = CARTESIAN_POINT('',(162.,331.83795476204,3.931677602803));
#6164 = CARTESIAN_POINT('',(162.,331.82695219777,3.931423246877));
#6165 = CARTESIAN_POINT('',(162.,331.81595956677,3.931224227516));
#6166 = CARTESIAN_POINT('',(162.,331.80497889511,3.931083205044));
#6167 = CARTESIAN_POINT('',(162.,331.79401303252,3.931003222642));
#6168 = CARTESIAN_POINT('',(162.,331.78306588841,3.930987831189));
#6169 = CARTESIAN_POINT('',(162.,331.77214309677,3.931041349368));
#6170 = CARTESIAN_POINT('',(162.,331.75341622216,3.931261308119));
#6171 = CARTESIAN_POINT('',(162.,331.74560054266,3.931391838095));
#6172 = CARTESIAN_POINT('',(162.,331.73780589577,3.931562859746));
#6173 = CARTESIAN_POINT('',(162.,331.73003405536,3.931776822649));
#6174 = CARTESIAN_POINT('',(162.,331.72229315223,3.932036533396));
#6175 = CARTESIAN_POINT('',(162.,331.71459508121,3.932345270122));
#6176 = CARTESIAN_POINT('',(162.,331.70695707626,3.932706942337));
#6177 = CARTESIAN_POINT('',(162.,331.69941862188,3.933126145064));
#6178 = PCURVE('',#846,#6179);
#6179 = DEFINITIONAL_REPRESENTATION('',(#6180),#6274);
#6180 = B_SPLINE_CURVE_WITH_KNOTS('',8,(#6181,#6182,#6183,#6184,#6185,
    #6186,#6187,#6188,#6189,#6190,#6191,#6192,#6193,#6194,#6195,#6196,
    #6197,#6198,#6199,#6200,#6201,#6202,#6203,#6204,#6205,#6206,#6207,
    #6208,#6209,#6210,#6211,#6212,#6213,#6214,#6215,#6216,#6217,#6218,
    #6219,#6220,#6221,#6222,#6223,#6224,#6225,#6226,#6227,#6228,#6229,
    #6230,#6231,#6232,#6233,#6234,#6235,#6236,#6237,#6238,#6239,#6240,
    #6241,#6242,#6243,#6244,#6245,#6246,#6247,#6248,#6249,#6250,#6251,
    #6252,#6253,#6254,#6255,#6256,#6257,#6258,#6259,#6260,#6261,#6262,
    #6263,#6264,#6265,#6266,#6267,#6268,#6269,#6270,#6271,#6272,#6273),
  .UNSPECIFIED.,.F.,.F.,(9,7,7,7,7,7,7,7,7,7,7,7,7,9),(0.,
    8.432924186938E-03,3.209336820655E-02,4.988756420338E-02,
    0.163683318298,0.34147065621,0.50001436552,0.658183289847,
    0.837080944882,0.91341303506,0.947890095226,0.977939654684,
    0.99076811006,1.),.UNSPECIFIED.);
#6181 = CARTESIAN_POINT('',(136.93485253112,-159.51367528));
#6182 = CARTESIAN_POINT('',(136.93523538426,-159.5205600657));
#6183 = CARTESIAN_POINT('',(136.93557026646,-159.5275280571));
#6184 = CARTESIAN_POINT('',(136.93586065378,-159.5345493574));
#6185 = CARTESIAN_POINT('',(136.93610955594,-159.5416080357));
#6186 = CARTESIAN_POINT('',(136.93631957776,-159.5486950378));
#6187 = CARTESIAN_POINT('',(136.93649297259,-159.5558042807));
#6188 = CARTESIAN_POINT('',(136.93663168773,-159.5629319297));
#6189 = CARTESIAN_POINT('',(136.93703400689,-159.5901311597));
#6190 = CARTESIAN_POINT('',(136.9370704251,-159.6103051572));
#6191 = CARTESIAN_POINT('',(136.93688355929,-159.6305450585));
#6192 = CARTESIAN_POINT('',(136.93649519587,-159.6508287755));
#6193 = CARTESIAN_POINT('',(136.93592222209,-159.6711406687));
#6194 = CARTESIAN_POINT('',(136.93517858827,-159.6914697631));
#6195 = CARTESIAN_POINT('',(136.93427456758,-159.7118145659));
#6196 = CARTESIAN_POINT('',(136.93242490899,-159.7474884427));
#6197 = CARTESIAN_POINT('',(136.9315453278,-159.7628071565));
#6198 = CARTESIAN_POINT('',(136.93058390895,-159.7781299198));
#6199 = CARTESIAN_POINT('',(136.92954392629,-159.7934552282));
#6200 = CARTESIAN_POINT('',(136.92842822024,-159.8087818599));
#6201 = CARTESIAN_POINT('',(136.92723927736,-159.8241088293));
#6202 = CARTESIAN_POINT('',(136.92597931001,-159.8394353418));
#6203 = CARTESIAN_POINT('',(136.91615140652,-159.9527683323));
#6204 = CARTESIAN_POINT('',(136.90483247934,-160.0507081228));
#6205 = CARTESIAN_POINT('',(136.89120932955,-160.148453347));
#6206 = CARTESIAN_POINT('',(136.87544804031,-160.2459412062));
#6207 = CARTESIAN_POINT('',(136.85771197508,-160.3430994294));
#6208 = CARTESIAN_POINT('',(136.83805696032,-160.4398899088));
#6209 = CARTESIAN_POINT('',(136.81652701326,-160.5362771582));
#6210 = CARTESIAN_POINT('',(136.75655103153,-160.7821768826));
#6211 = CARTESIAN_POINT('',(136.71542628145,-160.93098261));
#6212 = CARTESIAN_POINT('',(136.66977587575,-161.0785197063));
#6213 = CARTESIAN_POINT('',(136.61948136182,-161.2245635012));
#6214 = CARTESIAN_POINT('',(136.56435110786,-161.3688226212));
#6215 = CARTESIAN_POINT('',(136.50413983641,-161.5109440544));
#6216 = CARTESIAN_POINT('',(136.43855761509,-161.6505185691));
#6217 = CARTESIAN_POINT('',(136.30378055811,-161.9088943929));
#6218 = CARTESIAN_POINT('',(136.23574233676,-162.0283143676));
#6219 = CARTESIAN_POINT('',(136.16302652683,-162.144970473));
#6220 = CARTESIAN_POINT('',(136.08548183558,-162.2584478188));
#6221 = CARTESIAN_POINT('',(136.00299620368,-162.3683200798));
#6222 = CARTESIAN_POINT('',(135.91554185228,-162.4741863209));
#6223 = CARTESIAN_POINT('',(135.82322501708,-162.5757063751));
#6224 = CARTESIAN_POINT('',(135.62964079223,-162.7692892706));
#6225 = CARTESIAN_POINT('',(135.52837096133,-162.8613980136));
#6226 = CARTESIAN_POINT('',(135.42277481796,-162.9486679254));
#6227 = CARTESIAN_POINT('',(135.31318994384,-163.0309931061));
#6228 = CARTESIAN_POINT('',(135.20001420502,-163.1084004828));
#6229 = CARTESIAN_POINT('',(135.08367082098,-163.1810006927));
#6230 = CARTESIAN_POINT('',(134.96457195414,-163.2489435302));
#6231 = CARTESIAN_POINT('',(134.70571483599,-163.3841720771));
#6232 = CARTESIAN_POINT('',(134.56528878605,-163.4502077182));
#6233 = CARTESIAN_POINT('',(134.422281408,-163.5108033573));
#6234 = CARTESIAN_POINT('',(134.27710981189,-163.5662548201));
#6235 = CARTESIAN_POINT('',(134.13013356364,-163.6168119022));
#6236 = CARTESIAN_POINT('',(133.98164916449,-163.6626693961));
#6237 = CARTESIAN_POINT('',(133.83188487533,-163.7039470376));
#6238 = CARTESIAN_POINT('',(133.61659720389,-163.7562549923));
#6239 = CARTESIAN_POINT('',(133.55201065008,-163.7710571146));
#6240 = CARTESIAN_POINT('',(133.48723668373,-163.785015108));
#6241 = CARTESIAN_POINT('',(133.42228871194,-163.7981196539));
#6242 = CARTESIAN_POINT('',(133.35718076945,-163.8103550537));
#6243 = CARTESIAN_POINT('',(133.2919274686,-163.8216972065));
#6244 = CARTESIAN_POINT('',(133.22654406842,-163.8321090317));
#6245 = CARTESIAN_POINT('',(133.13146332562,-163.8457900261));
#6246 = CARTESIAN_POINT('',(133.10185726716,-163.8498452042));
#6247 = CARTESIAN_POINT('',(133.0722299953,-163.8536934123));
#6248 = CARTESIAN_POINT('',(133.04258335838,-163.8573284809));
#6249 = CARTESIAN_POINT('',(133.01291964792,-163.8607430952));
#6250 = CARTESIAN_POINT('',(132.98324170106,-163.8639283635));
#6251 = CARTESIAN_POINT('',(132.95355300292,-163.8668733848));
#6252 = CARTESIAN_POINT('',(132.89797599719,-163.8719106202));
#6253 = CARTESIAN_POINT('',(132.87209111861,-163.8740635225));
#6254 = CARTESIAN_POINT('',(132.84620419211,-163.8760149544));
#6255 = CARTESIAN_POINT('',(132.82031883587,-163.87775396));
#6256 = CARTESIAN_POINT('',(132.7944403961,-163.8792676698));
#6257 = CARTESIAN_POINT('',(132.76857641162,-163.8805404192));
#6258 = CARTESIAN_POINT('',(132.74273839438,-163.881551512));
#6259 = CARTESIAN_POINT('',(132.70593343822,-163.8825790553));
#6260 = CARTESIAN_POINT('',(132.69493087395,-163.8828334112));
#6261 = CARTESIAN_POINT('',(132.68393824295,-163.8830324306));
#6262 = CARTESIAN_POINT('',(132.67295757129,-163.883173453));
#6263 = CARTESIAN_POINT('',(132.6619917087,-163.8832534354));
#6264 = CARTESIAN_POINT('',(132.6510445646,-163.8832688269));
#6265 = CARTESIAN_POINT('',(132.64012177295,-163.8832153087));
#6266 = CARTESIAN_POINT('',(132.62139489835,-163.88299535));
#6267 = CARTESIAN_POINT('',(132.61357921884,-163.88286482));
#6268 = CARTESIAN_POINT('',(132.60578457195,-163.8826937983));
#6269 = CARTESIAN_POINT('',(132.59801273155,-163.8824798354));
#6270 = CARTESIAN_POINT('',(132.59027182842,-163.8822201247));
#6271 = CARTESIAN_POINT('',(132.58257375739,-163.881911388));
#6272 = CARTESIAN_POINT('',(132.57493575244,-163.8815497157));
#6273 = CARTESIAN_POINT('',(132.56739729806,-163.881130513));
#6274 = ( GEOMETRIC_REPRESENTATION_CONTEXT(2) 
PARAMETRIC_REPRESENTATION_CONTEXT() REPRESENTATION_CONTEXT('2D SPACE',''
  ) );
#6275 = PCURVE('',#6276,#6368);
#6276 = OFFSET_SURFACE('',#6277,-3.,.F.);
#6277 = B_SPLINE_SURFACE_WITH_KNOTS('',8,9,(
    (#6278,#6279,#6280,#6281,#6282,#6283,#6284,#6285,#6286,#6287)
    ,(#6288,#6289,#6290,#6291,#6292,#6293,#6294,#6295,#6296,#6297)
    ,(#6298,#6299,#6300,#6301,#6302,#6303,#6304,#6305,#6306,#6307)
    ,(#6308,#6309,#6310,#6311,#6312,#6313,#6314,#6315,#6316,#6317)
    ,(#6318,#6319,#6320,#6321,#6322,#6323,#6324,#6325,#6326,#6327)
    ,(#6328,#6329,#6330,#6331,#6332,#6333,#6334,#6335,#6336,#6337)
    ,(#6338,#6339,#6340,#6341,#6342,#6343,#6344,#6345,#6346,#6347)
    ,(#6348,#6349,#6350,#6351,#6352,#6353,#6354,#6355,#6356,#6357)
    ,(#6358,#6359,#6360,#6361,#6362,#6363,#6364,#6365,#6366,#6367
  )),.UNSPECIFIED.,.F.,.F.,.F.,(9,9),(10,10),(0.,1.),(0.,1.),
  .PIECEWISE_BEZIER_KNOTS.);
#6278 = CARTESIAN_POINT('',(158.,333.,-1.821209849595E-12));
#6279 = CARTESIAN_POINT('',(160.09439510239,332.44444444444,
    -1.813607405892E-12));
#6280 = CARTESIAN_POINT('',(162.18879023479,331.88888888889,
    0.411233483465));
#6281 = CARTESIAN_POINT('',(164.19090455793,331.33333333332,
    1.233700738104));
#6282 = CARTESIAN_POINT('',(166.00845853856,330.77777777778,
    2.443241527072));
#6283 = CARTESIAN_POINT('',(167.55675847293,330.22222222223,
    3.991541461426));
#6284 = CARTESIAN_POINT('',(168.76629926188,329.66666666665,
    5.809095442069));
#6285 = CARTESIAN_POINT('',(169.58876651653,329.11111111112,7.8112097652
    ));
#6286 = CARTESIAN_POINT('',(169.99999999999,328.55555555555,
    9.905604897606));
#6287 = CARTESIAN_POINT('',(170.,328.,12.));
#6288 = CARTESIAN_POINT('',(158.,334.37444673711,-1.821237605171E-12));
#6289 = CARTESIAN_POINT('',(160.09439510239,333.8328415441,
    -5.45415371888E-02));
#6290 = CARTESIAN_POINT('',(162.2542963928,333.23983216566,
    0.329455629761));
#6291 = CARTESIAN_POINT('',(164.3523268069,332.5954185658,1.189931405174
    ));
#6292 = CARTESIAN_POINT('',(166.23296909959,331.90262077418,
    2.505754480532));
#6293 = CARTESIAN_POINT('',(167.75183890257,331.16747808938,
    4.167798470435));
#6294 = CARTESIAN_POINT('',(168.87815508655,330.39867864876,
    6.022457815142));
#6295 = CARTESIAN_POINT('',(169.62616749668,329.60680916538,
    7.987889792474));
#6296 = CARTESIAN_POINT('',(169.99999999999,328.8034045808,
    10.000737618739));
#6297 = CARTESIAN_POINT('',(170.,328.,12.));
#6298 = CARTESIAN_POINT('',(158.,335.74889412594,0.308425493871));
#6299 = CARTESIAN_POINT('',(160.09439510239,335.32949419906,
    0.174499773258));
#6300 = CARTESIAN_POINT('',(162.30108650566,334.95952850709,
    0.731233119187));
#6301 = CARTESIAN_POINT('',(164.4676284133,334.30252555087,
    1.662745173555));
#6302 = CARTESIAN_POINT('',(166.39333378605,333.47105447435,
    3.050466758613));
#6303 = CARTESIAN_POINT('',(167.89118206659,332.49909855249,
    4.749107397762));
#6304 = CARTESIAN_POINT('',(168.95805210417,331.43637664022,
    6.563457536157));
#6305 = CARTESIAN_POINT('',(169.6528824825,330.31427372522,
    8.410590061346));
#6306 = CARTESIAN_POINT('',(169.99999999999,329.26715470087,
    10.355404664431));
#6307 = CARTESIAN_POINT('',(170.,328.,12.));
#6308 = CARTESIAN_POINT('',(157.99999999999,337.04259247835,
    0.92527363972));
#6309 = CARTESIAN_POINT('',(160.09439510239,336.83791346469,
    0.778812428982));
#6310 = CARTESIAN_POINT('',(162.32916057338,336.46556742264,
    1.258104457872));
#6311 = CARTESIAN_POINT('',(164.53680937715,335.72544997643,
    2.149425277012));
#6312 = CARTESIAN_POINT('',(166.48955259793,334.69839102594,
    3.491022148041));
#6313 = CARTESIAN_POINT('',(167.974787965,333.46353630651,5.132912635589
    ));
#6314 = CARTESIAN_POINT('',(169.00599031475,332.12839674268,
    6.876708848204));
#6315 = CARTESIAN_POINT('',(169.668911474,330.74678306337,8.637390237158
    ));
#6316 = CARTESIAN_POINT('',(169.99999999999,329.41873847803,
    10.441538596961));
#6317 = CARTESIAN_POINT('',(170.,328.,12.));
#6318 = CARTESIAN_POINT('',(158.,338.17481144818,1.825188551828));
#6319 = CARTESIAN_POINT('',(160.09439510239,338.19970955456,
    1.80029044544));
#6320 = CARTESIAN_POINT('',(162.33851859596,337.79372311476,
    2.206276885242));
#6321 = CARTESIAN_POINT('',(164.55986969843,336.97220690343,
    3.027793096532));
#6322 = CARTESIAN_POINT('',(166.52162553523,335.75971642304,
    4.240283576977));
#6323 = CARTESIAN_POINT('',(168.00265659781,334.28085314374,
    5.71914685623));
#6324 = CARTESIAN_POINT('',(169.02196971828,332.70045652307,
    7.299543476928));
#6325 = CARTESIAN_POINT('',(169.67425447116,331.09375704445,
    8.906242955547));
#6326 = CARTESIAN_POINT('',(170.,329.49950824797,10.500491752025));
#6327 = CARTESIAN_POINT('',(170.,328.,12.));
#6328 = CARTESIAN_POINT('',(157.99999999999,339.07472636027,
    2.957407521608));
#6329 = CARTESIAN_POINT('',(160.09439510239,339.22118757101,
    3.162086535275));
#6330 = CARTESIAN_POINT('',(162.32916057338,338.74189554214,
    3.534432577345));
#6331 = CARTESIAN_POINT('',(164.53680937714,337.85057472296,
    4.274550023537));
#6332 = CARTESIAN_POINT('',(166.48955259794,336.50897785199,
    5.301608974065));
#6333 = CARTESIAN_POINT('',(167.974787965,334.86708736439,6.536463693462
    ));
#6334 = CARTESIAN_POINT('',(169.00599031475,333.1232911518,
    7.871603257311));
#6335 = CARTESIAN_POINT('',(169.66891147399,331.36260976283,
    9.253216936619));
#6336 = CARTESIAN_POINT('',(170.,329.55846140303,10.581261521964));
#6337 = CARTESIAN_POINT('',(170.,328.,12.));
#6338 = CARTESIAN_POINT('',(158.,339.69157450612,4.251105874072));
#6339 = CARTESIAN_POINT('',(160.09439510239,339.82550022672,
    4.670505800953));
#6340 = CARTESIAN_POINT('',(162.30108650567,339.26876688081,
    5.040471492919));
#6341 = CARTESIAN_POINT('',(164.4676284133,338.3372548264,5.697474449116
    ));
#6342 = CARTESIAN_POINT('',(166.39333378607,336.94953324141,
    6.528945525663));
#6343 = CARTESIAN_POINT('',(167.89118206658,335.2508926022,
    7.500901447504));
#6344 = CARTESIAN_POINT('',(168.95805210418,333.43654246385,
    8.563623359772));
#6345 = CARTESIAN_POINT('',(169.6528824825,331.58940993864,
    9.685726274781));
#6346 = CARTESIAN_POINT('',(170.,329.64459533556,10.732845299119));
#6347 = CARTESIAN_POINT('',(170.,328.,12.));
#6348 = CARTESIAN_POINT('',(158.,340.,5.62555326287));
#6349 = CARTESIAN_POINT('',(160.09439510239,340.05454153718,
    6.167158455884));
#6350 = CARTESIAN_POINT('',(162.25429639281,339.67054437026,
    6.760167834333));
#6351 = CARTESIAN_POINT('',(164.35232680689,338.81006859479,
    7.404581434175));
#6352 = CARTESIAN_POINT('',(166.23296909962,337.49424551951,
    8.097379225814));
#6353 = CARTESIAN_POINT('',(167.75183890255,335.83220152952,
    8.832521910618));
#6354 = CARTESIAN_POINT('',(168.87815508657,333.97754218488,
    9.601321351217));
#6355 = CARTESIAN_POINT('',(169.62616749668,332.01211020751,
    10.39319083462));
#6356 = CARTESIAN_POINT('',(170.,329.99926238126,11.196595419186));
#6357 = CARTESIAN_POINT('',(170.,328.,12.));
#6358 = CARTESIAN_POINT('',(158.,340.,6.999999999997));
#6359 = CARTESIAN_POINT('',(160.09439510239,340.,7.555555555553));
#6360 = CARTESIAN_POINT('',(162.1887902348,339.58876651655,8.11111111111
    ));
#6361 = CARTESIAN_POINT('',(164.19090455791,338.76629926186,
    8.666666666663));
#6362 = CARTESIAN_POINT('',(166.00845853859,337.55675847297,
    9.222222222223));
#6363 = CARTESIAN_POINT('',(167.55675847291,336.00845853853,
    9.777777777774));
#6364 = CARTESIAN_POINT('',(168.7662992619,334.19090455795,
    10.333333333334));
#6365 = CARTESIAN_POINT('',(169.58876651653,332.18879023479,
    10.888888888887));
#6366 = CARTESIAN_POINT('',(170.,330.09439510239,11.444444444444));
#6367 = CARTESIAN_POINT('',(170.,328.,12.));
#6368 = DEFINITIONAL_REPRESENTATION('',(#6369),#6463);
#6369 = B_SPLINE_CURVE_WITH_KNOTS('',8,(#6370,#6371,#6372,#6373,#6374,
    #6375,#6376,#6377,#6378,#6379,#6380,#6381,#6382,#6383,#6384,#6385,
    #6386,#6387,#6388,#6389,#6390,#6391,#6392,#6393,#6394,#6395,#6396,
    #6397,#6398,#6399,#6400,#6401,#6402,#6403,#6404,#6405,#6406,#6407,
    #6408,#6409,#6410,#6411,#6412,#6413,#6414,#6415,#6416,#6417,#6418,
    #6419,#6420,#6421,#6422,#6423,#6424,#6425,#6426,#6427,#6428,#6429,
    #6430,#6431,#6432,#6433,#6434,#6435,#6436,#6437,#6438,#6439,#6440,
    #6441,#6442,#6443,#6444,#6445,#6446,#6447,#6448,#6449,#6450,#6451,
    #6452,#6453,#6454,#6455,#6456,#6457,#6458,#6459,#6460,#6461,#6462),
  .UNSPECIFIED.,.F.,.F.,(9,7,7,7,7,7,7,7,7,7,7,7,7,9),(0.,
    8.432924186938E-03,3.209336820655E-02,4.988756420338E-02,
    0.163683318298,0.34147065621,0.50001436552,0.658183289847,
    0.837080944882,0.91341303506,0.947890095226,0.977939654684,
    0.99076811006,1.),.UNSPECIFIED.);
#6370 = CARTESIAN_POINT('',(1.,0.290228961726));
#6371 = CARTESIAN_POINT('',(0.99739682017,0.290449385891));
#6372 = CARTESIAN_POINT('',(0.995010599744,0.290641851342));
#6373 = CARTESIAN_POINT('',(0.992773013878,0.290815323363));
#6374 = CARTESIAN_POINT('',(0.990651196421,0.290974120547));
#6375 = CARTESIAN_POINT('',(0.988627049887,0.291120613152));
#6376 = CARTESIAN_POINT('',(0.986685577232,0.291256743147));
#6377 = CARTESIAN_POINT('',(0.984812235431,0.291384365963));
#6378 = CARTESIAN_POINT('',(0.977912747859,0.291841235202));
#6379 = CARTESIAN_POINT('',(0.973304472294,0.292118541802));
#6380 = CARTESIAN_POINT('',(0.968980677154,0.292360984507));
#6381 = CARTESIAN_POINT('',(0.964883109516,0.292575901179));
#6382 = CARTESIAN_POINT('',(0.960967501625,0.292768843002));
#6383 = CARTESIAN_POINT('',(0.95719334865,0.292944857474));
#6384 = CARTESIAN_POINT('',(0.95354432844,0.293105862985));
#6385 = CARTESIAN_POINT('',(0.947332083744,0.293366196794));
#6386 = CARTESIAN_POINT('',(0.944724813798,0.293470861313));
#6387 = CARTESIAN_POINT('',(0.942169435484,0.293569343677));
#6388 = CARTESIAN_POINT('',(0.939660020311,0.293662359647));
#6389 = CARTESIAN_POINT('',(0.937191822588,0.29375047796));
#6390 = CARTESIAN_POINT('',(0.934760977467,0.293834157851));
#6391 = CARTESIAN_POINT('',(0.932364198983,0.293913786571));
#6392 = CARTESIAN_POINT('',(0.914869444326,0.294475299435));
#6393 = CARTESIAN_POINT('',(0.901013443505,0.294809591253));
#6394 = CARTESIAN_POINT('',(0.887683852969,0.295079304512));
#6395 = CARTESIAN_POINT('',(0.874814519769,0.295289283949));
#6396 = CARTESIAN_POINT('',(0.862164583971,0.295466433934));
#6397 = CARTESIAN_POINT('',(0.849704342368,0.295611856923));
#6398 = CARTESIAN_POINT('',(0.837333048461,0.295735440311));
#6399 = CARTESIAN_POINT('',(0.805727109995,0.296005720519));
#6400 = CARTESIAN_POINT('',(0.786555087472,0.296126577893));
#6401 = CARTESIAN_POINT('',(0.767262867508,0.296221356843));
#6402 = CARTESIAN_POINT('',(0.747716223021,0.296298825428));
#6403 = CARTESIAN_POINT('',(0.727804081104,0.296365326469));
#6404 = CARTESIAN_POINT('',(0.707426128835,0.296425612225));
#6405 = CARTESIAN_POINT('',(0.686505016127,0.29648177476));
#6406 = CARTESIAN_POINT('',(0.645819316746,0.296580955001));
#6407 = CARTESIAN_POINT('',(0.626173853348,0.296624737632));
#6408 = CARTESIAN_POINT('',(0.606043685757,0.296665664641));
#6409 = CARTESIAN_POINT('',(0.585436605886,0.296702822845));
#6410 = CARTESIAN_POINT('',(0.564400427287,0.296733679879));
#6411 = CARTESIAN_POINT('',(0.543040873737,0.296755336473));
#6412 = CARTESIAN_POINT('',(0.521518293854,0.296766134634));
#6413 = CARTESIAN_POINT('',(0.478529021391,0.296766133073));
#6414 = CARTESIAN_POINT('',(0.457057341585,0.296755384197));
#6415 = CARTESIAN_POINT('',(0.435747540599,0.29673382908));
#6416 = CARTESIAN_POINT('',(0.414758828382,0.296703108519));
#6417 = CARTESIAN_POINT('',(0.394196453119,0.296666096672));
#6418 = CARTESIAN_POINT('',(0.374108313313,0.296625311178));
#6419 = CARTESIAN_POINT('',(0.354502511546,0.296581671521));
#6420 = CARTESIAN_POINT('',(0.31371168967,0.296482378597));
#6421 = CARTESIAN_POINT('',(0.292655589583,0.29642590163));
#6422 = CARTESIAN_POINT('',(0.272150069547,0.29636526932));
#6423 = CARTESIAN_POINT('',(0.252116390547,0.296298369498));
#6424 = CARTESIAN_POINT('',(0.232452182406,0.296220343298));
#6425 = CARTESIAN_POINT('',(0.213044247786,0.296124717081));
#6426 = CARTESIAN_POINT('',(0.193755738409,0.296002544585));
#6427 = CARTESIAN_POINT('',(0.166086195566,0.295764118522));
#6428 = CARTESIAN_POINT('',(0.157792413876,0.295684611849));
#6429 = CARTESIAN_POINT('',(0.14946327085,0.295595547211));
#6430 = CARTESIAN_POINT('',(0.141077531017,0.295495023705));
#6431 = CARTESIAN_POINT('',(0.132611122014,0.295380808671));
#6432 = CARTESIAN_POINT('',(0.124034573211,0.29525005289));
#6433 = CARTESIAN_POINT('',(0.115306261658,0.295098509717));
#6434 = CARTESIAN_POINT('',(0.102321352248,0.294838295225));
#6435 = CARTESIAN_POINT('',(9.823724143831E-02,0.294751692476));
#6436 = CARTESIAN_POINT('',(9.410263979269E-02,0.294658747925));
#6437 = CARTESIAN_POINT('',(8.991066611554E-02,0.294558713661));
#6438 = CARTESIAN_POINT('',(8.565304691606E-02,0.294450674194));
#6439 = CARTESIAN_POINT('',(8.131911215345E-02,0.294333424821));
#6440 = CARTESIAN_POINT('',(7.689479098243E-02,0.294205350005));
#6441 = CARTESIAN_POINT('',(6.841056973693E-02,0.293941366719));
#6442 = CARTESIAN_POINT('',(6.437662476158E-02,0.29380852444));
#6443 = CARTESIAN_POINT('',(6.024834057366E-02,0.293664477675));
#6444 = CARTESIAN_POINT('',(5.600765053833E-02,0.293507087075));
#6445 = CARTESIAN_POINT('',(5.163423104808E-02,0.293333928438));
#6446 = CARTESIAN_POINT('',(4.710236311635E-02,0.293141904138));
#6447 = CARTESIAN_POINT('',(4.23702779019E-02,0.292925908705));
#6448 = CARTESIAN_POINT('',(3.522389667982E-02,0.292570094227));
#6449 = CARTESIAN_POINT('',(3.303545040263E-02,0.292457545297));
#6450 = CARTESIAN_POINT('',(3.079077120284E-02,0.292338181878));
#6451 = CARTESIAN_POINT('',(2.848189841348E-02,0.292211012309));
#6452 = CARTESIAN_POINT('',(2.609953141483E-02,0.292074869401));
#6453 = CARTESIAN_POINT('',(2.363193226974E-02,0.291928270952));
#6454 = CARTESIAN_POINT('',(2.106198640952E-02,0.291769044505));
#6455 = CARTESIAN_POINT('',(1.641970211058E-02,0.291467542948));
#6456 = CARTESIAN_POINT('',(1.441106878927E-02,0.29133311973));
#6457 = CARTESIAN_POINT('',(1.232417907225E-02,0.291188928227));
#6458 = CARTESIAN_POINT('',(1.014805713022E-02,0.291033597273));
#6459 = CARTESIAN_POINT('',(7.861386444796E-03,0.290864369238));
#6460 = CARTESIAN_POINT('',(5.439843823676E-03,0.290678059735));
#6461 = CARTESIAN_POINT('',(2.850335976113E-03,0.290470313829));
#6462 = CARTESIAN_POINT('',(0.,0.290228961726));
#6463 = ( GEOMETRIC_REPRESENTATION_CONTEXT(2) 
PARAMETRIC_REPRESENTATION_CONTEXT() REPRESENTATION_CONTEXT('2D SPACE',''
  ) );
#6464 = ORIENTED_EDGE('',*,*,#6465,.T.);
#6465 = EDGE_CURVE('',#6081,#6466,#6468,.T.);
#6466 = VERTEX_POINT('',#6467);
#6467 = CARTESIAN_POINT('',(162.,336.06225774829,100.84203173517));
#6468 = SURFACE_CURVE('',#6469,(#6473,#6479),.PCURVE_S1.);
#6469 = LINE('',#6470,#6471);
#6470 = CARTESIAN_POINT('',(162.,336.06225774829,6.999999999997));
#6471 = VECTOR('',#6472,1.);
#6472 = DIRECTION('',(0.,0.,1.));
#6473 = PCURVE('',#846,#6474);
#6474 = DEFINITIONAL_REPRESENTATION('',(#6475),#6478);
#6475 = B_SPLINE_CURVE_WITH_KNOTS('',1,(#6476,#6477),.UNSPECIFIED.,.F.,
  .F.,(2,2),(-5.999997725326E-07,93.842032335176),
  .PIECEWISE_BEZIER_KNOTS.);
#6476 = CARTESIAN_POINT('',(136.93023642448,-160.8142572581));
#6477 = CARTESIAN_POINT('',(136.93023642448,-66.97222432296));
#6478 = ( GEOMETRIC_REPRESENTATION_CONTEXT(2) 
PARAMETRIC_REPRESENTATION_CONTEXT() REPRESENTATION_CONTEXT('2D SPACE',''
  ) );
#6479 = PCURVE('',#6480,#6485);
#6480 = CYLINDRICAL_SURFACE('',#6481,9.);
#6481 = AXIS2_PLACEMENT_3D('',#6482,#6483,#6484);
#6482 = CARTESIAN_POINT('',(158.,328.,6.999999999997));
#6483 = DIRECTION('',(0.,0.,1.));
#6484 = DIRECTION('',(0.,1.,0.));
#6485 = DEFINITIONAL_REPRESENTATION('',(#6486),#6489);
#6486 = B_SPLINE_CURVE_WITH_KNOTS('',1,(#6487,#6488),.UNSPECIFIED.,.F.,
  .F.,(2,2),(-5.999997725326E-07,93.842032335176),
  .PIECEWISE_BEZIER_KNOTS.);
#6487 = CARTESIAN_POINT('',(-0.460553991681,-5.999997725326E-07));
#6488 = CARTESIAN_POINT('',(-0.460553991681,93.842032335176));
#6489 = ( GEOMETRIC_REPRESENTATION_CONTEXT(2) 
PARAMETRIC_REPRESENTATION_CONTEXT() REPRESENTATION_CONTEXT('2D SPACE',''
  ) );
#6490 = ORIENTED_EDGE('',*,*,#6491,.T.);
#6491 = EDGE_CURVE('',#6466,#6492,#6494,.T.);
#6492 = VERTEX_POINT('',#6493);
#6493 = CARTESIAN_POINT('',(162.,320.47714322863,121.17967180251));
#6494 = SURFACE_CURVE('',#6495,(#6500,#6507),.PCURVE_S1.);
#6495 = CIRCLE('',#6496,21.062257748299);
#6496 = AXIS2_PLACEMENT_3D('',#6497,#6498,#6499);
#6497 = CARTESIAN_POINT('',(162.,315.,100.84203173517));
#6498 = DIRECTION('',(1.,0.,0.));
#6499 = DIRECTION('',(-0.,1.,0.));
#6500 = PCURVE('',#846,#6501);
#6501 = DEFINITIONAL_REPRESENTATION('',(#6502),#6506);
#6502 = CIRCLE('',#6503,21.062257748299);
#6503 = AXIS2_PLACEMENT_2D('',#6504,#6505);
#6504 = CARTESIAN_POINT('',(115.86797867618,-66.97222492296));
#6505 = DIRECTION('',(1.,0.));
#6506 = ( GEOMETRIC_REPRESENTATION_CONTEXT(2) 
PARAMETRIC_REPRESENTATION_CONTEXT() REPRESENTATION_CONTEXT('2D SPACE',''
  ) );
#6507 = PCURVE('',#6508,#6513);
#6508 = TOROIDAL_SURFACE('',#6509,13.,9.);
#6509 = AXIS2_PLACEMENT_3D('',#6510,#6511,#6512);
#6510 = CARTESIAN_POINT('',(158.,315.,100.84203173517));
#6511 = DIRECTION('',(1.,0.,0.));
#6512 = DIRECTION('',(-0.,1.,0.));
#6513 = DEFINITIONAL_REPRESENTATION('',(#6514),#6518);
#6514 = LINE('',#6515,#6516);
#6515 = CARTESIAN_POINT('',(0.,0.460553991681));
#6516 = VECTOR('',#6517,1.);
#6517 = DIRECTION('',(1.,0.));
#6518 = ( GEOMETRIC_REPRESENTATION_CONTEXT(2) 
PARAMETRIC_REPRESENTATION_CONTEXT() REPRESENTATION_CONTEXT('2D SPACE',''
  ) );
#6519 = ORIENTED_EDGE('',*,*,#6520,.T.);
#6520 = EDGE_CURVE('',#6492,#2218,#6521,.T.);
#6521 = SURFACE_CURVE('',#6522,(#6526,#6532),.PCURVE_S1.);
#6522 = LINE('',#6523,#6524);
#6523 = CARTESIAN_POINT('',(162.,320.47714322863,121.17967180251));
#6524 = VECTOR('',#6525,1.);
#6525 = DIRECTION('',(0.,-0.965596390966,0.26004539941));
#6526 = PCURVE('',#846,#6527);
#6527 = DEFINITIONAL_REPRESENTATION('',(#6528),#6531);
#6528 = B_SPLINE_CURVE_WITH_KNOTS('',1,(#6529,#6530),.UNSPECIFIED.,.F.,
  .F.,(2,2),(-5.999998971638E-07,34.05771444474),
  .PIECEWISE_BEZIER_KNOTS.);
#6529 = CARTESIAN_POINT('',(121.34512248417,-46.63458501164));
#6530 = CARTESIAN_POINT('',(88.459115752439,-37.77803289984));
#6531 = ( GEOMETRIC_REPRESENTATION_CONTEXT(2) 
PARAMETRIC_REPRESENTATION_CONTEXT() REPRESENTATION_CONTEXT('2D SPACE',''
  ) );
#6532 = PCURVE('',#2234,#6533);
#6533 = DEFINITIONAL_REPRESENTATION('',(#6534),#6537);
#6534 = B_SPLINE_CURVE_WITH_KNOTS('',1,(#6535,#6536),.UNSPECIFIED.,.F.,
  .F.,(2,2),(-5.999998971638E-07,34.05771444474),
  .PIECEWISE_BEZIER_KNOTS.);
#6535 = CARTESIAN_POINT('',(-0.460553991681,-5.999999153714E-07));
#6536 = CARTESIAN_POINT('',(-0.460553991681,34.05771444474));
#6537 = ( GEOMETRIC_REPRESENTATION_CONTEXT(2) 
PARAMETRIC_REPRESENTATION_CONTEXT() REPRESENTATION_CONTEXT('2D SPACE',''
  ) );
#6538 = ORIENTED_EDGE('',*,*,#2250,.F.);
#6539 = ORIENTED_EDGE('',*,*,#6540,.F.);
#6540 = EDGE_CURVE('',#6541,#2251,#6543,.T.);
#6541 = VERTEX_POINT('',#6542);
#6542 = CARTESIAN_POINT('',(162.,257.,113.));
#6543 = SURFACE_CURVE('',#6544,(#6548,#6554),.PCURVE_S1.);
#6544 = LINE('',#6545,#6546);
#6545 = CARTESIAN_POINT('',(162.,257.,140.40712832906));
#6546 = VECTOR('',#6547,1.);
#6547 = DIRECTION('',(0.,-0.,1.));
#6548 = PCURVE('',#846,#6549);
#6549 = DEFINITIONAL_REPRESENTATION('',(#6550),#6553);
#6550 = B_SPLINE_CURVE_WITH_KNOTS('',1,(#6551,#6552),.UNSPECIFIED.,.F.,
  .F.,(2,2),(-27.40712832906,-15.40712832906),.PIECEWISE_BEZIER_KNOTS.);
#6551 = CARTESIAN_POINT('',(57.867978676182,-54.81425665813));
#6552 = CARTESIAN_POINT('',(57.867978676182,-42.81425665813));
#6553 = ( GEOMETRIC_REPRESENTATION_CONTEXT(2) 
PARAMETRIC_REPRESENTATION_CONTEXT() REPRESENTATION_CONTEXT('2D SPACE',''
  ) );
#6554 = PCURVE('',#2288,#6555);
#6555 = DEFINITIONAL_REPRESENTATION('',(#6556),#6559);
#6556 = B_SPLINE_CURVE_WITH_KNOTS('',1,(#6557,#6558),.UNSPECIFIED.,.F.,
  .F.,(2,2),(-27.40712832906,-15.40712832906),.PIECEWISE_BEZIER_KNOTS.);
#6557 = CARTESIAN_POINT('',(0.,8.5));
#6558 = CARTESIAN_POINT('',(12.,8.5));
#6559 = ( GEOMETRIC_REPRESENTATION_CONTEXT(2) 
PARAMETRIC_REPRESENTATION_CONTEXT() REPRESENTATION_CONTEXT('2D SPACE',''
  ) );
#6560 = ORIENTED_EDGE('',*,*,#6561,.T.);
#6561 = EDGE_CURVE('',#6541,#6562,#6564,.T.);
#6562 = VERTEX_POINT('',#6563);
#6563 = CARTESIAN_POINT('',(162.,250.79999999998,113.));
#6564 = SURFACE_CURVE('',#6565,(#6569,#6575),.PCURVE_S1.);
#6565 = LINE('',#6566,#6567);
#6566 = CARTESIAN_POINT('',(162.,221.0660106619,113.));
#6567 = VECTOR('',#6568,1.);
#6568 = DIRECTION('',(0.,-1.,0.));
#6569 = PCURVE('',#846,#6570);
#6570 = DEFINITIONAL_REPRESENTATION('',(#6571),#6574);
#6571 = B_SPLINE_CURVE_WITH_KNOTS('',1,(#6572,#6573),.UNSPECIFIED.,.F.,
  .F.,(2,2),(-35.93398933809,-21.93398933809),.PIECEWISE_BEZIER_KNOTS.);
#6572 = CARTESIAN_POINT('',(57.867978676182,-54.81425665813));
#6573 = CARTESIAN_POINT('',(43.867978676182,-54.81425665813));
#6574 = ( GEOMETRIC_REPRESENTATION_CONTEXT(2) 
PARAMETRIC_REPRESENTATION_CONTEXT() REPRESENTATION_CONTEXT('2D SPACE',''
  ) );
#6575 = PCURVE('',#6576,#6581);
#6576 = PLANE('',#6577);
#6577 = AXIS2_PLACEMENT_3D('',#6578,#6579,#6580);
#6578 = CARTESIAN_POINT('',(153.5,243.,113.));
#6579 = DIRECTION('',(0.,0.,1.));
#6580 = DIRECTION('',(1.,0.,-0.));
#6581 = DEFINITIONAL_REPRESENTATION('',(#6582),#6585);
#6582 = B_SPLINE_CURVE_WITH_KNOTS('',1,(#6583,#6584),.UNSPECIFIED.,.F.,
  .F.,(2,2),(-35.93398933809,-21.93398933809),.PIECEWISE_BEZIER_KNOTS.);
#6583 = CARTESIAN_POINT('',(8.5,14.));
#6584 = CARTESIAN_POINT('',(8.5,0.));
#6585 = ( GEOMETRIC_REPRESENTATION_CONTEXT(2) 
PARAMETRIC_REPRESENTATION_CONTEXT() REPRESENTATION_CONTEXT('2D SPACE',''
  ) );
#6586 = ORIENTED_EDGE('',*,*,#6587,.F.);
#6587 = EDGE_CURVE('',#6588,#6562,#6590,.T.);
#6588 = VERTEX_POINT('',#6589);
#6589 = CARTESIAN_POINT('',(162.,250.8,112.));
#6590 = SURFACE_CURVE('',#6591,(#6595,#6601),.PCURVE_S1.);
#6591 = LINE('',#6592,#6593);
#6592 = CARTESIAN_POINT('',(162.,250.8,112.));
#6593 = VECTOR('',#6594,1.);
#6594 = DIRECTION('',(0.,0.,1.));
#6595 = PCURVE('',#846,#6596);
#6596 = DEFINITIONAL_REPRESENTATION('',(#6597),#6600);
#6597 = B_SPLINE_CURVE_WITH_KNOTS('',1,(#6598,#6599),.UNSPECIFIED.,.F.,
  .F.,(2,2),(-6.000000070117E-07,14.0000006),.PIECEWISE_BEZIER_KNOTS.);
#6598 = CARTESIAN_POINT('',(51.667978676182,-55.81425725813));
#6599 = CARTESIAN_POINT('',(51.667978676182,-41.81425605813));
#6600 = ( GEOMETRIC_REPRESENTATION_CONTEXT(2) 
PARAMETRIC_REPRESENTATION_CONTEXT() REPRESENTATION_CONTEXT('2D SPACE',''
  ) );
#6601 = PCURVE('',#2756,#6602);
#6602 = DEFINITIONAL_REPRESENTATION('',(#6603),#6606);
#6603 = B_SPLINE_CURVE_WITH_KNOTS('',1,(#6604,#6605),.UNSPECIFIED.,.F.,
  .F.,(2,2),(-6.000000070117E-07,14.0000006),.PIECEWISE_BEZIER_KNOTS.);
#6604 = CARTESIAN_POINT('',(0.489957326254,-6.000000070117E-07));
#6605 = CARTESIAN_POINT('',(0.489957326254,14.0000006));
#6606 = ( GEOMETRIC_REPRESENTATION_CONTEXT(2) 
PARAMETRIC_REPRESENTATION_CONTEXT() REPRESENTATION_CONTEXT('2D SPACE',''
  ) );
#6607 = ORIENTED_EDGE('',*,*,#6608,.T.);
#6608 = EDGE_CURVE('',#6588,#6609,#6611,.T.);
#6609 = VERTEX_POINT('',#6610);
#6610 = CARTESIAN_POINT('',(162.,249.2,112.));
#6611 = SURFACE_CURVE('',#6612,(#6616,#6622),.PCURVE_S1.);
#6612 = LINE('',#6613,#6614);
#6613 = CARTESIAN_POINT('',(162.,224.5660106619,112.));
#6614 = VECTOR('',#6615,1.);
#6615 = DIRECTION('',(0.,-1.,0.));
#6616 = PCURVE('',#846,#6617);
#6617 = DEFINITIONAL_REPRESENTATION('',(#6618),#6621);
#6618 = B_SPLINE_CURVE_WITH_KNOTS('',1,(#6619,#6620),.UNSPECIFIED.,.F.,
  .F.,(2,2),(-27.13398933809,-23.73398933809),.PIECEWISE_BEZIER_KNOTS.);
#6619 = CARTESIAN_POINT('',(52.567978676182,-55.81425665813));
#6620 = CARTESIAN_POINT('',(49.167978676182,-55.81425665813));
#6621 = ( GEOMETRIC_REPRESENTATION_CONTEXT(2) 
PARAMETRIC_REPRESENTATION_CONTEXT() REPRESENTATION_CONTEXT('2D SPACE',''
  ) );
#6622 = PCURVE('',#6623,#6628);
#6623 = PLANE('',#6624);
#6624 = AXIS2_PLACEMENT_3D('',#6625,#6626,#6627);
#6625 = CARTESIAN_POINT('',(160.5,250.,112.));
#6626 = DIRECTION('',(0.,0.,1.));
#6627 = DIRECTION('',(1.,0.,-0.));
#6628 = DEFINITIONAL_REPRESENTATION('',(#6629),#6632);
#6629 = B_SPLINE_CURVE_WITH_KNOTS('',1,(#6630,#6631),.UNSPECIFIED.,.F.,
  .F.,(2,2),(-27.13398933809,-23.73398933809),.PIECEWISE_BEZIER_KNOTS.);
#6630 = CARTESIAN_POINT('',(1.5,1.7));
#6631 = CARTESIAN_POINT('',(1.5,-1.7));
#6632 = ( GEOMETRIC_REPRESENTATION_CONTEXT(2) 
PARAMETRIC_REPRESENTATION_CONTEXT() REPRESENTATION_CONTEXT('2D SPACE',''
  ) );
#6633 = ORIENTED_EDGE('',*,*,#6634,.T.);
#6634 = EDGE_CURVE('',#6609,#6635,#6637,.T.);
#6635 = VERTEX_POINT('',#6636);
#6636 = CARTESIAN_POINT('',(162.,249.20000000001,113.));
#6637 = SURFACE_CURVE('',#6638,(#6642,#6648),.PCURVE_S1.);
#6638 = LINE('',#6639,#6640);
#6639 = CARTESIAN_POINT('',(162.,249.2,112.));
#6640 = VECTOR('',#6641,1.);
#6641 = DIRECTION('',(0.,0.,1.));
#6642 = PCURVE('',#846,#6643);
#6643 = DEFINITIONAL_REPRESENTATION('',(#6644),#6647);
#6644 = B_SPLINE_CURVE_WITH_KNOTS('',1,(#6645,#6646),.UNSPECIFIED.,.F.,
  .F.,(2,2),(-6.000000070117E-07,14.0000006),.PIECEWISE_BEZIER_KNOTS.);
#6645 = CARTESIAN_POINT('',(50.067978676182,-55.81425725813));
#6646 = CARTESIAN_POINT('',(50.067978676182,-41.81425605813));
#6647 = ( GEOMETRIC_REPRESENTATION_CONTEXT(2) 
PARAMETRIC_REPRESENTATION_CONTEXT() REPRESENTATION_CONTEXT('2D SPACE',''
  ) );
#6648 = PCURVE('',#2756,#6649);
#6649 = DEFINITIONAL_REPRESENTATION('',(#6650),#6653);
#6650 = B_SPLINE_CURVE_WITH_KNOTS('',1,(#6651,#6652),.UNSPECIFIED.,.F.,
  .F.,(2,2),(-6.000000070117E-07,14.0000006),.PIECEWISE_BEZIER_KNOTS.);
#6651 = CARTESIAN_POINT('',(5.793227980926,-6.000000070117E-07));
#6652 = CARTESIAN_POINT('',(5.793227980926,14.0000006));
#6653 = ( GEOMETRIC_REPRESENTATION_CONTEXT(2) 
PARAMETRIC_REPRESENTATION_CONTEXT() REPRESENTATION_CONTEXT('2D SPACE',''
  ) );
#6654 = ORIENTED_EDGE('',*,*,#6655,.T.);
#6655 = EDGE_CURVE('',#6635,#6656,#6658,.T.);
#6656 = VERTEX_POINT('',#6657);
#6657 = CARTESIAN_POINT('',(162.,243.,113.));
#6658 = SURFACE_CURVE('',#6659,(#6663,#6669),.PCURVE_S1.);
#6659 = LINE('',#6660,#6661);
#6660 = CARTESIAN_POINT('',(162.,221.0660106619,113.));
#6661 = VECTOR('',#6662,1.);
#6662 = DIRECTION('',(0.,-1.,0.));
#6663 = PCURVE('',#846,#6664);
#6664 = DEFINITIONAL_REPRESENTATION('',(#6665),#6668);
#6665 = B_SPLINE_CURVE_WITH_KNOTS('',1,(#6666,#6667),.UNSPECIFIED.,.F.,
  .F.,(2,2),(-35.93398933809,-21.93398933809),.PIECEWISE_BEZIER_KNOTS.);
#6666 = CARTESIAN_POINT('',(57.867978676182,-54.81425665813));
#6667 = CARTESIAN_POINT('',(43.867978676182,-54.81425665813));
#6668 = ( GEOMETRIC_REPRESENTATION_CONTEXT(2) 
PARAMETRIC_REPRESENTATION_CONTEXT() REPRESENTATION_CONTEXT('2D SPACE',''
  ) );
#6669 = PCURVE('',#6576,#6670);
#6670 = DEFINITIONAL_REPRESENTATION('',(#6671),#6674);
#6671 = B_SPLINE_CURVE_WITH_KNOTS('',1,(#6672,#6673),.UNSPECIFIED.,.F.,
  .F.,(2,2),(-35.93398933809,-21.93398933809),.PIECEWISE_BEZIER_KNOTS.);
#6672 = CARTESIAN_POINT('',(8.5,14.));
#6673 = CARTESIAN_POINT('',(8.5,0.));
#6674 = ( GEOMETRIC_REPRESENTATION_CONTEXT(2) 
PARAMETRIC_REPRESENTATION_CONTEXT() REPRESENTATION_CONTEXT('2D SPACE',''
  ) );
#6675 = ORIENTED_EDGE('',*,*,#6676,.T.);
#6676 = EDGE_CURVE('',#6656,#2329,#6677,.T.);
#6677 = SURFACE_CURVE('',#6678,(#6682,#6688),.PCURVE_S1.);
#6678 = LINE('',#6679,#6680);
#6679 = CARTESIAN_POINT('',(162.,243.,140.40712832906));
#6680 = VECTOR('',#6681,1.);
#6681 = DIRECTION('',(0.,-0.,1.));
#6682 = PCURVE('',#846,#6683);
#6683 = DEFINITIONAL_REPRESENTATION('',(#6684),#6687);
#6684 = B_SPLINE_CURVE_WITH_KNOTS('',1,(#6685,#6686),.UNSPECIFIED.,.F.,
  .F.,(2,2),(-27.40712832906,-15.40712832906),.PIECEWISE_BEZIER_KNOTS.);
#6685 = CARTESIAN_POINT('',(43.867978676182,-54.81425665813));
#6686 = CARTESIAN_POINT('',(43.867978676182,-42.81425665813));
#6687 = ( GEOMETRIC_REPRESENTATION_CONTEXT(2) 
PARAMETRIC_REPRESENTATION_CONTEXT() REPRESENTATION_CONTEXT('2D SPACE',''
  ) );
#6688 = PCURVE('',#2344,#6689);
#6689 = DEFINITIONAL_REPRESENTATION('',(#6690),#6693);
#6690 = B_SPLINE_CURVE_WITH_KNOTS('',1,(#6691,#6692),.UNSPECIFIED.,.F.,
  .F.,(2,2),(-27.40712832906,-15.40712832906),.PIECEWISE_BEZIER_KNOTS.);
#6691 = CARTESIAN_POINT('',(0.,8.5));
#6692 = CARTESIAN_POINT('',(12.,8.5));
#6693 = ( GEOMETRIC_REPRESENTATION_CONTEXT(2) 
PARAMETRIC_REPRESENTATION_CONTEXT() REPRESENTATION_CONTEXT('2D SPACE',''
  ) );
#6694 = ADVANCED_FACE('',(#6695),#393,.F.);
#6695 = FACE_BOUND('',#6696,.F.);
#6696 = EDGE_LOOP('',(#6697,#6698,#6699,#6722));
#6697 = ORIENTED_EDGE('',*,*,#377,.F.);
#6698 = ORIENTED_EDGE('',*,*,#5203,.F.);
#6699 = ORIENTED_EDGE('',*,*,#6700,.T.);
#6700 = EDGE_CURVE('',#5178,#6701,#6703,.T.);
#6701 = VERTEX_POINT('',#6702);
#6702 = CARTESIAN_POINT('',(-97.,202.,16.5));
#6703 = SURFACE_CURVE('',#6704,(#6708,#6715),.PCURVE_S1.);
#6704 = LINE('',#6705,#6706);
#6705 = CARTESIAN_POINT('',(-97.,202.,2.5));
#6706 = VECTOR('',#6707,1.);
#6707 = DIRECTION('',(0.,0.,1.));
#6708 = PCURVE('',#393,#6709);
#6709 = DEFINITIONAL_REPRESENTATION('',(#6710),#6714);
#6710 = LINE('',#6711,#6712);
#6711 = CARTESIAN_POINT('',(0.,-12.));
#6712 = VECTOR('',#6713,1.);
#6713 = DIRECTION('',(1.,0.));
#6714 = ( GEOMETRIC_REPRESENTATION_CONTEXT(2) 
PARAMETRIC_REPRESENTATION_CONTEXT() REPRESENTATION_CONTEXT('2D SPACE',''
  ) );
#6715 = PCURVE('',#5192,#6716);
#6716 = DEFINITIONAL_REPRESENTATION('',(#6717),#6721);
#6717 = LINE('',#6718,#6719);
#6718 = CARTESIAN_POINT('',(0.,0.));
#6719 = VECTOR('',#6720,1.);
#6720 = DIRECTION('',(1.,0.));
#6721 = ( GEOMETRIC_REPRESENTATION_CONTEXT(2) 
PARAMETRIC_REPRESENTATION_CONTEXT() REPRESENTATION_CONTEXT('2D SPACE',''
  ) );
#6722 = ORIENTED_EDGE('',*,*,#6723,.F.);
#6723 = EDGE_CURVE('',#378,#6701,#6724,.T.);
#6724 = SURFACE_CURVE('',#6725,(#6729,#6736),.PCURVE_S1.);
#6725 = LINE('',#6726,#6727);
#6726 = CARTESIAN_POINT('',(-97.,190.,16.5));
#6727 = VECTOR('',#6728,1.);
#6728 = DIRECTION('',(-0.,1.,0.));
#6729 = PCURVE('',#393,#6730);
#6730 = DEFINITIONAL_REPRESENTATION('',(#6731),#6735);
#6731 = LINE('',#6732,#6733);
#6732 = CARTESIAN_POINT('',(14.,0.));
#6733 = VECTOR('',#6734,1.);
#6734 = DIRECTION('',(0.,-1.));
#6735 = ( GEOMETRIC_REPRESENTATION_CONTEXT(2) 
PARAMETRIC_REPRESENTATION_CONTEXT() REPRESENTATION_CONTEXT('2D SPACE',''
  ) );
#6736 = PCURVE('',#421,#6737);
#6737 = DEFINITIONAL_REPRESENTATION('',(#6738),#6742);
#6738 = LINE('',#6739,#6740);
#6739 = CARTESIAN_POINT('',(0.,0.));
#6740 = VECTOR('',#6741,1.);
#6741 = DIRECTION('',(0.,1.));
#6742 = ( GEOMETRIC_REPRESENTATION_CONTEXT(2) 
PARAMETRIC_REPRESENTATION_CONTEXT() REPRESENTATION_CONTEXT('2D SPACE',''
  ) );
#6743 = ADVANCED_FACE('',(#6744),#1035,.T.);
#6744 = FACE_BOUND('',#6745,.T.);
#6745 = EDGE_LOOP('',(#6746,#6769,#6790,#6791));
#6746 = ORIENTED_EDGE('',*,*,#6747,.F.);
#6747 = EDGE_CURVE('',#6748,#5748,#6750,.T.);
#6748 = VERTEX_POINT('',#6749);
#6749 = CARTESIAN_POINT('',(153.5,202.,117.));
#6750 = SURFACE_CURVE('',#6751,(#6755,#6762),.PCURVE_S1.);
#6751 = LINE('',#6752,#6753);
#6752 = CARTESIAN_POINT('',(153.5,202.,117.));
#6753 = VECTOR('',#6754,1.);
#6754 = DIRECTION('',(1.,0.,-0.));
#6755 = PCURVE('',#1035,#6756);
#6756 = DEFINITIONAL_REPRESENTATION('',(#6757),#6761);
#6757 = LINE('',#6758,#6759);
#6758 = CARTESIAN_POINT('',(0.,12.));
#6759 = VECTOR('',#6760,1.);
#6760 = DIRECTION('',(1.,0.));
#6761 = ( GEOMETRIC_REPRESENTATION_CONTEXT(2) 
PARAMETRIC_REPRESENTATION_CONTEXT() REPRESENTATION_CONTEXT('2D SPACE',''
  ) );
#6762 = PCURVE('',#5783,#6763);
#6763 = DEFINITIONAL_REPRESENTATION('',(#6764),#6768);
#6764 = LINE('',#6765,#6766);
#6765 = CARTESIAN_POINT('',(14.,0.));
#6766 = VECTOR('',#6767,1.);
#6767 = DIRECTION('',(0.,1.));
#6768 = ( GEOMETRIC_REPRESENTATION_CONTEXT(2) 
PARAMETRIC_REPRESENTATION_CONTEXT() REPRESENTATION_CONTEXT('2D SPACE',''
  ) );
#6769 = ORIENTED_EDGE('',*,*,#6770,.F.);
#6770 = EDGE_CURVE('',#992,#6748,#6771,.T.);
#6771 = SURFACE_CURVE('',#6772,(#6776,#6783),.PCURVE_S1.);
#6772 = LINE('',#6773,#6774);
#6773 = CARTESIAN_POINT('',(153.5,190.,117.));
#6774 = VECTOR('',#6775,1.);
#6775 = DIRECTION('',(-0.,1.,0.));
#6776 = PCURVE('',#1035,#6777);
#6777 = DEFINITIONAL_REPRESENTATION('',(#6778),#6782);
#6778 = LINE('',#6779,#6780);
#6779 = CARTESIAN_POINT('',(0.,0.));
#6780 = VECTOR('',#6781,1.);
#6781 = DIRECTION('',(0.,1.));
#6782 = ( GEOMETRIC_REPRESENTATION_CONTEXT(2) 
PARAMETRIC_REPRESENTATION_CONTEXT() REPRESENTATION_CONTEXT('2D SPACE',''
  ) );
#6783 = PCURVE('',#1007,#6784);
#6784 = DEFINITIONAL_REPRESENTATION('',(#6785),#6789);
#6785 = LINE('',#6786,#6787);
#6786 = CARTESIAN_POINT('',(14.,0.));
#6787 = VECTOR('',#6788,1.);
#6788 = DIRECTION('',(0.,-1.));
#6789 = ( GEOMETRIC_REPRESENTATION_CONTEXT(2) 
PARAMETRIC_REPRESENTATION_CONTEXT() REPRESENTATION_CONTEXT('2D SPACE',''
  ) );
#6790 = ORIENTED_EDGE('',*,*,#1019,.T.);
#6791 = ORIENTED_EDGE('',*,*,#5747,.F.);
#6792 = ADVANCED_FACE('',(#6793),#421,.T.);
#6793 = FACE_BOUND('',#6794,.T.);
#6794 = EDGE_LOOP('',(#6795,#6796,#6797,#6820));
#6795 = ORIENTED_EDGE('',*,*,#6723,.F.);
#6796 = ORIENTED_EDGE('',*,*,#405,.T.);
#6797 = ORIENTED_EDGE('',*,*,#6798,.T.);
#6798 = EDGE_CURVE('',#406,#6799,#6801,.T.);
#6799 = VERTEX_POINT('',#6800);
#6800 = CARTESIAN_POINT('',(-83.,202.,16.5));
#6801 = SURFACE_CURVE('',#6802,(#6806,#6813),.PCURVE_S1.);
#6802 = LINE('',#6803,#6804);
#6803 = CARTESIAN_POINT('',(-83.,190.,16.5));
#6804 = VECTOR('',#6805,1.);
#6805 = DIRECTION('',(-0.,1.,0.));
#6806 = PCURVE('',#421,#6807);
#6807 = DEFINITIONAL_REPRESENTATION('',(#6808),#6812);
#6808 = LINE('',#6809,#6810);
#6809 = CARTESIAN_POINT('',(14.,0.));
#6810 = VECTOR('',#6811,1.);
#6811 = DIRECTION('',(0.,1.));
#6812 = ( GEOMETRIC_REPRESENTATION_CONTEXT(2) 
PARAMETRIC_REPRESENTATION_CONTEXT() REPRESENTATION_CONTEXT('2D SPACE',''
  ) );
#6813 = PCURVE('',#449,#6814);
#6814 = DEFINITIONAL_REPRESENTATION('',(#6815),#6819);
#6815 = LINE('',#6816,#6817);
#6816 = CARTESIAN_POINT('',(14.,0.));
#6817 = VECTOR('',#6818,1.);
#6818 = DIRECTION('',(0.,-1.));
#6819 = ( GEOMETRIC_REPRESENTATION_CONTEXT(2) 
PARAMETRIC_REPRESENTATION_CONTEXT() REPRESENTATION_CONTEXT('2D SPACE',''
  ) );
#6820 = ORIENTED_EDGE('',*,*,#6821,.F.);
#6821 = EDGE_CURVE('',#6701,#6799,#6822,.T.);
#6822 = SURFACE_CURVE('',#6823,(#6827,#6834),.PCURVE_S1.);
#6823 = LINE('',#6824,#6825);
#6824 = CARTESIAN_POINT('',(-97.,202.,16.5));
#6825 = VECTOR('',#6826,1.);
#6826 = DIRECTION('',(1.,0.,-0.));
#6827 = PCURVE('',#421,#6828);
#6828 = DEFINITIONAL_REPRESENTATION('',(#6829),#6833);
#6829 = LINE('',#6830,#6831);
#6830 = CARTESIAN_POINT('',(0.,12.));
#6831 = VECTOR('',#6832,1.);
#6832 = DIRECTION('',(1.,0.));
#6833 = ( GEOMETRIC_REPRESENTATION_CONTEXT(2) 
PARAMETRIC_REPRESENTATION_CONTEXT() REPRESENTATION_CONTEXT('2D SPACE',''
  ) );
#6834 = PCURVE('',#5192,#6835);
#6835 = DEFINITIONAL_REPRESENTATION('',(#6836),#6840);
#6836 = LINE('',#6837,#6838);
#6837 = CARTESIAN_POINT('',(14.,0.));
#6838 = VECTOR('',#6839,1.);
#6839 = DIRECTION('',(0.,1.));
#6840 = ( GEOMETRIC_REPRESENTATION_CONTEXT(2) 
PARAMETRIC_REPRESENTATION_CONTEXT() REPRESENTATION_CONTEXT('2D SPACE',''
  ) );
#6841 = ADVANCED_FACE('',(#6842),#1007,.F.);
#6842 = FACE_BOUND('',#6843,.F.);
#6843 = EDGE_LOOP('',(#6844,#6845,#6868,#6889));
#6844 = ORIENTED_EDGE('',*,*,#991,.F.);
#6845 = ORIENTED_EDGE('',*,*,#6846,.T.);
#6846 = EDGE_CURVE('',#964,#6847,#6849,.T.);
#6847 = VERTEX_POINT('',#6848);
#6848 = CARTESIAN_POINT('',(153.5,202.,103.));
#6849 = SURFACE_CURVE('',#6850,(#6854,#6861),.PCURVE_S1.);
#6850 = LINE('',#6851,#6852);
#6851 = CARTESIAN_POINT('',(153.5,190.,103.));
#6852 = VECTOR('',#6853,1.);
#6853 = DIRECTION('',(-0.,1.,0.));
#6854 = PCURVE('',#1007,#6855);
#6855 = DEFINITIONAL_REPRESENTATION('',(#6856),#6860);
#6856 = LINE('',#6857,#6858);
#6857 = CARTESIAN_POINT('',(0.,0.));
#6858 = VECTOR('',#6859,1.);
#6859 = DIRECTION('',(0.,-1.));
#6860 = ( GEOMETRIC_REPRESENTATION_CONTEXT(2) 
PARAMETRIC_REPRESENTATION_CONTEXT() REPRESENTATION_CONTEXT('2D SPACE',''
  ) );
#6861 = PCURVE('',#979,#6862);
#6862 = DEFINITIONAL_REPRESENTATION('',(#6863),#6867);
#6863 = LINE('',#6864,#6865);
#6864 = CARTESIAN_POINT('',(0.,0.));
#6865 = VECTOR('',#6866,1.);
#6866 = DIRECTION('',(0.,1.));
#6867 = ( GEOMETRIC_REPRESENTATION_CONTEXT(2) 
PARAMETRIC_REPRESENTATION_CONTEXT() REPRESENTATION_CONTEXT('2D SPACE',''
  ) );
#6868 = ORIENTED_EDGE('',*,*,#6869,.T.);
#6869 = EDGE_CURVE('',#6847,#6748,#6870,.T.);
#6870 = SURFACE_CURVE('',#6871,(#6875,#6882),.PCURVE_S1.);
#6871 = LINE('',#6872,#6873);
#6872 = CARTESIAN_POINT('',(153.5,202.,103.));
#6873 = VECTOR('',#6874,1.);
#6874 = DIRECTION('',(0.,0.,1.));
#6875 = PCURVE('',#1007,#6876);
#6876 = DEFINITIONAL_REPRESENTATION('',(#6877),#6881);
#6877 = LINE('',#6878,#6879);
#6878 = CARTESIAN_POINT('',(0.,-12.));
#6879 = VECTOR('',#6880,1.);
#6880 = DIRECTION('',(1.,0.));
#6881 = ( GEOMETRIC_REPRESENTATION_CONTEXT(2) 
PARAMETRIC_REPRESENTATION_CONTEXT() REPRESENTATION_CONTEXT('2D SPACE',''
  ) );
#6882 = PCURVE('',#5783,#6883);
#6883 = DEFINITIONAL_REPRESENTATION('',(#6884),#6888);
#6884 = LINE('',#6885,#6886);
#6885 = CARTESIAN_POINT('',(0.,0.));
#6886 = VECTOR('',#6887,1.);
#6887 = DIRECTION('',(1.,0.));
#6888 = ( GEOMETRIC_REPRESENTATION_CONTEXT(2) 
PARAMETRIC_REPRESENTATION_CONTEXT() REPRESENTATION_CONTEXT('2D SPACE',''
  ) );
#6889 = ORIENTED_EDGE('',*,*,#6770,.F.);
#6890 = ADVANCED_FACE('',(#6891),#449,.T.);
#6891 = FACE_BOUND('',#6892,.T.);
#6892 = EDGE_LOOP('',(#6893,#6894,#6895,#6916));
#6893 = ORIENTED_EDGE('',*,*,#433,.F.);
#6894 = ORIENTED_EDGE('',*,*,#5156,.F.);
#6895 = ORIENTED_EDGE('',*,*,#6896,.T.);
#6896 = EDGE_CURVE('',#5157,#6799,#6897,.T.);
#6897 = SURFACE_CURVE('',#6898,(#6902,#6909),.PCURVE_S1.);
#6898 = LINE('',#6899,#6900);
#6899 = CARTESIAN_POINT('',(-83.,202.,2.5));
#6900 = VECTOR('',#6901,1.);
#6901 = DIRECTION('',(0.,0.,1.));
#6902 = PCURVE('',#449,#6903);
#6903 = DEFINITIONAL_REPRESENTATION('',(#6904),#6908);
#6904 = LINE('',#6905,#6906);
#6905 = CARTESIAN_POINT('',(0.,-12.));
#6906 = VECTOR('',#6907,1.);
#6907 = DIRECTION('',(1.,0.));
#6908 = ( GEOMETRIC_REPRESENTATION_CONTEXT(2) 
PARAMETRIC_REPRESENTATION_CONTEXT() REPRESENTATION_CONTEXT('2D SPACE',''
  ) );
#6909 = PCURVE('',#5192,#6910);
#6910 = DEFINITIONAL_REPRESENTATION('',(#6911),#6915);
#6911 = LINE('',#6912,#6913);
#6912 = CARTESIAN_POINT('',(0.,14.));
#6913 = VECTOR('',#6914,1.);
#6914 = DIRECTION('',(1.,0.));
#6915 = ( GEOMETRIC_REPRESENTATION_CONTEXT(2) 
PARAMETRIC_REPRESENTATION_CONTEXT() REPRESENTATION_CONTEXT('2D SPACE',''
  ) );
#6916 = ORIENTED_EDGE('',*,*,#6798,.F.);
#6917 = ADVANCED_FACE('',(#6918),#979,.F.);
#6918 = FACE_BOUND('',#6919,.F.);
#6919 = EDGE_LOOP('',(#6920,#6941,#6942,#6943));
#6920 = ORIENTED_EDGE('',*,*,#6921,.F.);
#6921 = EDGE_CURVE('',#6847,#5863,#6922,.T.);
#6922 = SURFACE_CURVE('',#6923,(#6927,#6934),.PCURVE_S1.);
#6923 = LINE('',#6924,#6925);
#6924 = CARTESIAN_POINT('',(153.5,202.,103.));
#6925 = VECTOR('',#6926,1.);
#6926 = DIRECTION('',(1.,0.,-0.));
#6927 = PCURVE('',#979,#6928);
#6928 = DEFINITIONAL_REPRESENTATION('',(#6929),#6933);
#6929 = LINE('',#6930,#6931);
#6930 = CARTESIAN_POINT('',(0.,12.));
#6931 = VECTOR('',#6932,1.);
#6932 = DIRECTION('',(1.,0.));
#6933 = ( GEOMETRIC_REPRESENTATION_CONTEXT(2) 
PARAMETRIC_REPRESENTATION_CONTEXT() REPRESENTATION_CONTEXT('2D SPACE',''
  ) );
#6934 = PCURVE('',#5783,#6935);
#6935 = DEFINITIONAL_REPRESENTATION('',(#6936),#6940);
#6936 = LINE('',#6937,#6938);
#6937 = CARTESIAN_POINT('',(0.,0.));
#6938 = VECTOR('',#6939,1.);
#6939 = DIRECTION('',(0.,1.));
#6940 = ( GEOMETRIC_REPRESENTATION_CONTEXT(2) 
PARAMETRIC_REPRESENTATION_CONTEXT() REPRESENTATION_CONTEXT('2D SPACE',''
  ) );
#6941 = ORIENTED_EDGE('',*,*,#6846,.F.);
#6942 = ORIENTED_EDGE('',*,*,#963,.T.);
#6943 = ORIENTED_EDGE('',*,*,#5883,.F.);
#6944 = ADVANCED_FACE('',(#6945),#499,.F.);
#6945 = FACE_BOUND('',#6946,.F.);
#6946 = EDGE_LOOP('',(#6947,#6948,#6949,#6972));
#6947 = ORIENTED_EDGE('',*,*,#483,.F.);
#6948 = ORIENTED_EDGE('',*,*,#5136,.F.);
#6949 = ORIENTED_EDGE('',*,*,#6950,.T.);
#6950 = EDGE_CURVE('',#5111,#6951,#6953,.T.);
#6951 = VERTEX_POINT('',#6952);
#6952 = CARTESIAN_POINT('',(-37.,202.,16.5));
#6953 = SURFACE_CURVE('',#6954,(#6958,#6965),.PCURVE_S1.);
#6954 = LINE('',#6955,#6956);
#6955 = CARTESIAN_POINT('',(-37.,202.,2.5));
#6956 = VECTOR('',#6957,1.);
#6957 = DIRECTION('',(0.,0.,1.));
#6958 = PCURVE('',#499,#6959);
#6959 = DEFINITIONAL_REPRESENTATION('',(#6960),#6964);
#6960 = LINE('',#6961,#6962);
#6961 = CARTESIAN_POINT('',(0.,-12.));
#6962 = VECTOR('',#6963,1.);
#6963 = DIRECTION('',(1.,0.));
#6964 = ( GEOMETRIC_REPRESENTATION_CONTEXT(2) 
PARAMETRIC_REPRESENTATION_CONTEXT() REPRESENTATION_CONTEXT('2D SPACE',''
  ) );
#6965 = PCURVE('',#5125,#6966);
#6966 = DEFINITIONAL_REPRESENTATION('',(#6967),#6971);
#6967 = LINE('',#6968,#6969);
#6968 = CARTESIAN_POINT('',(0.,0.));
#6969 = VECTOR('',#6970,1.);
#6970 = DIRECTION('',(1.,0.));
#6971 = ( GEOMETRIC_REPRESENTATION_CONTEXT(2) 
PARAMETRIC_REPRESENTATION_CONTEXT() REPRESENTATION_CONTEXT('2D SPACE',''
  ) );
#6972 = ORIENTED_EDGE('',*,*,#6973,.F.);
#6973 = EDGE_CURVE('',#484,#6951,#6974,.T.);
#6974 = SURFACE_CURVE('',#6975,(#6979,#6986),.PCURVE_S1.);
#6975 = LINE('',#6976,#6977);
#6976 = CARTESIAN_POINT('',(-37.,190.,16.5));
#6977 = VECTOR('',#6978,1.);
#6978 = DIRECTION('',(-0.,1.,0.));
#6979 = PCURVE('',#499,#6980);
#6980 = DEFINITIONAL_REPRESENTATION('',(#6981),#6985);
#6981 = LINE('',#6982,#6983);
#6982 = CARTESIAN_POINT('',(14.,0.));
#6983 = VECTOR('',#6984,1.);
#6984 = DIRECTION('',(0.,-1.));
#6985 = ( GEOMETRIC_REPRESENTATION_CONTEXT(2) 
PARAMETRIC_REPRESENTATION_CONTEXT() REPRESENTATION_CONTEXT('2D SPACE',''
  ) );
#6986 = PCURVE('',#527,#6987);
#6987 = DEFINITIONAL_REPRESENTATION('',(#6988),#6992);
#6988 = LINE('',#6989,#6990);
#6989 = CARTESIAN_POINT('',(0.,0.));
#6990 = VECTOR('',#6991,1.);
#6991 = DIRECTION('',(0.,1.));
#6992 = ( GEOMETRIC_REPRESENTATION_CONTEXT(2) 
PARAMETRIC_REPRESENTATION_CONTEXT() REPRESENTATION_CONTEXT('2D SPACE',''
  ) );
#6993 = ADVANCED_FACE('',(#6994),#929,.T.);
#6994 = FACE_BOUND('',#6995,.T.);
#6995 = EDGE_LOOP('',(#6996,#7019,#7040,#7041));
#6996 = ORIENTED_EDGE('',*,*,#6997,.F.);
#6997 = EDGE_CURVE('',#6998,#5904,#7000,.T.);
#6998 = VERTEX_POINT('',#6999);
#6999 = CARTESIAN_POINT('',(153.5,202.,67.));
#7000 = SURFACE_CURVE('',#7001,(#7005,#7012),.PCURVE_S1.);
#7001 = LINE('',#7002,#7003);
#7002 = CARTESIAN_POINT('',(153.5,202.,67.));
#7003 = VECTOR('',#7004,1.);
#7004 = DIRECTION('',(1.,0.,-0.));
#7005 = PCURVE('',#929,#7006);
#7006 = DEFINITIONAL_REPRESENTATION('',(#7007),#7011);
#7007 = LINE('',#7008,#7009);
#7008 = CARTESIAN_POINT('',(0.,12.));
#7009 = VECTOR('',#7010,1.);
#7010 = DIRECTION('',(1.,0.));
#7011 = ( GEOMETRIC_REPRESENTATION_CONTEXT(2) 
PARAMETRIC_REPRESENTATION_CONTEXT() REPRESENTATION_CONTEXT('2D SPACE',''
  ) );
#7012 = PCURVE('',#5939,#7013);
#7013 = DEFINITIONAL_REPRESENTATION('',(#7014),#7018);
#7014 = LINE('',#7015,#7016);
#7015 = CARTESIAN_POINT('',(14.,0.));
#7016 = VECTOR('',#7017,1.);
#7017 = DIRECTION('',(0.,1.));
#7018 = ( GEOMETRIC_REPRESENTATION_CONTEXT(2) 
PARAMETRIC_REPRESENTATION_CONTEXT() REPRESENTATION_CONTEXT('2D SPACE',''
  ) );
#7019 = ORIENTED_EDGE('',*,*,#7020,.F.);
#7020 = EDGE_CURVE('',#886,#6998,#7021,.T.);
#7021 = SURFACE_CURVE('',#7022,(#7026,#7033),.PCURVE_S1.);
#7022 = LINE('',#7023,#7024);
#7023 = CARTESIAN_POINT('',(153.5,190.,67.));
#7024 = VECTOR('',#7025,1.);
#7025 = DIRECTION('',(-0.,1.,0.));
#7026 = PCURVE('',#929,#7027);
#7027 = DEFINITIONAL_REPRESENTATION('',(#7028),#7032);
#7028 = LINE('',#7029,#7030);
#7029 = CARTESIAN_POINT('',(0.,0.));
#7030 = VECTOR('',#7031,1.);
#7031 = DIRECTION('',(0.,1.));
#7032 = ( GEOMETRIC_REPRESENTATION_CONTEXT(2) 
PARAMETRIC_REPRESENTATION_CONTEXT() REPRESENTATION_CONTEXT('2D SPACE',''
  ) );
#7033 = PCURVE('',#901,#7034);
#7034 = DEFINITIONAL_REPRESENTATION('',(#7035),#7039);
#7035 = LINE('',#7036,#7037);
#7036 = CARTESIAN_POINT('',(14.,0.));
#7037 = VECTOR('',#7038,1.);
#7038 = DIRECTION('',(0.,-1.));
#7039 = ( GEOMETRIC_REPRESENTATION_CONTEXT(2) 
PARAMETRIC_REPRESENTATION_CONTEXT() REPRESENTATION_CONTEXT('2D SPACE',''
  ) );
#7040 = ORIENTED_EDGE('',*,*,#913,.T.);
#7041 = ORIENTED_EDGE('',*,*,#5903,.F.);
#7042 = ADVANCED_FACE('',(#7043),#527,.T.);
#7043 = FACE_BOUND('',#7044,.T.);
#7044 = EDGE_LOOP('',(#7045,#7046,#7047,#7070));
#7045 = ORIENTED_EDGE('',*,*,#6973,.F.);
#7046 = ORIENTED_EDGE('',*,*,#511,.T.);
#7047 = ORIENTED_EDGE('',*,*,#7048,.T.);
#7048 = EDGE_CURVE('',#512,#7049,#7051,.T.);
#7049 = VERTEX_POINT('',#7050);
#7050 = CARTESIAN_POINT('',(-23.,202.,16.5));
#7051 = SURFACE_CURVE('',#7052,(#7056,#7063),.PCURVE_S1.);
#7052 = LINE('',#7053,#7054);
#7053 = CARTESIAN_POINT('',(-23.,190.,16.5));
#7054 = VECTOR('',#7055,1.);
#7055 = DIRECTION('',(-0.,1.,0.));
#7056 = PCURVE('',#527,#7057);
#7057 = DEFINITIONAL_REPRESENTATION('',(#7058),#7062);
#7058 = LINE('',#7059,#7060);
#7059 = CARTESIAN_POINT('',(14.,0.));
#7060 = VECTOR('',#7061,1.);
#7061 = DIRECTION('',(0.,1.));
#7062 = ( GEOMETRIC_REPRESENTATION_CONTEXT(2) 
PARAMETRIC_REPRESENTATION_CONTEXT() REPRESENTATION_CONTEXT('2D SPACE',''
  ) );
#7063 = PCURVE('',#555,#7064);
#7064 = DEFINITIONAL_REPRESENTATION('',(#7065),#7069);
#7065 = LINE('',#7066,#7067);
#7066 = CARTESIAN_POINT('',(14.,0.));
#7067 = VECTOR('',#7068,1.);
#7068 = DIRECTION('',(0.,-1.));
#7069 = ( GEOMETRIC_REPRESENTATION_CONTEXT(2) 
PARAMETRIC_REPRESENTATION_CONTEXT() REPRESENTATION_CONTEXT('2D SPACE',''
  ) );
#7070 = ORIENTED_EDGE('',*,*,#7071,.F.);
#7071 = EDGE_CURVE('',#6951,#7049,#7072,.T.);
#7072 = SURFACE_CURVE('',#7073,(#7077,#7084),.PCURVE_S1.);
#7073 = LINE('',#7074,#7075);
#7074 = CARTESIAN_POINT('',(-37.,202.,16.5));
#7075 = VECTOR('',#7076,1.);
#7076 = DIRECTION('',(1.,0.,-0.));
#7077 = PCURVE('',#527,#7078);
#7078 = DEFINITIONAL_REPRESENTATION('',(#7079),#7083);
#7079 = LINE('',#7080,#7081);
#7080 = CARTESIAN_POINT('',(0.,12.));
#7081 = VECTOR('',#7082,1.);
#7082 = DIRECTION('',(1.,0.));
#7083 = ( GEOMETRIC_REPRESENTATION_CONTEXT(2) 
PARAMETRIC_REPRESENTATION_CONTEXT() REPRESENTATION_CONTEXT('2D SPACE',''
  ) );
#7084 = PCURVE('',#5125,#7085);
#7085 = DEFINITIONAL_REPRESENTATION('',(#7086),#7090);
#7086 = LINE('',#7087,#7088);
#7087 = CARTESIAN_POINT('',(14.,0.));
#7088 = VECTOR('',#7089,1.);
#7089 = DIRECTION('',(0.,1.));
#7090 = ( GEOMETRIC_REPRESENTATION_CONTEXT(2) 
PARAMETRIC_REPRESENTATION_CONTEXT() REPRESENTATION_CONTEXT('2D SPACE',''
  ) );
#7091 = ADVANCED_FACE('',(#7092),#901,.F.);
#7092 = FACE_BOUND('',#7093,.F.);
#7093 = EDGE_LOOP('',(#7094,#7095,#7118,#7139));
#7094 = ORIENTED_EDGE('',*,*,#885,.F.);
#7095 = ORIENTED_EDGE('',*,*,#7096,.T.);
#7096 = EDGE_CURVE('',#858,#7097,#7099,.T.);
#7097 = VERTEX_POINT('',#7098);
#7098 = CARTESIAN_POINT('',(153.5,202.,53.));
#7099 = SURFACE_CURVE('',#7100,(#7104,#7111),.PCURVE_S1.);
#7100 = LINE('',#7101,#7102);
#7101 = CARTESIAN_POINT('',(153.5,190.,53.));
#7102 = VECTOR('',#7103,1.);
#7103 = DIRECTION('',(-0.,1.,0.));
#7104 = PCURVE('',#901,#7105);
#7105 = DEFINITIONAL_REPRESENTATION('',(#7106),#7110);
#7106 = LINE('',#7107,#7108);
#7107 = CARTESIAN_POINT('',(0.,0.));
#7108 = VECTOR('',#7109,1.);
#7109 = DIRECTION('',(0.,-1.));
#7110 = ( GEOMETRIC_REPRESENTATION_CONTEXT(2) 
PARAMETRIC_REPRESENTATION_CONTEXT() REPRESENTATION_CONTEXT('2D SPACE',''
  ) );
#7111 = PCURVE('',#873,#7112);
#7112 = DEFINITIONAL_REPRESENTATION('',(#7113),#7117);
#7113 = LINE('',#7114,#7115);
#7114 = CARTESIAN_POINT('',(0.,0.));
#7115 = VECTOR('',#7116,1.);
#7116 = DIRECTION('',(0.,1.));
#7117 = ( GEOMETRIC_REPRESENTATION_CONTEXT(2) 
PARAMETRIC_REPRESENTATION_CONTEXT() REPRESENTATION_CONTEXT('2D SPACE',''
  ) );
#7118 = ORIENTED_EDGE('',*,*,#7119,.T.);
#7119 = EDGE_CURVE('',#7097,#6998,#7120,.T.);
#7120 = SURFACE_CURVE('',#7121,(#7125,#7132),.PCURVE_S1.);
#7121 = LINE('',#7122,#7123);
#7122 = CARTESIAN_POINT('',(153.5,202.,53.));
#7123 = VECTOR('',#7124,1.);
#7124 = DIRECTION('',(0.,0.,1.));
#7125 = PCURVE('',#901,#7126);
#7126 = DEFINITIONAL_REPRESENTATION('',(#7127),#7131);
#7127 = LINE('',#7128,#7129);
#7128 = CARTESIAN_POINT('',(0.,-12.));
#7129 = VECTOR('',#7130,1.);
#7130 = DIRECTION('',(1.,0.));
#7131 = ( GEOMETRIC_REPRESENTATION_CONTEXT(2) 
PARAMETRIC_REPRESENTATION_CONTEXT() REPRESENTATION_CONTEXT('2D SPACE',''
  ) );
#7132 = PCURVE('',#5939,#7133);
#7133 = DEFINITIONAL_REPRESENTATION('',(#7134),#7138);
#7134 = LINE('',#7135,#7136);
#7135 = CARTESIAN_POINT('',(0.,0.));
#7136 = VECTOR('',#7137,1.);
#7137 = DIRECTION('',(1.,0.));
#7138 = ( GEOMETRIC_REPRESENTATION_CONTEXT(2) 
PARAMETRIC_REPRESENTATION_CONTEXT() REPRESENTATION_CONTEXT('2D SPACE',''
  ) );
#7139 = ORIENTED_EDGE('',*,*,#7020,.F.);
#7140 = ADVANCED_FACE('',(#7141),#555,.T.);
#7141 = FACE_BOUND('',#7142,.T.);
#7142 = EDGE_LOOP('',(#7143,#7144,#7145,#7166));
#7143 = ORIENTED_EDGE('',*,*,#539,.F.);
#7144 = ORIENTED_EDGE('',*,*,#5089,.F.);
#7145 = ORIENTED_EDGE('',*,*,#7146,.T.);
#7146 = EDGE_CURVE('',#5090,#7049,#7147,.T.);
#7147 = SURFACE_CURVE('',#7148,(#7152,#7159),.PCURVE_S1.);
#7148 = LINE('',#7149,#7150);
#7149 = CARTESIAN_POINT('',(-23.,202.,2.5));
#7150 = VECTOR('',#7151,1.);
#7151 = DIRECTION('',(0.,0.,1.));
#7152 = PCURVE('',#555,#7153);
#7153 = DEFINITIONAL_REPRESENTATION('',(#7154),#7158);
#7154 = LINE('',#7155,#7156);
#7155 = CARTESIAN_POINT('',(0.,-12.));
#7156 = VECTOR('',#7157,1.);
#7157 = DIRECTION('',(1.,0.));
#7158 = ( GEOMETRIC_REPRESENTATION_CONTEXT(2) 
PARAMETRIC_REPRESENTATION_CONTEXT() REPRESENTATION_CONTEXT('2D SPACE',''
  ) );
#7159 = PCURVE('',#5125,#7160);
#7160 = DEFINITIONAL_REPRESENTATION('',(#7161),#7165);
#7161 = LINE('',#7162,#7163);
#7162 = CARTESIAN_POINT('',(0.,14.));
#7163 = VECTOR('',#7164,1.);
#7164 = DIRECTION('',(1.,0.));
#7165 = ( GEOMETRIC_REPRESENTATION_CONTEXT(2) 
PARAMETRIC_REPRESENTATION_CONTEXT() REPRESENTATION_CONTEXT('2D SPACE',''
  ) );
#7166 = ORIENTED_EDGE('',*,*,#7048,.F.);
#7167 = ADVANCED_FACE('',(#7168),#873,.F.);
#7168 = FACE_BOUND('',#7169,.F.);
#7169 = EDGE_LOOP('',(#7170,#7191,#7192,#7193));
#7170 = ORIENTED_EDGE('',*,*,#7171,.F.);
#7171 = EDGE_CURVE('',#7097,#6019,#7172,.T.);
#7172 = SURFACE_CURVE('',#7173,(#7177,#7184),.PCURVE_S1.);
#7173 = LINE('',#7174,#7175);
#7174 = CARTESIAN_POINT('',(153.5,202.,53.));
#7175 = VECTOR('',#7176,1.);
#7176 = DIRECTION('',(1.,0.,-0.));
#7177 = PCURVE('',#873,#7178);
#7178 = DEFINITIONAL_REPRESENTATION('',(#7179),#7183);
#7179 = LINE('',#7180,#7181);
#7180 = CARTESIAN_POINT('',(0.,12.));
#7181 = VECTOR('',#7182,1.);
#7182 = DIRECTION('',(1.,0.));
#7183 = ( GEOMETRIC_REPRESENTATION_CONTEXT(2) 
PARAMETRIC_REPRESENTATION_CONTEXT() REPRESENTATION_CONTEXT('2D SPACE',''
  ) );
#7184 = PCURVE('',#5939,#7185);
#7185 = DEFINITIONAL_REPRESENTATION('',(#7186),#7190);
#7186 = LINE('',#7187,#7188);
#7187 = CARTESIAN_POINT('',(0.,0.));
#7188 = VECTOR('',#7189,1.);
#7189 = DIRECTION('',(0.,1.));
#7190 = ( GEOMETRIC_REPRESENTATION_CONTEXT(2) 
PARAMETRIC_REPRESENTATION_CONTEXT() REPRESENTATION_CONTEXT('2D SPACE',''
  ) );
#7191 = ORIENTED_EDGE('',*,*,#7096,.F.);
#7192 = ORIENTED_EDGE('',*,*,#857,.T.);
#7193 = ORIENTED_EDGE('',*,*,#6039,.F.);
#7194 = ADVANCED_FACE('',(#7195),#605,.F.);
#7195 = FACE_BOUND('',#7196,.F.);
#7196 = EDGE_LOOP('',(#7197,#7198,#7199,#7222));
#7197 = ORIENTED_EDGE('',*,*,#589,.F.);
#7198 = ORIENTED_EDGE('',*,*,#5069,.F.);
#7199 = ORIENTED_EDGE('',*,*,#7200,.T.);
#7200 = EDGE_CURVE('',#5044,#7201,#7203,.T.);
#7201 = VERTEX_POINT('',#7202);
#7202 = CARTESIAN_POINT('',(23.,202.,16.5));
#7203 = SURFACE_CURVE('',#7204,(#7208,#7215),.PCURVE_S1.);
#7204 = LINE('',#7205,#7206);
#7205 = CARTESIAN_POINT('',(23.,202.,2.5));
#7206 = VECTOR('',#7207,1.);
#7207 = DIRECTION('',(0.,0.,1.));
#7208 = PCURVE('',#605,#7209);
#7209 = DEFINITIONAL_REPRESENTATION('',(#7210),#7214);
#7210 = LINE('',#7211,#7212);
#7211 = CARTESIAN_POINT('',(0.,-12.));
#7212 = VECTOR('',#7213,1.);
#7213 = DIRECTION('',(1.,0.));
#7214 = ( GEOMETRIC_REPRESENTATION_CONTEXT(2) 
PARAMETRIC_REPRESENTATION_CONTEXT() REPRESENTATION_CONTEXT('2D SPACE',''
  ) );
#7215 = PCURVE('',#5058,#7216);
#7216 = DEFINITIONAL_REPRESENTATION('',(#7217),#7221);
#7217 = LINE('',#7218,#7219);
#7218 = CARTESIAN_POINT('',(0.,0.));
#7219 = VECTOR('',#7220,1.);
#7220 = DIRECTION('',(1.,0.));
#7221 = ( GEOMETRIC_REPRESENTATION_CONTEXT(2) 
PARAMETRIC_REPRESENTATION_CONTEXT() REPRESENTATION_CONTEXT('2D SPACE',''
  ) );
#7222 = ORIENTED_EDGE('',*,*,#7223,.F.);
#7223 = EDGE_CURVE('',#590,#7201,#7224,.T.);
#7224 = SURFACE_CURVE('',#7225,(#7229,#7236),.PCURVE_S1.);
#7225 = LINE('',#7226,#7227);
#7226 = CARTESIAN_POINT('',(23.,190.,16.5));
#7227 = VECTOR('',#7228,1.);
#7228 = DIRECTION('',(-0.,1.,0.));
#7229 = PCURVE('',#605,#7230);
#7230 = DEFINITIONAL_REPRESENTATION('',(#7231),#7235);
#7231 = LINE('',#7232,#7233);
#7232 = CARTESIAN_POINT('',(14.,0.));
#7233 = VECTOR('',#7234,1.);
#7234 = DIRECTION('',(0.,-1.));
#7235 = ( GEOMETRIC_REPRESENTATION_CONTEXT(2) 
PARAMETRIC_REPRESENTATION_CONTEXT() REPRESENTATION_CONTEXT('2D SPACE',''
  ) );
#7236 = PCURVE('',#633,#7237);
#7237 = DEFINITIONAL_REPRESENTATION('',(#7238),#7242);
#7238 = LINE('',#7239,#7240);
#7239 = CARTESIAN_POINT('',(0.,0.));
#7240 = VECTOR('',#7241,1.);
#7241 = DIRECTION('',(0.,1.));
#7242 = ( GEOMETRIC_REPRESENTATION_CONTEXT(2) 
PARAMETRIC_REPRESENTATION_CONTEXT() REPRESENTATION_CONTEXT('2D SPACE',''
  ) );
#7243 = ADVANCED_FACE('',(#7244),#818,.F.);
#7244 = FACE_BOUND('',#7245,.T.);
#7245 = EDGE_LOOP('',(#7246,#7247,#7248,#7249));
#7246 = ORIENTED_EDGE('',*,*,#4931,.F.);
#7247 = ORIENTED_EDGE('',*,*,#801,.F.);
#7248 = ORIENTED_EDGE('',*,*,#6059,.T.);
#7249 = ORIENTED_EDGE('',*,*,#7250,.F.);
#7250 = EDGE_CURVE('',#4932,#6060,#7251,.T.);
#7251 = SURFACE_CURVE('',#7252,(#7260,#7272),.PCURVE_S1.);
#7252 = B_SPLINE_CURVE_WITH_KNOTS('',6,(#7253,#7254,#7255,#7256,#7257,
    #7258,#7259),.UNSPECIFIED.,.F.,.F.,(7,7),(0.,1.),
  .PIECEWISE_BEZIER_KNOTS.);
#7253 = CARTESIAN_POINT('',(158.,333.,3.));
#7254 = CARTESIAN_POINT('',(160.35619449019,332.16666666666,3.));
#7255 = CARTESIAN_POINT('',(162.71216911611,331.33333252579,
    3.740074480534));
#7256 = CARTESIAN_POINT('',(164.77875206094,330.5,5.221247939052));
#7257 = CARTESIAN_POINT('',(166.25992551946,329.6666674742,
    7.287830883884));
#7258 = CARTESIAN_POINT('',(167.,328.83333333333,9.643805509807));
#7259 = CARTESIAN_POINT('',(167.,328.,12.));
#7260 = PCURVE('',#818,#7261);
#7261 = DEFINITIONAL_REPRESENTATION('',(#7262),#7271);
#7262 = B_SPLINE_CURVE_WITH_KNOTS('',7,(#7263,#7264,#7265,#7266,#7267,
    #7268,#7269,#7270),.UNSPECIFIED.,.F.,.F.,(8,8),(0.,1.),
  .PIECEWISE_BEZIER_KNOTS.);
#7263 = CARTESIAN_POINT('',(0.,306.64225462182));
#7264 = CARTESIAN_POINT('',(-0.224399475256,305.92796890754));
#7265 = CARTESIAN_POINT('',(-0.448781374537,305.21373913931));
#7266 = CARTESIAN_POINT('',(-0.673243282604,304.49925469524));
#7267 = CARTESIAN_POINT('',(-0.897553044191,303.78525454841));
#7268 = CARTESIAN_POINT('',(-1.122014952258,303.07077010434));
#7269 = CARTESIAN_POINT('',(-1.346396851538,302.35654033611));
#7270 = CARTESIAN_POINT('',(-1.570796326795,301.64225462182));
#7271 = ( GEOMETRIC_REPRESENTATION_CONTEXT(2) 
PARAMETRIC_REPRESENTATION_CONTEXT() REPRESENTATION_CONTEXT('2D SPACE',''
  ) );
#7272 = PCURVE('',#6276,#7273);
#7273 = DEFINITIONAL_REPRESENTATION('',(#7274),#7283);
#7274 = B_SPLINE_CURVE_WITH_KNOTS('',7,(#7275,#7276,#7277,#7278,#7279,
    #7280,#7281,#7282),.UNSPECIFIED.,.F.,.F.,(8,8),(0.,1.),
  .PIECEWISE_BEZIER_KNOTS.);
#7275 = CARTESIAN_POINT('',(0.,0.));
#7276 = CARTESIAN_POINT('',(0.,0.142857142857));
#7277 = CARTESIAN_POINT('',(0.,0.285703096506));
#7278 = CARTESIAN_POINT('',(0.,0.428599985306));
#7279 = CARTESIAN_POINT('',(0.,0.571400014694));
#7280 = CARTESIAN_POINT('',(0.,0.714296903494));
#7281 = CARTESIAN_POINT('',(0.,0.857142857143));
#7282 = CARTESIAN_POINT('',(0.,1.));
#7283 = ( GEOMETRIC_REPRESENTATION_CONTEXT(2) 
PARAMETRIC_REPRESENTATION_CONTEXT() REPRESENTATION_CONTEXT('2D SPACE',''
  ) );
#7284 = ADVANCED_FACE('',(#7285),#633,.T.);
#7285 = FACE_BOUND('',#7286,.T.);
#7286 = EDGE_LOOP('',(#7287,#7288,#7289,#7312));
#7287 = ORIENTED_EDGE('',*,*,#7223,.F.);
#7288 = ORIENTED_EDGE('',*,*,#617,.T.);
#7289 = ORIENTED_EDGE('',*,*,#7290,.T.);
#7290 = EDGE_CURVE('',#618,#7291,#7293,.T.);
#7291 = VERTEX_POINT('',#7292);
#7292 = CARTESIAN_POINT('',(37.,202.,16.5));
#7293 = SURFACE_CURVE('',#7294,(#7298,#7305),.PCURVE_S1.);
#7294 = LINE('',#7295,#7296);
#7295 = CARTESIAN_POINT('',(37.,190.,16.5));
#7296 = VECTOR('',#7297,1.);
#7297 = DIRECTION('',(-0.,1.,0.));
#7298 = PCURVE('',#633,#7299);
#7299 = DEFINITIONAL_REPRESENTATION('',(#7300),#7304);
#7300 = LINE('',#7301,#7302);
#7301 = CARTESIAN_POINT('',(14.,0.));
#7302 = VECTOR('',#7303,1.);
#7303 = DIRECTION('',(0.,1.));
#7304 = ( GEOMETRIC_REPRESENTATION_CONTEXT(2) 
PARAMETRIC_REPRESENTATION_CONTEXT() REPRESENTATION_CONTEXT('2D SPACE',''
  ) );
#7305 = PCURVE('',#661,#7306);
#7306 = DEFINITIONAL_REPRESENTATION('',(#7307),#7311);
#7307 = LINE('',#7308,#7309);
#7308 = CARTESIAN_POINT('',(14.,0.));
#7309 = VECTOR('',#7310,1.);
#7310 = DIRECTION('',(0.,-1.));
#7311 = ( GEOMETRIC_REPRESENTATION_CONTEXT(2) 
PARAMETRIC_REPRESENTATION_CONTEXT() REPRESENTATION_CONTEXT('2D SPACE',''
  ) );
#7312 = ORIENTED_EDGE('',*,*,#7313,.F.);
#7313 = EDGE_CURVE('',#7201,#7291,#7314,.T.);
#7314 = SURFACE_CURVE('',#7315,(#7319,#7326),.PCURVE_S1.);
#7315 = LINE('',#7316,#7317);
#7316 = CARTESIAN_POINT('',(23.,202.,16.5));
#7317 = VECTOR('',#7318,1.);
#7318 = DIRECTION('',(1.,0.,-0.));
#7319 = PCURVE('',#633,#7320);
#7320 = DEFINITIONAL_REPRESENTATION('',(#7321),#7325);
#7321 = LINE('',#7322,#7323);
#7322 = CARTESIAN_POINT('',(0.,12.));
#7323 = VECTOR('',#7324,1.);
#7324 = DIRECTION('',(1.,0.));
#7325 = ( GEOMETRIC_REPRESENTATION_CONTEXT(2) 
PARAMETRIC_REPRESENTATION_CONTEXT() REPRESENTATION_CONTEXT('2D SPACE',''
  ) );
#7326 = PCURVE('',#5058,#7327);
#7327 = DEFINITIONAL_REPRESENTATION('',(#7328),#7332);
#7328 = LINE('',#7329,#7330);
#7329 = CARTESIAN_POINT('',(14.,0.));
#7330 = VECTOR('',#7331,1.);
#7331 = DIRECTION('',(0.,1.));
#7332 = ( GEOMETRIC_REPRESENTATION_CONTEXT(2) 
PARAMETRIC_REPRESENTATION_CONTEXT() REPRESENTATION_CONTEXT('2D SPACE',''
  ) );
#7333 = ADVANCED_FACE('',(#7334),#661,.T.);
#7334 = FACE_BOUND('',#7335,.T.);
#7335 = EDGE_LOOP('',(#7336,#7337,#7338,#7359));
#7336 = ORIENTED_EDGE('',*,*,#645,.F.);
#7337 = ORIENTED_EDGE('',*,*,#5022,.F.);
#7338 = ORIENTED_EDGE('',*,*,#7339,.T.);
#7339 = EDGE_CURVE('',#5023,#7291,#7340,.T.);
#7340 = SURFACE_CURVE('',#7341,(#7345,#7352),.PCURVE_S1.);
#7341 = LINE('',#7342,#7343);
#7342 = CARTESIAN_POINT('',(37.,202.,2.5));
#7343 = VECTOR('',#7344,1.);
#7344 = DIRECTION('',(0.,0.,1.));
#7345 = PCURVE('',#661,#7346);
#7346 = DEFINITIONAL_REPRESENTATION('',(#7347),#7351);
#7347 = LINE('',#7348,#7349);
#7348 = CARTESIAN_POINT('',(0.,-12.));
#7349 = VECTOR('',#7350,1.);
#7350 = DIRECTION('',(1.,0.));
#7351 = ( GEOMETRIC_REPRESENTATION_CONTEXT(2) 
PARAMETRIC_REPRESENTATION_CONTEXT() REPRESENTATION_CONTEXT('2D SPACE',''
  ) );
#7352 = PCURVE('',#5058,#7353);
#7353 = DEFINITIONAL_REPRESENTATION('',(#7354),#7358);
#7354 = LINE('',#7355,#7356);
#7355 = CARTESIAN_POINT('',(0.,14.));
#7356 = VECTOR('',#7357,1.);
#7357 = DIRECTION('',(1.,0.));
#7358 = ( GEOMETRIC_REPRESENTATION_CONTEXT(2) 
PARAMETRIC_REPRESENTATION_CONTEXT() REPRESENTATION_CONTEXT('2D SPACE',''
  ) );
#7359 = ORIENTED_EDGE('',*,*,#7290,.F.);
#7360 = ADVANCED_FACE('',(#7361),#767,.T.);
#7361 = FACE_BOUND('',#7362,.T.);
#7362 = EDGE_LOOP('',(#7363,#7364,#7365,#7388));
#7363 = ORIENTED_EDGE('',*,*,#751,.F.);
#7364 = ORIENTED_EDGE('',*,*,#4955,.F.);
#7365 = ORIENTED_EDGE('',*,*,#7366,.T.);
#7366 = EDGE_CURVE('',#4956,#7367,#7369,.T.);
#7367 = VERTEX_POINT('',#7368);
#7368 = CARTESIAN_POINT('',(97.,202.,16.5));
#7369 = SURFACE_CURVE('',#7370,(#7374,#7381),.PCURVE_S1.);
#7370 = LINE('',#7371,#7372);
#7371 = CARTESIAN_POINT('',(97.,202.,2.5));
#7372 = VECTOR('',#7373,1.);
#7373 = DIRECTION('',(0.,0.,1.));
#7374 = PCURVE('',#767,#7375);
#7375 = DEFINITIONAL_REPRESENTATION('',(#7376),#7380);
#7376 = LINE('',#7377,#7378);
#7377 = CARTESIAN_POINT('',(0.,-12.));
#7378 = VECTOR('',#7379,1.);
#7379 = DIRECTION('',(1.,0.));
#7380 = ( GEOMETRIC_REPRESENTATION_CONTEXT(2) 
PARAMETRIC_REPRESENTATION_CONTEXT() REPRESENTATION_CONTEXT('2D SPACE',''
  ) );
#7381 = PCURVE('',#4991,#7382);
#7382 = DEFINITIONAL_REPRESENTATION('',(#7383),#7387);
#7383 = LINE('',#7384,#7385);
#7384 = CARTESIAN_POINT('',(0.,14.));
#7385 = VECTOR('',#7386,1.);
#7386 = DIRECTION('',(1.,0.));
#7387 = ( GEOMETRIC_REPRESENTATION_CONTEXT(2) 
PARAMETRIC_REPRESENTATION_CONTEXT() REPRESENTATION_CONTEXT('2D SPACE',''
  ) );
#7388 = ORIENTED_EDGE('',*,*,#7389,.F.);
#7389 = EDGE_CURVE('',#724,#7367,#7390,.T.);
#7390 = SURFACE_CURVE('',#7391,(#7395,#7402),.PCURVE_S1.);
#7391 = LINE('',#7392,#7393);
#7392 = CARTESIAN_POINT('',(97.,190.,16.5));
#7393 = VECTOR('',#7394,1.);
#7394 = DIRECTION('',(-0.,1.,0.));
#7395 = PCURVE('',#767,#7396);
#7396 = DEFINITIONAL_REPRESENTATION('',(#7397),#7401);
#7397 = LINE('',#7398,#7399);
#7398 = CARTESIAN_POINT('',(14.,0.));
#7399 = VECTOR('',#7400,1.);
#7400 = DIRECTION('',(0.,-1.));
#7401 = ( GEOMETRIC_REPRESENTATION_CONTEXT(2) 
PARAMETRIC_REPRESENTATION_CONTEXT() REPRESENTATION_CONTEXT('2D SPACE',''
  ) );
#7402 = PCURVE('',#739,#7403);
#7403 = DEFINITIONAL_REPRESENTATION('',(#7404),#7408);
#7404 = LINE('',#7405,#7406);
#7405 = CARTESIAN_POINT('',(14.,0.));
#7406 = VECTOR('',#7407,1.);
#7407 = DIRECTION('',(0.,1.));
#7408 = ( GEOMETRIC_REPRESENTATION_CONTEXT(2) 
PARAMETRIC_REPRESENTATION_CONTEXT() REPRESENTATION_CONTEXT('2D SPACE',''
  ) );
#7409 = ADVANCED_FACE('',(#7410),#739,.T.);
#7410 = FACE_BOUND('',#7411,.T.);
#7411 = EDGE_LOOP('',(#7412,#7435,#7436,#7437));
#7412 = ORIENTED_EDGE('',*,*,#7413,.F.);
#7413 = EDGE_CURVE('',#696,#7414,#7416,.T.);
#7414 = VERTEX_POINT('',#7415);
#7415 = CARTESIAN_POINT('',(83.,202.,16.5));
#7416 = SURFACE_CURVE('',#7417,(#7421,#7428),.PCURVE_S1.);
#7417 = LINE('',#7418,#7419);
#7418 = CARTESIAN_POINT('',(83.,190.,16.5));
#7419 = VECTOR('',#7420,1.);
#7420 = DIRECTION('',(-0.,1.,0.));
#7421 = PCURVE('',#739,#7422);
#7422 = DEFINITIONAL_REPRESENTATION('',(#7423),#7427);
#7423 = LINE('',#7424,#7425);
#7424 = CARTESIAN_POINT('',(0.,0.));
#7425 = VECTOR('',#7426,1.);
#7426 = DIRECTION('',(0.,1.));
#7427 = ( GEOMETRIC_REPRESENTATION_CONTEXT(2) 
PARAMETRIC_REPRESENTATION_CONTEXT() REPRESENTATION_CONTEXT('2D SPACE',''
  ) );
#7428 = PCURVE('',#711,#7429);
#7429 = DEFINITIONAL_REPRESENTATION('',(#7430),#7434);
#7430 = LINE('',#7431,#7432);
#7431 = CARTESIAN_POINT('',(14.,0.));
#7432 = VECTOR('',#7433,1.);
#7433 = DIRECTION('',(0.,-1.));
#7434 = ( GEOMETRIC_REPRESENTATION_CONTEXT(2) 
PARAMETRIC_REPRESENTATION_CONTEXT() REPRESENTATION_CONTEXT('2D SPACE',''
  ) );
#7435 = ORIENTED_EDGE('',*,*,#723,.T.);
#7436 = ORIENTED_EDGE('',*,*,#7389,.T.);
#7437 = ORIENTED_EDGE('',*,*,#7438,.F.);
#7438 = EDGE_CURVE('',#7414,#7367,#7439,.T.);
#7439 = SURFACE_CURVE('',#7440,(#7444,#7451),.PCURVE_S1.);
#7440 = LINE('',#7441,#7442);
#7441 = CARTESIAN_POINT('',(83.,202.,16.5));
#7442 = VECTOR('',#7443,1.);
#7443 = DIRECTION('',(1.,0.,-0.));
#7444 = PCURVE('',#739,#7445);
#7445 = DEFINITIONAL_REPRESENTATION('',(#7446),#7450);
#7446 = LINE('',#7447,#7448);
#7447 = CARTESIAN_POINT('',(0.,12.));
#7448 = VECTOR('',#7449,1.);
#7449 = DIRECTION('',(1.,0.));
#7450 = ( GEOMETRIC_REPRESENTATION_CONTEXT(2) 
PARAMETRIC_REPRESENTATION_CONTEXT() REPRESENTATION_CONTEXT('2D SPACE',''
  ) );
#7451 = PCURVE('',#4991,#7452);
#7452 = DEFINITIONAL_REPRESENTATION('',(#7453),#7457);
#7453 = LINE('',#7454,#7455);
#7454 = CARTESIAN_POINT('',(14.,0.));
#7455 = VECTOR('',#7456,1.);
#7456 = DIRECTION('',(0.,1.));
#7457 = ( GEOMETRIC_REPRESENTATION_CONTEXT(2) 
PARAMETRIC_REPRESENTATION_CONTEXT() REPRESENTATION_CONTEXT('2D SPACE',''
  ) );
#7458 = ADVANCED_FACE('',(#7459),#711,.F.);
#7459 = FACE_BOUND('',#7460,.F.);
#7460 = EDGE_LOOP('',(#7461,#7462,#7463,#7484));
#7461 = ORIENTED_EDGE('',*,*,#695,.F.);
#7462 = ORIENTED_EDGE('',*,*,#5002,.F.);
#7463 = ORIENTED_EDGE('',*,*,#7464,.T.);
#7464 = EDGE_CURVE('',#4977,#7414,#7465,.T.);
#7465 = SURFACE_CURVE('',#7466,(#7470,#7477),.PCURVE_S1.);
#7466 = LINE('',#7467,#7468);
#7467 = CARTESIAN_POINT('',(83.,202.,2.5));
#7468 = VECTOR('',#7469,1.);
#7469 = DIRECTION('',(0.,0.,1.));
#7470 = PCURVE('',#711,#7471);
#7471 = DEFINITIONAL_REPRESENTATION('',(#7472),#7476);
#7472 = LINE('',#7473,#7474);
#7473 = CARTESIAN_POINT('',(0.,-12.));
#7474 = VECTOR('',#7475,1.);
#7475 = DIRECTION('',(1.,0.));
#7476 = ( GEOMETRIC_REPRESENTATION_CONTEXT(2) 
PARAMETRIC_REPRESENTATION_CONTEXT() REPRESENTATION_CONTEXT('2D SPACE',''
  ) );
#7477 = PCURVE('',#4991,#7478);
#7478 = DEFINITIONAL_REPRESENTATION('',(#7479),#7483);
#7479 = LINE('',#7480,#7481);
#7480 = CARTESIAN_POINT('',(0.,0.));
#7481 = VECTOR('',#7482,1.);
#7482 = DIRECTION('',(1.,0.));
#7483 = ( GEOMETRIC_REPRESENTATION_CONTEXT(2) 
PARAMETRIC_REPRESENTATION_CONTEXT() REPRESENTATION_CONTEXT('2D SPACE',''
  ) );
#7484 = ORIENTED_EDGE('',*,*,#7413,.F.);
#7485 = ADVANCED_FACE('',(#7486),#1394,.F.);
#7486 = FACE_BOUND('',#7487,.F.);
#7487 = EDGE_LOOP('',(#7488,#7489,#7512,#7538));
#7488 = ORIENTED_EDGE('',*,*,#1373,.F.);
#7489 = ORIENTED_EDGE('',*,*,#7490,.F.);
#7490 = EDGE_CURVE('',#7491,#1374,#7493,.T.);
#7491 = VERTEX_POINT('',#7492);
#7492 = CARTESIAN_POINT('',(-88.3,202.,9.5));
#7493 = SEAM_CURVE('',#7494,(#7498,#7505),.PCURVE_S1.);
#7494 = LINE('',#7495,#7496);
#7495 = CARTESIAN_POINT('',(-88.3,203.,9.5));
#7496 = VECTOR('',#7497,1.);
#7497 = DIRECTION('',(0.,-1.,2.22044604925E-16));
#7498 = PCURVE('',#1394,#7499);
#7499 = DEFINITIONAL_REPRESENTATION('',(#7500),#7504);
#7500 = LINE('',#7501,#7502);
#7501 = CARTESIAN_POINT('',(6.28318530718,-0.));
#7502 = VECTOR('',#7503,1.);
#7503 = DIRECTION('',(0.,1.));
#7504 = ( GEOMETRIC_REPRESENTATION_CONTEXT(2) 
PARAMETRIC_REPRESENTATION_CONTEXT() REPRESENTATION_CONTEXT('2D SPACE',''
  ) );
#7505 = PCURVE('',#1394,#7506);
#7506 = DEFINITIONAL_REPRESENTATION('',(#7507),#7511);
#7507 = LINE('',#7508,#7509);
#7508 = CARTESIAN_POINT('',(0.,-0.));
#7509 = VECTOR('',#7510,1.);
#7510 = DIRECTION('',(0.,1.));
#7511 = ( GEOMETRIC_REPRESENTATION_CONTEXT(2) 
PARAMETRIC_REPRESENTATION_CONTEXT() REPRESENTATION_CONTEXT('2D SPACE',''
  ) );
#7512 = ORIENTED_EDGE('',*,*,#7513,.T.);
#7513 = EDGE_CURVE('',#7491,#7491,#7514,.T.);
#7514 = SURFACE_CURVE('',#7515,(#7520,#7527),.PCURVE_S1.);
#7515 = CIRCLE('',#7516,1.7);
#7516 = AXIS2_PLACEMENT_3D('',#7517,#7518,#7519);
#7517 = CARTESIAN_POINT('',(-90.,202.,9.5));
#7518 = DIRECTION('',(0.,-1.,2.22044604925E-16));
#7519 = DIRECTION('',(1.,0.,0.));
#7520 = PCURVE('',#1394,#7521);
#7521 = DEFINITIONAL_REPRESENTATION('',(#7522),#7526);
#7522 = LINE('',#7523,#7524);
#7523 = CARTESIAN_POINT('',(0.,1.));
#7524 = VECTOR('',#7525,1.);
#7525 = DIRECTION('',(1.,0.));
#7526 = ( GEOMETRIC_REPRESENTATION_CONTEXT(2) 
PARAMETRIC_REPRESENTATION_CONTEXT() REPRESENTATION_CONTEXT('2D SPACE',''
  ) );
#7527 = PCURVE('',#5192,#7528);
#7528 = DEFINITIONAL_REPRESENTATION('',(#7529),#7537);
#7529 = ( BOUNDED_CURVE() B_SPLINE_CURVE(2,(#7530,#7531,#7532,#7533,
#7534,#7535,#7536),.UNSPECIFIED.,.T.,.F.) B_SPLINE_CURVE_WITH_KNOTS((1,2
    ,2,2,2,1),(-2.094395102393,0.,2.094395102393,4.188790204786,
6.28318530718,8.377580409573),.UNSPECIFIED.) CURVE() 
GEOMETRIC_REPRESENTATION_ITEM() RATIONAL_B_SPLINE_CURVE((1.,0.5,1.,0.5,
1.,0.5,1.)) REPRESENTATION_ITEM('') );
#7530 = CARTESIAN_POINT('',(7.,8.7));
#7531 = CARTESIAN_POINT('',(9.944486372867,8.7));
#7532 = CARTESIAN_POINT('',(8.472243186434,6.15));
#7533 = CARTESIAN_POINT('',(7.,3.6));
#7534 = CARTESIAN_POINT('',(5.527756813566,6.15));
#7535 = CARTESIAN_POINT('',(4.055513627133,8.7));
#7536 = CARTESIAN_POINT('',(7.,8.7));
#7537 = ( GEOMETRIC_REPRESENTATION_CONTEXT(2) 
PARAMETRIC_REPRESENTATION_CONTEXT() REPRESENTATION_CONTEXT('2D SPACE',''
  ) );
#7538 = ORIENTED_EDGE('',*,*,#7490,.T.);
#7539 = ADVANCED_FACE('',(#7540),#1429,.F.);
#7540 = FACE_BOUND('',#7541,.F.);
#7541 = EDGE_LOOP('',(#7542,#7543,#7566,#7592));
#7542 = ORIENTED_EDGE('',*,*,#1408,.F.);
#7543 = ORIENTED_EDGE('',*,*,#7544,.F.);
#7544 = EDGE_CURVE('',#7545,#1409,#7547,.T.);
#7545 = VERTEX_POINT('',#7546);
#7546 = CARTESIAN_POINT('',(-28.3,202.,9.5));
#7547 = SEAM_CURVE('',#7548,(#7552,#7559),.PCURVE_S1.);
#7548 = LINE('',#7549,#7550);
#7549 = CARTESIAN_POINT('',(-28.3,203.,9.5));
#7550 = VECTOR('',#7551,1.);
#7551 = DIRECTION('',(0.,-1.,2.22044604925E-16));
#7552 = PCURVE('',#1429,#7553);
#7553 = DEFINITIONAL_REPRESENTATION('',(#7554),#7558);
#7554 = LINE('',#7555,#7556);
#7555 = CARTESIAN_POINT('',(6.28318530718,-0.));
#7556 = VECTOR('',#7557,1.);
#7557 = DIRECTION('',(0.,1.));
#7558 = ( GEOMETRIC_REPRESENTATION_CONTEXT(2) 
PARAMETRIC_REPRESENTATION_CONTEXT() REPRESENTATION_CONTEXT('2D SPACE',''
  ) );
#7559 = PCURVE('',#1429,#7560);
#7560 = DEFINITIONAL_REPRESENTATION('',(#7561),#7565);
#7561 = LINE('',#7562,#7563);
#7562 = CARTESIAN_POINT('',(0.,-0.));
#7563 = VECTOR('',#7564,1.);
#7564 = DIRECTION('',(0.,1.));
#7565 = ( GEOMETRIC_REPRESENTATION_CONTEXT(2) 
PARAMETRIC_REPRESENTATION_CONTEXT() REPRESENTATION_CONTEXT('2D SPACE',''
  ) );
#7566 = ORIENTED_EDGE('',*,*,#7567,.T.);
#7567 = EDGE_CURVE('',#7545,#7545,#7568,.T.);
#7568 = SURFACE_CURVE('',#7569,(#7574,#7581),.PCURVE_S1.);
#7569 = CIRCLE('',#7570,1.7);
#7570 = AXIS2_PLACEMENT_3D('',#7571,#7572,#7573);
#7571 = CARTESIAN_POINT('',(-30.,202.,9.5));
#7572 = DIRECTION('',(0.,-1.,2.22044604925E-16));
#7573 = DIRECTION('',(1.,0.,0.));
#7574 = PCURVE('',#1429,#7575);
#7575 = DEFINITIONAL_REPRESENTATION('',(#7576),#7580);
#7576 = LINE('',#7577,#7578);
#7577 = CARTESIAN_POINT('',(0.,1.));
#7578 = VECTOR('',#7579,1.);
#7579 = DIRECTION('',(1.,0.));
#7580 = ( GEOMETRIC_REPRESENTATION_CONTEXT(2) 
PARAMETRIC_REPRESENTATION_CONTEXT() REPRESENTATION_CONTEXT('2D SPACE',''
  ) );
#7581 = PCURVE('',#5125,#7582);
#7582 = DEFINITIONAL_REPRESENTATION('',(#7583),#7591);
#7583 = ( BOUNDED_CURVE() B_SPLINE_CURVE(2,(#7584,#7585,#7586,#7587,
#7588,#7589,#7590),.UNSPECIFIED.,.T.,.F.) B_SPLINE_CURVE_WITH_KNOTS((1,2
    ,2,2,2,1),(-2.094395102393,0.,2.094395102393,4.188790204786,
6.28318530718,8.377580409573),.UNSPECIFIED.) CURVE() 
GEOMETRIC_REPRESENTATION_ITEM() RATIONAL_B_SPLINE_CURVE((1.,0.5,1.,0.5,
1.,0.5,1.)) REPRESENTATION_ITEM('') );
#7584 = CARTESIAN_POINT('',(7.,8.7));
#7585 = CARTESIAN_POINT('',(9.944486372867,8.7));
#7586 = CARTESIAN_POINT('',(8.472243186434,6.15));
#7587 = CARTESIAN_POINT('',(7.,3.6));
#7588 = CARTESIAN_POINT('',(5.527756813566,6.15));
#7589 = CARTESIAN_POINT('',(4.055513627133,8.7));
#7590 = CARTESIAN_POINT('',(7.,8.7));
#7591 = ( GEOMETRIC_REPRESENTATION_CONTEXT(2) 
PARAMETRIC_REPRESENTATION_CONTEXT() REPRESENTATION_CONTEXT('2D SPACE',''
  ) );
#7592 = ORIENTED_EDGE('',*,*,#7544,.T.);
#7593 = ADVANCED_FACE('',(#7594),#1464,.F.);
#7594 = FACE_BOUND('',#7595,.F.);
#7595 = EDGE_LOOP('',(#7596,#7597,#7620,#7646,#7647,#7669,#7670,#7696));
#7596 = ORIENTED_EDGE('',*,*,#1443,.F.);
#7597 = ORIENTED_EDGE('',*,*,#7598,.F.);
#7598 = EDGE_CURVE('',#7599,#1444,#7601,.T.);
#7599 = VERTEX_POINT('',#7600);
#7600 = CARTESIAN_POINT('',(-158.8,202.,60.));
#7601 = SEAM_CURVE('',#7602,(#7606,#7613),.PCURVE_S1.);
#7602 = LINE('',#7603,#7604);
#7603 = CARTESIAN_POINT('',(-158.8,203.,60.));
#7604 = VECTOR('',#7605,1.);
#7605 = DIRECTION('',(0.,-1.,2.22044604925E-16));
#7606 = PCURVE('',#1464,#7607);
#7607 = DEFINITIONAL_REPRESENTATION('',(#7608),#7612);
#7608 = LINE('',#7609,#7610);
#7609 = CARTESIAN_POINT('',(6.28318530718,-0.));
#7610 = VECTOR('',#7611,1.);
#7611 = DIRECTION('',(0.,1.));
#7612 = ( GEOMETRIC_REPRESENTATION_CONTEXT(2) 
PARAMETRIC_REPRESENTATION_CONTEXT() REPRESENTATION_CONTEXT('2D SPACE',''
  ) );
#7613 = PCURVE('',#1464,#7614);
#7614 = DEFINITIONAL_REPRESENTATION('',(#7615),#7619);
#7615 = LINE('',#7616,#7617);
#7616 = CARTESIAN_POINT('',(0.,-0.));
#7617 = VECTOR('',#7618,1.);
#7618 = DIRECTION('',(0.,1.));
#7619 = ( GEOMETRIC_REPRESENTATION_CONTEXT(2) 
PARAMETRIC_REPRESENTATION_CONTEXT() REPRESENTATION_CONTEXT('2D SPACE',''
  ) );
#7620 = ORIENTED_EDGE('',*,*,#7621,.T.);
#7621 = EDGE_CURVE('',#7599,#3030,#7622,.T.);
#7622 = SURFACE_CURVE('',#7623,(#7628,#7635),.PCURVE_S1.);
#7623 = CIRCLE('',#7624,1.7);
#7624 = AXIS2_PLACEMENT_3D('',#7625,#7626,#7627);
#7625 = CARTESIAN_POINT('',(-160.5,202.,60.));
#7626 = DIRECTION('',(0.,-1.,2.22044604925E-16));
#7627 = DIRECTION('',(1.,0.,0.));
#7628 = PCURVE('',#1464,#7629);
#7629 = DEFINITIONAL_REPRESENTATION('',(#7630),#7634);
#7630 = LINE('',#7631,#7632);
#7631 = CARTESIAN_POINT('',(0.,1.));
#7632 = VECTOR('',#7633,1.);
#7633 = DIRECTION('',(1.,0.));
#7634 = ( GEOMETRIC_REPRESENTATION_CONTEXT(2) 
PARAMETRIC_REPRESENTATION_CONTEXT() REPRESENTATION_CONTEXT('2D SPACE',''
  ) );
#7635 = PCURVE('',#3044,#7636);
#7636 = DEFINITIONAL_REPRESENTATION('',(#7637),#7645);
#7637 = ( BOUNDED_CURVE() B_SPLINE_CURVE(2,(#7638,#7639,#7640,#7641,
#7642,#7643,#7644),.UNSPECIFIED.,.T.,.F.) B_SPLINE_CURVE_WITH_KNOTS((1,2
    ,2,2,2,1),(-2.094395102393,0.,2.094395102393,4.188790204786,
6.28318530718,8.377580409573),.UNSPECIFIED.) CURVE() 
GEOMETRIC_REPRESENTATION_ITEM() RATIONAL_B_SPLINE_CURVE((1.,0.5,1.,0.5,
1.,0.5,1.)) REPRESENTATION_ITEM('') );
#7638 = CARTESIAN_POINT('',(7.,8.7));
#7639 = CARTESIAN_POINT('',(9.944486372867,8.7));
#7640 = CARTESIAN_POINT('',(8.472243186434,6.15));
#7641 = CARTESIAN_POINT('',(7.,3.6));
#7642 = CARTESIAN_POINT('',(5.527756813566,6.15));
#7643 = CARTESIAN_POINT('',(4.055513627133,8.7));
#7644 = CARTESIAN_POINT('',(7.,8.7));
#7645 = ( GEOMETRIC_REPRESENTATION_CONTEXT(2) 
PARAMETRIC_REPRESENTATION_CONTEXT() REPRESENTATION_CONTEXT('2D SPACE',''
  ) );
#7646 = ORIENTED_EDGE('',*,*,#3055,.F.);
#7647 = ORIENTED_EDGE('',*,*,#7648,.T.);
#7648 = EDGE_CURVE('',#3056,#3077,#7649,.T.);
#7649 = SURFACE_CURVE('',#7650,(#7655,#7662),.PCURVE_S1.);
#7650 = CIRCLE('',#7651,1.7);
#7651 = AXIS2_PLACEMENT_3D('',#7652,#7653,#7654);
#7652 = CARTESIAN_POINT('',(-160.5,203.,60.));
#7653 = DIRECTION('',(0.,-1.,2.22044604925E-16));
#7654 = DIRECTION('',(1.,0.,0.));
#7655 = PCURVE('',#1464,#7656);
#7656 = DEFINITIONAL_REPRESENTATION('',(#7657),#7661);
#7657 = LINE('',#7658,#7659);
#7658 = CARTESIAN_POINT('',(0.,0.));
#7659 = VECTOR('',#7660,1.);
#7660 = DIRECTION('',(1.,0.));
#7661 = ( GEOMETRIC_REPRESENTATION_CONTEXT(2) 
PARAMETRIC_REPRESENTATION_CONTEXT() REPRESENTATION_CONTEXT('2D SPACE',''
  ) );
#7662 = PCURVE('',#3091,#7663);
#7663 = DEFINITIONAL_REPRESENTATION('',(#7664),#7668);
#7664 = CIRCLE('',#7665,1.7);
#7665 = AXIS2_PLACEMENT_2D('',#7666,#7667);
#7666 = CARTESIAN_POINT('',(0.,0.));
#7667 = DIRECTION('',(1.,0.));
#7668 = ( GEOMETRIC_REPRESENTATION_CONTEXT(2) 
PARAMETRIC_REPRESENTATION_CONTEXT() REPRESENTATION_CONTEXT('2D SPACE',''
  ) );
#7669 = ORIENTED_EDGE('',*,*,#3102,.T.);
#7670 = ORIENTED_EDGE('',*,*,#7671,.T.);
#7671 = EDGE_CURVE('',#3103,#7599,#7672,.T.);
#7672 = SURFACE_CURVE('',#7673,(#7678,#7685),.PCURVE_S1.);
#7673 = CIRCLE('',#7674,1.7);
#7674 = AXIS2_PLACEMENT_3D('',#7675,#7676,#7677);
#7675 = CARTESIAN_POINT('',(-160.5,202.,60.));
#7676 = DIRECTION('',(0.,-1.,2.22044604925E-16));
#7677 = DIRECTION('',(1.,0.,0.));
#7678 = PCURVE('',#1464,#7679);
#7679 = DEFINITIONAL_REPRESENTATION('',(#7680),#7684);
#7680 = LINE('',#7681,#7682);
#7681 = CARTESIAN_POINT('',(0.,1.));
#7682 = VECTOR('',#7683,1.);
#7683 = DIRECTION('',(1.,0.));
#7684 = ( GEOMETRIC_REPRESENTATION_CONTEXT(2) 
PARAMETRIC_REPRESENTATION_CONTEXT() REPRESENTATION_CONTEXT('2D SPACE',''
  ) );
#7685 = PCURVE('',#3044,#7686);
#7686 = DEFINITIONAL_REPRESENTATION('',(#7687),#7695);
#7687 = ( BOUNDED_CURVE() B_SPLINE_CURVE(2,(#7688,#7689,#7690,#7691,
#7692,#7693,#7694),.UNSPECIFIED.,.T.,.F.) B_SPLINE_CURVE_WITH_KNOTS((1,2
    ,2,2,2,1),(-2.094395102393,0.,2.094395102393,4.188790204786,
6.28318530718,8.377580409573),.UNSPECIFIED.) CURVE() 
GEOMETRIC_REPRESENTATION_ITEM() RATIONAL_B_SPLINE_CURVE((1.,0.5,1.,0.5,
1.,0.5,1.)) REPRESENTATION_ITEM('') );
#7688 = CARTESIAN_POINT('',(7.,8.7));
#7689 = CARTESIAN_POINT('',(9.944486372867,8.7));
#7690 = CARTESIAN_POINT('',(8.472243186434,6.15));
#7691 = CARTESIAN_POINT('',(7.,3.6));
#7692 = CARTESIAN_POINT('',(5.527756813566,6.15));
#7693 = CARTESIAN_POINT('',(4.055513627133,8.7));
#7694 = CARTESIAN_POINT('',(7.,8.7));
#7695 = ( GEOMETRIC_REPRESENTATION_CONTEXT(2) 
PARAMETRIC_REPRESENTATION_CONTEXT() REPRESENTATION_CONTEXT('2D SPACE',''
  ) );
#7696 = ORIENTED_EDGE('',*,*,#7598,.T.);
#7697 = ADVANCED_FACE('',(#7698),#1499,.F.);
#7698 = FACE_BOUND('',#7699,.F.);
#7699 = EDGE_LOOP('',(#7700,#7701,#7724,#7750,#7751,#7773,#7774,#7800));
#7700 = ORIENTED_EDGE('',*,*,#1478,.F.);
#7701 = ORIENTED_EDGE('',*,*,#7702,.F.);
#7702 = EDGE_CURVE('',#7703,#1479,#7705,.T.);
#7703 = VERTEX_POINT('',#7704);
#7704 = CARTESIAN_POINT('',(-158.8,202.,110.));
#7705 = SEAM_CURVE('',#7706,(#7710,#7717),.PCURVE_S1.);
#7706 = LINE('',#7707,#7708);
#7707 = CARTESIAN_POINT('',(-158.8,203.,110.));
#7708 = VECTOR('',#7709,1.);
#7709 = DIRECTION('',(0.,-1.,2.22044604925E-16));
#7710 = PCURVE('',#1499,#7711);
#7711 = DEFINITIONAL_REPRESENTATION('',(#7712),#7716);
#7712 = LINE('',#7713,#7714);
#7713 = CARTESIAN_POINT('',(6.28318530718,-0.));
#7714 = VECTOR('',#7715,1.);
#7715 = DIRECTION('',(0.,1.));
#7716 = ( GEOMETRIC_REPRESENTATION_CONTEXT(2) 
PARAMETRIC_REPRESENTATION_CONTEXT() REPRESENTATION_CONTEXT('2D SPACE',''
  ) );
#7717 = PCURVE('',#1499,#7718);
#7718 = DEFINITIONAL_REPRESENTATION('',(#7719),#7723);
#7719 = LINE('',#7720,#7721);
#7720 = CARTESIAN_POINT('',(0.,-0.));
#7721 = VECTOR('',#7722,1.);
#7722 = DIRECTION('',(0.,1.));
#7723 = ( GEOMETRIC_REPRESENTATION_CONTEXT(2) 
PARAMETRIC_REPRESENTATION_CONTEXT() REPRESENTATION_CONTEXT('2D SPACE',''
  ) );
#7724 = ORIENTED_EDGE('',*,*,#7725,.T.);
#7725 = EDGE_CURVE('',#7703,#2874,#7726,.T.);
#7726 = SURFACE_CURVE('',#7727,(#7732,#7739),.PCURVE_S1.);
#7727 = CIRCLE('',#7728,1.7);
#7728 = AXIS2_PLACEMENT_3D('',#7729,#7730,#7731);
#7729 = CARTESIAN_POINT('',(-160.5,202.,110.));
#7730 = DIRECTION('',(0.,-1.,2.22044604925E-16));
#7731 = DIRECTION('',(1.,0.,0.));
#7732 = PCURVE('',#1499,#7733);
#7733 = DEFINITIONAL_REPRESENTATION('',(#7734),#7738);
#7734 = LINE('',#7735,#7736);
#7735 = CARTESIAN_POINT('',(0.,1.));
#7736 = VECTOR('',#7737,1.);
#7737 = DIRECTION('',(1.,0.));
#7738 = ( GEOMETRIC_REPRESENTATION_CONTEXT(2) 
PARAMETRIC_REPRESENTATION_CONTEXT() REPRESENTATION_CONTEXT('2D SPACE',''
  ) );
#7739 = PCURVE('',#2888,#7740);
#7740 = DEFINITIONAL_REPRESENTATION('',(#7741),#7749);
#7741 = ( BOUNDED_CURVE() B_SPLINE_CURVE(2,(#7742,#7743,#7744,#7745,
#7746,#7747,#7748),.UNSPECIFIED.,.T.,.F.) B_SPLINE_CURVE_WITH_KNOTS((1,2
    ,2,2,2,1),(-2.094395102393,0.,2.094395102393,4.188790204786,
6.28318530718,8.377580409573),.UNSPECIFIED.) CURVE() 
GEOMETRIC_REPRESENTATION_ITEM() RATIONAL_B_SPLINE_CURVE((1.,0.5,1.,0.5,
1.,0.5,1.)) REPRESENTATION_ITEM('') );
#7742 = CARTESIAN_POINT('',(7.,8.7));
#7743 = CARTESIAN_POINT('',(9.944486372867,8.7));
#7744 = CARTESIAN_POINT('',(8.472243186434,6.15));
#7745 = CARTESIAN_POINT('',(7.,3.6));
#7746 = CARTESIAN_POINT('',(5.527756813566,6.15));
#7747 = CARTESIAN_POINT('',(4.055513627133,8.7));
#7748 = CARTESIAN_POINT('',(7.,8.7));
#7749 = ( GEOMETRIC_REPRESENTATION_CONTEXT(2) 
PARAMETRIC_REPRESENTATION_CONTEXT() REPRESENTATION_CONTEXT('2D SPACE',''
  ) );
#7750 = ORIENTED_EDGE('',*,*,#2899,.F.);
#7751 = ORIENTED_EDGE('',*,*,#7752,.T.);
#7752 = EDGE_CURVE('',#2900,#2921,#7753,.T.);
#7753 = SURFACE_CURVE('',#7754,(#7759,#7766),.PCURVE_S1.);
#7754 = CIRCLE('',#7755,1.7);
#7755 = AXIS2_PLACEMENT_3D('',#7756,#7757,#7758);
#7756 = CARTESIAN_POINT('',(-160.5,203.,110.));
#7757 = DIRECTION('',(0.,-1.,2.22044604925E-16));
#7758 = DIRECTION('',(1.,0.,0.));
#7759 = PCURVE('',#1499,#7760);
#7760 = DEFINITIONAL_REPRESENTATION('',(#7761),#7765);
#7761 = LINE('',#7762,#7763);
#7762 = CARTESIAN_POINT('',(0.,0.));
#7763 = VECTOR('',#7764,1.);
#7764 = DIRECTION('',(1.,0.));
#7765 = ( GEOMETRIC_REPRESENTATION_CONTEXT(2) 
PARAMETRIC_REPRESENTATION_CONTEXT() REPRESENTATION_CONTEXT('2D SPACE',''
  ) );
#7766 = PCURVE('',#2935,#7767);
#7767 = DEFINITIONAL_REPRESENTATION('',(#7768),#7772);
#7768 = CIRCLE('',#7769,1.7);
#7769 = AXIS2_PLACEMENT_2D('',#7770,#7771);
#7770 = CARTESIAN_POINT('',(0.,0.));
#7771 = DIRECTION('',(1.,0.));
#7772 = ( GEOMETRIC_REPRESENTATION_CONTEXT(2) 
PARAMETRIC_REPRESENTATION_CONTEXT() REPRESENTATION_CONTEXT('2D SPACE',''
  ) );
#7773 = ORIENTED_EDGE('',*,*,#2946,.T.);
#7774 = ORIENTED_EDGE('',*,*,#7775,.T.);
#7775 = EDGE_CURVE('',#2947,#7703,#7776,.T.);
#7776 = SURFACE_CURVE('',#7777,(#7782,#7789),.PCURVE_S1.);
#7777 = CIRCLE('',#7778,1.7);
#7778 = AXIS2_PLACEMENT_3D('',#7779,#7780,#7781);
#7779 = CARTESIAN_POINT('',(-160.5,202.,110.));
#7780 = DIRECTION('',(0.,-1.,2.22044604925E-16));
#7781 = DIRECTION('',(1.,0.,0.));
#7782 = PCURVE('',#1499,#7783);
#7783 = DEFINITIONAL_REPRESENTATION('',(#7784),#7788);
#7784 = LINE('',#7785,#7786);
#7785 = CARTESIAN_POINT('',(0.,1.));
#7786 = VECTOR('',#7787,1.);
#7787 = DIRECTION('',(1.,0.));
#7788 = ( GEOMETRIC_REPRESENTATION_CONTEXT(2) 
PARAMETRIC_REPRESENTATION_CONTEXT() REPRESENTATION_CONTEXT('2D SPACE',''
  ) );
#7789 = PCURVE('',#2888,#7790);
#7790 = DEFINITIONAL_REPRESENTATION('',(#7791),#7799);
#7791 = ( BOUNDED_CURVE() B_SPLINE_CURVE(2,(#7792,#7793,#7794,#7795,
#7796,#7797,#7798),.UNSPECIFIED.,.T.,.F.) B_SPLINE_CURVE_WITH_KNOTS((1,2
    ,2,2,2,1),(-2.094395102393,0.,2.094395102393,4.188790204786,
6.28318530718,8.377580409573),.UNSPECIFIED.) CURVE() 
GEOMETRIC_REPRESENTATION_ITEM() RATIONAL_B_SPLINE_CURVE((1.,0.5,1.,0.5,
1.,0.5,1.)) REPRESENTATION_ITEM('') );
#7792 = CARTESIAN_POINT('',(7.,8.7));
#7793 = CARTESIAN_POINT('',(9.944486372867,8.7));
#7794 = CARTESIAN_POINT('',(8.472243186434,6.15));
#7795 = CARTESIAN_POINT('',(7.,3.6));
#7796 = CARTESIAN_POINT('',(5.527756813566,6.15));
#7797 = CARTESIAN_POINT('',(4.055513627133,8.7));
#7798 = CARTESIAN_POINT('',(7.,8.7));
#7799 = ( GEOMETRIC_REPRESENTATION_CONTEXT(2) 
PARAMETRIC_REPRESENTATION_CONTEXT() REPRESENTATION_CONTEXT('2D SPACE',''
  ) );
#7800 = ORIENTED_EDGE('',*,*,#7702,.T.);
#7801 = ADVANCED_FACE('',(#7802),#1534,.F.);
#7802 = FACE_BOUND('',#7803,.F.);
#7803 = EDGE_LOOP('',(#7804,#7805,#7828,#7854));
#7804 = ORIENTED_EDGE('',*,*,#1513,.F.);
#7805 = ORIENTED_EDGE('',*,*,#7806,.F.);
#7806 = EDGE_CURVE('',#7807,#1514,#7809,.T.);
#7807 = VERTEX_POINT('',#7808);
#7808 = CARTESIAN_POINT('',(31.7,202.,9.5));
#7809 = SEAM_CURVE('',#7810,(#7814,#7821),.PCURVE_S1.);
#7810 = LINE('',#7811,#7812);
#7811 = CARTESIAN_POINT('',(31.7,203.,9.5));
#7812 = VECTOR('',#7813,1.);
#7813 = DIRECTION('',(0.,-1.,2.22044604925E-16));
#7814 = PCURVE('',#1534,#7815);
#7815 = DEFINITIONAL_REPRESENTATION('',(#7816),#7820);
#7816 = LINE('',#7817,#7818);
#7817 = CARTESIAN_POINT('',(6.28318530718,-0.));
#7818 = VECTOR('',#7819,1.);
#7819 = DIRECTION('',(0.,1.));
#7820 = ( GEOMETRIC_REPRESENTATION_CONTEXT(2) 
PARAMETRIC_REPRESENTATION_CONTEXT() REPRESENTATION_CONTEXT('2D SPACE',''
  ) );
#7821 = PCURVE('',#1534,#7822);
#7822 = DEFINITIONAL_REPRESENTATION('',(#7823),#7827);
#7823 = LINE('',#7824,#7825);
#7824 = CARTESIAN_POINT('',(0.,-0.));
#7825 = VECTOR('',#7826,1.);
#7826 = DIRECTION('',(0.,1.));
#7827 = ( GEOMETRIC_REPRESENTATION_CONTEXT(2) 
PARAMETRIC_REPRESENTATION_CONTEXT() REPRESENTATION_CONTEXT('2D SPACE',''
  ) );
#7828 = ORIENTED_EDGE('',*,*,#7829,.T.);
#7829 = EDGE_CURVE('',#7807,#7807,#7830,.T.);
#7830 = SURFACE_CURVE('',#7831,(#7836,#7843),.PCURVE_S1.);
#7831 = CIRCLE('',#7832,1.7);
#7832 = AXIS2_PLACEMENT_3D('',#7833,#7834,#7835);
#7833 = CARTESIAN_POINT('',(30.,202.,9.5));
#7834 = DIRECTION('',(0.,-1.,2.22044604925E-16));
#7835 = DIRECTION('',(1.,0.,0.));
#7836 = PCURVE('',#1534,#7837);
#7837 = DEFINITIONAL_REPRESENTATION('',(#7838),#7842);
#7838 = LINE('',#7839,#7840);
#7839 = CARTESIAN_POINT('',(0.,1.));
#7840 = VECTOR('',#7841,1.);
#7841 = DIRECTION('',(1.,0.));
#7842 = ( GEOMETRIC_REPRESENTATION_CONTEXT(2) 
PARAMETRIC_REPRESENTATION_CONTEXT() REPRESENTATION_CONTEXT('2D SPACE',''
  ) );
#7843 = PCURVE('',#5058,#7844);
#7844 = DEFINITIONAL_REPRESENTATION('',(#7845),#7853);
#7845 = ( BOUNDED_CURVE() B_SPLINE_CURVE(2,(#7846,#7847,#7848,#7849,
#7850,#7851,#7852),.UNSPECIFIED.,.T.,.F.) B_SPLINE_CURVE_WITH_KNOTS((1,2
    ,2,2,2,1),(-2.094395102393,0.,2.094395102393,4.188790204786,
6.28318530718,8.377580409573),.UNSPECIFIED.) CURVE() 
GEOMETRIC_REPRESENTATION_ITEM() RATIONAL_B_SPLINE_CURVE((1.,0.5,1.,0.5,
1.,0.5,1.)) REPRESENTATION_ITEM('') );
#7846 = CARTESIAN_POINT('',(7.,8.7));
#7847 = CARTESIAN_POINT('',(9.944486372867,8.7));
#7848 = CARTESIAN_POINT('',(8.472243186434,6.15));
#7849 = CARTESIAN_POINT('',(7.,3.6));
#7850 = CARTESIAN_POINT('',(5.527756813566,6.15));
#7851 = CARTESIAN_POINT('',(4.055513627133,8.7));
#7852 = CARTESIAN_POINT('',(7.,8.7));
#7853 = ( GEOMETRIC_REPRESENTATION_CONTEXT(2) 
PARAMETRIC_REPRESENTATION_CONTEXT() REPRESENTATION_CONTEXT('2D SPACE',''
  ) );
#7854 = ORIENTED_EDGE('',*,*,#7806,.T.);
#7855 = ADVANCED_FACE('',(#7856),#1569,.F.);
#7856 = FACE_BOUND('',#7857,.F.);
#7857 = EDGE_LOOP('',(#7858,#7859,#7882,#7908));
#7858 = ORIENTED_EDGE('',*,*,#1548,.F.);
#7859 = ORIENTED_EDGE('',*,*,#7860,.F.);
#7860 = EDGE_CURVE('',#7861,#1549,#7863,.T.);
#7861 = VERTEX_POINT('',#7862);
#7862 = CARTESIAN_POINT('',(91.7,202.,9.5));
#7863 = SEAM_CURVE('',#7864,(#7868,#7875),.PCURVE_S1.);
#7864 = LINE('',#7865,#7866);
#7865 = CARTESIAN_POINT('',(91.7,203.,9.5));
#7866 = VECTOR('',#7867,1.);
#7867 = DIRECTION('',(0.,-1.,2.22044604925E-16));
#7868 = PCURVE('',#1569,#7869);
#7869 = DEFINITIONAL_REPRESENTATION('',(#7870),#7874);
#7870 = LINE('',#7871,#7872);
#7871 = CARTESIAN_POINT('',(6.28318530718,-0.));
#7872 = VECTOR('',#7873,1.);
#7873 = DIRECTION('',(0.,1.));
#7874 = ( GEOMETRIC_REPRESENTATION_CONTEXT(2) 
PARAMETRIC_REPRESENTATION_CONTEXT() REPRESENTATION_CONTEXT('2D SPACE',''
  ) );
#7875 = PCURVE('',#1569,#7876);
#7876 = DEFINITIONAL_REPRESENTATION('',(#7877),#7881);
#7877 = LINE('',#7878,#7879);
#7878 = CARTESIAN_POINT('',(0.,-0.));
#7879 = VECTOR('',#7880,1.);
#7880 = DIRECTION('',(0.,1.));
#7881 = ( GEOMETRIC_REPRESENTATION_CONTEXT(2) 
PARAMETRIC_REPRESENTATION_CONTEXT() REPRESENTATION_CONTEXT('2D SPACE',''
  ) );
#7882 = ORIENTED_EDGE('',*,*,#7883,.T.);
#7883 = EDGE_CURVE('',#7861,#7861,#7884,.T.);
#7884 = SURFACE_CURVE('',#7885,(#7890,#7897),.PCURVE_S1.);
#7885 = CIRCLE('',#7886,1.7);
#7886 = AXIS2_PLACEMENT_3D('',#7887,#7888,#7889);
#7887 = CARTESIAN_POINT('',(90.,202.,9.5));
#7888 = DIRECTION('',(0.,-1.,2.22044604925E-16));
#7889 = DIRECTION('',(1.,0.,0.));
#7890 = PCURVE('',#1569,#7891);
#7891 = DEFINITIONAL_REPRESENTATION('',(#7892),#7896);
#7892 = LINE('',#7893,#7894);
#7893 = CARTESIAN_POINT('',(0.,1.));
#7894 = VECTOR('',#7895,1.);
#7895 = DIRECTION('',(1.,0.));
#7896 = ( GEOMETRIC_REPRESENTATION_CONTEXT(2) 
PARAMETRIC_REPRESENTATION_CONTEXT() REPRESENTATION_CONTEXT('2D SPACE',''
  ) );
#7897 = PCURVE('',#4991,#7898);
#7898 = DEFINITIONAL_REPRESENTATION('',(#7899),#7907);
#7899 = ( BOUNDED_CURVE() B_SPLINE_CURVE(2,(#7900,#7901,#7902,#7903,
#7904,#7905,#7906),.UNSPECIFIED.,.T.,.F.) B_SPLINE_CURVE_WITH_KNOTS((1,2
    ,2,2,2,1),(-2.094395102393,0.,2.094395102393,4.188790204786,
6.28318530718,8.377580409573),.UNSPECIFIED.) CURVE() 
GEOMETRIC_REPRESENTATION_ITEM() RATIONAL_B_SPLINE_CURVE((1.,0.5,1.,0.5,
1.,0.5,1.)) REPRESENTATION_ITEM('') );
#7900 = CARTESIAN_POINT('',(7.,8.7));
#7901 = CARTESIAN_POINT('',(9.944486372867,8.7));
#7902 = CARTESIAN_POINT('',(8.472243186434,6.15));
#7903 = CARTESIAN_POINT('',(7.,3.6));
#7904 = CARTESIAN_POINT('',(5.527756813566,6.15));
#7905 = CARTESIAN_POINT('',(4.055513627133,8.7));
#7906 = CARTESIAN_POINT('',(7.,8.7));
#7907 = ( GEOMETRIC_REPRESENTATION_CONTEXT(2) 
PARAMETRIC_REPRESENTATION_CONTEXT() REPRESENTATION_CONTEXT('2D SPACE',''
  ) );
#7908 = ORIENTED_EDGE('',*,*,#7860,.T.);
#7909 = ADVANCED_FACE('',(#7910),#1604,.F.);
#7910 = FACE_BOUND('',#7911,.F.);
#7911 = EDGE_LOOP('',(#7912,#7913,#7936,#7958,#7959,#7985,#7986,#8008));
#7912 = ORIENTED_EDGE('',*,*,#1583,.F.);
#7913 = ORIENTED_EDGE('',*,*,#7914,.F.);
#7914 = EDGE_CURVE('',#7915,#1584,#7917,.T.);
#7915 = VERTEX_POINT('',#7916);
#7916 = CARTESIAN_POINT('',(162.2,203.,60.));
#7917 = SEAM_CURVE('',#7918,(#7922,#7929),.PCURVE_S1.);
#7918 = LINE('',#7919,#7920);
#7919 = CARTESIAN_POINT('',(162.2,203.,60.));
#7920 = VECTOR('',#7921,1.);
#7921 = DIRECTION('',(0.,-1.,2.22044604925E-16));
#7922 = PCURVE('',#1604,#7923);
#7923 = DEFINITIONAL_REPRESENTATION('',(#7924),#7928);
#7924 = LINE('',#7925,#7926);
#7925 = CARTESIAN_POINT('',(6.28318530718,-0.));
#7926 = VECTOR('',#7927,1.);
#7927 = DIRECTION('',(0.,1.));
#7928 = ( GEOMETRIC_REPRESENTATION_CONTEXT(2) 
PARAMETRIC_REPRESENTATION_CONTEXT() REPRESENTATION_CONTEXT('2D SPACE',''
  ) );
#7929 = PCURVE('',#1604,#7930);
#7930 = DEFINITIONAL_REPRESENTATION('',(#7931),#7935);
#7931 = LINE('',#7932,#7933);
#7932 = CARTESIAN_POINT('',(0.,-0.));
#7933 = VECTOR('',#7934,1.);
#7934 = DIRECTION('',(0.,1.));
#7935 = ( GEOMETRIC_REPRESENTATION_CONTEXT(2) 
PARAMETRIC_REPRESENTATION_CONTEXT() REPRESENTATION_CONTEXT('2D SPACE',''
  ) );
#7936 = ORIENTED_EDGE('',*,*,#7937,.T.);
#7937 = EDGE_CURVE('',#7915,#5951,#7938,.T.);
#7938 = SURFACE_CURVE('',#7939,(#7944,#7951),.PCURVE_S1.);
#7939 = CIRCLE('',#7940,1.7);
#7940 = AXIS2_PLACEMENT_3D('',#7941,#7942,#7943);
#7941 = CARTESIAN_POINT('',(160.5,203.,60.));
#7942 = DIRECTION('',(0.,-1.,2.22044604925E-16));
#7943 = DIRECTION('',(1.,0.,0.));
#7944 = PCURVE('',#1604,#7945);
#7945 = DEFINITIONAL_REPRESENTATION('',(#7946),#7950);
#7946 = LINE('',#7947,#7948);
#7947 = CARTESIAN_POINT('',(0.,0.));
#7948 = VECTOR('',#7949,1.);
#7949 = DIRECTION('',(1.,0.));
#7950 = ( GEOMETRIC_REPRESENTATION_CONTEXT(2) 
PARAMETRIC_REPRESENTATION_CONTEXT() REPRESENTATION_CONTEXT('2D SPACE',''
  ) );
#7951 = PCURVE('',#5986,#7952);
#7952 = DEFINITIONAL_REPRESENTATION('',(#7953),#7957);
#7953 = CIRCLE('',#7954,1.7);
#7954 = AXIS2_PLACEMENT_2D('',#7955,#7956);
#7955 = CARTESIAN_POINT('',(0.,0.));
#7956 = DIRECTION('',(1.,0.));
#7957 = ( GEOMETRIC_REPRESENTATION_CONTEXT(2) 
PARAMETRIC_REPRESENTATION_CONTEXT() REPRESENTATION_CONTEXT('2D SPACE',''
  ) );
#7958 = ORIENTED_EDGE('',*,*,#5950,.T.);
#7959 = ORIENTED_EDGE('',*,*,#7960,.T.);
#7960 = EDGE_CURVE('',#5925,#5998,#7961,.T.);
#7961 = SURFACE_CURVE('',#7962,(#7967,#7974),.PCURVE_S1.);
#7962 = CIRCLE('',#7963,1.7);
#7963 = AXIS2_PLACEMENT_3D('',#7964,#7965,#7966);
#7964 = CARTESIAN_POINT('',(160.5,202.,60.));
#7965 = DIRECTION('',(0.,-1.,2.22044604925E-16));
#7966 = DIRECTION('',(1.,0.,0.));
#7967 = PCURVE('',#1604,#7968);
#7968 = DEFINITIONAL_REPRESENTATION('',(#7969),#7973);
#7969 = LINE('',#7970,#7971);
#7970 = CARTESIAN_POINT('',(0.,1.));
#7971 = VECTOR('',#7972,1.);
#7972 = DIRECTION('',(1.,0.));
#7973 = ( GEOMETRIC_REPRESENTATION_CONTEXT(2) 
PARAMETRIC_REPRESENTATION_CONTEXT() REPRESENTATION_CONTEXT('2D SPACE',''
  ) );
#7974 = PCURVE('',#5939,#7975);
#7975 = DEFINITIONAL_REPRESENTATION('',(#7976),#7984);
#7976 = ( BOUNDED_CURVE() B_SPLINE_CURVE(2,(#7977,#7978,#7979,#7980,
#7981,#7982,#7983),.UNSPECIFIED.,.T.,.F.) B_SPLINE_CURVE_WITH_KNOTS((1,2
    ,2,2,2,1),(-2.094395102393,0.,2.094395102393,4.188790204786,
6.28318530718,8.377580409573),.UNSPECIFIED.) CURVE() 
GEOMETRIC_REPRESENTATION_ITEM() RATIONAL_B_SPLINE_CURVE((1.,0.5,1.,0.5,
1.,0.5,1.)) REPRESENTATION_ITEM('') );
#7977 = CARTESIAN_POINT('',(7.,8.7));
#7978 = CARTESIAN_POINT('',(9.944486372867,8.7));
#7979 = CARTESIAN_POINT('',(8.472243186434,6.15));
#7980 = CARTESIAN_POINT('',(7.,3.6));
#7981 = CARTESIAN_POINT('',(5.527756813566,6.15));
#7982 = CARTESIAN_POINT('',(4.055513627133,8.7));
#7983 = CARTESIAN_POINT('',(7.,8.7));
#7984 = ( GEOMETRIC_REPRESENTATION_CONTEXT(2) 
PARAMETRIC_REPRESENTATION_CONTEXT() REPRESENTATION_CONTEXT('2D SPACE',''
  ) );
#7985 = ORIENTED_EDGE('',*,*,#5997,.F.);
#7986 = ORIENTED_EDGE('',*,*,#7987,.T.);
#7987 = EDGE_CURVE('',#5972,#7915,#7988,.T.);
#7988 = SURFACE_CURVE('',#7989,(#7994,#8001),.PCURVE_S1.);
#7989 = CIRCLE('',#7990,1.7);
#7990 = AXIS2_PLACEMENT_3D('',#7991,#7992,#7993);
#7991 = CARTESIAN_POINT('',(160.5,203.,60.));
#7992 = DIRECTION('',(0.,-1.,2.22044604925E-16));
#7993 = DIRECTION('',(1.,0.,0.));
#7994 = PCURVE('',#1604,#7995);
#7995 = DEFINITIONAL_REPRESENTATION('',(#7996),#8000);
#7996 = LINE('',#7997,#7998);
#7997 = CARTESIAN_POINT('',(0.,0.));
#7998 = VECTOR('',#7999,1.);
#7999 = DIRECTION('',(1.,0.));
#8000 = ( GEOMETRIC_REPRESENTATION_CONTEXT(2) 
PARAMETRIC_REPRESENTATION_CONTEXT() REPRESENTATION_CONTEXT('2D SPACE',''
  ) );
#8001 = PCURVE('',#5986,#8002);
#8002 = DEFINITIONAL_REPRESENTATION('',(#8003),#8007);
#8003 = CIRCLE('',#8004,1.7);
#8004 = AXIS2_PLACEMENT_2D('',#8005,#8006);
#8005 = CARTESIAN_POINT('',(0.,0.));
#8006 = DIRECTION('',(1.,0.));
#8007 = ( GEOMETRIC_REPRESENTATION_CONTEXT(2) 
PARAMETRIC_REPRESENTATION_CONTEXT() REPRESENTATION_CONTEXT('2D SPACE',''
  ) );
#8008 = ORIENTED_EDGE('',*,*,#7914,.T.);
#8009 = ADVANCED_FACE('',(#8010),#1639,.F.);
#8010 = FACE_BOUND('',#8011,.F.);
#8011 = EDGE_LOOP('',(#8012,#8013,#8036,#8058,#8059,#8085,#8086,#8108));
#8012 = ORIENTED_EDGE('',*,*,#1618,.F.);
#8013 = ORIENTED_EDGE('',*,*,#8014,.F.);
#8014 = EDGE_CURVE('',#8015,#1619,#8017,.T.);
#8015 = VERTEX_POINT('',#8016);
#8016 = CARTESIAN_POINT('',(162.2,203.,110.));
#8017 = SEAM_CURVE('',#8018,(#8022,#8029),.PCURVE_S1.);
#8018 = LINE('',#8019,#8020);
#8019 = CARTESIAN_POINT('',(162.2,203.,110.));
#8020 = VECTOR('',#8021,1.);
#8021 = DIRECTION('',(0.,-1.,2.22044604925E-16));
#8022 = PCURVE('',#1639,#8023);
#8023 = DEFINITIONAL_REPRESENTATION('',(#8024),#8028);
#8024 = LINE('',#8025,#8026);
#8025 = CARTESIAN_POINT('',(6.28318530718,-0.));
#8026 = VECTOR('',#8027,1.);
#8027 = DIRECTION('',(0.,1.));
#8028 = ( GEOMETRIC_REPRESENTATION_CONTEXT(2) 
PARAMETRIC_REPRESENTATION_CONTEXT() REPRESENTATION_CONTEXT('2D SPACE',''
  ) );
#8029 = PCURVE('',#1639,#8030);
#8030 = DEFINITIONAL_REPRESENTATION('',(#8031),#8035);
#8031 = LINE('',#8032,#8033);
#8032 = CARTESIAN_POINT('',(0.,-0.));
#8033 = VECTOR('',#8034,1.);
#8034 = DIRECTION('',(0.,1.));
#8035 = ( GEOMETRIC_REPRESENTATION_CONTEXT(2) 
PARAMETRIC_REPRESENTATION_CONTEXT() REPRESENTATION_CONTEXT('2D SPACE',''
  ) );
#8036 = ORIENTED_EDGE('',*,*,#8037,.T.);
#8037 = EDGE_CURVE('',#8015,#5795,#8038,.T.);
#8038 = SURFACE_CURVE('',#8039,(#8044,#8051),.PCURVE_S1.);
#8039 = CIRCLE('',#8040,1.7);
#8040 = AXIS2_PLACEMENT_3D('',#8041,#8042,#8043);
#8041 = CARTESIAN_POINT('',(160.5,203.,110.));
#8042 = DIRECTION('',(0.,-1.,2.22044604925E-16));
#8043 = DIRECTION('',(1.,0.,0.));
#8044 = PCURVE('',#1639,#8045);
#8045 = DEFINITIONAL_REPRESENTATION('',(#8046),#8050);
#8046 = LINE('',#8047,#8048);
#8047 = CARTESIAN_POINT('',(0.,0.));
#8048 = VECTOR('',#8049,1.);
#8049 = DIRECTION('',(1.,0.));
#8050 = ( GEOMETRIC_REPRESENTATION_CONTEXT(2) 
PARAMETRIC_REPRESENTATION_CONTEXT() REPRESENTATION_CONTEXT('2D SPACE',''
  ) );
#8051 = PCURVE('',#5830,#8052);
#8052 = DEFINITIONAL_REPRESENTATION('',(#8053),#8057);
#8053 = CIRCLE('',#8054,1.7);
#8054 = AXIS2_PLACEMENT_2D('',#8055,#8056);
#8055 = CARTESIAN_POINT('',(0.,0.));
#8056 = DIRECTION('',(1.,0.));
#8057 = ( GEOMETRIC_REPRESENTATION_CONTEXT(2) 
PARAMETRIC_REPRESENTATION_CONTEXT() REPRESENTATION_CONTEXT('2D SPACE',''
  ) );
#8058 = ORIENTED_EDGE('',*,*,#5794,.T.);
#8059 = ORIENTED_EDGE('',*,*,#8060,.T.);
#8060 = EDGE_CURVE('',#5769,#5842,#8061,.T.);
#8061 = SURFACE_CURVE('',#8062,(#8067,#8074),.PCURVE_S1.);
#8062 = CIRCLE('',#8063,1.7);
#8063 = AXIS2_PLACEMENT_3D('',#8064,#8065,#8066);
#8064 = CARTESIAN_POINT('',(160.5,202.,110.));
#8065 = DIRECTION('',(0.,-1.,2.22044604925E-16));
#8066 = DIRECTION('',(1.,0.,0.));
#8067 = PCURVE('',#1639,#8068);
#8068 = DEFINITIONAL_REPRESENTATION('',(#8069),#8073);
#8069 = LINE('',#8070,#8071);
#8070 = CARTESIAN_POINT('',(0.,1.));
#8071 = VECTOR('',#8072,1.);
#8072 = DIRECTION('',(1.,0.));
#8073 = ( GEOMETRIC_REPRESENTATION_CONTEXT(2) 
PARAMETRIC_REPRESENTATION_CONTEXT() REPRESENTATION_CONTEXT('2D SPACE',''
  ) );
#8074 = PCURVE('',#5783,#8075);
#8075 = DEFINITIONAL_REPRESENTATION('',(#8076),#8084);
#8076 = ( BOUNDED_CURVE() B_SPLINE_CURVE(2,(#8077,#8078,#8079,#8080,
#8081,#8082,#8083),.UNSPECIFIED.,.T.,.F.) B_SPLINE_CURVE_WITH_KNOTS((1,2
    ,2,2,2,1),(-2.094395102393,0.,2.094395102393,4.188790204786,
6.28318530718,8.377580409573),.UNSPECIFIED.) CURVE() 
GEOMETRIC_REPRESENTATION_ITEM() RATIONAL_B_SPLINE_CURVE((1.,0.5,1.,0.5,
1.,0.5,1.)) REPRESENTATION_ITEM('') );
#8077 = CARTESIAN_POINT('',(7.,8.7));
#8078 = CARTESIAN_POINT('',(9.944486372867,8.7));
#8079 = CARTESIAN_POINT('',(8.472243186434,6.15));
#8080 = CARTESIAN_POINT('',(7.,3.6));
#8081 = CARTESIAN_POINT('',(5.527756813566,6.15));
#8082 = CARTESIAN_POINT('',(4.055513627133,8.7));
#8083 = CARTESIAN_POINT('',(7.,8.7));
#8084 = ( GEOMETRIC_REPRESENTATION_CONTEXT(2) 
PARAMETRIC_REPRESENTATION_CONTEXT() REPRESENTATION_CONTEXT('2D SPACE',''
  ) );
#8085 = ORIENTED_EDGE('',*,*,#5841,.F.);
#8086 = ORIENTED_EDGE('',*,*,#8087,.T.);
#8087 = EDGE_CURVE('',#5816,#8015,#8088,.T.);
#8088 = SURFACE_CURVE('',#8089,(#8094,#8101),.PCURVE_S1.);
#8089 = CIRCLE('',#8090,1.7);
#8090 = AXIS2_PLACEMENT_3D('',#8091,#8092,#8093);
#8091 = CARTESIAN_POINT('',(160.5,203.,110.));
#8092 = DIRECTION('',(0.,-1.,2.22044604925E-16));
#8093 = DIRECTION('',(1.,0.,0.));
#8094 = PCURVE('',#1639,#8095);
#8095 = DEFINITIONAL_REPRESENTATION('',(#8096),#8100);
#8096 = LINE('',#8097,#8098);
#8097 = CARTESIAN_POINT('',(0.,0.));
#8098 = VECTOR('',#8099,1.);
#8099 = DIRECTION('',(1.,0.));
#8100 = ( GEOMETRIC_REPRESENTATION_CONTEXT(2) 
PARAMETRIC_REPRESENTATION_CONTEXT() REPRESENTATION_CONTEXT('2D SPACE',''
  ) );
#8101 = PCURVE('',#5830,#8102);
#8102 = DEFINITIONAL_REPRESENTATION('',(#8103),#8107);
#8103 = CIRCLE('',#8104,1.7);
#8104 = AXIS2_PLACEMENT_2D('',#8105,#8106);
#8105 = CARTESIAN_POINT('',(0.,0.));
#8106 = DIRECTION('',(1.,0.));
#8107 = ( GEOMETRIC_REPRESENTATION_CONTEXT(2) 
PARAMETRIC_REPRESENTATION_CONTEXT() REPRESENTATION_CONTEXT('2D SPACE',''
  ) );
#8108 = ORIENTED_EDGE('',*,*,#8014,.T.);
#8109 = ADVANCED_FACE('',(#8110),#1800,.T.);
#8110 = FACE_BOUND('',#8111,.T.);
#8111 = EDGE_LOOP('',(#8112,#8135,#8155,#8156));
#8112 = ORIENTED_EDGE('',*,*,#8113,.F.);
#8113 = EDGE_CURVE('',#8114,#2621,#8116,.T.);
#8114 = VERTEX_POINT('',#8115);
#8115 = CARTESIAN_POINT('',(-166.8,321.50113498525,124.98194150931));
#8116 = SURFACE_CURVE('',#8117,(#8121,#8128),.PCURVE_S1.);
#8117 = LINE('',#8118,#8119);
#8118 = CARTESIAN_POINT('',(-166.8,321.50113498525,124.98194150931));
#8119 = VECTOR('',#8120,1.);
#8120 = DIRECTION('',(0.,-0.965596390966,0.26004539941));
#8121 = PCURVE('',#1800,#8122);
#8122 = DEFINITIONAL_REPRESENTATION('',(#8123),#8127);
#8123 = LINE('',#8124,#8125);
#8124 = CARTESIAN_POINT('',(0.,0.));
#8125 = VECTOR('',#8126,1.);
#8126 = DIRECTION('',(0.,1.));
#8127 = ( GEOMETRIC_REPRESENTATION_CONTEXT(2) 
PARAMETRIC_REPRESENTATION_CONTEXT() REPRESENTATION_CONTEXT('2D SPACE',''
  ) );
#8128 = PCURVE('',#2636,#8129);
#8129 = DEFINITIONAL_REPRESENTATION('',(#8130),#8134);
#8130 = LINE('',#8131,#8132);
#8131 = CARTESIAN_POINT('',(0.,-0.8));
#8132 = VECTOR('',#8133,1.);
#8133 = DIRECTION('',(1.,0.));
#8134 = ( GEOMETRIC_REPRESENTATION_CONTEXT(2) 
PARAMETRIC_REPRESENTATION_CONTEXT() REPRESENTATION_CONTEXT('2D SPACE',''
  ) );
#8135 = ORIENTED_EDGE('',*,*,#8136,.T.);
#8136 = EDGE_CURVE('',#8114,#1758,#8137,.T.);
#8137 = SURFACE_CURVE('',#8138,(#8143,#8149),.PCURVE_S1.);
#8138 = CIRCLE('',#8139,3.2);
#8139 = AXIS2_PLACEMENT_3D('',#8140,#8141,#8142);
#8140 = CARTESIAN_POINT('',(-166.8,320.66898970713,121.89203305822));
#8141 = DIRECTION('',(0.,-0.965596390966,0.26004539941));
#8142 = DIRECTION('',(-0.,0.26004539941,0.965596390966));
#8143 = PCURVE('',#1800,#8144);
#8144 = DEFINITIONAL_REPRESENTATION('',(#8145),#8148);
#8145 = B_SPLINE_CURVE_WITH_KNOTS('',1,(#8146,#8147),.UNSPECIFIED.,.F.,
  .F.,(2,2),(0.,1.570796326795),.PIECEWISE_BEZIER_KNOTS.);
#8146 = CARTESIAN_POINT('',(0.,1.17166534985E-13));
#8147 = CARTESIAN_POINT('',(1.570796326795,1.17166534985E-13));
#8148 = ( GEOMETRIC_REPRESENTATION_CONTEXT(2) 
PARAMETRIC_REPRESENTATION_CONTEXT() REPRESENTATION_CONTEXT('2D SPACE',''
  ) );
#8149 = PCURVE('',#1774,#8150);
#8150 = DEFINITIONAL_REPRESENTATION('',(#8151),#8154);
#8151 = B_SPLINE_CURVE_WITH_KNOTS('',1,(#8152,#8153),.UNSPECIFIED.,.F.,
  .F.,(2,2),(0.,1.570796326795),.PIECEWISE_BEZIER_KNOTS.);
#8152 = CARTESIAN_POINT('',(-1.307727107221,0.));
#8153 = CARTESIAN_POINT('',(-1.307727107221,1.570796326795));
#8154 = ( GEOMETRIC_REPRESENTATION_CONTEXT(2) 
PARAMETRIC_REPRESENTATION_CONTEXT() REPRESENTATION_CONTEXT('2D SPACE',''
  ) );
#8155 = ORIENTED_EDGE('',*,*,#1786,.T.);
#8156 = ORIENTED_EDGE('',*,*,#2647,.F.);
#8157 = ADVANCED_FACE('',(#8158),#1774,.T.);
#8158 = FACE_BOUND('',#8159,.F.);
#8159 = EDGE_LOOP('',(#8160,#8182,#8209,#8210));
#8160 = ORIENTED_EDGE('',*,*,#8161,.F.);
#8161 = EDGE_CURVE('',#8162,#1730,#8164,.T.);
#8162 = VERTEX_POINT('',#8163);
#8163 = CARTESIAN_POINT('',(-166.8,340.,100.84203173517));
#8164 = SURFACE_CURVE('',#8165,(#8170,#8176),.PCURVE_S1.);
#8165 = CIRCLE('',#8166,3.2);
#8166 = AXIS2_PLACEMENT_3D('',#8167,#8168,#8169);
#8167 = CARTESIAN_POINT('',(-166.8,336.8,100.84203173517));
#8168 = DIRECTION('',(0.,-0.,1.));
#8169 = DIRECTION('',(0.,1.,0.));
#8170 = PCURVE('',#1774,#8171);
#8171 = DEFINITIONAL_REPRESENTATION('',(#8172),#8175);
#8172 = B_SPLINE_CURVE_WITH_KNOTS('',1,(#8173,#8174),.UNSPECIFIED.,.F.,
  .F.,(2,2),(0.,1.570796326795),.PIECEWISE_BEZIER_KNOTS.);
#8173 = CARTESIAN_POINT('',(0.,0.));
#8174 = CARTESIAN_POINT('',(0.,1.570796326795));
#8175 = ( GEOMETRIC_REPRESENTATION_CONTEXT(2) 
PARAMETRIC_REPRESENTATION_CONTEXT() REPRESENTATION_CONTEXT('2D SPACE',''
  ) );
#8176 = PCURVE('',#1745,#8177);
#8177 = DEFINITIONAL_REPRESENTATION('',(#8178),#8181);
#8178 = B_SPLINE_CURVE_WITH_KNOTS('',1,(#8179,#8180),.UNSPECIFIED.,.F.,
  .F.,(2,2),(0.,1.570796326795),.PIECEWISE_BEZIER_KNOTS.);
#8179 = CARTESIAN_POINT('',(0.,93.842031735176));
#8180 = CARTESIAN_POINT('',(1.570796326795,93.842031735176));
#8181 = ( GEOMETRIC_REPRESENTATION_CONTEXT(2) 
PARAMETRIC_REPRESENTATION_CONTEXT() REPRESENTATION_CONTEXT('2D SPACE',''
  ) );
#8182 = ORIENTED_EDGE('',*,*,#8183,.T.);
#8183 = EDGE_CURVE('',#8162,#8114,#8184,.T.);
#8184 = SURFACE_CURVE('',#8185,(#8190,#8197),.PCURVE_S1.);
#8185 = CIRCLE('',#8186,25.);
#8186 = AXIS2_PLACEMENT_3D('',#8187,#8188,#8189);
#8187 = CARTESIAN_POINT('',(-166.8,315.,100.84203173517));
#8188 = DIRECTION('',(1.,0.,0.));
#8189 = DIRECTION('',(-0.,1.,0.));
#8190 = PCURVE('',#1774,#8191);
#8191 = DEFINITIONAL_REPRESENTATION('',(#8192),#8196);
#8192 = LINE('',#8193,#8194);
#8193 = CARTESIAN_POINT('',(-0.,0.));
#8194 = VECTOR('',#8195,1.);
#8195 = DIRECTION('',(-1.,0.));
#8196 = ( GEOMETRIC_REPRESENTATION_CONTEXT(2) 
PARAMETRIC_REPRESENTATION_CONTEXT() REPRESENTATION_CONTEXT('2D SPACE',''
  ) );
#8197 = PCURVE('',#8198,#8203);
#8198 = CYLINDRICAL_SURFACE('',#8199,25.);
#8199 = AXIS2_PLACEMENT_3D('',#8200,#8201,#8202);
#8200 = CARTESIAN_POINT('',(-166.,315.,100.84203173517));
#8201 = DIRECTION('',(1.,0.,0.));
#8202 = DIRECTION('',(0.,1.,0.));
#8203 = DEFINITIONAL_REPRESENTATION('',(#8204),#8208);
#8204 = LINE('',#8205,#8206);
#8205 = CARTESIAN_POINT('',(0.,-0.8));
#8206 = VECTOR('',#8207,1.);
#8207 = DIRECTION('',(1.,0.));
#8208 = ( GEOMETRIC_REPRESENTATION_CONTEXT(2) 
PARAMETRIC_REPRESENTATION_CONTEXT() REPRESENTATION_CONTEXT('2D SPACE',''
  ) );
#8209 = ORIENTED_EDGE('',*,*,#8136,.T.);
#8210 = ORIENTED_EDGE('',*,*,#1757,.F.);
#8211 = ADVANCED_FACE('',(#8212),#1745,.T.);
#8212 = FACE_BOUND('',#8213,.T.);
#8213 = EDGE_LOOP('',(#8214,#8236,#8237,#8238));
#8214 = ORIENTED_EDGE('',*,*,#8215,.T.);
#8215 = EDGE_CURVE('',#8216,#1701,#8218,.T.);
#8216 = VERTEX_POINT('',#8217);
#8217 = CARTESIAN_POINT('',(-166.8,340.,6.999999999997));
#8218 = SURFACE_CURVE('',#8219,(#8224,#8230),.PCURVE_S1.);
#8219 = CIRCLE('',#8220,3.2);
#8220 = AXIS2_PLACEMENT_3D('',#8221,#8222,#8223);
#8221 = CARTESIAN_POINT('',(-166.8,336.8,6.999999999997));
#8222 = DIRECTION('',(0.,6.123233995737E-17,1.));
#8223 = DIRECTION('',(0.,1.,-6.123233995737E-17));
#8224 = PCURVE('',#1745,#8225);
#8225 = DEFINITIONAL_REPRESENTATION('',(#8226),#8229);
#8226 = B_SPLINE_CURVE_WITH_KNOTS('',1,(#8227,#8228),.UNSPECIFIED.,.F.,
  .F.,(2,2),(0.,1.570796326795),.PIECEWISE_BEZIER_KNOTS.);
#8227 = CARTESIAN_POINT('',(0.,2.273736754432E-13));
#8228 = CARTESIAN_POINT('',(1.570796326795,2.273736754432E-13));
#8229 = ( GEOMETRIC_REPRESENTATION_CONTEXT(2) 
PARAMETRIC_REPRESENTATION_CONTEXT() REPRESENTATION_CONTEXT('2D SPACE',''
  ) );
#8230 = PCURVE('',#1717,#8231);
#8231 = DEFINITIONAL_REPRESENTATION('',(#8232),#8235);
#8232 = B_SPLINE_CURVE_WITH_KNOTS('',1,(#8233,#8234),.UNSPECIFIED.,.F.,
  .F.,(2,2),(0.,1.570796326795),.PIECEWISE_BEZIER_KNOTS.);
#8233 = CARTESIAN_POINT('',(-1.570796326795,0.));
#8234 = CARTESIAN_POINT('',(-1.570796326795,1.570796326795));
#8235 = ( GEOMETRIC_REPRESENTATION_CONTEXT(2) 
PARAMETRIC_REPRESENTATION_CONTEXT() REPRESENTATION_CONTEXT('2D SPACE',''
  ) );
#8236 = ORIENTED_EDGE('',*,*,#1729,.T.);
#8237 = ORIENTED_EDGE('',*,*,#8161,.F.);
#8238 = ORIENTED_EDGE('',*,*,#8239,.F.);
#8239 = EDGE_CURVE('',#8216,#8162,#8240,.T.);
#8240 = SURFACE_CURVE('',#8241,(#8245,#8252),.PCURVE_S1.);
#8241 = LINE('',#8242,#8243);
#8242 = CARTESIAN_POINT('',(-166.8,340.,6.999999999997));
#8243 = VECTOR('',#8244,1.);
#8244 = DIRECTION('',(0.,0.,1.));
#8245 = PCURVE('',#1745,#8246);
#8246 = DEFINITIONAL_REPRESENTATION('',(#8247),#8251);
#8247 = LINE('',#8248,#8249);
#8248 = CARTESIAN_POINT('',(0.,0.));
#8249 = VECTOR('',#8250,1.);
#8250 = DIRECTION('',(0.,1.));
#8251 = ( GEOMETRIC_REPRESENTATION_CONTEXT(2) 
PARAMETRIC_REPRESENTATION_CONTEXT() REPRESENTATION_CONTEXT('2D SPACE',''
  ) );
#8252 = PCURVE('',#8253,#8258);
#8253 = PLANE('',#8254);
#8254 = AXIS2_PLACEMENT_3D('',#8255,#8256,#8257);
#8255 = CARTESIAN_POINT('',(-166.,340.,6.999999999997));
#8256 = DIRECTION('',(0.,1.,0.));
#8257 = DIRECTION('',(0.,-0.,1.));
#8258 = DEFINITIONAL_REPRESENTATION('',(#8259),#8263);
#8259 = LINE('',#8260,#8261);
#8260 = CARTESIAN_POINT('',(-1.7763568394E-15,-0.8));
#8261 = VECTOR('',#8262,1.);
#8262 = DIRECTION('',(1.,0.));
#8263 = ( GEOMETRIC_REPRESENTATION_CONTEXT(2) 
PARAMETRIC_REPRESENTATION_CONTEXT() REPRESENTATION_CONTEXT('2D SPACE',''
  ) );
#8264 = ADVANCED_FACE('',(#8265),#1717,.T.);
#8265 = FACE_BOUND('',#8266,.F.);
#8266 = EDGE_LOOP('',(#8267,#8268,#8290,#8291));
#8267 = ORIENTED_EDGE('',*,*,#2827,.F.);
#8268 = ORIENTED_EDGE('',*,*,#8269,.T.);
#8269 = EDGE_CURVE('',#2803,#8216,#8270,.T.);
#8270 = SURFACE_CURVE('',#8271,(#8276,#8283),.PCURVE_S1.);
#8271 = CIRCLE('',#8272,7.);
#8272 = AXIS2_PLACEMENT_3D('',#8273,#8274,#8275);
#8273 = CARTESIAN_POINT('',(-166.8,333.,6.999999999997));
#8274 = DIRECTION('',(1.,0.,0.));
#8275 = DIRECTION('',(0.,0.,-1.));
#8276 = PCURVE('',#1717,#8277);
#8277 = DEFINITIONAL_REPRESENTATION('',(#8278),#8282);
#8278 = LINE('',#8279,#8280);
#8279 = CARTESIAN_POINT('',(-0.,0.));
#8280 = VECTOR('',#8281,1.);
#8281 = DIRECTION('',(-1.,0.));
#8282 = ( GEOMETRIC_REPRESENTATION_CONTEXT(2) 
PARAMETRIC_REPRESENTATION_CONTEXT() REPRESENTATION_CONTEXT('2D SPACE',''
  ) );
#8283 = PCURVE('',#3821,#8284);
#8284 = DEFINITIONAL_REPRESENTATION('',(#8285),#8289);
#8285 = LINE('',#8286,#8287);
#8286 = CARTESIAN_POINT('',(4.712388980385,-0.8));
#8287 = VECTOR('',#8288,1.);
#8288 = DIRECTION('',(1.,0.));
#8289 = ( GEOMETRIC_REPRESENTATION_CONTEXT(2) 
PARAMETRIC_REPRESENTATION_CONTEXT() REPRESENTATION_CONTEXT('2D SPACE',''
  ) );
#8290 = ORIENTED_EDGE('',*,*,#8215,.T.);
#8291 = ORIENTED_EDGE('',*,*,#1700,.F.);
#8292 = ADVANCED_FACE('',(#8293),#2636,.T.);
#8293 = FACE_BOUND('',#8294,.T.);
#8294 = EDGE_LOOP('',(#8295,#8318,#8319,#8320));
#8295 = ORIENTED_EDGE('',*,*,#8296,.F.);
#8296 = EDGE_CURVE('',#8114,#8297,#8299,.T.);
#8297 = VERTEX_POINT('',#8298);
#8298 = CARTESIAN_POINT('',(-165.2,321.50113498525,124.98194150931));
#8299 = SURFACE_CURVE('',#8300,(#8304,#8311),.PCURVE_S1.);
#8300 = LINE('',#8301,#8302);
#8301 = CARTESIAN_POINT('',(-170.,321.50113498525,124.98194150931));
#8302 = VECTOR('',#8303,1.);
#8303 = DIRECTION('',(1.,0.,0.));
#8304 = PCURVE('',#2636,#8305);
#8305 = DEFINITIONAL_REPRESENTATION('',(#8306),#8310);
#8306 = LINE('',#8307,#8308);
#8307 = CARTESIAN_POINT('',(1.17166534985E-13,-4.));
#8308 = VECTOR('',#8309,1.);
#8309 = DIRECTION('',(0.,1.));
#8310 = ( GEOMETRIC_REPRESENTATION_CONTEXT(2) 
PARAMETRIC_REPRESENTATION_CONTEXT() REPRESENTATION_CONTEXT('2D SPACE',''
  ) );
#8311 = PCURVE('',#8198,#8312);
#8312 = DEFINITIONAL_REPRESENTATION('',(#8313),#8317);
#8313 = LINE('',#8314,#8315);
#8314 = CARTESIAN_POINT('',(1.307727107221,-4.));
#8315 = VECTOR('',#8316,1.);
#8316 = DIRECTION('',(-0.,1.));
#8317 = ( GEOMETRIC_REPRESENTATION_CONTEXT(2) 
PARAMETRIC_REPRESENTATION_CONTEXT() REPRESENTATION_CONTEXT('2D SPACE',''
  ) );
#8318 = ORIENTED_EDGE('',*,*,#8113,.T.);
#8319 = ORIENTED_EDGE('',*,*,#2620,.F.);
#8320 = ORIENTED_EDGE('',*,*,#8321,.F.);
#8321 = EDGE_CURVE('',#8297,#2588,#8322,.T.);
#8322 = SURFACE_CURVE('',#8323,(#8327,#8334),.PCURVE_S1.);
#8323 = LINE('',#8324,#8325);
#8324 = CARTESIAN_POINT('',(-165.2,321.50113498525,124.98194150931));
#8325 = VECTOR('',#8326,1.);
#8326 = DIRECTION('',(0.,-0.965596390966,0.26004539941));
#8327 = PCURVE('',#2636,#8328);
#8328 = DEFINITIONAL_REPRESENTATION('',(#8329),#8333);
#8329 = LINE('',#8330,#8331);
#8330 = CARTESIAN_POINT('',(0.,0.8));
#8331 = VECTOR('',#8332,1.);
#8332 = DIRECTION('',(1.,0.));
#8333 = ( GEOMETRIC_REPRESENTATION_CONTEXT(2) 
PARAMETRIC_REPRESENTATION_CONTEXT() REPRESENTATION_CONTEXT('2D SPACE',''
  ) );
#8334 = PCURVE('',#2604,#8335);
#8335 = DEFINITIONAL_REPRESENTATION('',(#8336),#8340);
#8336 = LINE('',#8337,#8338);
#8337 = CARTESIAN_POINT('',(-0.,0.));
#8338 = VECTOR('',#8339,1.);
#8339 = DIRECTION('',(-0.,1.));
#8340 = ( GEOMETRIC_REPRESENTATION_CONTEXT(2) 
PARAMETRIC_REPRESENTATION_CONTEXT() REPRESENTATION_CONTEXT('2D SPACE',''
  ) );
#8341 = ADVANCED_FACE('',(#8342),#2604,.T.);
#8342 = FACE_BOUND('',#8343,.F.);
#8343 = EDGE_LOOP('',(#8344,#8345,#8372,#8391));
#8344 = ORIENTED_EDGE('',*,*,#8321,.F.);
#8345 = ORIENTED_EDGE('',*,*,#8346,.T.);
#8346 = EDGE_CURVE('',#8297,#8347,#8349,.T.);
#8347 = VERTEX_POINT('',#8348);
#8348 = CARTESIAN_POINT('',(-162.8527871265,321.23458646176,
    123.9921978227));
#8349 = SURFACE_CURVE('',#8350,(#8355,#8361),.PCURVE_S1.);
#8350 = CIRCLE('',#8351,3.2);
#8351 = AXIS2_PLACEMENT_3D('',#8352,#8353,#8354);
#8352 = CARTESIAN_POINT('',(-165.2,320.66898970713,121.89203305822));
#8353 = DIRECTION('',(0.,0.965596390966,-0.26004539941));
#8354 = DIRECTION('',(0.,0.26004539941,0.965596390966));
#8355 = PCURVE('',#2604,#8356);
#8356 = DEFINITIONAL_REPRESENTATION('',(#8357),#8360);
#8357 = B_SPLINE_CURVE_WITH_KNOTS('',1,(#8358,#8359),.UNSPECIFIED.,.F.,
  .F.,(2,2),(0.,1.570796326795),.PIECEWISE_BEZIER_KNOTS.);
#8358 = CARTESIAN_POINT('',(0.,1.17166534985E-13));
#8359 = CARTESIAN_POINT('',(-1.570796326795,1.17166534985E-13));
#8360 = ( GEOMETRIC_REPRESENTATION_CONTEXT(2) 
PARAMETRIC_REPRESENTATION_CONTEXT() REPRESENTATION_CONTEXT('2D SPACE',''
  ) );
#8361 = PCURVE('',#8362,#8367);
#8362 = TOROIDAL_SURFACE('',#8363,21.8,3.2);
#8363 = AXIS2_PLACEMENT_3D('',#8364,#8365,#8366);
#8364 = CARTESIAN_POINT('',(-165.2,315.,100.84203173517));
#8365 = DIRECTION('',(1.,0.,0.));
#8366 = DIRECTION('',(-0.,1.,0.));
#8367 = DEFINITIONAL_REPRESENTATION('',(#8368),#8371);
#8368 = B_SPLINE_CURVE_WITH_KNOTS('',1,(#8369,#8370),.UNSPECIFIED.,.F.,
  .F.,(2,2),(0.,1.570796326795),.PIECEWISE_BEZIER_KNOTS.);
#8369 = CARTESIAN_POINT('',(1.307727107221,0.));
#8370 = CARTESIAN_POINT('',(1.307727107221,1.570796326795));
#8371 = ( GEOMETRIC_REPRESENTATION_CONTEXT(2) 
PARAMETRIC_REPRESENTATION_CONTEXT() REPRESENTATION_CONTEXT('2D SPACE',''
  ) );
#8372 = ORIENTED_EDGE('',*,*,#8373,.T.);
#8373 = EDGE_CURVE('',#8347,#2555,#8374,.T.);
#8374 = SURFACE_CURVE('',#8375,(#8379,#8385),.PCURVE_S1.);
#8375 = LINE('',#8376,#8377);
#8376 = CARTESIAN_POINT('',(-162.8527871265,321.23458646176,
    123.9921978227));
#8377 = VECTOR('',#8378,1.);
#8378 = DIRECTION('',(0.,-0.965596390966,0.26004539941));
#8379 = PCURVE('',#2604,#8380);
#8380 = DEFINITIONAL_REPRESENTATION('',(#8381),#8384);
#8381 = B_SPLINE_CURVE_WITH_KNOTS('',1,(#8382,#8383),.UNSPECIFIED.,.F.,
  .F.,(2,2),(-5.999999472677E-07,34.05771444474),
  .PIECEWISE_BEZIER_KNOTS.);
#8382 = CARTESIAN_POINT('',(-0.823463073534,-5.999998333588E-07));
#8383 = CARTESIAN_POINT('',(-0.823463073534,34.05771444474));
#8384 = ( GEOMETRIC_REPRESENTATION_CONTEXT(2) 
PARAMETRIC_REPRESENTATION_CONTEXT() REPRESENTATION_CONTEXT('2D SPACE',''
  ) );
#8385 = PCURVE('',#2571,#8386);
#8386 = DEFINITIONAL_REPRESENTATION('',(#8387),#8390);
#8387 = B_SPLINE_CURVE_WITH_KNOTS('',1,(#8388,#8389),.UNSPECIFIED.,.F.,
  .F.,(2,2),(-5.999999472677E-07,34.05771444474),
  .PIECEWISE_BEZIER_KNOTS.);
#8388 = CARTESIAN_POINT('',(-1.154474801624,-5.999999481559E-07));
#8389 = CARTESIAN_POINT('',(-1.154474801624,34.05771444474));
#8390 = ( GEOMETRIC_REPRESENTATION_CONTEXT(2) 
PARAMETRIC_REPRESENTATION_CONTEXT() REPRESENTATION_CONTEXT('2D SPACE',''
  ) );
#8391 = ORIENTED_EDGE('',*,*,#2587,.T.);
#8392 = ADVANCED_FACE('',(#8393),#2571,.T.);
#8393 = FACE_BOUND('',#8394,.F.);
#8394 = EDGE_LOOP('',(#8395,#8396,#8423,#8444));
#8395 = ORIENTED_EDGE('',*,*,#8373,.F.);
#8396 = ORIENTED_EDGE('',*,*,#8397,.T.);
#8397 = EDGE_CURVE('',#8347,#8398,#8400,.T.);
#8398 = VERTEX_POINT('',#8399);
#8399 = CARTESIAN_POINT('',(-158.,321.50113498525,124.98194150931));
#8400 = SURFACE_CURVE('',#8401,(#8406,#8412),.PCURVE_S1.);
#8401 = CIRCLE('',#8402,12.);
#8402 = AXIS2_PLACEMENT_3D('',#8403,#8404,#8405);
#8403 = CARTESIAN_POINT('',(-158.,318.38059019233,113.39478481772));
#8404 = DIRECTION('',(0.,0.965596390966,-0.26004539941));
#8405 = DIRECTION('',(0.,0.26004539941,0.965596390966));
#8406 = PCURVE('',#2571,#8407);
#8407 = DEFINITIONAL_REPRESENTATION('',(#8408),#8411);
#8408 = B_SPLINE_CURVE_WITH_KNOTS('',1,(#8409,#8410),.UNSPECIFIED.,.F.,
  .F.,(2,2),(4.712388980385,6.28318530718),.PIECEWISE_BEZIER_KNOTS.);
#8409 = CARTESIAN_POINT('',(0.,5.858326749251E-14));
#8410 = CARTESIAN_POINT('',(-1.570796326795,5.858326749251E-14));
#8411 = ( GEOMETRIC_REPRESENTATION_CONTEXT(2) 
PARAMETRIC_REPRESENTATION_CONTEXT() REPRESENTATION_CONTEXT('2D SPACE',''
  ) );
#8412 = PCURVE('',#8413,#8418);
#8413 = TOROIDAL_SURFACE('',#8414,13.,12.);
#8414 = AXIS2_PLACEMENT_3D('',#8415,#8416,#8417);
#8415 = CARTESIAN_POINT('',(-158.,315.,100.84203173517));
#8416 = DIRECTION('',(1.,0.,0.));
#8417 = DIRECTION('',(-0.,1.,0.));
#8418 = DEFINITIONAL_REPRESENTATION('',(#8419),#8422);
#8419 = B_SPLINE_CURVE_WITH_KNOTS('',1,(#8420,#8421),.UNSPECIFIED.,.F.,
  .F.,(2,2),(4.712388980385,6.28318530718),.PIECEWISE_BEZIER_KNOTS.);
#8420 = CARTESIAN_POINT('',(1.307727107221,4.712388980385));
#8421 = CARTESIAN_POINT('',(1.307727107221,6.28318530718));
#8422 = ( GEOMETRIC_REPRESENTATION_CONTEXT(2) 
PARAMETRIC_REPRESENTATION_CONTEXT() REPRESENTATION_CONTEXT('2D SPACE',''
  ) );
#8423 = ORIENTED_EDGE('',*,*,#8424,.T.);
#8424 = EDGE_CURVE('',#8398,#2528,#8425,.T.);
#8425 = SURFACE_CURVE('',#8426,(#8430,#8437),.PCURVE_S1.);
#8426 = LINE('',#8427,#8428);
#8427 = CARTESIAN_POINT('',(-158.,321.50113498525,124.98194150931));
#8428 = VECTOR('',#8429,1.);
#8429 = DIRECTION('',(0.,-0.965596390966,0.26004539941));
#8430 = PCURVE('',#2571,#8431);
#8431 = DEFINITIONAL_REPRESENTATION('',(#8432),#8436);
#8432 = LINE('',#8433,#8434);
#8433 = CARTESIAN_POINT('',(-1.570796326795,0.));
#8434 = VECTOR('',#8435,1.);
#8435 = DIRECTION('',(-0.,1.));
#8436 = ( GEOMETRIC_REPRESENTATION_CONTEXT(2) 
PARAMETRIC_REPRESENTATION_CONTEXT() REPRESENTATION_CONTEXT('2D SPACE',''
  ) );
#8437 = PCURVE('',#2543,#8438);
#8438 = DEFINITIONAL_REPRESENTATION('',(#8439),#8443);
#8439 = LINE('',#8440,#8441);
#8440 = CARTESIAN_POINT('',(0.,-158.));
#8441 = VECTOR('',#8442,1.);
#8442 = DIRECTION('',(1.,0.));
#8443 = ( GEOMETRIC_REPRESENTATION_CONTEXT(2) 
PARAMETRIC_REPRESENTATION_CONTEXT() REPRESENTATION_CONTEXT('2D SPACE',''
  ) );
#8444 = ORIENTED_EDGE('',*,*,#2554,.T.);
#8445 = ADVANCED_FACE('',(#8446),#2543,.T.);
#8446 = FACE_BOUND('',#8447,.T.);
#8447 = EDGE_LOOP('',(#8448,#8476,#8477,#8478));
#8448 = ORIENTED_EDGE('',*,*,#8449,.F.);
#8449 = EDGE_CURVE('',#8398,#8450,#8452,.T.);
#8450 = VERTEX_POINT('',#8451);
#8451 = CARTESIAN_POINT('',(158.,321.50113498525,124.98194150931));
#8452 = SURFACE_CURVE('',#8453,(#8457,#8464),.PCURVE_S1.);
#8453 = LINE('',#8454,#8455);
#8454 = CARTESIAN_POINT('',(-170.,321.50113498525,124.98194150931));
#8455 = VECTOR('',#8456,1.);
#8456 = DIRECTION('',(1.,0.,0.));
#8457 = PCURVE('',#2543,#8458);
#8458 = DEFINITIONAL_REPRESENTATION('',(#8459),#8463);
#8459 = LINE('',#8460,#8461);
#8460 = CARTESIAN_POINT('',(5.858326749251E-14,-170.));
#8461 = VECTOR('',#8462,1.);
#8462 = DIRECTION('',(0.,1.));
#8463 = ( GEOMETRIC_REPRESENTATION_CONTEXT(2) 
PARAMETRIC_REPRESENTATION_CONTEXT() REPRESENTATION_CONTEXT('2D SPACE',''
  ) );
#8464 = PCURVE('',#8465,#8470);
#8465 = CYLINDRICAL_SURFACE('',#8466,25.);
#8466 = AXIS2_PLACEMENT_3D('',#8467,#8468,#8469);
#8467 = CARTESIAN_POINT('',(0.,315.,100.84203173517));
#8468 = DIRECTION('',(1.,0.,0.));
#8469 = DIRECTION('',(0.,1.,0.));
#8470 = DEFINITIONAL_REPRESENTATION('',(#8471),#8475);
#8471 = LINE('',#8472,#8473);
#8472 = CARTESIAN_POINT('',(1.307727107221,-170.));
#8473 = VECTOR('',#8474,1.);
#8474 = DIRECTION('',(-0.,1.));
#8475 = ( GEOMETRIC_REPRESENTATION_CONTEXT(2) 
PARAMETRIC_REPRESENTATION_CONTEXT() REPRESENTATION_CONTEXT('2D SPACE',''
  ) );
#8476 = ORIENTED_EDGE('',*,*,#8424,.T.);
#8477 = ORIENTED_EDGE('',*,*,#2527,.F.);
#8478 = ORIENTED_EDGE('',*,*,#8479,.F.);
#8479 = EDGE_CURVE('',#8450,#2495,#8480,.T.);
#8480 = SURFACE_CURVE('',#8481,(#8485,#8492),.PCURVE_S1.);
#8481 = LINE('',#8482,#8483);
#8482 = CARTESIAN_POINT('',(158.,321.50113498525,124.98194150931));
#8483 = VECTOR('',#8484,1.);
#8484 = DIRECTION('',(0.,-0.965596390966,0.26004539941));
#8485 = PCURVE('',#2543,#8486);
#8486 = DEFINITIONAL_REPRESENTATION('',(#8487),#8491);
#8487 = LINE('',#8488,#8489);
#8488 = CARTESIAN_POINT('',(0.,158.));
#8489 = VECTOR('',#8490,1.);
#8490 = DIRECTION('',(1.,0.));
#8491 = ( GEOMETRIC_REPRESENTATION_CONTEXT(2) 
PARAMETRIC_REPRESENTATION_CONTEXT() REPRESENTATION_CONTEXT('2D SPACE',''
  ) );
#8492 = PCURVE('',#2511,#8493);
#8493 = DEFINITIONAL_REPRESENTATION('',(#8494),#8498);
#8494 = LINE('',#8495,#8496);
#8495 = CARTESIAN_POINT('',(-0.,0.));
#8496 = VECTOR('',#8497,1.);
#8497 = DIRECTION('',(-0.,1.));
#8498 = ( GEOMETRIC_REPRESENTATION_CONTEXT(2) 
PARAMETRIC_REPRESENTATION_CONTEXT() REPRESENTATION_CONTEXT('2D SPACE',''
  ) );
#8499 = ADVANCED_FACE('',(#8500),#2511,.T.);
#8500 = FACE_BOUND('',#8501,.F.);
#8501 = EDGE_LOOP('',(#8502,#8503,#8530,#8549));
#8502 = ORIENTED_EDGE('',*,*,#8479,.F.);
#8503 = ORIENTED_EDGE('',*,*,#8504,.T.);
#8504 = EDGE_CURVE('',#8450,#8505,#8507,.T.);
#8505 = VERTEX_POINT('',#8506);
#8506 = CARTESIAN_POINT('',(162.85278712657,321.23458646176,
    123.9921978227));
#8507 = SURFACE_CURVE('',#8508,(#8513,#8519),.PCURVE_S1.);
#8508 = CIRCLE('',#8509,12.);
#8509 = AXIS2_PLACEMENT_3D('',#8510,#8511,#8512);
#8510 = CARTESIAN_POINT('',(158.,318.38059019233,113.39478481772));
#8511 = DIRECTION('',(0.,0.965596390966,-0.26004539941));
#8512 = DIRECTION('',(0.,0.26004539941,0.965596390966));
#8513 = PCURVE('',#2511,#8514);
#8514 = DEFINITIONAL_REPRESENTATION('',(#8515),#8518);
#8515 = B_SPLINE_CURVE_WITH_KNOTS('',1,(#8516,#8517),.UNSPECIFIED.,.F.,
  .F.,(2,2),(0.,1.570796326795),.PIECEWISE_BEZIER_KNOTS.);
#8516 = CARTESIAN_POINT('',(0.,5.858326749251E-14));
#8517 = CARTESIAN_POINT('',(-1.570796326795,5.858326749251E-14));
#8518 = ( GEOMETRIC_REPRESENTATION_CONTEXT(2) 
PARAMETRIC_REPRESENTATION_CONTEXT() REPRESENTATION_CONTEXT('2D SPACE',''
  ) );
#8519 = PCURVE('',#8520,#8525);
#8520 = TOROIDAL_SURFACE('',#8521,13.,12.);
#8521 = AXIS2_PLACEMENT_3D('',#8522,#8523,#8524);
#8522 = CARTESIAN_POINT('',(158.,315.,100.84203173517));
#8523 = DIRECTION('',(1.,0.,0.));
#8524 = DIRECTION('',(-0.,1.,0.));
#8525 = DEFINITIONAL_REPRESENTATION('',(#8526),#8529);
#8526 = B_SPLINE_CURVE_WITH_KNOTS('',1,(#8527,#8528),.UNSPECIFIED.,.F.,
  .F.,(2,2),(0.,1.570796326795),.PIECEWISE_BEZIER_KNOTS.);
#8527 = CARTESIAN_POINT('',(1.307727107221,0.));
#8528 = CARTESIAN_POINT('',(1.307727107221,1.570796326795));
#8529 = ( GEOMETRIC_REPRESENTATION_CONTEXT(2) 
PARAMETRIC_REPRESENTATION_CONTEXT() REPRESENTATION_CONTEXT('2D SPACE',''
  ) );
#8530 = ORIENTED_EDGE('',*,*,#8531,.T.);
#8531 = EDGE_CURVE('',#8505,#2462,#8532,.T.);
#8532 = SURFACE_CURVE('',#8533,(#8537,#8543),.PCURVE_S1.);
#8533 = LINE('',#8534,#8535);
#8534 = CARTESIAN_POINT('',(162.85278712657,321.23458646176,
    123.9921978227));
#8535 = VECTOR('',#8536,1.);
#8536 = DIRECTION('',(0.,-0.965596390966,0.26004539941));
#8537 = PCURVE('',#2511,#8538);
#8538 = DEFINITIONAL_REPRESENTATION('',(#8539),#8542);
#8539 = B_SPLINE_CURVE_WITH_KNOTS('',1,(#8540,#8541),.UNSPECIFIED.,.F.,
  .F.,(2,2),(-5.999999472677E-07,34.05771444474),
  .PIECEWISE_BEZIER_KNOTS.);
#8540 = CARTESIAN_POINT('',(-0.416321525171,-5.999999481559E-07));
#8541 = CARTESIAN_POINT('',(-0.416321525171,34.05771444474));
#8542 = ( GEOMETRIC_REPRESENTATION_CONTEXT(2) 
PARAMETRIC_REPRESENTATION_CONTEXT() REPRESENTATION_CONTEXT('2D SPACE',''
  ) );
#8543 = PCURVE('',#2478,#8544);
#8544 = DEFINITIONAL_REPRESENTATION('',(#8545),#8548);
#8545 = B_SPLINE_CURVE_WITH_KNOTS('',1,(#8546,#8547),.UNSPECIFIED.,.F.,
  .F.,(2,2),(-5.999999472677E-07,34.05771444474),
  .PIECEWISE_BEZIER_KNOTS.);
#8546 = CARTESIAN_POINT('',(0.823463073534,-5.999998333588E-07));
#8547 = CARTESIAN_POINT('',(0.823463073534,34.05771444474));
#8548 = ( GEOMETRIC_REPRESENTATION_CONTEXT(2) 
PARAMETRIC_REPRESENTATION_CONTEXT() REPRESENTATION_CONTEXT('2D SPACE',''
  ) );
#8549 = ORIENTED_EDGE('',*,*,#2494,.T.);
#8550 = ADVANCED_FACE('',(#8551),#2478,.T.);
#8551 = FACE_BOUND('',#8552,.T.);
#8552 = EDGE_LOOP('',(#8553,#8576,#8601,#8602));
#8553 = ORIENTED_EDGE('',*,*,#8554,.F.);
#8554 = EDGE_CURVE('',#8555,#2435,#8557,.T.);
#8555 = VERTEX_POINT('',#8556);
#8556 = CARTESIAN_POINT('',(165.2,321.50113498525,124.98194150931));
#8557 = SURFACE_CURVE('',#8558,(#8562,#8569),.PCURVE_S1.);
#8558 = LINE('',#8559,#8560);
#8559 = CARTESIAN_POINT('',(165.2,321.50113498525,124.98194150931));
#8560 = VECTOR('',#8561,1.);
#8561 = DIRECTION('',(0.,-0.965596390966,0.26004539941));
#8562 = PCURVE('',#2478,#8563);
#8563 = DEFINITIONAL_REPRESENTATION('',(#8564),#8568);
#8564 = LINE('',#8565,#8566);
#8565 = CARTESIAN_POINT('',(0.,0.));
#8566 = VECTOR('',#8567,1.);
#8567 = DIRECTION('',(0.,1.));
#8568 = ( GEOMETRIC_REPRESENTATION_CONTEXT(2) 
PARAMETRIC_REPRESENTATION_CONTEXT() REPRESENTATION_CONTEXT('2D SPACE',''
  ) );
#8569 = PCURVE('',#2450,#8570);
#8570 = DEFINITIONAL_REPRESENTATION('',(#8571),#8575);
#8571 = LINE('',#8572,#8573);
#8572 = CARTESIAN_POINT('',(0.,-0.8));
#8573 = VECTOR('',#8574,1.);
#8574 = DIRECTION('',(1.,0.));
#8575 = ( GEOMETRIC_REPRESENTATION_CONTEXT(2) 
PARAMETRIC_REPRESENTATION_CONTEXT() REPRESENTATION_CONTEXT('2D SPACE',''
  ) );
#8576 = ORIENTED_EDGE('',*,*,#8577,.T.);
#8577 = EDGE_CURVE('',#8555,#8505,#8578,.T.);
#8578 = SURFACE_CURVE('',#8579,(#8584,#8590),.PCURVE_S1.);
#8579 = CIRCLE('',#8580,3.2);
#8580 = AXIS2_PLACEMENT_3D('',#8581,#8582,#8583);
#8581 = CARTESIAN_POINT('',(165.2,320.66898970713,121.89203305822));
#8582 = DIRECTION('',(0.,-0.965596390966,0.26004539941));
#8583 = DIRECTION('',(-0.,0.26004539941,0.965596390966));
#8584 = PCURVE('',#2478,#8585);
#8585 = DEFINITIONAL_REPRESENTATION('',(#8586),#8589);
#8586 = B_SPLINE_CURVE_WITH_KNOTS('',1,(#8587,#8588),.UNSPECIFIED.,.F.,
  .F.,(2,2),(0.,1.570796326795),.PIECEWISE_BEZIER_KNOTS.);
#8587 = CARTESIAN_POINT('',(0.,1.17166534985E-13));
#8588 = CARTESIAN_POINT('',(1.570796326795,1.17166534985E-13));
#8589 = ( GEOMETRIC_REPRESENTATION_CONTEXT(2) 
PARAMETRIC_REPRESENTATION_CONTEXT() REPRESENTATION_CONTEXT('2D SPACE',''
  ) );
#8590 = PCURVE('',#8591,#8596);
#8591 = TOROIDAL_SURFACE('',#8592,21.8,3.2);
#8592 = AXIS2_PLACEMENT_3D('',#8593,#8594,#8595);
#8593 = CARTESIAN_POINT('',(165.2,315.,100.84203173517));
#8594 = DIRECTION('',(-1.,-0.,-0.));
#8595 = DIRECTION('',(-0.,1.,0.));
#8596 = DEFINITIONAL_REPRESENTATION('',(#8597),#8600);
#8597 = B_SPLINE_CURVE_WITH_KNOTS('',1,(#8598,#8599),.UNSPECIFIED.,.F.,
  .F.,(2,2),(0.,1.570796326795),.PIECEWISE_BEZIER_KNOTS.);
#8598 = CARTESIAN_POINT('',(-1.307727107221,0.));
#8599 = CARTESIAN_POINT('',(-1.307727107221,1.570796326795));
#8600 = ( GEOMETRIC_REPRESENTATION_CONTEXT(2) 
PARAMETRIC_REPRESENTATION_CONTEXT() REPRESENTATION_CONTEXT('2D SPACE',''
  ) );
#8601 = ORIENTED_EDGE('',*,*,#8531,.T.);
#8602 = ORIENTED_EDGE('',*,*,#2461,.F.);
#8603 = ADVANCED_FACE('',(#8604),#2450,.T.);
#8604 = FACE_BOUND('',#8605,.T.);
#8605 = EDGE_LOOP('',(#8606,#8634,#8635,#8636));
#8606 = ORIENTED_EDGE('',*,*,#8607,.F.);
#8607 = EDGE_CURVE('',#8555,#8608,#8610,.T.);
#8608 = VERTEX_POINT('',#8609);
#8609 = CARTESIAN_POINT('',(166.8,321.50113498525,124.98194150931));
#8610 = SURFACE_CURVE('',#8611,(#8615,#8622),.PCURVE_S1.);
#8611 = LINE('',#8612,#8613);
#8612 = CARTESIAN_POINT('',(162.,321.50113498525,124.98194150931));
#8613 = VECTOR('',#8614,1.);
#8614 = DIRECTION('',(1.,0.,0.));
#8615 = PCURVE('',#2450,#8616);
#8616 = DEFINITIONAL_REPRESENTATION('',(#8617),#8621);
#8617 = LINE('',#8618,#8619);
#8618 = CARTESIAN_POINT('',(1.17166534985E-13,-4.));
#8619 = VECTOR('',#8620,1.);
#8620 = DIRECTION('',(0.,1.));
#8621 = ( GEOMETRIC_REPRESENTATION_CONTEXT(2) 
PARAMETRIC_REPRESENTATION_CONTEXT() REPRESENTATION_CONTEXT('2D SPACE',''
  ) );
#8622 = PCURVE('',#8623,#8628);
#8623 = CYLINDRICAL_SURFACE('',#8624,25.);
#8624 = AXIS2_PLACEMENT_3D('',#8625,#8626,#8627);
#8625 = CARTESIAN_POINT('',(166.,315.,100.84203173517));
#8626 = DIRECTION('',(1.,0.,0.));
#8627 = DIRECTION('',(0.,1.,0.));
#8628 = DEFINITIONAL_REPRESENTATION('',(#8629),#8633);
#8629 = LINE('',#8630,#8631);
#8630 = CARTESIAN_POINT('',(1.307727107221,-4.));
#8631 = VECTOR('',#8632,1.);
#8632 = DIRECTION('',(-0.,1.));
#8633 = ( GEOMETRIC_REPRESENTATION_CONTEXT(2) 
PARAMETRIC_REPRESENTATION_CONTEXT() REPRESENTATION_CONTEXT('2D SPACE',''
  ) );
#8634 = ORIENTED_EDGE('',*,*,#8554,.T.);
#8635 = ORIENTED_EDGE('',*,*,#2434,.F.);
#8636 = ORIENTED_EDGE('',*,*,#8637,.F.);
#8637 = EDGE_CURVE('',#8608,#2400,#8638,.T.);
#8638 = SURFACE_CURVE('',#8639,(#8643,#8650),.PCURVE_S1.);
#8639 = LINE('',#8640,#8641);
#8640 = CARTESIAN_POINT('',(166.8,321.50113498525,124.98194150931));
#8641 = VECTOR('',#8642,1.);
#8642 = DIRECTION('',(0.,-0.965596390966,0.26004539941));
#8643 = PCURVE('',#2450,#8644);
#8644 = DEFINITIONAL_REPRESENTATION('',(#8645),#8649);
#8645 = LINE('',#8646,#8647);
#8646 = CARTESIAN_POINT('',(0.,0.8));
#8647 = VECTOR('',#8648,1.);
#8648 = DIRECTION('',(1.,0.));
#8649 = ( GEOMETRIC_REPRESENTATION_CONTEXT(2) 
PARAMETRIC_REPRESENTATION_CONTEXT() REPRESENTATION_CONTEXT('2D SPACE',''
  ) );
#8650 = PCURVE('',#2416,#8651);
#8651 = DEFINITIONAL_REPRESENTATION('',(#8652),#8656);
#8652 = LINE('',#8653,#8654);
#8653 = CARTESIAN_POINT('',(-0.,0.));
#8654 = VECTOR('',#8655,1.);
#8655 = DIRECTION('',(-0.,1.));
#8656 = ( GEOMETRIC_REPRESENTATION_CONTEXT(2) 
PARAMETRIC_REPRESENTATION_CONTEXT() REPRESENTATION_CONTEXT('2D SPACE',''
  ) );
#8657 = ADVANCED_FACE('',(#8658),#2416,.T.);
#8658 = FACE_BOUND('',#8659,.F.);
#8659 = EDGE_LOOP('',(#8660,#8661,#8681,#8682));
#8660 = ORIENTED_EDGE('',*,*,#8637,.F.);
#8661 = ORIENTED_EDGE('',*,*,#8662,.T.);
#8662 = EDGE_CURVE('',#8608,#4816,#8663,.T.);
#8663 = SURFACE_CURVE('',#8664,(#8669,#8675),.PCURVE_S1.);
#8664 = CIRCLE('',#8665,3.2);
#8665 = AXIS2_PLACEMENT_3D('',#8666,#8667,#8668);
#8666 = CARTESIAN_POINT('',(166.8,320.66898970713,121.89203305822));
#8667 = DIRECTION('',(0.,0.965596390966,-0.26004539941));
#8668 = DIRECTION('',(0.,0.26004539941,0.965596390966));
#8669 = PCURVE('',#2416,#8670);
#8670 = DEFINITIONAL_REPRESENTATION('',(#8671),#8674);
#8671 = B_SPLINE_CURVE_WITH_KNOTS('',1,(#8672,#8673),.UNSPECIFIED.,.F.,
  .F.,(2,2),(0.,1.570796326795),.PIECEWISE_BEZIER_KNOTS.);
#8672 = CARTESIAN_POINT('',(0.,1.17166534985E-13));
#8673 = CARTESIAN_POINT('',(-1.570796326795,1.17166534985E-13));
#8674 = ( GEOMETRIC_REPRESENTATION_CONTEXT(2) 
PARAMETRIC_REPRESENTATION_CONTEXT() REPRESENTATION_CONTEXT('2D SPACE',''
  ) );
#8675 = PCURVE('',#4832,#8676);
#8676 = DEFINITIONAL_REPRESENTATION('',(#8677),#8680);
#8677 = B_SPLINE_CURVE_WITH_KNOTS('',1,(#8678,#8679),.UNSPECIFIED.,.F.,
  .F.,(2,2),(0.,1.570796326795),.PIECEWISE_BEZIER_KNOTS.);
#8678 = CARTESIAN_POINT('',(1.307727107221,0.));
#8679 = CARTESIAN_POINT('',(1.307727107221,1.570796326795));
#8680 = ( GEOMETRIC_REPRESENTATION_CONTEXT(2) 
PARAMETRIC_REPRESENTATION_CONTEXT() REPRESENTATION_CONTEXT('2D SPACE',''
  ) );
#8681 = ORIENTED_EDGE('',*,*,#4844,.T.);
#8682 = ORIENTED_EDGE('',*,*,#2399,.T.);
#8683 = ADVANCED_FACE('',(#8684),#2344,.F.);
#8684 = FACE_BOUND('',#8685,.F.);
#8685 = EDGE_LOOP('',(#8686,#8709,#8730,#8731));
#8686 = ORIENTED_EDGE('',*,*,#8687,.F.);
#8687 = EDGE_CURVE('',#8688,#6656,#8690,.T.);
#8688 = VERTEX_POINT('',#8689);
#8689 = CARTESIAN_POINT('',(153.5,243.,113.));
#8690 = SURFACE_CURVE('',#8691,(#8695,#8702),.PCURVE_S1.);
#8691 = LINE('',#8692,#8693);
#8692 = CARTESIAN_POINT('',(153.5,243.,113.));
#8693 = VECTOR('',#8694,1.);
#8694 = DIRECTION('',(1.,0.,-0.));
#8695 = PCURVE('',#2344,#8696);
#8696 = DEFINITIONAL_REPRESENTATION('',(#8697),#8701);
#8697 = LINE('',#8698,#8699);
#8698 = CARTESIAN_POINT('',(0.,0.));
#8699 = VECTOR('',#8700,1.);
#8700 = DIRECTION('',(0.,1.));
#8701 = ( GEOMETRIC_REPRESENTATION_CONTEXT(2) 
PARAMETRIC_REPRESENTATION_CONTEXT() REPRESENTATION_CONTEXT('2D SPACE',''
  ) );
#8702 = PCURVE('',#6576,#8703);
#8703 = DEFINITIONAL_REPRESENTATION('',(#8704),#8708);
#8704 = LINE('',#8705,#8706);
#8705 = CARTESIAN_POINT('',(0.,0.));
#8706 = VECTOR('',#8707,1.);
#8707 = DIRECTION('',(1.,0.));
#8708 = ( GEOMETRIC_REPRESENTATION_CONTEXT(2) 
PARAMETRIC_REPRESENTATION_CONTEXT() REPRESENTATION_CONTEXT('2D SPACE',''
  ) );
#8709 = ORIENTED_EDGE('',*,*,#8710,.T.);
#8710 = EDGE_CURVE('',#8688,#2301,#8711,.T.);
#8711 = SURFACE_CURVE('',#8712,(#8716,#8723),.PCURVE_S1.);
#8712 = LINE('',#8713,#8714);
#8713 = CARTESIAN_POINT('',(153.5,243.,113.));
#8714 = VECTOR('',#8715,1.);
#8715 = DIRECTION('',(0.,0.,1.));
#8716 = PCURVE('',#2344,#8717);
#8717 = DEFINITIONAL_REPRESENTATION('',(#8718),#8722);
#8718 = LINE('',#8719,#8720);
#8719 = CARTESIAN_POINT('',(0.,0.));
#8720 = VECTOR('',#8721,1.);
#8721 = DIRECTION('',(1.,0.));
#8722 = ( GEOMETRIC_REPRESENTATION_CONTEXT(2) 
PARAMETRIC_REPRESENTATION_CONTEXT() REPRESENTATION_CONTEXT('2D SPACE',''
  ) );
#8723 = PCURVE('',#2316,#8724);
#8724 = DEFINITIONAL_REPRESENTATION('',(#8725),#8729);
#8725 = LINE('',#8726,#8727);
#8726 = CARTESIAN_POINT('',(0.,0.));
#8727 = VECTOR('',#8728,1.);
#8728 = DIRECTION('',(1.,0.));
#8729 = ( GEOMETRIC_REPRESENTATION_CONTEXT(2) 
PARAMETRIC_REPRESENTATION_CONTEXT() REPRESENTATION_CONTEXT('2D SPACE',''
  ) );
#8730 = ORIENTED_EDGE('',*,*,#2328,.T.);
#8731 = ORIENTED_EDGE('',*,*,#6676,.F.);
#8732 = ADVANCED_FACE('',(#8733),#2316,.F.);
#8733 = FACE_BOUND('',#8734,.F.);
#8734 = EDGE_LOOP('',(#8735,#8736,#8759,#8780));
#8735 = ORIENTED_EDGE('',*,*,#8710,.F.);
#8736 = ORIENTED_EDGE('',*,*,#8737,.T.);
#8737 = EDGE_CURVE('',#8688,#8738,#8740,.T.);
#8738 = VERTEX_POINT('',#8739);
#8739 = CARTESIAN_POINT('',(153.5,257.,113.));
#8740 = SURFACE_CURVE('',#8741,(#8745,#8752),.PCURVE_S1.);
#8741 = LINE('',#8742,#8743);
#8742 = CARTESIAN_POINT('',(153.5,243.,113.));
#8743 = VECTOR('',#8744,1.);
#8744 = DIRECTION('',(-0.,1.,0.));
#8745 = PCURVE('',#2316,#8746);
#8746 = DEFINITIONAL_REPRESENTATION('',(#8747),#8751);
#8747 = LINE('',#8748,#8749);
#8748 = CARTESIAN_POINT('',(0.,0.));
#8749 = VECTOR('',#8750,1.);
#8750 = DIRECTION('',(0.,-1.));
#8751 = ( GEOMETRIC_REPRESENTATION_CONTEXT(2) 
PARAMETRIC_REPRESENTATION_CONTEXT() REPRESENTATION_CONTEXT('2D SPACE',''
  ) );
#8752 = PCURVE('',#6576,#8753);
#8753 = DEFINITIONAL_REPRESENTATION('',(#8754),#8758);
#8754 = LINE('',#8755,#8756);
#8755 = CARTESIAN_POINT('',(0.,0.));
#8756 = VECTOR('',#8757,1.);
#8757 = DIRECTION('',(0.,1.));
#8758 = ( GEOMETRIC_REPRESENTATION_CONTEXT(2) 
PARAMETRIC_REPRESENTATION_CONTEXT() REPRESENTATION_CONTEXT('2D SPACE',''
  ) );
#8759 = ORIENTED_EDGE('',*,*,#8760,.T.);
#8760 = EDGE_CURVE('',#8738,#2273,#8761,.T.);
#8761 = SURFACE_CURVE('',#8762,(#8766,#8773),.PCURVE_S1.);
#8762 = LINE('',#8763,#8764);
#8763 = CARTESIAN_POINT('',(153.5,257.,113.));
#8764 = VECTOR('',#8765,1.);
#8765 = DIRECTION('',(0.,0.,1.));
#8766 = PCURVE('',#2316,#8767);
#8767 = DEFINITIONAL_REPRESENTATION('',(#8768),#8772);
#8768 = LINE('',#8769,#8770);
#8769 = CARTESIAN_POINT('',(0.,-14.));
#8770 = VECTOR('',#8771,1.);
#8771 = DIRECTION('',(1.,0.));
#8772 = ( GEOMETRIC_REPRESENTATION_CONTEXT(2) 
PARAMETRIC_REPRESENTATION_CONTEXT() REPRESENTATION_CONTEXT('2D SPACE',''
  ) );
#8773 = PCURVE('',#2288,#8774);
#8774 = DEFINITIONAL_REPRESENTATION('',(#8775),#8779);
#8775 = LINE('',#8776,#8777);
#8776 = CARTESIAN_POINT('',(0.,0.));
#8777 = VECTOR('',#8778,1.);
#8778 = DIRECTION('',(1.,0.));
#8779 = ( GEOMETRIC_REPRESENTATION_CONTEXT(2) 
PARAMETRIC_REPRESENTATION_CONTEXT() REPRESENTATION_CONTEXT('2D SPACE',''
  ) );
#8780 = ORIENTED_EDGE('',*,*,#2300,.F.);
#8781 = ADVANCED_FACE('',(#8782),#2288,.T.);
#8782 = FACE_BOUND('',#8783,.T.);
#8783 = EDGE_LOOP('',(#8784,#8805,#8806,#8807));
#8784 = ORIENTED_EDGE('',*,*,#8785,.F.);
#8785 = EDGE_CURVE('',#8738,#6541,#8786,.T.);
#8786 = SURFACE_CURVE('',#8787,(#8791,#8798),.PCURVE_S1.);
#8787 = LINE('',#8788,#8789);
#8788 = CARTESIAN_POINT('',(153.5,257.,113.));
#8789 = VECTOR('',#8790,1.);
#8790 = DIRECTION('',(1.,0.,-0.));
#8791 = PCURVE('',#2288,#8792);
#8792 = DEFINITIONAL_REPRESENTATION('',(#8793),#8797);
#8793 = LINE('',#8794,#8795);
#8794 = CARTESIAN_POINT('',(0.,0.));
#8795 = VECTOR('',#8796,1.);
#8796 = DIRECTION('',(0.,1.));
#8797 = ( GEOMETRIC_REPRESENTATION_CONTEXT(2) 
PARAMETRIC_REPRESENTATION_CONTEXT() REPRESENTATION_CONTEXT('2D SPACE',''
  ) );
#8798 = PCURVE('',#6576,#8799);
#8799 = DEFINITIONAL_REPRESENTATION('',(#8800),#8804);
#8800 = LINE('',#8801,#8802);
#8801 = CARTESIAN_POINT('',(0.,14.));
#8802 = VECTOR('',#8803,1.);
#8803 = DIRECTION('',(1.,0.));
#8804 = ( GEOMETRIC_REPRESENTATION_CONTEXT(2) 
PARAMETRIC_REPRESENTATION_CONTEXT() REPRESENTATION_CONTEXT('2D SPACE',''
  ) );
#8805 = ORIENTED_EDGE('',*,*,#8760,.T.);
#8806 = ORIENTED_EDGE('',*,*,#2272,.T.);
#8807 = ORIENTED_EDGE('',*,*,#6540,.F.);
#8808 = ADVANCED_FACE('',(#8809),#2234,.F.);
#8809 = FACE_BOUND('',#8810,.T.);
#8810 = EDGE_LOOP('',(#8811,#8834,#8856,#8857));
#8811 = ORIENTED_EDGE('',*,*,#8812,.F.);
#8812 = EDGE_CURVE('',#8813,#2196,#8815,.T.);
#8813 = VERTEX_POINT('',#8814);
#8814 = CARTESIAN_POINT('',(158.,320.72099878702,122.08515233641));
#8815 = SURFACE_CURVE('',#8816,(#8820,#8827),.PCURVE_S1.);
#8816 = LINE('',#8817,#8818);
#8817 = CARTESIAN_POINT('',(158.,320.72099878702,122.08515233641));
#8818 = VECTOR('',#8819,1.);
#8819 = DIRECTION('',(0.,-0.965596390966,0.26004539941));
#8820 = PCURVE('',#2234,#8821);
#8821 = DEFINITIONAL_REPRESENTATION('',(#8822),#8826);
#8822 = LINE('',#8823,#8824);
#8823 = CARTESIAN_POINT('',(-0.,0.));
#8824 = VECTOR('',#8825,1.);
#8825 = DIRECTION('',(-0.,1.));
#8826 = ( GEOMETRIC_REPRESENTATION_CONTEXT(2) 
PARAMETRIC_REPRESENTATION_CONTEXT() REPRESENTATION_CONTEXT('2D SPACE',''
  ) );
#8827 = PCURVE('',#1994,#8828);
#8828 = DEFINITIONAL_REPRESENTATION('',(#8829),#8833);
#8829 = LINE('',#8830,#8831);
#8830 = CARTESIAN_POINT('',(0.,158.));
#8831 = VECTOR('',#8832,1.);
#8832 = DIRECTION('',(1.,0.));
#8833 = ( GEOMETRIC_REPRESENTATION_CONTEXT(2) 
PARAMETRIC_REPRESENTATION_CONTEXT() REPRESENTATION_CONTEXT('2D SPACE',''
  ) );
#8834 = ORIENTED_EDGE('',*,*,#8835,.T.);
#8835 = EDGE_CURVE('',#8813,#6492,#8836,.T.);
#8836 = SURFACE_CURVE('',#8837,(#8842,#8849),.PCURVE_S1.);
#8837 = CIRCLE('',#8838,9.);
#8838 = AXIS2_PLACEMENT_3D('',#8839,#8840,#8841);
#8839 = CARTESIAN_POINT('',(158.,318.38059019233,113.39478481772));
#8840 = DIRECTION('',(0.,0.965596390966,-0.26004539941));
#8841 = DIRECTION('',(0.,0.26004539941,0.965596390966));
#8842 = PCURVE('',#2234,#8843);
#8843 = DEFINITIONAL_REPRESENTATION('',(#8844),#8848);
#8844 = LINE('',#8845,#8846);
#8845 = CARTESIAN_POINT('',(-0.,5.858326749251E-14));
#8846 = VECTOR('',#8847,1.);
#8847 = DIRECTION('',(-1.,0.));
#8848 = ( GEOMETRIC_REPRESENTATION_CONTEXT(2) 
PARAMETRIC_REPRESENTATION_CONTEXT() REPRESENTATION_CONTEXT('2D SPACE',''
  ) );
#8849 = PCURVE('',#6508,#8850);
#8850 = DEFINITIONAL_REPRESENTATION('',(#8851),#8855);
#8851 = LINE('',#8852,#8853);
#8852 = CARTESIAN_POINT('',(1.307727107221,0.));
#8853 = VECTOR('',#8854,1.);
#8854 = DIRECTION('',(0.,1.));
#8855 = ( GEOMETRIC_REPRESENTATION_CONTEXT(2) 
PARAMETRIC_REPRESENTATION_CONTEXT() REPRESENTATION_CONTEXT('2D SPACE',''
  ) );
#8856 = ORIENTED_EDGE('',*,*,#6520,.T.);
#8857 = ORIENTED_EDGE('',*,*,#2217,.T.);
#8858 = ADVANCED_FACE('',(#8859),#1994,.F.);
#8859 = FACE_BOUND('',#8860,.F.);
#8860 = EDGE_LOOP('',(#8861,#8889,#8910,#8911,#8932,#8958,#8977,#8978,
    #8999,#9025,#9044,#9045));
#8861 = ORIENTED_EDGE('',*,*,#8862,.F.);
#8862 = EDGE_CURVE('',#8863,#8813,#8865,.T.);
#8863 = VERTEX_POINT('',#8864);
#8864 = CARTESIAN_POINT('',(-158.,320.72099878702,122.08515233641));
#8865 = SURFACE_CURVE('',#8866,(#8870,#8877),.PCURVE_S1.);
#8866 = LINE('',#8867,#8868);
#8867 = CARTESIAN_POINT('',(-170.,320.72099878702,122.08515233641));
#8868 = VECTOR('',#8869,1.);
#8869 = DIRECTION('',(1.,0.,0.));
#8870 = PCURVE('',#1994,#8871);
#8871 = DEFINITIONAL_REPRESENTATION('',(#8872),#8876);
#8872 = LINE('',#8873,#8874);
#8873 = CARTESIAN_POINT('',(5.858326749251E-14,-170.));
#8874 = VECTOR('',#8875,1.);
#8875 = DIRECTION('',(0.,1.));
#8876 = ( GEOMETRIC_REPRESENTATION_CONTEXT(2) 
PARAMETRIC_REPRESENTATION_CONTEXT() REPRESENTATION_CONTEXT('2D SPACE',''
  ) );
#8877 = PCURVE('',#8878,#8883);
#8878 = CYLINDRICAL_SURFACE('',#8879,22.);
#8879 = AXIS2_PLACEMENT_3D('',#8880,#8881,#8882);
#8880 = CARTESIAN_POINT('',(0.,315.,100.84203173517));
#8881 = DIRECTION('',(1.,0.,0.));
#8882 = DIRECTION('',(0.,1.,0.));
#8883 = DEFINITIONAL_REPRESENTATION('',(#8884),#8888);
#8884 = LINE('',#8885,#8886);
#8885 = CARTESIAN_POINT('',(1.307727107221,-170.));
#8886 = VECTOR('',#8887,1.);
#8887 = DIRECTION('',(-0.,1.));
#8888 = ( GEOMETRIC_REPRESENTATION_CONTEXT(2) 
PARAMETRIC_REPRESENTATION_CONTEXT() REPRESENTATION_CONTEXT('2D SPACE',''
  ) );
#8889 = ORIENTED_EDGE('',*,*,#8890,.T.);
#8890 = EDGE_CURVE('',#8863,#1946,#8891,.T.);
#8891 = SURFACE_CURVE('',#8892,(#8896,#8903),.PCURVE_S1.);
#8892 = LINE('',#8893,#8894);
#8893 = CARTESIAN_POINT('',(-158.,320.72099878702,122.08515233641));
#8894 = VECTOR('',#8895,1.);
#8895 = DIRECTION('',(0.,-0.965596390966,0.26004539941));
#8896 = PCURVE('',#1994,#8897);
#8897 = DEFINITIONAL_REPRESENTATION('',(#8898),#8902);
#8898 = LINE('',#8899,#8900);
#8899 = CARTESIAN_POINT('',(0.,-158.));
#8900 = VECTOR('',#8901,1.);
#8901 = DIRECTION('',(1.,0.));
#8902 = ( GEOMETRIC_REPRESENTATION_CONTEXT(2) 
PARAMETRIC_REPRESENTATION_CONTEXT() REPRESENTATION_CONTEXT('2D SPACE',''
  ) );
#8903 = PCURVE('',#1962,#8904);
#8904 = DEFINITIONAL_REPRESENTATION('',(#8905),#8909);
#8905 = LINE('',#8906,#8907);
#8906 = CARTESIAN_POINT('',(-1.570796326795,0.));
#8907 = VECTOR('',#8908,1.);
#8908 = DIRECTION('',(-0.,1.));
#8909 = ( GEOMETRIC_REPRESENTATION_CONTEXT(2) 
PARAMETRIC_REPRESENTATION_CONTEXT() REPRESENTATION_CONTEXT('2D SPACE',''
  ) );
#8910 = ORIENTED_EDGE('',*,*,#1978,.F.);
#8911 = ORIENTED_EDGE('',*,*,#8912,.T.);
#8912 = EDGE_CURVE('',#1979,#8913,#8915,.T.);
#8913 = VERTEX_POINT('',#8914);
#8914 = CARTESIAN_POINT('',(-152.,314.93408048832,123.6436311112));
#8915 = SURFACE_CURVE('',#8916,(#8920,#8926),.PCURVE_S1.);
#8916 = LINE('',#8917,#8918);
#8917 = CARTESIAN_POINT('',(-152.,312.63720693348,124.26220363959));
#8918 = VECTOR('',#8919,1.);
#8919 = DIRECTION('',(-0.,0.965596390966,-0.26004539941));
#8920 = PCURVE('',#1994,#8921);
#8921 = DEFINITIONAL_REPRESENTATION('',(#8922),#8925);
#8922 = B_SPLINE_CURVE_WITH_KNOTS('',1,(#8923,#8924),.UNSPECIFIED.,.F.,
  .F.,(2,2),(-2.837182899895,2.378709755268),.PIECEWISE_BEZIER_KNOTS.);
#8923 = CARTESIAN_POINT('',(11.208995314658,-152.));
#8924 = CARTESIAN_POINT('',(5.993102659495,-152.));
#8925 = ( GEOMETRIC_REPRESENTATION_CONTEXT(2) 
PARAMETRIC_REPRESENTATION_CONTEXT() REPRESENTATION_CONTEXT('2D SPACE',''
  ) );
#8926 = PCURVE('',#2021,#8927);
#8927 = DEFINITIONAL_REPRESENTATION('',(#8928),#8931);
#8928 = B_SPLINE_CURVE_WITH_KNOTS('',1,(#8929,#8930),.UNSPECIFIED.,.F.,
  .F.,(2,2),(-2.837182899895,2.378709755268),.PIECEWISE_BEZIER_KNOTS.);
#8929 = CARTESIAN_POINT('',(12.,-8.963552876512));
#8930 = CARTESIAN_POINT('',(10.643631111208,-14.));
#8931 = ( GEOMETRIC_REPRESENTATION_CONTEXT(2) 
PARAMETRIC_REPRESENTATION_CONTEXT() REPRESENTATION_CONTEXT('2D SPACE',''
  ) );
#8932 = ORIENTED_EDGE('',*,*,#8933,.F.);
#8933 = EDGE_CURVE('',#8934,#8913,#8936,.T.);
#8934 = VERTEX_POINT('',#8935);
#8935 = CARTESIAN_POINT('',(-138.,314.93408048832,123.6436311112));
#8936 = SURFACE_CURVE('',#8937,(#8941,#8947),.PCURVE_S1.);
#8937 = LINE('',#8938,#8939);
#8938 = CARTESIAN_POINT('',(-76.,314.93408048832,123.6436311112));
#8939 = VECTOR('',#8940,1.);
#8940 = DIRECTION('',(-1.,0.,0.));
#8941 = PCURVE('',#1994,#8942);
#8942 = DEFINITIONAL_REPRESENTATION('',(#8943),#8946);
#8943 = B_SPLINE_CURVE_WITH_KNOTS('',1,(#8944,#8945),.UNSPECIFIED.,.F.,
  .F.,(2,2),(62.,76.),.PIECEWISE_BEZIER_KNOTS.);
#8944 = CARTESIAN_POINT('',(5.993102659495,-138.));
#8945 = CARTESIAN_POINT('',(5.993102659495,-152.));
#8946 = ( GEOMETRIC_REPRESENTATION_CONTEXT(2) 
PARAMETRIC_REPRESENTATION_CONTEXT() REPRESENTATION_CONTEXT('2D SPACE',''
  ) );
#8947 = PCURVE('',#8948,#8953);
#8948 = PLANE('',#8949);
#8949 = AXIS2_PLACEMENT_3D('',#8950,#8951,#8952);
#8950 = CARTESIAN_POINT('',(-152.,314.93408048832,113.));
#8951 = DIRECTION('',(-0.,1.,0.));
#8952 = DIRECTION('',(0.,0.,1.));
#8953 = DEFINITIONAL_REPRESENTATION('',(#8954),#8957);
#8954 = B_SPLINE_CURVE_WITH_KNOTS('',1,(#8955,#8956),.UNSPECIFIED.,.F.,
  .F.,(2,2),(62.,76.),.PIECEWISE_BEZIER_KNOTS.);
#8955 = CARTESIAN_POINT('',(10.643631111208,14.));
#8956 = CARTESIAN_POINT('',(10.643631111208,0.));
#8957 = ( GEOMETRIC_REPRESENTATION_CONTEXT(2) 
PARAMETRIC_REPRESENTATION_CONTEXT() REPRESENTATION_CONTEXT('2D SPACE',''
  ) );
#8958 = ORIENTED_EDGE('',*,*,#8959,.F.);
#8959 = EDGE_CURVE('',#2062,#8934,#8960,.T.);
#8960 = SURFACE_CURVE('',#8961,(#8965,#8971),.PCURVE_S1.);
#8961 = LINE('',#8962,#8963);
#8962 = CARTESIAN_POINT('',(-138.,312.63720693348,124.26220363959));
#8963 = VECTOR('',#8964,1.);
#8964 = DIRECTION('',(-0.,0.965596390966,-0.26004539941));
#8965 = PCURVE('',#1994,#8966);
#8966 = DEFINITIONAL_REPRESENTATION('',(#8967),#8970);
#8967 = B_SPLINE_CURVE_WITH_KNOTS('',1,(#8968,#8969),.UNSPECIFIED.,.F.,
  .F.,(2,2),(-2.837182899895,2.378709755268),.PIECEWISE_BEZIER_KNOTS.);
#8968 = CARTESIAN_POINT('',(11.208995314658,-138.));
#8969 = CARTESIAN_POINT('',(5.993102659495,-138.));
#8970 = ( GEOMETRIC_REPRESENTATION_CONTEXT(2) 
PARAMETRIC_REPRESENTATION_CONTEXT() REPRESENTATION_CONTEXT('2D SPACE',''
  ) );
#8971 = PCURVE('',#2077,#8972);
#8972 = DEFINITIONAL_REPRESENTATION('',(#8973),#8976);
#8973 = B_SPLINE_CURVE_WITH_KNOTS('',1,(#8974,#8975),.UNSPECIFIED.,.F.,
  .F.,(2,2),(-2.837182899895,2.378709755268),.PIECEWISE_BEZIER_KNOTS.);
#8974 = CARTESIAN_POINT('',(12.,-8.963552876512));
#8975 = CARTESIAN_POINT('',(10.643631111208,-14.));
#8976 = ( GEOMETRIC_REPRESENTATION_CONTEXT(2) 
PARAMETRIC_REPRESENTATION_CONTEXT() REPRESENTATION_CONTEXT('2D SPACE',''
  ) );
#8977 = ORIENTED_EDGE('',*,*,#2089,.F.);
#8978 = ORIENTED_EDGE('',*,*,#8979,.T.);
#8979 = EDGE_CURVE('',#2090,#8980,#8982,.T.);
#8980 = VERTEX_POINT('',#8981);
#8981 = CARTESIAN_POINT('',(138.,314.93408048832,123.6436311112));
#8982 = SURFACE_CURVE('',#8983,(#8987,#8993),.PCURVE_S1.);
#8983 = LINE('',#8984,#8985);
#8984 = CARTESIAN_POINT('',(138.,312.63720693348,124.26220363959));
#8985 = VECTOR('',#8986,1.);
#8986 = DIRECTION('',(-0.,0.965596390966,-0.26004539941));
#8987 = PCURVE('',#1994,#8988);
#8988 = DEFINITIONAL_REPRESENTATION('',(#8989),#8992);
#8989 = B_SPLINE_CURVE_WITH_KNOTS('',1,(#8990,#8991),.UNSPECIFIED.,.F.,
  .F.,(2,2),(-2.837182899895,2.378709755268),.PIECEWISE_BEZIER_KNOTS.);
#8990 = CARTESIAN_POINT('',(11.208995314658,138.));
#8991 = CARTESIAN_POINT('',(5.993102659495,138.));
#8992 = ( GEOMETRIC_REPRESENTATION_CONTEXT(2) 
PARAMETRIC_REPRESENTATION_CONTEXT() REPRESENTATION_CONTEXT('2D SPACE',''
  ) );
#8993 = PCURVE('',#2127,#8994);
#8994 = DEFINITIONAL_REPRESENTATION('',(#8995),#8998);
#8995 = B_SPLINE_CURVE_WITH_KNOTS('',1,(#8996,#8997),.UNSPECIFIED.,.F.,
  .F.,(2,2),(-2.837182899895,2.378709755268),.PIECEWISE_BEZIER_KNOTS.);
#8996 = CARTESIAN_POINT('',(12.,-8.963552876512));
#8997 = CARTESIAN_POINT('',(10.643631111208,-14.));
#8998 = ( GEOMETRIC_REPRESENTATION_CONTEXT(2) 
PARAMETRIC_REPRESENTATION_CONTEXT() REPRESENTATION_CONTEXT('2D SPACE',''
  ) );
#8999 = ORIENTED_EDGE('',*,*,#9000,.F.);
#9000 = EDGE_CURVE('',#9001,#8980,#9003,.T.);
#9001 = VERTEX_POINT('',#9002);
#9002 = CARTESIAN_POINT('',(152.,314.93408048832,123.6436311112));
#9003 = SURFACE_CURVE('',#9004,(#9008,#9014),.PCURVE_S1.);
#9004 = LINE('',#9005,#9006);
#9005 = CARTESIAN_POINT('',(69.,314.93408048832,123.6436311112));
#9006 = VECTOR('',#9007,1.);
#9007 = DIRECTION('',(-1.,0.,0.));
#9008 = PCURVE('',#1994,#9009);
#9009 = DEFINITIONAL_REPRESENTATION('',(#9010),#9013);
#9010 = B_SPLINE_CURVE_WITH_KNOTS('',1,(#9011,#9012),.UNSPECIFIED.,.F.,
  .F.,(2,2),(-83.,-69.),.PIECEWISE_BEZIER_KNOTS.);
#9011 = CARTESIAN_POINT('',(5.993102659495,152.));
#9012 = CARTESIAN_POINT('',(5.993102659495,138.));
#9013 = ( GEOMETRIC_REPRESENTATION_CONTEXT(2) 
PARAMETRIC_REPRESENTATION_CONTEXT() REPRESENTATION_CONTEXT('2D SPACE',''
  ) );
#9014 = PCURVE('',#9015,#9020);
#9015 = PLANE('',#9016);
#9016 = AXIS2_PLACEMENT_3D('',#9017,#9018,#9019);
#9017 = CARTESIAN_POINT('',(138.,314.93408048832,113.));
#9018 = DIRECTION('',(-0.,1.,0.));
#9019 = DIRECTION('',(0.,0.,1.));
#9020 = DEFINITIONAL_REPRESENTATION('',(#9021),#9024);
#9021 = B_SPLINE_CURVE_WITH_KNOTS('',1,(#9022,#9023),.UNSPECIFIED.,.F.,
  .F.,(2,2),(-83.,-69.),.PIECEWISE_BEZIER_KNOTS.);
#9022 = CARTESIAN_POINT('',(10.643631111208,14.));
#9023 = CARTESIAN_POINT('',(10.643631111208,0.));
#9024 = ( GEOMETRIC_REPRESENTATION_CONTEXT(2) 
PARAMETRIC_REPRESENTATION_CONTEXT() REPRESENTATION_CONTEXT('2D SPACE',''
  ) );
#9025 = ORIENTED_EDGE('',*,*,#9026,.F.);
#9026 = EDGE_CURVE('',#2168,#9001,#9027,.T.);
#9027 = SURFACE_CURVE('',#9028,(#9032,#9038),.PCURVE_S1.);
#9028 = LINE('',#9029,#9030);
#9029 = CARTESIAN_POINT('',(152.,312.63720693348,124.26220363959));
#9030 = VECTOR('',#9031,1.);
#9031 = DIRECTION('',(-0.,0.965596390966,-0.26004539941));
#9032 = PCURVE('',#1994,#9033);
#9033 = DEFINITIONAL_REPRESENTATION('',(#9034),#9037);
#9034 = B_SPLINE_CURVE_WITH_KNOTS('',1,(#9035,#9036),.UNSPECIFIED.,.F.,
  .F.,(2,2),(-2.837182899895,2.378709755268),.PIECEWISE_BEZIER_KNOTS.);
#9035 = CARTESIAN_POINT('',(11.208995314658,152.));
#9036 = CARTESIAN_POINT('',(5.993102659495,152.));
#9037 = ( GEOMETRIC_REPRESENTATION_CONTEXT(2) 
PARAMETRIC_REPRESENTATION_CONTEXT() REPRESENTATION_CONTEXT('2D SPACE',''
  ) );
#9038 = PCURVE('',#2183,#9039);
#9039 = DEFINITIONAL_REPRESENTATION('',(#9040),#9043);
#9040 = B_SPLINE_CURVE_WITH_KNOTS('',1,(#9041,#9042),.UNSPECIFIED.,.F.,
  .F.,(2,2),(-2.837182899895,2.378709755268),.PIECEWISE_BEZIER_KNOTS.);
#9041 = CARTESIAN_POINT('',(12.,-8.963552876512));
#9042 = CARTESIAN_POINT('',(10.643631111208,-14.));
#9043 = ( GEOMETRIC_REPRESENTATION_CONTEXT(2) 
PARAMETRIC_REPRESENTATION_CONTEXT() REPRESENTATION_CONTEXT('2D SPACE',''
  ) );
#9044 = ORIENTED_EDGE('',*,*,#2195,.F.);
#9045 = ORIENTED_EDGE('',*,*,#8812,.F.);
#9046 = ADVANCED_FACE('',(#9047),#2183,.T.);
#9047 = FACE_BOUND('',#9048,.T.);
#9048 = EDGE_LOOP('',(#9049,#9050,#9073,#9101,#9122));
#9049 = ORIENTED_EDGE('',*,*,#2167,.F.);
#9050 = ORIENTED_EDGE('',*,*,#9051,.F.);
#9051 = EDGE_CURVE('',#9052,#2140,#9054,.T.);
#9052 = VERTEX_POINT('',#9053);
#9053 = CARTESIAN_POINT('',(152.,300.93408048832,113.));
#9054 = SURFACE_CURVE('',#9055,(#9059,#9066),.PCURVE_S1.);
#9055 = LINE('',#9056,#9057);
#9056 = CARTESIAN_POINT('',(152.,300.93408048832,113.));
#9057 = VECTOR('',#9058,1.);
#9058 = DIRECTION('',(0.,0.,1.));
#9059 = PCURVE('',#2183,#9060);
#9060 = DEFINITIONAL_REPRESENTATION('',(#9061),#9065);
#9061 = LINE('',#9062,#9063);
#9062 = CARTESIAN_POINT('',(0.,0.));
#9063 = VECTOR('',#9064,1.);
#9064 = DIRECTION('',(1.,0.));
#9065 = ( GEOMETRIC_REPRESENTATION_CONTEXT(2) 
PARAMETRIC_REPRESENTATION_CONTEXT() REPRESENTATION_CONTEXT('2D SPACE',''
  ) );
#9066 = PCURVE('',#2155,#9067);
#9067 = DEFINITIONAL_REPRESENTATION('',(#9068),#9072);
#9068 = LINE('',#9069,#9070);
#9069 = CARTESIAN_POINT('',(0.,14.));
#9070 = VECTOR('',#9071,1.);
#9071 = DIRECTION('',(1.,0.));
#9072 = ( GEOMETRIC_REPRESENTATION_CONTEXT(2) 
PARAMETRIC_REPRESENTATION_CONTEXT() REPRESENTATION_CONTEXT('2D SPACE',''
  ) );
#9073 = ORIENTED_EDGE('',*,*,#9074,.T.);
#9074 = EDGE_CURVE('',#9052,#9075,#9077,.T.);
#9075 = VERTEX_POINT('',#9076);
#9076 = CARTESIAN_POINT('',(152.,314.93408048832,113.));
#9077 = SURFACE_CURVE('',#9078,(#9082,#9089),.PCURVE_S1.);
#9078 = LINE('',#9079,#9080);
#9079 = CARTESIAN_POINT('',(152.,300.93408048832,113.));
#9080 = VECTOR('',#9081,1.);
#9081 = DIRECTION('',(-0.,1.,0.));
#9082 = PCURVE('',#2183,#9083);
#9083 = DEFINITIONAL_REPRESENTATION('',(#9084),#9088);
#9084 = LINE('',#9085,#9086);
#9085 = CARTESIAN_POINT('',(0.,0.));
#9086 = VECTOR('',#9087,1.);
#9087 = DIRECTION('',(0.,-1.));
#9088 = ( GEOMETRIC_REPRESENTATION_CONTEXT(2) 
PARAMETRIC_REPRESENTATION_CONTEXT() REPRESENTATION_CONTEXT('2D SPACE',''
  ) );
#9089 = PCURVE('',#9090,#9095);
#9090 = PLANE('',#9091);
#9091 = AXIS2_PLACEMENT_3D('',#9092,#9093,#9094);
#9092 = CARTESIAN_POINT('',(138.,300.93408048832,113.));
#9093 = DIRECTION('',(0.,0.,1.));
#9094 = DIRECTION('',(1.,0.,-0.));
#9095 = DEFINITIONAL_REPRESENTATION('',(#9096),#9100);
#9096 = LINE('',#9097,#9098);
#9097 = CARTESIAN_POINT('',(14.,0.));
#9098 = VECTOR('',#9099,1.);
#9099 = DIRECTION('',(0.,1.));
#9100 = ( GEOMETRIC_REPRESENTATION_CONTEXT(2) 
PARAMETRIC_REPRESENTATION_CONTEXT() REPRESENTATION_CONTEXT('2D SPACE',''
  ) );
#9101 = ORIENTED_EDGE('',*,*,#9102,.T.);
#9102 = EDGE_CURVE('',#9075,#9001,#9103,.T.);
#9103 = SURFACE_CURVE('',#9104,(#9108,#9115),.PCURVE_S1.);
#9104 = LINE('',#9105,#9106);
#9105 = CARTESIAN_POINT('',(152.,314.93408048832,113.));
#9106 = VECTOR('',#9107,1.);
#9107 = DIRECTION('',(0.,0.,1.));
#9108 = PCURVE('',#2183,#9109);
#9109 = DEFINITIONAL_REPRESENTATION('',(#9110),#9114);
#9110 = LINE('',#9111,#9112);
#9111 = CARTESIAN_POINT('',(0.,-14.));
#9112 = VECTOR('',#9113,1.);
#9113 = DIRECTION('',(1.,0.));
#9114 = ( GEOMETRIC_REPRESENTATION_CONTEXT(2) 
PARAMETRIC_REPRESENTATION_CONTEXT() REPRESENTATION_CONTEXT('2D SPACE',''
  ) );
#9115 = PCURVE('',#9015,#9116);
#9116 = DEFINITIONAL_REPRESENTATION('',(#9117),#9121);
#9117 = LINE('',#9118,#9119);
#9118 = CARTESIAN_POINT('',(0.,14.));
#9119 = VECTOR('',#9120,1.);
#9120 = DIRECTION('',(1.,0.));
#9121 = ( GEOMETRIC_REPRESENTATION_CONTEXT(2) 
PARAMETRIC_REPRESENTATION_CONTEXT() REPRESENTATION_CONTEXT('2D SPACE',''
  ) );
#9122 = ORIENTED_EDGE('',*,*,#9026,.F.);
#9123 = ADVANCED_FACE('',(#9124),#2155,.F.);
#9124 = FACE_BOUND('',#9125,.F.);
#9125 = EDGE_LOOP('',(#9126,#9149,#9170,#9171));
#9126 = ORIENTED_EDGE('',*,*,#9127,.F.);
#9127 = EDGE_CURVE('',#9128,#9052,#9130,.T.);
#9128 = VERTEX_POINT('',#9129);
#9129 = CARTESIAN_POINT('',(138.,300.93408048832,113.));
#9130 = SURFACE_CURVE('',#9131,(#9135,#9142),.PCURVE_S1.);
#9131 = LINE('',#9132,#9133);
#9132 = CARTESIAN_POINT('',(138.,300.93408048832,113.));
#9133 = VECTOR('',#9134,1.);
#9134 = DIRECTION('',(1.,0.,-0.));
#9135 = PCURVE('',#2155,#9136);
#9136 = DEFINITIONAL_REPRESENTATION('',(#9137),#9141);
#9137 = LINE('',#9138,#9139);
#9138 = CARTESIAN_POINT('',(0.,0.));
#9139 = VECTOR('',#9140,1.);
#9140 = DIRECTION('',(0.,1.));
#9141 = ( GEOMETRIC_REPRESENTATION_CONTEXT(2) 
PARAMETRIC_REPRESENTATION_CONTEXT() REPRESENTATION_CONTEXT('2D SPACE',''
  ) );
#9142 = PCURVE('',#9090,#9143);
#9143 = DEFINITIONAL_REPRESENTATION('',(#9144),#9148);
#9144 = LINE('',#9145,#9146);
#9145 = CARTESIAN_POINT('',(0.,0.));
#9146 = VECTOR('',#9147,1.);
#9147 = DIRECTION('',(1.,0.));
#9148 = ( GEOMETRIC_REPRESENTATION_CONTEXT(2) 
PARAMETRIC_REPRESENTATION_CONTEXT() REPRESENTATION_CONTEXT('2D SPACE',''
  ) );
#9149 = ORIENTED_EDGE('',*,*,#9150,.T.);
#9150 = EDGE_CURVE('',#9128,#2112,#9151,.T.);
#9151 = SURFACE_CURVE('',#9152,(#9156,#9163),.PCURVE_S1.);
#9152 = LINE('',#9153,#9154);
#9153 = CARTESIAN_POINT('',(138.,300.93408048832,113.));
#9154 = VECTOR('',#9155,1.);
#9155 = DIRECTION('',(0.,0.,1.));
#9156 = PCURVE('',#2155,#9157);
#9157 = DEFINITIONAL_REPRESENTATION('',(#9158),#9162);
#9158 = LINE('',#9159,#9160);
#9159 = CARTESIAN_POINT('',(0.,0.));
#9160 = VECTOR('',#9161,1.);
#9161 = DIRECTION('',(1.,0.));
#9162 = ( GEOMETRIC_REPRESENTATION_CONTEXT(2) 
PARAMETRIC_REPRESENTATION_CONTEXT() REPRESENTATION_CONTEXT('2D SPACE',''
  ) );
#9163 = PCURVE('',#2127,#9164);
#9164 = DEFINITIONAL_REPRESENTATION('',(#9165),#9169);
#9165 = LINE('',#9166,#9167);
#9166 = CARTESIAN_POINT('',(0.,0.));
#9167 = VECTOR('',#9168,1.);
#9168 = DIRECTION('',(1.,0.));
#9169 = ( GEOMETRIC_REPRESENTATION_CONTEXT(2) 
PARAMETRIC_REPRESENTATION_CONTEXT() REPRESENTATION_CONTEXT('2D SPACE',''
  ) );
#9170 = ORIENTED_EDGE('',*,*,#2139,.T.);
#9171 = ORIENTED_EDGE('',*,*,#9051,.F.);
#9172 = ADVANCED_FACE('',(#9173),#2127,.F.);
#9173 = FACE_BOUND('',#9174,.F.);
#9174 = EDGE_LOOP('',(#9175,#9176,#9177,#9200,#9221));
#9175 = ORIENTED_EDGE('',*,*,#2111,.F.);
#9176 = ORIENTED_EDGE('',*,*,#9150,.F.);
#9177 = ORIENTED_EDGE('',*,*,#9178,.T.);
#9178 = EDGE_CURVE('',#9128,#9179,#9181,.T.);
#9179 = VERTEX_POINT('',#9180);
#9180 = CARTESIAN_POINT('',(138.,314.93408048832,113.));
#9181 = SURFACE_CURVE('',#9182,(#9186,#9193),.PCURVE_S1.);
#9182 = LINE('',#9183,#9184);
#9183 = CARTESIAN_POINT('',(138.,300.93408048832,113.));
#9184 = VECTOR('',#9185,1.);
#9185 = DIRECTION('',(-0.,1.,0.));
#9186 = PCURVE('',#2127,#9187);
#9187 = DEFINITIONAL_REPRESENTATION('',(#9188),#9192);
#9188 = LINE('',#9189,#9190);
#9189 = CARTESIAN_POINT('',(0.,0.));
#9190 = VECTOR('',#9191,1.);
#9191 = DIRECTION('',(0.,-1.));
#9192 = ( GEOMETRIC_REPRESENTATION_CONTEXT(2) 
PARAMETRIC_REPRESENTATION_CONTEXT() REPRESENTATION_CONTEXT('2D SPACE',''
  ) );
#9193 = PCURVE('',#9090,#9194);
#9194 = DEFINITIONAL_REPRESENTATION('',(#9195),#9199);
#9195 = LINE('',#9196,#9197);
#9196 = CARTESIAN_POINT('',(0.,0.));
#9197 = VECTOR('',#9198,1.);
#9198 = DIRECTION('',(0.,1.));
#9199 = ( GEOMETRIC_REPRESENTATION_CONTEXT(2) 
PARAMETRIC_REPRESENTATION_CONTEXT() REPRESENTATION_CONTEXT('2D SPACE',''
  ) );
#9200 = ORIENTED_EDGE('',*,*,#9201,.T.);
#9201 = EDGE_CURVE('',#9179,#8980,#9202,.T.);
#9202 = SURFACE_CURVE('',#9203,(#9207,#9214),.PCURVE_S1.);
#9203 = LINE('',#9204,#9205);
#9204 = CARTESIAN_POINT('',(138.,314.93408048832,113.));
#9205 = VECTOR('',#9206,1.);
#9206 = DIRECTION('',(0.,0.,1.));
#9207 = PCURVE('',#2127,#9208);
#9208 = DEFINITIONAL_REPRESENTATION('',(#9209),#9213);
#9209 = LINE('',#9210,#9211);
#9210 = CARTESIAN_POINT('',(0.,-14.));
#9211 = VECTOR('',#9212,1.);
#9212 = DIRECTION('',(1.,0.));
#9213 = ( GEOMETRIC_REPRESENTATION_CONTEXT(2) 
PARAMETRIC_REPRESENTATION_CONTEXT() REPRESENTATION_CONTEXT('2D SPACE',''
  ) );
#9214 = PCURVE('',#9015,#9215);
#9215 = DEFINITIONAL_REPRESENTATION('',(#9216),#9220);
#9216 = LINE('',#9217,#9218);
#9217 = CARTESIAN_POINT('',(0.,0.));
#9218 = VECTOR('',#9219,1.);
#9219 = DIRECTION('',(1.,0.));
#9220 = ( GEOMETRIC_REPRESENTATION_CONTEXT(2) 
PARAMETRIC_REPRESENTATION_CONTEXT() REPRESENTATION_CONTEXT('2D SPACE',''
  ) );
#9221 = ORIENTED_EDGE('',*,*,#8979,.F.);
#9222 = ADVANCED_FACE('',(#9223),#2077,.T.);
#9223 = FACE_BOUND('',#9224,.T.);
#9224 = EDGE_LOOP('',(#9225,#9226,#9249,#9277,#9298));
#9225 = ORIENTED_EDGE('',*,*,#2061,.F.);
#9226 = ORIENTED_EDGE('',*,*,#9227,.F.);
#9227 = EDGE_CURVE('',#9228,#2034,#9230,.T.);
#9228 = VERTEX_POINT('',#9229);
#9229 = CARTESIAN_POINT('',(-138.,300.93408048832,113.));
#9230 = SURFACE_CURVE('',#9231,(#9235,#9242),.PCURVE_S1.);
#9231 = LINE('',#9232,#9233);
#9232 = CARTESIAN_POINT('',(-138.,300.93408048832,113.));
#9233 = VECTOR('',#9234,1.);
#9234 = DIRECTION('',(0.,0.,1.));
#9235 = PCURVE('',#2077,#9236);
#9236 = DEFINITIONAL_REPRESENTATION('',(#9237),#9241);
#9237 = LINE('',#9238,#9239);
#9238 = CARTESIAN_POINT('',(0.,0.));
#9239 = VECTOR('',#9240,1.);
#9240 = DIRECTION('',(1.,0.));
#9241 = ( GEOMETRIC_REPRESENTATION_CONTEXT(2) 
PARAMETRIC_REPRESENTATION_CONTEXT() REPRESENTATION_CONTEXT('2D SPACE',''
  ) );
#9242 = PCURVE('',#2049,#9243);
#9243 = DEFINITIONAL_REPRESENTATION('',(#9244),#9248);
#9244 = LINE('',#9245,#9246);
#9245 = CARTESIAN_POINT('',(0.,14.));
#9246 = VECTOR('',#9247,1.);
#9247 = DIRECTION('',(1.,0.));
#9248 = ( GEOMETRIC_REPRESENTATION_CONTEXT(2) 
PARAMETRIC_REPRESENTATION_CONTEXT() REPRESENTATION_CONTEXT('2D SPACE',''
  ) );
#9249 = ORIENTED_EDGE('',*,*,#9250,.T.);
#9250 = EDGE_CURVE('',#9228,#9251,#9253,.T.);
#9251 = VERTEX_POINT('',#9252);
#9252 = CARTESIAN_POINT('',(-138.,314.93408048832,113.));
#9253 = SURFACE_CURVE('',#9254,(#9258,#9265),.PCURVE_S1.);
#9254 = LINE('',#9255,#9256);
#9255 = CARTESIAN_POINT('',(-138.,300.93408048832,113.));
#9256 = VECTOR('',#9257,1.);
#9257 = DIRECTION('',(-0.,1.,0.));
#9258 = PCURVE('',#2077,#9259);
#9259 = DEFINITIONAL_REPRESENTATION('',(#9260),#9264);
#9260 = LINE('',#9261,#9262);
#9261 = CARTESIAN_POINT('',(0.,0.));
#9262 = VECTOR('',#9263,1.);
#9263 = DIRECTION('',(0.,-1.));
#9264 = ( GEOMETRIC_REPRESENTATION_CONTEXT(2) 
PARAMETRIC_REPRESENTATION_CONTEXT() REPRESENTATION_CONTEXT('2D SPACE',''
  ) );
#9265 = PCURVE('',#9266,#9271);
#9266 = PLANE('',#9267);
#9267 = AXIS2_PLACEMENT_3D('',#9268,#9269,#9270);
#9268 = CARTESIAN_POINT('',(-152.,300.93408048832,113.));
#9269 = DIRECTION('',(0.,0.,1.));
#9270 = DIRECTION('',(1.,0.,-0.));
#9271 = DEFINITIONAL_REPRESENTATION('',(#9272),#9276);
#9272 = LINE('',#9273,#9274);
#9273 = CARTESIAN_POINT('',(14.,0.));
#9274 = VECTOR('',#9275,1.);
#9275 = DIRECTION('',(0.,1.));
#9276 = ( GEOMETRIC_REPRESENTATION_CONTEXT(2) 
PARAMETRIC_REPRESENTATION_CONTEXT() REPRESENTATION_CONTEXT('2D SPACE',''
  ) );
#9277 = ORIENTED_EDGE('',*,*,#9278,.T.);
#9278 = EDGE_CURVE('',#9251,#8934,#9279,.T.);
#9279 = SURFACE_CURVE('',#9280,(#9284,#9291),.PCURVE_S1.);
#9280 = LINE('',#9281,#9282);
#9281 = CARTESIAN_POINT('',(-138.,314.93408048832,113.));
#9282 = VECTOR('',#9283,1.);
#9283 = DIRECTION('',(0.,0.,1.));
#9284 = PCURVE('',#2077,#9285);
#9285 = DEFINITIONAL_REPRESENTATION('',(#9286),#9290);
#9286 = LINE('',#9287,#9288);
#9287 = CARTESIAN_POINT('',(0.,-14.));
#9288 = VECTOR('',#9289,1.);
#9289 = DIRECTION('',(1.,0.));
#9290 = ( GEOMETRIC_REPRESENTATION_CONTEXT(2) 
PARAMETRIC_REPRESENTATION_CONTEXT() REPRESENTATION_CONTEXT('2D SPACE',''
  ) );
#9291 = PCURVE('',#8948,#9292);
#9292 = DEFINITIONAL_REPRESENTATION('',(#9293),#9297);
#9293 = LINE('',#9294,#9295);
#9294 = CARTESIAN_POINT('',(0.,14.));
#9295 = VECTOR('',#9296,1.);
#9296 = DIRECTION('',(1.,0.));
#9297 = ( GEOMETRIC_REPRESENTATION_CONTEXT(2) 
PARAMETRIC_REPRESENTATION_CONTEXT() REPRESENTATION_CONTEXT('2D SPACE',''
  ) );
#9298 = ORIENTED_EDGE('',*,*,#8959,.F.);
#9299 = ADVANCED_FACE('',(#9300),#2049,.F.);
#9300 = FACE_BOUND('',#9301,.F.);
#9301 = EDGE_LOOP('',(#9302,#9325,#9346,#9347));
#9302 = ORIENTED_EDGE('',*,*,#9303,.F.);
#9303 = EDGE_CURVE('',#9304,#9228,#9306,.T.);
#9304 = VERTEX_POINT('',#9305);
#9305 = CARTESIAN_POINT('',(-152.,300.93408048832,113.));
#9306 = SURFACE_CURVE('',#9307,(#9311,#9318),.PCURVE_S1.);
#9307 = LINE('',#9308,#9309);
#9308 = CARTESIAN_POINT('',(-152.,300.93408048832,113.));
#9309 = VECTOR('',#9310,1.);
#9310 = DIRECTION('',(1.,0.,-0.));
#9311 = PCURVE('',#2049,#9312);
#9312 = DEFINITIONAL_REPRESENTATION('',(#9313),#9317);
#9313 = LINE('',#9314,#9315);
#9314 = CARTESIAN_POINT('',(0.,0.));
#9315 = VECTOR('',#9316,1.);
#9316 = DIRECTION('',(0.,1.));
#9317 = ( GEOMETRIC_REPRESENTATION_CONTEXT(2) 
PARAMETRIC_REPRESENTATION_CONTEXT() REPRESENTATION_CONTEXT('2D SPACE',''
  ) );
#9318 = PCURVE('',#9266,#9319);
#9319 = DEFINITIONAL_REPRESENTATION('',(#9320),#9324);
#9320 = LINE('',#9321,#9322);
#9321 = CARTESIAN_POINT('',(0.,0.));
#9322 = VECTOR('',#9323,1.);
#9323 = DIRECTION('',(1.,0.));
#9324 = ( GEOMETRIC_REPRESENTATION_CONTEXT(2) 
PARAMETRIC_REPRESENTATION_CONTEXT() REPRESENTATION_CONTEXT('2D SPACE',''
  ) );
#9325 = ORIENTED_EDGE('',*,*,#9326,.T.);
#9326 = EDGE_CURVE('',#9304,#2006,#9327,.T.);
#9327 = SURFACE_CURVE('',#9328,(#9332,#9339),.PCURVE_S1.);
#9328 = LINE('',#9329,#9330);
#9329 = CARTESIAN_POINT('',(-152.,300.93408048832,113.));
#9330 = VECTOR('',#9331,1.);
#9331 = DIRECTION('',(0.,0.,1.));
#9332 = PCURVE('',#2049,#9333);
#9333 = DEFINITIONAL_REPRESENTATION('',(#9334),#9338);
#9334 = LINE('',#9335,#9336);
#9335 = CARTESIAN_POINT('',(0.,0.));
#9336 = VECTOR('',#9337,1.);
#9337 = DIRECTION('',(1.,0.));
#9338 = ( GEOMETRIC_REPRESENTATION_CONTEXT(2) 
PARAMETRIC_REPRESENTATION_CONTEXT() REPRESENTATION_CONTEXT('2D SPACE',''
  ) );
#9339 = PCURVE('',#2021,#9340);
#9340 = DEFINITIONAL_REPRESENTATION('',(#9341),#9345);
#9341 = LINE('',#9342,#9343);
#9342 = CARTESIAN_POINT('',(0.,0.));
#9343 = VECTOR('',#9344,1.);
#9344 = DIRECTION('',(1.,0.));
#9345 = ( GEOMETRIC_REPRESENTATION_CONTEXT(2) 
PARAMETRIC_REPRESENTATION_CONTEXT() REPRESENTATION_CONTEXT('2D SPACE',''
  ) );
#9346 = ORIENTED_EDGE('',*,*,#2033,.T.);
#9347 = ORIENTED_EDGE('',*,*,#9227,.F.);
#9348 = ADVANCED_FACE('',(#9349),#2021,.F.);
#9349 = FACE_BOUND('',#9350,.F.);
#9350 = EDGE_LOOP('',(#9351,#9352,#9353,#9376,#9397));
#9351 = ORIENTED_EDGE('',*,*,#2005,.F.);
#9352 = ORIENTED_EDGE('',*,*,#9326,.F.);
#9353 = ORIENTED_EDGE('',*,*,#9354,.T.);
#9354 = EDGE_CURVE('',#9304,#9355,#9357,.T.);
#9355 = VERTEX_POINT('',#9356);
#9356 = CARTESIAN_POINT('',(-152.,314.93408048832,113.));
#9357 = SURFACE_CURVE('',#9358,(#9362,#9369),.PCURVE_S1.);
#9358 = LINE('',#9359,#9360);
#9359 = CARTESIAN_POINT('',(-152.,300.93408048832,113.));
#9360 = VECTOR('',#9361,1.);
#9361 = DIRECTION('',(-0.,1.,0.));
#9362 = PCURVE('',#2021,#9363);
#9363 = DEFINITIONAL_REPRESENTATION('',(#9364),#9368);
#9364 = LINE('',#9365,#9366);
#9365 = CARTESIAN_POINT('',(0.,0.));
#9366 = VECTOR('',#9367,1.);
#9367 = DIRECTION('',(0.,-1.));
#9368 = ( GEOMETRIC_REPRESENTATION_CONTEXT(2) 
PARAMETRIC_REPRESENTATION_CONTEXT() REPRESENTATION_CONTEXT('2D SPACE',''
  ) );
#9369 = PCURVE('',#9266,#9370);
#9370 = DEFINITIONAL_REPRESENTATION('',(#9371),#9375);
#9371 = LINE('',#9372,#9373);
#9372 = CARTESIAN_POINT('',(0.,0.));
#9373 = VECTOR('',#9374,1.);
#9374 = DIRECTION('',(0.,1.));
#9375 = ( GEOMETRIC_REPRESENTATION_CONTEXT(2) 
PARAMETRIC_REPRESENTATION_CONTEXT() REPRESENTATION_CONTEXT('2D SPACE',''
  ) );
#9376 = ORIENTED_EDGE('',*,*,#9377,.T.);
#9377 = EDGE_CURVE('',#9355,#8913,#9378,.T.);
#9378 = SURFACE_CURVE('',#9379,(#9383,#9390),.PCURVE_S1.);
#9379 = LINE('',#9380,#9381);
#9380 = CARTESIAN_POINT('',(-152.,314.93408048832,113.));
#9381 = VECTOR('',#9382,1.);
#9382 = DIRECTION('',(0.,0.,1.));
#9383 = PCURVE('',#2021,#9384);
#9384 = DEFINITIONAL_REPRESENTATION('',(#9385),#9389);
#9385 = LINE('',#9386,#9387);
#9386 = CARTESIAN_POINT('',(0.,-14.));
#9387 = VECTOR('',#9388,1.);
#9388 = DIRECTION('',(1.,0.));
#9389 = ( GEOMETRIC_REPRESENTATION_CONTEXT(2) 
PARAMETRIC_REPRESENTATION_CONTEXT() REPRESENTATION_CONTEXT('2D SPACE',''
  ) );
#9390 = PCURVE('',#8948,#9391);
#9391 = DEFINITIONAL_REPRESENTATION('',(#9392),#9396);
#9392 = LINE('',#9393,#9394);
#9393 = CARTESIAN_POINT('',(0.,0.));
#9394 = VECTOR('',#9395,1.);
#9395 = DIRECTION('',(1.,0.));
#9396 = ( GEOMETRIC_REPRESENTATION_CONTEXT(2) 
PARAMETRIC_REPRESENTATION_CONTEXT() REPRESENTATION_CONTEXT('2D SPACE',''
  ) );
#9397 = ORIENTED_EDGE('',*,*,#8912,.F.);
#9398 = ADVANCED_FACE('',(#9399),#1962,.F.);
#9399 = FACE_BOUND('',#9400,.T.);
#9400 = EDGE_LOOP('',(#9401,#9402,#9424,#9425));
#9401 = ORIENTED_EDGE('',*,*,#3625,.F.);
#9402 = ORIENTED_EDGE('',*,*,#9403,.T.);
#9403 = EDGE_CURVE('',#3597,#8863,#9404,.T.);
#9404 = SURFACE_CURVE('',#9405,(#9410,#9417),.PCURVE_S1.);
#9405 = CIRCLE('',#9406,9.);
#9406 = AXIS2_PLACEMENT_3D('',#9407,#9408,#9409);
#9407 = CARTESIAN_POINT('',(-158.,318.38059019233,113.39478481772));
#9408 = DIRECTION('',(0.,0.965596390966,-0.26004539941));
#9409 = DIRECTION('',(0.,0.26004539941,0.965596390966));
#9410 = PCURVE('',#1962,#9411);
#9411 = DEFINITIONAL_REPRESENTATION('',(#9412),#9416);
#9412 = LINE('',#9413,#9414);
#9413 = CARTESIAN_POINT('',(4.712388980385,5.858326749251E-14));
#9414 = VECTOR('',#9415,1.);
#9415 = DIRECTION('',(-1.,0.));
#9416 = ( GEOMETRIC_REPRESENTATION_CONTEXT(2) 
PARAMETRIC_REPRESENTATION_CONTEXT() REPRESENTATION_CONTEXT('2D SPACE',''
  ) );
#9417 = PCURVE('',#3613,#9418);
#9418 = DEFINITIONAL_REPRESENTATION('',(#9419),#9423);
#9419 = LINE('',#9420,#9421);
#9420 = CARTESIAN_POINT('',(1.307727107221,0.));
#9421 = VECTOR('',#9422,1.);
#9422 = DIRECTION('',(0.,1.));
#9423 = ( GEOMETRIC_REPRESENTATION_CONTEXT(2) 
PARAMETRIC_REPRESENTATION_CONTEXT() REPRESENTATION_CONTEXT('2D SPACE',''
  ) );
#9424 = ORIENTED_EDGE('',*,*,#8890,.T.);
#9425 = ORIENTED_EDGE('',*,*,#1945,.T.);
#9426 = ADVANCED_FACE('',(#9427),#1911,.T.);
#9427 = FACE_BOUND('',#9428,.T.);
#9428 = EDGE_LOOP('',(#9429,#9452,#9453,#9454));
#9429 = ORIENTED_EDGE('',*,*,#9430,.F.);
#9430 = EDGE_CURVE('',#3646,#9431,#9433,.T.);
#9431 = VERTEX_POINT('',#9432);
#9432 = CARTESIAN_POINT('',(-153.5,257.,113.));
#9433 = SURFACE_CURVE('',#9434,(#9438,#9445),.PCURVE_S1.);
#9434 = LINE('',#9435,#9436);
#9435 = CARTESIAN_POINT('',(-167.5,257.,113.));
#9436 = VECTOR('',#9437,1.);
#9437 = DIRECTION('',(1.,0.,-0.));
#9438 = PCURVE('',#1911,#9439);
#9439 = DEFINITIONAL_REPRESENTATION('',(#9440),#9444);
#9440 = LINE('',#9441,#9442);
#9441 = CARTESIAN_POINT('',(0.,0.));
#9442 = VECTOR('',#9443,1.);
#9443 = DIRECTION('',(0.,1.));
#9444 = ( GEOMETRIC_REPRESENTATION_CONTEXT(2) 
PARAMETRIC_REPRESENTATION_CONTEXT() REPRESENTATION_CONTEXT('2D SPACE',''
  ) );
#9445 = PCURVE('',#3681,#9446);
#9446 = DEFINITIONAL_REPRESENTATION('',(#9447),#9451);
#9447 = LINE('',#9448,#9449);
#9448 = CARTESIAN_POINT('',(0.,14.));
#9449 = VECTOR('',#9450,1.);
#9450 = DIRECTION('',(1.,0.));
#9451 = ( GEOMETRIC_REPRESENTATION_CONTEXT(2) 
PARAMETRIC_REPRESENTATION_CONTEXT() REPRESENTATION_CONTEXT('2D SPACE',''
  ) );
#9452 = ORIENTED_EDGE('',*,*,#3645,.T.);
#9453 = ORIENTED_EDGE('',*,*,#1895,.T.);
#9454 = ORIENTED_EDGE('',*,*,#9455,.F.);
#9455 = EDGE_CURVE('',#9431,#1868,#9456,.T.);
#9456 = SURFACE_CURVE('',#9457,(#9461,#9468),.PCURVE_S1.);
#9457 = LINE('',#9458,#9459);
#9458 = CARTESIAN_POINT('',(-153.5,257.,113.));
#9459 = VECTOR('',#9460,1.);
#9460 = DIRECTION('',(0.,0.,1.));
#9461 = PCURVE('',#1911,#9462);
#9462 = DEFINITIONAL_REPRESENTATION('',(#9463),#9467);
#9463 = LINE('',#9464,#9465);
#9464 = CARTESIAN_POINT('',(0.,14.));
#9465 = VECTOR('',#9466,1.);
#9466 = DIRECTION('',(1.,0.));
#9467 = ( GEOMETRIC_REPRESENTATION_CONTEXT(2) 
PARAMETRIC_REPRESENTATION_CONTEXT() REPRESENTATION_CONTEXT('2D SPACE',''
  ) );
#9468 = PCURVE('',#1883,#9469);
#9469 = DEFINITIONAL_REPRESENTATION('',(#9470),#9474);
#9470 = LINE('',#9471,#9472);
#9471 = CARTESIAN_POINT('',(0.,-14.));
#9472 = VECTOR('',#9473,1.);
#9473 = DIRECTION('',(1.,0.));
#9474 = ( GEOMETRIC_REPRESENTATION_CONTEXT(2) 
PARAMETRIC_REPRESENTATION_CONTEXT() REPRESENTATION_CONTEXT('2D SPACE',''
  ) );
#9475 = ADVANCED_FACE('',(#9476),#1883,.T.);
#9476 = FACE_BOUND('',#9477,.T.);
#9477 = EDGE_LOOP('',(#9478,#9501,#9522,#9523));
#9478 = ORIENTED_EDGE('',*,*,#9479,.F.);
#9479 = EDGE_CURVE('',#9480,#1840,#9482,.T.);
#9480 = VERTEX_POINT('',#9481);
#9481 = CARTESIAN_POINT('',(-153.5,243.,113.));
#9482 = SURFACE_CURVE('',#9483,(#9487,#9494),.PCURVE_S1.);
#9483 = LINE('',#9484,#9485);
#9484 = CARTESIAN_POINT('',(-153.5,243.,113.));
#9485 = VECTOR('',#9486,1.);
#9486 = DIRECTION('',(0.,0.,1.));
#9487 = PCURVE('',#1883,#9488);
#9488 = DEFINITIONAL_REPRESENTATION('',(#9489),#9493);
#9489 = LINE('',#9490,#9491);
#9490 = CARTESIAN_POINT('',(0.,0.));
#9491 = VECTOR('',#9492,1.);
#9492 = DIRECTION('',(1.,0.));
#9493 = ( GEOMETRIC_REPRESENTATION_CONTEXT(2) 
PARAMETRIC_REPRESENTATION_CONTEXT() REPRESENTATION_CONTEXT('2D SPACE',''
  ) );
#9494 = PCURVE('',#1855,#9495);
#9495 = DEFINITIONAL_REPRESENTATION('',(#9496),#9500);
#9496 = LINE('',#9497,#9498);
#9497 = CARTESIAN_POINT('',(0.,14.));
#9498 = VECTOR('',#9499,1.);
#9499 = DIRECTION('',(1.,0.));
#9500 = ( GEOMETRIC_REPRESENTATION_CONTEXT(2) 
PARAMETRIC_REPRESENTATION_CONTEXT() REPRESENTATION_CONTEXT('2D SPACE',''
  ) );
#9501 = ORIENTED_EDGE('',*,*,#9502,.T.);
#9502 = EDGE_CURVE('',#9480,#9431,#9503,.T.);
#9503 = SURFACE_CURVE('',#9504,(#9508,#9515),.PCURVE_S1.);
#9504 = LINE('',#9505,#9506);
#9505 = CARTESIAN_POINT('',(-153.5,243.,113.));
#9506 = VECTOR('',#9507,1.);
#9507 = DIRECTION('',(-0.,1.,0.));
#9508 = PCURVE('',#1883,#9509);
#9509 = DEFINITIONAL_REPRESENTATION('',(#9510),#9514);
#9510 = LINE('',#9511,#9512);
#9511 = CARTESIAN_POINT('',(0.,0.));
#9512 = VECTOR('',#9513,1.);
#9513 = DIRECTION('',(0.,-1.));
#9514 = ( GEOMETRIC_REPRESENTATION_CONTEXT(2) 
PARAMETRIC_REPRESENTATION_CONTEXT() REPRESENTATION_CONTEXT('2D SPACE',''
  ) );
#9515 = PCURVE('',#3681,#9516);
#9516 = DEFINITIONAL_REPRESENTATION('',(#9517),#9521);
#9517 = LINE('',#9518,#9519);
#9518 = CARTESIAN_POINT('',(14.,0.));
#9519 = VECTOR('',#9520,1.);
#9520 = DIRECTION('',(0.,1.));
#9521 = ( GEOMETRIC_REPRESENTATION_CONTEXT(2) 
PARAMETRIC_REPRESENTATION_CONTEXT() REPRESENTATION_CONTEXT('2D SPACE',''
  ) );
#9522 = ORIENTED_EDGE('',*,*,#9455,.T.);
#9523 = ORIENTED_EDGE('',*,*,#1867,.F.);
#9524 = ADVANCED_FACE('',(#9525),#1855,.F.);
#9525 = FACE_BOUND('',#9526,.F.);
#9526 = EDGE_LOOP('',(#9527,#9548,#9549,#9550));
#9527 = ORIENTED_EDGE('',*,*,#9528,.F.);
#9528 = EDGE_CURVE('',#3761,#9480,#9529,.T.);
#9529 = SURFACE_CURVE('',#9530,(#9534,#9541),.PCURVE_S1.);
#9530 = LINE('',#9531,#9532);
#9531 = CARTESIAN_POINT('',(-167.5,243.,113.));
#9532 = VECTOR('',#9533,1.);
#9533 = DIRECTION('',(1.,0.,-0.));
#9534 = PCURVE('',#1855,#9535);
#9535 = DEFINITIONAL_REPRESENTATION('',(#9536),#9540);
#9536 = LINE('',#9537,#9538);
#9537 = CARTESIAN_POINT('',(0.,0.));
#9538 = VECTOR('',#9539,1.);
#9539 = DIRECTION('',(0.,1.));
#9540 = ( GEOMETRIC_REPRESENTATION_CONTEXT(2) 
PARAMETRIC_REPRESENTATION_CONTEXT() REPRESENTATION_CONTEXT('2D SPACE',''
  ) );
#9541 = PCURVE('',#3681,#9542);
#9542 = DEFINITIONAL_REPRESENTATION('',(#9543),#9547);
#9543 = LINE('',#9544,#9545);
#9544 = CARTESIAN_POINT('',(0.,0.));
#9545 = VECTOR('',#9546,1.);
#9546 = DIRECTION('',(1.,0.));
#9547 = ( GEOMETRIC_REPRESENTATION_CONTEXT(2) 
PARAMETRIC_REPRESENTATION_CONTEXT() REPRESENTATION_CONTEXT('2D SPACE',''
  ) );
#9548 = ORIENTED_EDGE('',*,*,#3781,.T.);
#9549 = ORIENTED_EDGE('',*,*,#1839,.T.);
#9550 = ORIENTED_EDGE('',*,*,#9479,.F.);
#9551 = ADVANCED_FACE('',(#9552),#2694,.F.);
#9552 = FACE_BOUND('',#9553,.F.);
#9553 = EDGE_LOOP('',(#9554,#9555,#9578,#9600,#9601,#9623,#9624,#9646));
#9554 = ORIENTED_EDGE('',*,*,#2677,.F.);
#9555 = ORIENTED_EDGE('',*,*,#9556,.F.);
#9556 = EDGE_CURVE('',#9557,#2678,#9559,.T.);
#9557 = VERTEX_POINT('',#9558);
#9558 = CARTESIAN_POINT('',(-158.8,250.,113.));
#9559 = SEAM_CURVE('',#9560,(#9564,#9571),.PCURVE_S1.);
#9560 = LINE('',#9561,#9562);
#9561 = CARTESIAN_POINT('',(-158.8,250.,112.));
#9562 = VECTOR('',#9563,1.);
#9563 = DIRECTION('',(0.,0.,1.));
#9564 = PCURVE('',#2694,#9565);
#9565 = DEFINITIONAL_REPRESENTATION('',(#9566),#9570);
#9566 = LINE('',#9567,#9568);
#9567 = CARTESIAN_POINT('',(6.28318530718,-0.));
#9568 = VECTOR('',#9569,1.);
#9569 = DIRECTION('',(0.,1.));
#9570 = ( GEOMETRIC_REPRESENTATION_CONTEXT(2) 
PARAMETRIC_REPRESENTATION_CONTEXT() REPRESENTATION_CONTEXT('2D SPACE',''
  ) );
#9571 = PCURVE('',#2694,#9572);
#9572 = DEFINITIONAL_REPRESENTATION('',(#9573),#9577);
#9573 = LINE('',#9574,#9575);
#9574 = CARTESIAN_POINT('',(0.,-0.));
#9575 = VECTOR('',#9576,1.);
#9576 = DIRECTION('',(0.,1.));
#9577 = ( GEOMETRIC_REPRESENTATION_CONTEXT(2) 
PARAMETRIC_REPRESENTATION_CONTEXT() REPRESENTATION_CONTEXT('2D SPACE',''
  ) );
#9578 = ORIENTED_EDGE('',*,*,#9579,.T.);
#9579 = EDGE_CURVE('',#9557,#3667,#9580,.T.);
#9580 = SURFACE_CURVE('',#9581,(#9586,#9593),.PCURVE_S1.);
#9581 = CIRCLE('',#9582,1.7);
#9582 = AXIS2_PLACEMENT_3D('',#9583,#9584,#9585);
#9583 = CARTESIAN_POINT('',(-160.5,250.,113.));
#9584 = DIRECTION('',(0.,0.,1.));
#9585 = DIRECTION('',(1.,0.,-0.));
#9586 = PCURVE('',#2694,#9587);
#9587 = DEFINITIONAL_REPRESENTATION('',(#9588),#9592);
#9588 = LINE('',#9589,#9590);
#9589 = CARTESIAN_POINT('',(0.,1.));
#9590 = VECTOR('',#9591,1.);
#9591 = DIRECTION('',(1.,0.));
#9592 = ( GEOMETRIC_REPRESENTATION_CONTEXT(2) 
PARAMETRIC_REPRESENTATION_CONTEXT() REPRESENTATION_CONTEXT('2D SPACE',''
  ) );
#9593 = PCURVE('',#3681,#9594);
#9594 = DEFINITIONAL_REPRESENTATION('',(#9595),#9599);
#9595 = CIRCLE('',#9596,1.7);
#9596 = AXIS2_PLACEMENT_2D('',#9597,#9598);
#9597 = CARTESIAN_POINT('',(7.,7.));
#9598 = DIRECTION('',(1.,0.));
#9599 = ( GEOMETRIC_REPRESENTATION_CONTEXT(2) 
PARAMETRIC_REPRESENTATION_CONTEXT() REPRESENTATION_CONTEXT('2D SPACE',''
  ) );
#9600 = ORIENTED_EDGE('',*,*,#3692,.F.);
#9601 = ORIENTED_EDGE('',*,*,#9602,.T.);
#9602 = EDGE_CURVE('',#3693,#3714,#9603,.T.);
#9603 = SURFACE_CURVE('',#9604,(#9609,#9616),.PCURVE_S1.);
#9604 = CIRCLE('',#9605,1.7);
#9605 = AXIS2_PLACEMENT_3D('',#9606,#9607,#9608);
#9606 = CARTESIAN_POINT('',(-160.5,250.,112.));
#9607 = DIRECTION('',(0.,0.,1.));
#9608 = DIRECTION('',(1.,0.,-0.));
#9609 = PCURVE('',#2694,#9610);
#9610 = DEFINITIONAL_REPRESENTATION('',(#9611),#9615);
#9611 = LINE('',#9612,#9613);
#9612 = CARTESIAN_POINT('',(0.,0.));
#9613 = VECTOR('',#9614,1.);
#9614 = DIRECTION('',(1.,0.));
#9615 = ( GEOMETRIC_REPRESENTATION_CONTEXT(2) 
PARAMETRIC_REPRESENTATION_CONTEXT() REPRESENTATION_CONTEXT('2D SPACE',''
  ) );
#9616 = PCURVE('',#3728,#9617);
#9617 = DEFINITIONAL_REPRESENTATION('',(#9618),#9622);
#9618 = CIRCLE('',#9619,1.7);
#9619 = AXIS2_PLACEMENT_2D('',#9620,#9621);
#9620 = CARTESIAN_POINT('',(0.,0.));
#9621 = DIRECTION('',(1.,0.));
#9622 = ( GEOMETRIC_REPRESENTATION_CONTEXT(2) 
PARAMETRIC_REPRESENTATION_CONTEXT() REPRESENTATION_CONTEXT('2D SPACE',''
  ) );
#9623 = ORIENTED_EDGE('',*,*,#3739,.T.);
#9624 = ORIENTED_EDGE('',*,*,#9625,.T.);
#9625 = EDGE_CURVE('',#3740,#9557,#9626,.T.);
#9626 = SURFACE_CURVE('',#9627,(#9632,#9639),.PCURVE_S1.);
#9627 = CIRCLE('',#9628,1.7);
#9628 = AXIS2_PLACEMENT_3D('',#9629,#9630,#9631);
#9629 = CARTESIAN_POINT('',(-160.5,250.,113.));
#9630 = DIRECTION('',(0.,0.,1.));
#9631 = DIRECTION('',(1.,0.,-0.));
#9632 = PCURVE('',#2694,#9633);
#9633 = DEFINITIONAL_REPRESENTATION('',(#9634),#9638);
#9634 = LINE('',#9635,#9636);
#9635 = CARTESIAN_POINT('',(0.,1.));
#9636 = VECTOR('',#9637,1.);
#9637 = DIRECTION('',(1.,0.));
#9638 = ( GEOMETRIC_REPRESENTATION_CONTEXT(2) 
PARAMETRIC_REPRESENTATION_CONTEXT() REPRESENTATION_CONTEXT('2D SPACE',''
  ) );
#9639 = PCURVE('',#3681,#9640);
#9640 = DEFINITIONAL_REPRESENTATION('',(#9641),#9645);
#9641 = CIRCLE('',#9642,1.7);
#9642 = AXIS2_PLACEMENT_2D('',#9643,#9644);
#9643 = CARTESIAN_POINT('',(7.,7.));
#9644 = DIRECTION('',(1.,0.));
#9645 = ( GEOMETRIC_REPRESENTATION_CONTEXT(2) 
PARAMETRIC_REPRESENTATION_CONTEXT() REPRESENTATION_CONTEXT('2D SPACE',''
  ) );
#9646 = ORIENTED_EDGE('',*,*,#9556,.T.);
#9647 = ADVANCED_FACE('',(#9648),#2725,.F.);
#9648 = FACE_BOUND('',#9649,.F.);
#9649 = EDGE_LOOP('',(#9650,#9651,#9674,#9696));
#9650 = ORIENTED_EDGE('',*,*,#2708,.F.);
#9651 = ORIENTED_EDGE('',*,*,#9652,.F.);
#9652 = EDGE_CURVE('',#9653,#2709,#9655,.T.);
#9653 = VERTEX_POINT('',#9654);
#9654 = CARTESIAN_POINT('',(-143.3,307.93408048832,113.));
#9655 = SEAM_CURVE('',#9656,(#9660,#9667),.PCURVE_S1.);
#9656 = LINE('',#9657,#9658);
#9657 = CARTESIAN_POINT('',(-143.3,307.93408048832,112.));
#9658 = VECTOR('',#9659,1.);
#9659 = DIRECTION('',(0.,0.,1.));
#9660 = PCURVE('',#2725,#9661);
#9661 = DEFINITIONAL_REPRESENTATION('',(#9662),#9666);
#9662 = LINE('',#9663,#9664);
#9663 = CARTESIAN_POINT('',(6.28318530718,-0.));
#9664 = VECTOR('',#9665,1.);
#9665 = DIRECTION('',(0.,1.));
#9666 = ( GEOMETRIC_REPRESENTATION_CONTEXT(2) 
PARAMETRIC_REPRESENTATION_CONTEXT() REPRESENTATION_CONTEXT('2D SPACE',''
  ) );
#9667 = PCURVE('',#2725,#9668);
#9668 = DEFINITIONAL_REPRESENTATION('',(#9669),#9673);
#9669 = LINE('',#9670,#9671);
#9670 = CARTESIAN_POINT('',(0.,-0.));
#9671 = VECTOR('',#9672,1.);
#9672 = DIRECTION('',(0.,1.));
#9673 = ( GEOMETRIC_REPRESENTATION_CONTEXT(2) 
PARAMETRIC_REPRESENTATION_CONTEXT() REPRESENTATION_CONTEXT('2D SPACE',''
  ) );
#9674 = ORIENTED_EDGE('',*,*,#9675,.T.);
#9675 = EDGE_CURVE('',#9653,#9653,#9676,.T.);
#9676 = SURFACE_CURVE('',#9677,(#9682,#9689),.PCURVE_S1.);
#9677 = CIRCLE('',#9678,1.7);
#9678 = AXIS2_PLACEMENT_3D('',#9679,#9680,#9681);
#9679 = CARTESIAN_POINT('',(-145.,307.93408048832,113.));
#9680 = DIRECTION('',(0.,0.,1.));
#9681 = DIRECTION('',(1.,0.,-0.));
#9682 = PCURVE('',#2725,#9683);
#9683 = DEFINITIONAL_REPRESENTATION('',(#9684),#9688);
#9684 = LINE('',#9685,#9686);
#9685 = CARTESIAN_POINT('',(0.,1.));
#9686 = VECTOR('',#9687,1.);
#9687 = DIRECTION('',(1.,0.));
#9688 = ( GEOMETRIC_REPRESENTATION_CONTEXT(2) 
PARAMETRIC_REPRESENTATION_CONTEXT() REPRESENTATION_CONTEXT('2D SPACE',''
  ) );
#9689 = PCURVE('',#9266,#9690);
#9690 = DEFINITIONAL_REPRESENTATION('',(#9691),#9695);
#9691 = CIRCLE('',#9692,1.7);
#9692 = AXIS2_PLACEMENT_2D('',#9693,#9694);
#9693 = CARTESIAN_POINT('',(7.,7.));
#9694 = DIRECTION('',(1.,0.));
#9695 = ( GEOMETRIC_REPRESENTATION_CONTEXT(2) 
PARAMETRIC_REPRESENTATION_CONTEXT() REPRESENTATION_CONTEXT('2D SPACE',''
  ) );
#9696 = ORIENTED_EDGE('',*,*,#9652,.T.);
#9697 = ADVANCED_FACE('',(#9698),#2756,.F.);
#9698 = FACE_BOUND('',#9699,.F.);
#9699 = EDGE_LOOP('',(#9700,#9701,#9724,#9746,#9747,#9769,#9770,#9792));
#9700 = ORIENTED_EDGE('',*,*,#2739,.F.);
#9701 = ORIENTED_EDGE('',*,*,#9702,.F.);
#9702 = EDGE_CURVE('',#9703,#2740,#9705,.T.);
#9703 = VERTEX_POINT('',#9704);
#9704 = CARTESIAN_POINT('',(162.2,250.,112.));
#9705 = SEAM_CURVE('',#9706,(#9710,#9717),.PCURVE_S1.);
#9706 = LINE('',#9707,#9708);
#9707 = CARTESIAN_POINT('',(162.2,250.,112.));
#9708 = VECTOR('',#9709,1.);
#9709 = DIRECTION('',(0.,0.,1.));
#9710 = PCURVE('',#2756,#9711);
#9711 = DEFINITIONAL_REPRESENTATION('',(#9712),#9716);
#9712 = LINE('',#9713,#9714);
#9713 = CARTESIAN_POINT('',(6.28318530718,-0.));
#9714 = VECTOR('',#9715,1.);
#9715 = DIRECTION('',(0.,1.));
#9716 = ( GEOMETRIC_REPRESENTATION_CONTEXT(2) 
PARAMETRIC_REPRESENTATION_CONTEXT() REPRESENTATION_CONTEXT('2D SPACE',''
  ) );
#9717 = PCURVE('',#2756,#9718);
#9718 = DEFINITIONAL_REPRESENTATION('',(#9719),#9723);
#9719 = LINE('',#9720,#9721);
#9720 = CARTESIAN_POINT('',(0.,-0.));
#9721 = VECTOR('',#9722,1.);
#9722 = DIRECTION('',(0.,1.));
#9723 = ( GEOMETRIC_REPRESENTATION_CONTEXT(2) 
PARAMETRIC_REPRESENTATION_CONTEXT() REPRESENTATION_CONTEXT('2D SPACE',''
  ) );
#9724 = ORIENTED_EDGE('',*,*,#9725,.T.);
#9725 = EDGE_CURVE('',#9703,#6588,#9726,.T.);
#9726 = SURFACE_CURVE('',#9727,(#9732,#9739),.PCURVE_S1.);
#9727 = CIRCLE('',#9728,1.7);
#9728 = AXIS2_PLACEMENT_3D('',#9729,#9730,#9731);
#9729 = CARTESIAN_POINT('',(160.5,250.,112.));
#9730 = DIRECTION('',(0.,0.,1.));
#9731 = DIRECTION('',(1.,0.,-0.));
#9732 = PCURVE('',#2756,#9733);
#9733 = DEFINITIONAL_REPRESENTATION('',(#9734),#9738);
#9734 = LINE('',#9735,#9736);
#9735 = CARTESIAN_POINT('',(0.,0.));
#9736 = VECTOR('',#9737,1.);
#9737 = DIRECTION('',(1.,0.));
#9738 = ( GEOMETRIC_REPRESENTATION_CONTEXT(2) 
PARAMETRIC_REPRESENTATION_CONTEXT() REPRESENTATION_CONTEXT('2D SPACE',''
  ) );
#9739 = PCURVE('',#6623,#9740);
#9740 = DEFINITIONAL_REPRESENTATION('',(#9741),#9745);
#9741 = CIRCLE('',#9742,1.7);
#9742 = AXIS2_PLACEMENT_2D('',#9743,#9744);
#9743 = CARTESIAN_POINT('',(0.,0.));
#9744 = DIRECTION('',(1.,0.));
#9745 = ( GEOMETRIC_REPRESENTATION_CONTEXT(2) 
PARAMETRIC_REPRESENTATION_CONTEXT() REPRESENTATION_CONTEXT('2D SPACE',''
  ) );
#9746 = ORIENTED_EDGE('',*,*,#6587,.T.);
#9747 = ORIENTED_EDGE('',*,*,#9748,.T.);
#9748 = EDGE_CURVE('',#6562,#6635,#9749,.T.);
#9749 = SURFACE_CURVE('',#9750,(#9755,#9762),.PCURVE_S1.);
#9750 = CIRCLE('',#9751,1.7);
#9751 = AXIS2_PLACEMENT_3D('',#9752,#9753,#9754);
#9752 = CARTESIAN_POINT('',(160.5,250.,113.));
#9753 = DIRECTION('',(0.,0.,1.));
#9754 = DIRECTION('',(1.,0.,-0.));
#9755 = PCURVE('',#2756,#9756);
#9756 = DEFINITIONAL_REPRESENTATION('',(#9757),#9761);
#9757 = LINE('',#9758,#9759);
#9758 = CARTESIAN_POINT('',(0.,1.));
#9759 = VECTOR('',#9760,1.);
#9760 = DIRECTION('',(1.,0.));
#9761 = ( GEOMETRIC_REPRESENTATION_CONTEXT(2) 
PARAMETRIC_REPRESENTATION_CONTEXT() REPRESENTATION_CONTEXT('2D SPACE',''
  ) );
#9762 = PCURVE('',#6576,#9763);
#9763 = DEFINITIONAL_REPRESENTATION('',(#9764),#9768);
#9764 = CIRCLE('',#9765,1.7);
#9765 = AXIS2_PLACEMENT_2D('',#9766,#9767);
#9766 = CARTESIAN_POINT('',(7.,7.));
#9767 = DIRECTION('',(1.,0.));
#9768 = ( GEOMETRIC_REPRESENTATION_CONTEXT(2) 
PARAMETRIC_REPRESENTATION_CONTEXT() REPRESENTATION_CONTEXT('2D SPACE',''
  ) );
#9769 = ORIENTED_EDGE('',*,*,#6634,.F.);
#9770 = ORIENTED_EDGE('',*,*,#9771,.T.);
#9771 = EDGE_CURVE('',#6609,#9703,#9772,.T.);
#9772 = SURFACE_CURVE('',#9773,(#9778,#9785),.PCURVE_S1.);
#9773 = CIRCLE('',#9774,1.7);
#9774 = AXIS2_PLACEMENT_3D('',#9775,#9776,#9777);
#9775 = CARTESIAN_POINT('',(160.5,250.,112.));
#9776 = DIRECTION('',(0.,0.,1.));
#9777 = DIRECTION('',(1.,0.,-0.));
#9778 = PCURVE('',#2756,#9779);
#9779 = DEFINITIONAL_REPRESENTATION('',(#9780),#9784);
#9780 = LINE('',#9781,#9782);
#9781 = CARTESIAN_POINT('',(0.,0.));
#9782 = VECTOR('',#9783,1.);
#9783 = DIRECTION('',(1.,0.));
#9784 = ( GEOMETRIC_REPRESENTATION_CONTEXT(2) 
PARAMETRIC_REPRESENTATION_CONTEXT() REPRESENTATION_CONTEXT('2D SPACE',''
  ) );
#9785 = PCURVE('',#6623,#9786);
#9786 = DEFINITIONAL_REPRESENTATION('',(#9787),#9791);
#9787 = CIRCLE('',#9788,1.7);
#9788 = AXIS2_PLACEMENT_2D('',#9789,#9790);
#9789 = CARTESIAN_POINT('',(0.,0.));
#9790 = DIRECTION('',(1.,0.));
#9791 = ( GEOMETRIC_REPRESENTATION_CONTEXT(2) 
PARAMETRIC_REPRESENTATION_CONTEXT() REPRESENTATION_CONTEXT('2D SPACE',''
  ) );
#9792 = ORIENTED_EDGE('',*,*,#9702,.T.);
#9793 = ADVANCED_FACE('',(#9794),#2787,.F.);
#9794 = FACE_BOUND('',#9795,.F.);
#9795 = EDGE_LOOP('',(#9796,#9797,#9820,#9842));
#9796 = ORIENTED_EDGE('',*,*,#2770,.F.);
#9797 = ORIENTED_EDGE('',*,*,#9798,.F.);
#9798 = EDGE_CURVE('',#9799,#2771,#9801,.T.);
#9799 = VERTEX_POINT('',#9800);
#9800 = CARTESIAN_POINT('',(146.7,307.93408048832,113.));
#9801 = SEAM_CURVE('',#9802,(#9806,#9813),.PCURVE_S1.);
#9802 = LINE('',#9803,#9804);
#9803 = CARTESIAN_POINT('',(146.7,307.93408048832,112.));
#9804 = VECTOR('',#9805,1.);
#9805 = DIRECTION('',(0.,0.,1.));
#9806 = PCURVE('',#2787,#9807);
#9807 = DEFINITIONAL_REPRESENTATION('',(#9808),#9812);
#9808 = LINE('',#9809,#9810);
#9809 = CARTESIAN_POINT('',(6.28318530718,-0.));
#9810 = VECTOR('',#9811,1.);
#9811 = DIRECTION('',(0.,1.));
#9812 = ( GEOMETRIC_REPRESENTATION_CONTEXT(2) 
PARAMETRIC_REPRESENTATION_CONTEXT() REPRESENTATION_CONTEXT('2D SPACE',''
  ) );
#9813 = PCURVE('',#2787,#9814);
#9814 = DEFINITIONAL_REPRESENTATION('',(#9815),#9819);
#9815 = LINE('',#9816,#9817);
#9816 = CARTESIAN_POINT('',(0.,-0.));
#9817 = VECTOR('',#9818,1.);
#9818 = DIRECTION('',(0.,1.));
#9819 = ( GEOMETRIC_REPRESENTATION_CONTEXT(2) 
PARAMETRIC_REPRESENTATION_CONTEXT() REPRESENTATION_CONTEXT('2D SPACE',''
  ) );
#9820 = ORIENTED_EDGE('',*,*,#9821,.T.);
#9821 = EDGE_CURVE('',#9799,#9799,#9822,.T.);
#9822 = SURFACE_CURVE('',#9823,(#9828,#9835),.PCURVE_S1.);
#9823 = CIRCLE('',#9824,1.7);
#9824 = AXIS2_PLACEMENT_3D('',#9825,#9826,#9827);
#9825 = CARTESIAN_POINT('',(145.,307.93408048832,113.));
#9826 = DIRECTION('',(0.,0.,1.));
#9827 = DIRECTION('',(1.,0.,-0.));
#9828 = PCURVE('',#2787,#9829);
#9829 = DEFINITIONAL_REPRESENTATION('',(#9830),#9834);
#9830 = LINE('',#9831,#9832);
#9831 = CARTESIAN_POINT('',(0.,1.));
#9832 = VECTOR('',#9833,1.);
#9833 = DIRECTION('',(1.,0.));
#9834 = ( GEOMETRIC_REPRESENTATION_CONTEXT(2) 
PARAMETRIC_REPRESENTATION_CONTEXT() REPRESENTATION_CONTEXT('2D SPACE',''
  ) );
#9835 = PCURVE('',#9090,#9836);
#9836 = DEFINITIONAL_REPRESENTATION('',(#9837),#9841);
#9837 = CIRCLE('',#9838,1.7);
#9838 = AXIS2_PLACEMENT_2D('',#9839,#9840);
#9839 = CARTESIAN_POINT('',(7.,7.));
#9840 = DIRECTION('',(1.,0.));
#9841 = ( GEOMETRIC_REPRESENTATION_CONTEXT(2) 
PARAMETRIC_REPRESENTATION_CONTEXT() REPRESENTATION_CONTEXT('2D SPACE',''
  ) );
#9842 = ORIENTED_EDGE('',*,*,#9798,.T.);
#9843 = ADVANCED_FACE('',(#9844),#3681,.F.);
#9844 = FACE_BOUND('',#9845,.F.);
#9845 = EDGE_LOOP('',(#9846,#9847,#9848,#9849,#9850,#9851,#9852));
#9846 = ORIENTED_EDGE('',*,*,#9430,.F.);
#9847 = ORIENTED_EDGE('',*,*,#3666,.T.);
#9848 = ORIENTED_EDGE('',*,*,#9579,.F.);
#9849 = ORIENTED_EDGE('',*,*,#9625,.F.);
#9850 = ORIENTED_EDGE('',*,*,#3760,.T.);
#9851 = ORIENTED_EDGE('',*,*,#9528,.T.);
#9852 = ORIENTED_EDGE('',*,*,#9502,.T.);
#9853 = ADVANCED_FACE('',(#9854),#3728,.T.);
#9854 = FACE_BOUND('',#9855,.T.);
#9855 = EDGE_LOOP('',(#9856,#9857));
#9856 = ORIENTED_EDGE('',*,*,#3713,.F.);
#9857 = ORIENTED_EDGE('',*,*,#9602,.T.);
#9858 = ADVANCED_FACE('',(#9859),#3613,.F.);
#9859 = FACE_BOUND('',#9860,.F.);
#9860 = EDGE_LOOP('',(#9861,#9885,#9886,#9887));
#9861 = ORIENTED_EDGE('',*,*,#9862,.F.);
#9862 = EDGE_CURVE('',#3571,#9863,#9865,.T.);
#9863 = VERTEX_POINT('',#9864);
#9864 = CARTESIAN_POINT('',(-158.,337.,100.84203173517));
#9865 = SURFACE_CURVE('',#9866,(#9871,#9878),.PCURVE_S1.);
#9866 = CIRCLE('',#9867,9.);
#9867 = AXIS2_PLACEMENT_3D('',#9868,#9869,#9870);
#9868 = CARTESIAN_POINT('',(-158.,328.,100.84203173517));
#9869 = DIRECTION('',(-0.,0.,-1.));
#9870 = DIRECTION('',(-1.,-2.22044604925E-16,0.));
#9871 = PCURVE('',#3613,#9872);
#9872 = DEFINITIONAL_REPRESENTATION('',(#9873),#9877);
#9873 = LINE('',#9874,#9875);
#9874 = CARTESIAN_POINT('',(0.,4.712388980385));
#9875 = VECTOR('',#9876,1.);
#9876 = DIRECTION('',(0.,1.));
#9877 = ( GEOMETRIC_REPRESENTATION_CONTEXT(2) 
PARAMETRIC_REPRESENTATION_CONTEXT() REPRESENTATION_CONTEXT('2D SPACE',''
  ) );
#9878 = PCURVE('',#3585,#9879);
#9879 = DEFINITIONAL_REPRESENTATION('',(#9880),#9884);
#9880 = LINE('',#9881,#9882);
#9881 = CARTESIAN_POINT('',(-0.,93.842031735176));
#9882 = VECTOR('',#9883,1.);
#9883 = DIRECTION('',(-1.,0.));
#9884 = ( GEOMETRIC_REPRESENTATION_CONTEXT(2) 
PARAMETRIC_REPRESENTATION_CONTEXT() REPRESENTATION_CONTEXT('2D SPACE',''
  ) );
#9885 = ORIENTED_EDGE('',*,*,#3596,.T.);
#9886 = ORIENTED_EDGE('',*,*,#9403,.T.);
#9887 = ORIENTED_EDGE('',*,*,#9888,.F.);
#9888 = EDGE_CURVE('',#9863,#8863,#9889,.T.);
#9889 = SURFACE_CURVE('',#9890,(#9895,#9902),.PCURVE_S1.);
#9890 = CIRCLE('',#9891,22.);
#9891 = AXIS2_PLACEMENT_3D('',#9892,#9893,#9894);
#9892 = CARTESIAN_POINT('',(-158.,315.,100.84203173517));
#9893 = DIRECTION('',(1.,0.,0.));
#9894 = DIRECTION('',(0.,1.,0.));
#9895 = PCURVE('',#3613,#9896);
#9896 = DEFINITIONAL_REPRESENTATION('',(#9897),#9901);
#9897 = LINE('',#9898,#9899);
#9898 = CARTESIAN_POINT('',(0.,6.28318530718));
#9899 = VECTOR('',#9900,1.);
#9900 = DIRECTION('',(1.,0.));
#9901 = ( GEOMETRIC_REPRESENTATION_CONTEXT(2) 
PARAMETRIC_REPRESENTATION_CONTEXT() REPRESENTATION_CONTEXT('2D SPACE',''
  ) );
#9902 = PCURVE('',#8878,#9903);
#9903 = DEFINITIONAL_REPRESENTATION('',(#9904),#9908);
#9904 = LINE('',#9905,#9906);
#9905 = CARTESIAN_POINT('',(0.,-158.));
#9906 = VECTOR('',#9907,1.);
#9907 = DIRECTION('',(1.,0.));
#9908 = ( GEOMETRIC_REPRESENTATION_CONTEXT(2) 
PARAMETRIC_REPRESENTATION_CONTEXT() REPRESENTATION_CONTEXT('2D SPACE',''
  ) );
#9909 = ADVANCED_FACE('',(#9910),#3585,.F.);
#9910 = FACE_BOUND('',#9911,.T.);
#9911 = EDGE_LOOP('',(#9912,#9913,#9950,#9976));
#9912 = ORIENTED_EDGE('',*,*,#3570,.F.);
#9913 = ORIENTED_EDGE('',*,*,#9914,.T.);
#9914 = EDGE_CURVE('',#3186,#9915,#9917,.T.);
#9915 = VERTEX_POINT('',#9916);
#9916 = CARTESIAN_POINT('',(-158.,337.,6.999999999997));
#9917 = SURFACE_CURVE('',#9918,(#9926,#9938),.PCURVE_S1.);
#9918 = B_SPLINE_CURVE_WITH_KNOTS('',6,(#9919,#9920,#9921,#9922,#9923,
    #9924,#9925),.UNSPECIFIED.,.F.,.F.,(7,7),(0.,1.),
  .PIECEWISE_BEZIER_KNOTS.);
#9919 = CARTESIAN_POINT('',(-167.,328.,12.));
#9920 = CARTESIAN_POINT('',(-167.,330.35619449019,11.166666666666));
#9921 = CARTESIAN_POINT('',(-166.2599255194,332.71216911611,
    10.333332525797));
#9922 = CARTESIAN_POINT('',(-164.7787520609,334.77875206095,
    9.499999999998));
#9923 = CARTESIAN_POINT('',(-162.7121691161,336.25992551946,8.6666674742
    ));
#9924 = CARTESIAN_POINT('',(-160.3561944901,337.,7.833333333331));
#9925 = CARTESIAN_POINT('',(-158.,337.,6.999999999997));
#9926 = PCURVE('',#3585,#9927);
#9927 = DEFINITIONAL_REPRESENTATION('',(#9928),#9937);
#9928 = B_SPLINE_CURVE_WITH_KNOTS('',7,(#9929,#9930,#9931,#9932,#9933,
    #9934,#9935,#9936),.UNSPECIFIED.,.F.,.F.,(8,8),(0.,1.),
  .PIECEWISE_BEZIER_KNOTS.);
#9929 = CARTESIAN_POINT('',(0.,5.000000000003));
#9930 = CARTESIAN_POINT('',(-0.224399475256,4.285714285717));
#9931 = CARTESIAN_POINT('',(-0.448781374537,3.571484517498));
#9932 = CARTESIAN_POINT('',(-0.673243282604,2.857000073405));
#9933 = CARTESIAN_POINT('',(-0.897553044191,2.142999926598));
#9934 = CARTESIAN_POINT('',(-1.122014952258,1.428515482505));
#9935 = CARTESIAN_POINT('',(-1.346396851538,0.714285714286));
#9936 = CARTESIAN_POINT('',(-1.570796326795,2.278177646531E-13));
#9937 = ( GEOMETRIC_REPRESENTATION_CONTEXT(2) 
PARAMETRIC_REPRESENTATION_CONTEXT() REPRESENTATION_CONTEXT('2D SPACE',''
  ) );
#9938 = PCURVE('',#3381,#9939);
#9939 = DEFINITIONAL_REPRESENTATION('',(#9940),#9949);
#9940 = B_SPLINE_CURVE_WITH_KNOTS('',7,(#9941,#9942,#9943,#9944,#9945,
    #9946,#9947,#9948),.UNSPECIFIED.,.F.,.F.,(8,8),(0.,1.),
  .PIECEWISE_BEZIER_KNOTS.);
#9941 = CARTESIAN_POINT('',(1.,-1.110223024625E-16));
#9942 = CARTESIAN_POINT('',(1.,0.142857142857));
#9943 = CARTESIAN_POINT('',(1.,0.285703096506));
#9944 = CARTESIAN_POINT('',(1.,0.428599985305));
#9945 = CARTESIAN_POINT('',(1.,0.571400014694));
#9946 = CARTESIAN_POINT('',(1.,0.714296903494));
#9947 = CARTESIAN_POINT('',(1.,0.857142857143));
#9948 = CARTESIAN_POINT('',(1.,1.));
#9949 = ( GEOMETRIC_REPRESENTATION_CONTEXT(2) 
PARAMETRIC_REPRESENTATION_CONTEXT() REPRESENTATION_CONTEXT('2D SPACE',''
  ) );
#9950 = ORIENTED_EDGE('',*,*,#9951,.T.);
#9951 = EDGE_CURVE('',#9915,#9863,#9952,.T.);
#9952 = SURFACE_CURVE('',#9953,(#9957,#9964),.PCURVE_S1.);
#9953 = LINE('',#9954,#9955);
#9954 = CARTESIAN_POINT('',(-158.,337.,6.999999999997));
#9955 = VECTOR('',#9956,1.);
#9956 = DIRECTION('',(0.,0.,1.));
#9957 = PCURVE('',#3585,#9958);
#9958 = DEFINITIONAL_REPRESENTATION('',(#9959),#9963);
#9959 = LINE('',#9960,#9961);
#9960 = CARTESIAN_POINT('',(-1.570796326795,0.));
#9961 = VECTOR('',#9962,1.);
#9962 = DIRECTION('',(-0.,1.));
#9963 = ( GEOMETRIC_REPRESENTATION_CONTEXT(2) 
PARAMETRIC_REPRESENTATION_CONTEXT() REPRESENTATION_CONTEXT('2D SPACE',''
  ) );
#9964 = PCURVE('',#9965,#9970);
#9965 = PLANE('',#9966);
#9966 = AXIS2_PLACEMENT_3D('',#9967,#9968,#9969);
#9967 = CARTESIAN_POINT('',(0.,337.,6.999999999997));
#9968 = DIRECTION('',(0.,1.,0.));
#9969 = DIRECTION('',(0.,-0.,1.));
#9970 = DEFINITIONAL_REPRESENTATION('',(#9971),#9975);
#9971 = LINE('',#9972,#9973);
#9972 = CARTESIAN_POINT('',(-1.7763568394E-15,-158.));
#9973 = VECTOR('',#9974,1.);
#9974 = DIRECTION('',(1.,0.));
#9975 = ( GEOMETRIC_REPRESENTATION_CONTEXT(2) 
PARAMETRIC_REPRESENTATION_CONTEXT() REPRESENTATION_CONTEXT('2D SPACE',''
  ) );
#9976 = ORIENTED_EDGE('',*,*,#9862,.F.);
#9977 = ADVANCED_FACE('',(#9978),#3381,.F.);
#9978 = FACE_BOUND('',#9979,.F.);
#9979 = EDGE_LOOP('',(#9980,#9981,#9982,#9983));
#9980 = ORIENTED_EDGE('',*,*,#4893,.F.);
#9981 = ORIENTED_EDGE('',*,*,#3185,.F.);
#9982 = ORIENTED_EDGE('',*,*,#9914,.T.);
#9983 = ORIENTED_EDGE('',*,*,#9984,.F.);
#9984 = EDGE_CURVE('',#4871,#9915,#9985,.T.);
#9985 = SURFACE_CURVE('',#9986,(#9994,#10001),.PCURVE_S1.);
#9986 = B_SPLINE_CURVE_WITH_KNOTS('',6,(#9987,#9988,#9989,#9990,#9991,
    #9992,#9993),.UNSPECIFIED.,.F.,.F.,(7,7),(0.,1.),
  .PIECEWISE_BEZIER_KNOTS.);
#9987 = CARTESIAN_POINT('',(-158.,333.,2.999999999997));
#9988 = CARTESIAN_POINT('',(-158.,334.04719751399,2.999999999997));
#9989 = CARTESIAN_POINT('',(-157.9999999999,335.09430597249,
    3.328910720272));
#9990 = CARTESIAN_POINT('',(-158.,336.01276061459,3.987239385389));
#9991 = CARTESIAN_POINT('',(-157.9999999999,336.67108927971,
    4.90569402748));
#9992 = CARTESIAN_POINT('',(-158.,337.,5.952802485995));
#9993 = CARTESIAN_POINT('',(-158.,337.,6.999999999997));
#9994 = PCURVE('',#3381,#9995);
#9995 = DEFINITIONAL_REPRESENTATION('',(#9996),#10000);
#9996 = LINE('',#9997,#9998);
#9997 = CARTESIAN_POINT('',(0.,1.));
#9998 = VECTOR('',#9999,1.);
#9999 = DIRECTION('',(1.,0.));
#10000 = ( GEOMETRIC_REPRESENTATION_CONTEXT(2) 
PARAMETRIC_REPRESENTATION_CONTEXT() REPRESENTATION_CONTEXT('2D SPACE',''
  ) );
#10001 = PCURVE('',#5240,#10002);
#10002 = DEFINITIONAL_REPRESENTATION('',(#10003),#10008);
#10003 = B_SPLINE_CURVE_WITH_KNOTS('',3,(#10004,#10005,#10006,#10007),
  .UNSPECIFIED.,.F.,.F.,(4,4),(0.,1.),.PIECEWISE_BEZIER_KNOTS.);
#10004 = CARTESIAN_POINT('',(4.712388980385,-158.));
#10005 = CARTESIAN_POINT('',(5.23598773738,-158.));
#10006 = CARTESIAN_POINT('',(5.759586550179,-158.));
#10007 = CARTESIAN_POINT('',(6.28318530718,-158.));
#10008 = ( GEOMETRIC_REPRESENTATION_CONTEXT(2) 
PARAMETRIC_REPRESENTATION_CONTEXT() REPRESENTATION_CONTEXT('2D SPACE',''
  ) );
#10009 = ADVANCED_FACE('',(#10010),#3044,.T.);
#10010 = FACE_BOUND('',#10011,.T.);
#10011 = EDGE_LOOP('',(#10012,#10013,#10014,#10015,#10016,#10017,#10018)
  );
#10012 = ORIENTED_EDGE('',*,*,#4680,.F.);
#10013 = ORIENTED_EDGE('',*,*,#3123,.T.);
#10014 = ORIENTED_EDGE('',*,*,#7671,.T.);
#10015 = ORIENTED_EDGE('',*,*,#7621,.T.);
#10016 = ORIENTED_EDGE('',*,*,#3029,.T.);
#10017 = ORIENTED_EDGE('',*,*,#4434,.T.);
#10018 = ORIENTED_EDGE('',*,*,#4601,.F.);
#10019 = ADVANCED_FACE('',(#10020),#3091,.T.);
#10020 = FACE_BOUND('',#10021,.T.);
#10021 = EDGE_LOOP('',(#10022,#10023));
#10022 = ORIENTED_EDGE('',*,*,#3076,.F.);
#10023 = ORIENTED_EDGE('',*,*,#7648,.T.);
#10024 = ADVANCED_FACE('',(#10025),#2888,.T.);
#10025 = FACE_BOUND('',#10026,.T.);
#10026 = EDGE_LOOP('',(#10027,#10028,#10029,#10030,#10031,#10032,#10033)
  );
#10027 = ORIENTED_EDGE('',*,*,#4201,.F.);
#10028 = ORIENTED_EDGE('',*,*,#2967,.T.);
#10029 = ORIENTED_EDGE('',*,*,#7775,.T.);
#10030 = ORIENTED_EDGE('',*,*,#7725,.T.);
#10031 = ORIENTED_EDGE('',*,*,#2873,.T.);
#10032 = ORIENTED_EDGE('',*,*,#3857,.T.);
#10033 = ORIENTED_EDGE('',*,*,#4113,.F.);
#10034 = ADVANCED_FACE('',(#10035),#2935,.T.);
#10035 = FACE_BOUND('',#10036,.T.);
#10036 = EDGE_LOOP('',(#10037,#10038));
#10037 = ORIENTED_EDGE('',*,*,#2920,.F.);
#10038 = ORIENTED_EDGE('',*,*,#7752,.T.);
#10039 = ADVANCED_FACE('',(#10040),#3821,.T.);
#10040 = FACE_BOUND('',#10041,.T.);
#10041 = EDGE_LOOP('',(#10042,#10043,#10044,#10067));
#10042 = ORIENTED_EDGE('',*,*,#3805,.F.);
#10043 = ORIENTED_EDGE('',*,*,#8269,.T.);
#10044 = ORIENTED_EDGE('',*,*,#10045,.T.);
#10045 = EDGE_CURVE('',#8216,#10046,#10048,.T.);
#10046 = VERTEX_POINT('',#10047);
#10047 = CARTESIAN_POINT('',(-165.2,340.,6.999999999997));
#10048 = SURFACE_CURVE('',#10049,(#10053,#10060),.PCURVE_S1.);
#10049 = LINE('',#10050,#10051);
#10050 = CARTESIAN_POINT('',(-170.,340.,6.999999999997));
#10051 = VECTOR('',#10052,1.);
#10052 = DIRECTION('',(1.,0.,0.));
#10053 = PCURVE('',#3821,#10054);
#10054 = DEFINITIONAL_REPRESENTATION('',(#10055),#10059);
#10055 = LINE('',#10056,#10057);
#10056 = CARTESIAN_POINT('',(6.28318530718,-4.));
#10057 = VECTOR('',#10058,1.);
#10058 = DIRECTION('',(-0.,1.));
#10059 = ( GEOMETRIC_REPRESENTATION_CONTEXT(2) 
PARAMETRIC_REPRESENTATION_CONTEXT() REPRESENTATION_CONTEXT('2D SPACE',''
  ) );
#10060 = PCURVE('',#8253,#10061);
#10061 = DEFINITIONAL_REPRESENTATION('',(#10062),#10066);
#10062 = LINE('',#10063,#10064);
#10063 = CARTESIAN_POINT('',(2.255973186038E-13,-4.));
#10064 = VECTOR('',#10065,1.);
#10065 = DIRECTION('',(0.,1.));
#10066 = ( GEOMETRIC_REPRESENTATION_CONTEXT(2) 
PARAMETRIC_REPRESENTATION_CONTEXT() REPRESENTATION_CONTEXT('2D SPACE',''
  ) );
#10067 = ORIENTED_EDGE('',*,*,#10068,.F.);
#10068 = EDGE_CURVE('',#3806,#10046,#10069,.T.);
#10069 = SURFACE_CURVE('',#10070,(#10075,#10082),.PCURVE_S1.);
#10070 = CIRCLE('',#10071,7.);
#10071 = AXIS2_PLACEMENT_3D('',#10072,#10073,#10074);
#10072 = CARTESIAN_POINT('',(-165.2,333.,6.999999999997));
#10073 = DIRECTION('',(1.,0.,0.));
#10074 = DIRECTION('',(0.,0.,-1.));
#10075 = PCURVE('',#3821,#10076);
#10076 = DEFINITIONAL_REPRESENTATION('',(#10077),#10081);
#10077 = LINE('',#10078,#10079);
#10078 = CARTESIAN_POINT('',(4.712388980385,0.8));
#10079 = VECTOR('',#10080,1.);
#10080 = DIRECTION('',(1.,0.));
#10081 = ( GEOMETRIC_REPRESENTATION_CONTEXT(2) 
PARAMETRIC_REPRESENTATION_CONTEXT() REPRESENTATION_CONTEXT('2D SPACE',''
  ) );
#10082 = PCURVE('',#4075,#10083);
#10083 = DEFINITIONAL_REPRESENTATION('',(#10084),#10088);
#10084 = LINE('',#10085,#10086);
#10085 = CARTESIAN_POINT('',(0.,0.));
#10086 = VECTOR('',#10087,1.);
#10087 = DIRECTION('',(1.,0.));
#10088 = ( GEOMETRIC_REPRESENTATION_CONTEXT(2) 
PARAMETRIC_REPRESENTATION_CONTEXT() REPRESENTATION_CONTEXT('2D SPACE',''
  ) );
#10089 = ADVANCED_FACE('',(#10090),#4075,.T.);
#10090 = FACE_BOUND('',#10091,.T.);
#10091 = EDGE_LOOP('',(#10092,#10093,#10094,#10121));
#10092 = ORIENTED_EDGE('',*,*,#4061,.F.);
#10093 = ORIENTED_EDGE('',*,*,#10068,.T.);
#10094 = ORIENTED_EDGE('',*,*,#10095,.T.);
#10095 = EDGE_CURVE('',#10046,#10096,#10098,.T.);
#10096 = VERTEX_POINT('',#10097);
#10097 = CARTESIAN_POINT('',(-162.7991445573,338.91563067273,
    6.999999999997));
#10098 = SURFACE_CURVE('',#10099,(#10104,#10110),.PCURVE_S1.);
#10099 = CIRCLE('',#10100,3.2);
#10100 = AXIS2_PLACEMENT_3D('',#10101,#10102,#10103);
#10101 = CARTESIAN_POINT('',(-165.2,336.8,6.999999999997));
#10102 = DIRECTION('',(0.,-6.123233995737E-17,-1.));
#10103 = DIRECTION('',(0.,1.,-6.123233995737E-17));
#10104 = PCURVE('',#4075,#10105);
#10105 = DEFINITIONAL_REPRESENTATION('',(#10106),#10109);
#10106 = B_SPLINE_CURVE_WITH_KNOTS('',1,(#10107,#10108),.UNSPECIFIED.,
  .F.,.F.,(2,2),(0.,1.570796326795),.PIECEWISE_BEZIER_KNOTS.);
#10107 = CARTESIAN_POINT('',(1.570796326795,0.));
#10108 = CARTESIAN_POINT('',(1.570796326795,1.570796326795));
#10109 = ( GEOMETRIC_REPRESENTATION_CONTEXT(2) 
PARAMETRIC_REPRESENTATION_CONTEXT() REPRESENTATION_CONTEXT('2D SPACE',''
  ) );
#10110 = PCURVE('',#10111,#10116);
#10111 = CYLINDRICAL_SURFACE('',#10112,3.2);
#10112 = AXIS2_PLACEMENT_3D('',#10113,#10114,#10115);
#10113 = CARTESIAN_POINT('',(-165.2,336.8,6.999999999997));
#10114 = DIRECTION('',(0.,0.,1.));
#10115 = DIRECTION('',(0.,1.,0.));
#10116 = DEFINITIONAL_REPRESENTATION('',(#10117),#10120);
#10117 = B_SPLINE_CURVE_WITH_KNOTS('',1,(#10118,#10119),.UNSPECIFIED.,
  .F.,.F.,(2,2),(0.,1.570796326795),.PIECEWISE_BEZIER_KNOTS.);
#10118 = CARTESIAN_POINT('',(0.,2.273736754432E-13));
#10119 = CARTESIAN_POINT('',(-1.570796326795,2.273736754432E-13));
#10120 = ( GEOMETRIC_REPRESENTATION_CONTEXT(2) 
PARAMETRIC_REPRESENTATION_CONTEXT() REPRESENTATION_CONTEXT('2D SPACE',''
  ) );
#10121 = ORIENTED_EDGE('',*,*,#10122,.F.);
#10122 = EDGE_CURVE('',#3930,#10096,#10123,.T.);
#10123 = SURFACE_CURVE('',#10124,(#10167,#10213),.PCURVE_S1.);
#10124 = B_SPLINE_CURVE_WITH_KNOTS('',5,(#10125,#10126,#10127,#10128,
    #10129,#10130,#10131,#10132,#10133,#10134,#10135,#10136,#10137,
    #10138,#10139,#10140,#10141,#10142,#10143,#10144,#10145,#10146,
    #10147,#10148,#10149,#10150,#10151,#10152,#10153,#10154,#10155,
    #10156,#10157,#10158,#10159,#10160,#10161,#10162,#10163,#10164,
    #10165,#10166),.UNSPECIFIED.,.F.,.F.,(6,4,4,4,4,4,4,4,4,4,6),(0.,
    6.62694788709E-02,0.172836832016,0.278106082903,0.389291557618,
    0.499802400211,0.64776635447,0.721933143112,0.827202924933,
    0.933771129028,1.),.UNSPECIFIED.);
#10125 = CARTESIAN_POINT('',(-162.7991445573,333.,1.084369327263));
#10126 = CARTESIAN_POINT('',(-162.7874607004,333.11924999986,
    1.097628376618));
#10127 = CARTESIAN_POINT('',(-162.7764250659,333.23829214525,
    1.113341222859));
#10128 = CARTESIAN_POINT('',(-162.7660583169,333.35706144501,
    1.131461893058));
#10129 = CARTESIAN_POINT('',(-162.7563545315,333.47548880658,
    1.151970462907));
#10130 = CARTESIAN_POINT('',(-162.732731909,333.78328338713,
    1.211666775519));
#10131 = CARTESIAN_POINT('',(-162.7198384916,333.97199445799,
    1.254628964618));
#10132 = CARTESIAN_POINT('',(-162.708544519,334.15934648704,
    1.303717103366));
#10133 = CARTESIAN_POINT('',(-162.698708385,334.34501224537,
    1.35897951133));
#10134 = CARTESIAN_POINT('',(-162.6817566265,334.71004643925,
    1.48121140733));
#10135 = CARTESIAN_POINT('',(-162.6746092703,334.88946146542,
    1.548029386968));
#10136 = CARTESIAN_POINT('',(-162.6685929052,335.06655700706,
    1.620975612866));
#10137 = CARTESIAN_POINT('',(-162.6635510222,335.24096432301,
    1.70010359527));
#10138 = CARTESIAN_POINT('',(-162.6548976583,335.59326848698,
    1.875533053363));
#10139 = CARTESIAN_POINT('',(-162.6513824661,335.77081135777,
    1.97255018599));
#10140 = CARTESIAN_POINT('',(-162.6486305598,335.94447484209,
    2.076478897247));
#10141 = CARTESIAN_POINT('',(-162.6464941635,336.11379203669,
    2.187269536357));
#10142 = CARTESIAN_POINT('',(-162.6432572456,336.44183884504,
    2.421555237051));
#10143 = CARTESIAN_POINT('',(-162.6421505281,336.60063037048,
    2.544971910523));
#10144 = CARTESIAN_POINT('',(-162.6414493002,336.7542439988,
    2.674866120378));
#10145 = CARTESIAN_POINT('',(-162.6410972553,336.90228217455,
    2.81100249888));
#10146 = CARTESIAN_POINT('',(-162.6410914063,337.2347088631,
    3.143231395626));
#10147 = CARTESIAN_POINT('',(-162.6417149929,337.41442664317,
    3.344020332602));
#10148 = CARTESIAN_POINT('',(-162.6429620714,337.58274804472,
    3.554603546241));
#10149 = CARTESIAN_POINT('',(-162.6450167672,337.73919672199,
    3.773976811911));
#10150 = CARTESIAN_POINT('',(-162.6497756949,337.95589713628,
    4.114834214226));
#10151 = CARTESIAN_POINT('',(-162.6516447976,338.02521222863,
    4.230574259728));
#10152 = CARTESIAN_POINT('',(-162.6538325247,338.0914618404,
    4.348109895717));
#10153 = CARTESIAN_POINT('',(-162.6563846413,338.15463704,4.467303789905
    ));
#10154 = CARTESIAN_POINT('',(-162.663560236,338.30004831184,
    4.759364160785));
#10155 = CARTESIAN_POINT('',(-162.6686035561,338.37916719663,
    4.933776253483));
#10156 = CARTESIAN_POINT('',(-162.6746215359,338.45210432786,
    5.110876166228));
#10157 = CARTESIAN_POINT('',(-162.6817706889,338.51891323438,
    5.290295172555));
#10158 = CARTESIAN_POINT('',(-162.6987264387,338.64112709094,
    5.655337167835));
#10159 = CARTESIAN_POINT('',(-162.7085647793,338.69638049624,
    5.841006748908));
#10160 = CARTESIAN_POINT('',(-162.7198611367,338.74545961142,
    6.028362247554));
#10161 = CARTESIAN_POINT('',(-162.7327570981,338.78841273067,
    6.217076448932));
#10162 = CARTESIAN_POINT('',(-162.7563783873,338.84807994697,
    6.524802319377));
#10163 = CARTESIAN_POINT('',(-162.7660774309,338.86857151325,
    6.643157528656));
#10164 = CARTESIAN_POINT('',(-162.7764386303,338.88667808934,
    6.761854173863));
#10165 = CARTESIAN_POINT('',(-162.7874678808,338.90237977191,
    6.880823286908));
#10166 = CARTESIAN_POINT('',(-162.7991445573,338.91563067273,
    6.999999999997));
#10167 = PCURVE('',#4075,#10168);
#10168 = DEFINITIONAL_REPRESENTATION('',(#10169),#10212);
#10169 = B_SPLINE_CURVE_WITH_KNOTS('',5,(#10170,#10171,#10172,#10173,
    #10174,#10175,#10176,#10177,#10178,#10179,#10180,#10181,#10182,
    #10183,#10184,#10185,#10186,#10187,#10188,#10189,#10190,#10191,
    #10192,#10193,#10194,#10195,#10196,#10197,#10198,#10199,#10200,
    #10201,#10202,#10203,#10204,#10205,#10206,#10207,#10208,#10209,
    #10210,#10211),.UNSPECIFIED.,.F.,.F.,(6,4,4,4,4,4,4,4,4,4,6),(0.,
    6.62694788709E-02,0.172836832016,0.278106082903,0.389291557618,
    0.499802400211,0.64776635447,0.721933143112,0.827202924933,
    0.933771129028,1.),.UNSPECIFIED.);
#10170 = CARTESIAN_POINT('',(0.,0.848466330314));
#10171 = CARTESIAN_POINT('',(2.015845925083E-02,0.853988965754));
#10172 = CARTESIAN_POINT('',(4.039474176779E-02,0.859248475533));
#10173 = CARTESIAN_POINT('',(6.070638504616E-02,0.864227153936));
#10174 = CARTESIAN_POINT('',(8.108854994065E-02,0.868919530264));
#10175 = CARTESIAN_POINT('',(0.134418076686,0.880413058892));
#10176 = CARTESIAN_POINT('',(0.167468988916,0.886761283686));
#10177 = CARTESIAN_POINT('',(0.200668198636,0.892375454112));
#10178 = CARTESIAN_POINT('',(0.23398939787,0.897301108579));
#10179 = CARTESIAN_POINT('',(0.300428208623,0.905840407292));
#10180 = CARTESIAN_POINT('',(0.333542885752,0.909469291244));
#10181 = CARTESIAN_POINT('',(0.366735710359,0.912540529955));
#10182 = CARTESIAN_POINT('',(0.399988576765,0.915124416986));
#10183 = CARTESIAN_POINT('',(0.468459823251,0.919572251165));
#10184 = CARTESIAN_POINT('',(0.503683790787,0.921387573403));
#10185 = CARTESIAN_POINT('',(0.538943450566,0.922812159279));
#10186 = CARTESIAN_POINT('',(0.574228929837,0.923919957261));
#10187 = CARTESIAN_POINT('',(0.644620478731,0.925600183608));
#10188 = CARTESIAN_POINT('',(0.679727153848,0.926175815044));
#10189 = CARTESIAN_POINT('',(0.714842315227,0.926540722424));
#10190 = CARTESIAN_POINT('',(0.749963431201,0.926723948351));
#10191 = CARTESIAN_POINT('',(0.832107252935,0.926726992395));
#10192 = CARTESIAN_POINT('',(0.879132695685,0.9264024031));
#10193 = CARTESIAN_POINT('',(0.926142264633,0.925753593873));
#10194 = CARTESIAN_POINT('',(0.973133495893,0.924685065487));
#10195 = CARTESIAN_POINT('',(1.04360458553,0.922220407589));
#10196 = CARTESIAN_POINT('',(1.067122272749,0.921253513647));
#10197 = CARTESIAN_POINT('',(1.090625152016,0.920123508203));
#10198 = CARTESIAN_POINT('',(1.114109569377,0.918807932919));
#10199 = CARTESIAN_POINT('',(1.170870619315,0.915119692676));
#10200 = CARTESIAN_POINT('',(1.204123507426,0.912535085246));
#10201 = CARTESIAN_POINT('',(1.237316335255,0.909463044766));
#10202 = CARTESIAN_POINT('',(1.270430993339,0.905833280196));
#10203 = CARTESIAN_POINT('',(1.336869815244,0.897292058107));
#10204 = CARTESIAN_POINT('',(1.370191043261,0.89236535547));
#10205 = CARTESIAN_POINT('',(1.403390253903,0.88675007269));
#10206 = CARTESIAN_POINT('',(1.436441137378,0.880400688772));
#10207 = CARTESIAN_POINT('',(1.489757881355,0.868907994579));
#10208 = CARTESIAN_POINT('',(1.510127389951,0.864217974418));
#10209 = CARTESIAN_POINT('',(1.53042645816,0.85924201082));
#10210 = CARTESIAN_POINT('',(1.55065025621,0.853985571739));
#10211 = CARTESIAN_POINT('',(1.570796326795,0.848466330312));
#10212 = ( GEOMETRIC_REPRESENTATION_CONTEXT(2) 
PARAMETRIC_REPRESENTATION_CONTEXT() REPRESENTATION_CONTEXT('2D SPACE',''
  ) );
#10213 = PCURVE('',#3957,#10214);
#10214 = DEFINITIONAL_REPRESENTATION('',(#10215),#10258);
#10215 = B_SPLINE_CURVE_WITH_KNOTS('',5,(#10216,#10217,#10218,#10219,
    #10220,#10221,#10222,#10223,#10224,#10225,#10226,#10227,#10228,
    #10229,#10230,#10231,#10232,#10233,#10234,#10235,#10236,#10237,
    #10238,#10239,#10240,#10241,#10242,#10243,#10244,#10245,#10246,
    #10247,#10248,#10249,#10250,#10251,#10252,#10253,#10254,#10255,
    #10256,#10257),.UNSPECIFIED.,.F.,.F.,(6,4,4,4,4,4,4,4,4,4,6),(0.,
    6.62694788709E-02,0.172836832016,0.278106082903,0.389291557618,
    0.499802400211,0.64776635447,0.721933143112,0.827202924933,
    0.933771129028,1.),.UNSPECIFIED.);
#10216 = CARTESIAN_POINT('',(0.117178847072,0.742655095885));
#10217 = CARTESIAN_POINT('',(0.127173493996,0.74364455986));
#10218 = CARTESIAN_POINT('',(0.137140230724,0.744580681123));
#10219 = CARTESIAN_POINT('',(0.147092072803,0.745463772286));
#10220 = CARTESIAN_POINT('',(0.157037791276,0.746295282009));
#10221 = CARTESIAN_POINT('',(0.182979412967,0.748334173319));
#10222 = CARTESIAN_POINT('',(0.198976510417,0.749462624265));
#10223 = CARTESIAN_POINT('',(0.215004377459,0.750470153982));
#10224 = CARTESIAN_POINT('',(0.23107750304,0.751366879823));
#10225 = CARTESIAN_POINT('',(0.263137038,0.752948616272));
#10226 = CARTESIAN_POINT('',(0.279121871627,0.753636070087));
#10227 = CARTESIAN_POINT('',(0.295168560108,0.754234454636));
#10228 = CARTESIAN_POINT('',(0.31127900521,0.754753097978));
#10229 = CARTESIAN_POINT('',(0.34453184284,0.755672267376));
#10230 = CARTESIAN_POINT('',(0.361681414887,0.756064519204));
#10231 = CARTESIAN_POINT('',(0.378896383555,0.756386446514));
#10232 = CARTESIAN_POINT('',(0.396168487041,0.756646155427));
#10233 = CARTESIAN_POINT('',(0.430696357959,0.757051024395));
#10234 = CARTESIAN_POINT('',(0.447951992402,0.757196872121));
#10235 = CARTESIAN_POINT('',(0.465238793967,0.757292233921));
#10236 = CARTESIAN_POINT('',(0.482542106821,0.757340092164));
#10237 = CARTESIAN_POINT('',(0.523012514698,0.757340887429));
#10238 = CARTESIAN_POINT('',(0.546181046285,0.757256142653));
#10239 = CARTESIAN_POINT('',(0.569309377617,0.757086356486));
#10240 = CARTESIAN_POINT('',(0.592364396977,0.756821818849));
#10241 = CARTESIAN_POINT('',(0.626825963052,0.756257114281));
#10242 = CARTESIAN_POINT('',(0.638307535858,0.756040521689));
#10243 = CARTESIAN_POINT('',(0.649761451652,0.755793768023));
#10244 = CARTESIAN_POINT('',(0.661185749302,0.755514300522));
#10245 = CARTESIAN_POINT('',(0.688751468581,0.75475214484));
#10246 = CARTESIAN_POINT('',(0.704861870211,0.754233382264));
#10247 = CARTESIAN_POINT('',(0.720908515647,0.753634867855));
#10248 = CARTESIAN_POINT('',(0.736893310431,0.752947272885));
#10249 = CARTESIAN_POINT('',(0.768952833642,0.751365226966));
#10250 = CARTESIAN_POINT('',(0.785025986113,0.750468331932));
#10251 = CARTESIAN_POINT('',(0.801053894947,0.749460620459));
#10252 = CARTESIAN_POINT('',(0.817051055377,0.748331975406));
#10253 = CARTESIAN_POINT('',(0.842986657913,0.746293237832));
#10254 = CARTESIAN_POINT('',(0.852926281978,0.745462138292));
#10255 = CARTESIAN_POINT('',(0.862872007955,0.744579540666));
#10256 = CARTESIAN_POINT('',(0.872832653002,0.743643947773));
#10257 = CARTESIAN_POINT('',(0.882821157575,0.742655091887));
#10258 = ( GEOMETRIC_REPRESENTATION_CONTEXT(2) 
PARAMETRIC_REPRESENTATION_CONTEXT() REPRESENTATION_CONTEXT('2D SPACE',''
  ) );
#10259 = ADVANCED_FACE('',(#10260),#3957,.T.);
#10260 = FACE_BOUND('',#10261,.T.);
#10261 = EDGE_LOOP('',(#10262,#10263,#10264,#10265,#10306,#10348));
#10262 = ORIENTED_EDGE('',*,*,#4163,.F.);
#10263 = ORIENTED_EDGE('',*,*,#3929,.T.);
#10264 = ORIENTED_EDGE('',*,*,#10122,.T.);
#10265 = ORIENTED_EDGE('',*,*,#10266,.T.);
#10266 = EDGE_CURVE('',#10096,#10267,#10269,.T.);
#10267 = VERTEX_POINT('',#10268);
#10268 = CARTESIAN_POINT('',(-162.852787233,338.97499246583,
    8.325192231656));
#10269 = SURFACE_CURVE('',#10270,(#10280,#10293),.PCURVE_S1.);
#10270 = B_SPLINE_CURVE_WITH_KNOTS('',8,(#10271,#10272,#10273,#10274,
    #10275,#10276,#10277,#10278,#10279),.UNSPECIFIED.,.F.,.F.,(9,9),(0.,
    1.),.PIECEWISE_BEZIER_KNOTS.);
#10271 = CARTESIAN_POINT('',(-162.7991249211,338.91560838908,
    6.999799599997));
#10272 = CARTESIAN_POINT('',(-162.8152992229,338.93396361911,
    7.164857561906));
#10273 = CARTESIAN_POINT('',(-162.8293465994,338.94958172156,
    7.330129475269));
#10274 = CARTESIAN_POINT('',(-162.8410857011,338.96241756489,
    7.495647580595));
#10275 = CARTESIAN_POINT('',(-162.8502730522,338.97233223787,
    7.661402430184));
#10276 = CARTESIAN_POINT('',(-162.8565987152,338.97910399766,
    7.827343996366));
#10277 = CARTESIAN_POINT('',(-162.8596074379,338.98231306626,
    7.993381552385));
#10278 = CARTESIAN_POINT('',(-162.8587011235,338.98137463078,
    8.159384702306));
#10279 = CARTESIAN_POINT('',(-162.8527871265,338.97499235098,
    8.325192572938));
#10280 = PCURVE('',#3957,#10281);
#10281 = DEFINITIONAL_REPRESENTATION('',(#10282),#10292);
#10282 = B_SPLINE_CURVE_WITH_KNOTS('',8,(#10283,#10284,#10285,#10286,
    #10287,#10288,#10289,#10290,#10291),.UNSPECIFIED.,.F.,.F.,(9,9),(0.,
    1.),.PIECEWISE_BEZIER_KNOTS.);
#10283 = CARTESIAN_POINT('',(0.882804370162,0.742656769851));
#10284 = CARTESIAN_POINT('',(0.896638186592,0.741287124049));
#10285 = CARTESIAN_POINT('',(0.910596018378,0.740005359981));
#10286 = CARTESIAN_POINT('',(0.924720164298,0.738820678807));
#10287 = CARTESIAN_POINT('',(0.939057356302,0.737744175035));
#10288 = CARTESIAN_POINT('',(0.953662906647,0.736792296352));
#10289 = CARTESIAN_POINT('',(0.968611120111,0.735986885802));
#10290 = CARTESIAN_POINT('',(0.983996635824,0.735358482753));
#10291 = CARTESIAN_POINT('',(1.,0.734961485412));
#10292 = ( GEOMETRIC_REPRESENTATION_CONTEXT(2) 
PARAMETRIC_REPRESENTATION_CONTEXT() REPRESENTATION_CONTEXT('2D SPACE',''
  ) );
#10293 = PCURVE('',#10111,#10294);
#10294 = DEFINITIONAL_REPRESENTATION('',(#10295),#10305);
#10295 = B_SPLINE_CURVE_WITH_KNOTS('',8,(#10296,#10297,#10298,#10299,
    #10300,#10301,#10302,#10303,#10304),.UNSPECIFIED.,.F.,.F.,(9,9),(0.,
    1.),.PIECEWISE_BEZIER_KNOTS.);
#10296 = CARTESIAN_POINT('',(-0.848475611822,-2.003999997726E-04));
#10297 = CARTESIAN_POINT('',(-0.840830386933,0.164857561909));
#10298 = CARTESIAN_POINT('',(-0.834266338715,0.330129475272));
#10299 = CARTESIAN_POINT('',(-0.828830830146,0.495647580598));
#10300 = CARTESIAN_POINT('',(-0.824606878337,0.661402430187));
#10301 = CARTESIAN_POINT('',(-0.821710994153,0.827343996369));
#10302 = CARTESIAN_POINT('',(-0.820336372269,0.993381552389));
#10303 = CARTESIAN_POINT('',(-0.82074398492,1.159384702309));
#10304 = CARTESIAN_POINT('',(-0.823463073533,1.325192572941));
#10305 = ( GEOMETRIC_REPRESENTATION_CONTEXT(2) 
PARAMETRIC_REPRESENTATION_CONTEXT() REPRESENTATION_CONTEXT('2D SPACE',''
  ) );
#10306 = ORIENTED_EDGE('',*,*,#10307,.T.);
#10307 = EDGE_CURVE('',#10267,#10308,#10310,.T.);
#10308 = VERTEX_POINT('',#10309);
#10309 = CARTESIAN_POINT('',(-158.,340.,6.999999999997));
#10310 = SURFACE_CURVE('',#10311,(#10319,#10331),.PCURVE_S1.);
#10311 = B_SPLINE_CURVE_WITH_KNOTS('',6,(#10312,#10313,#10314,#10315,
    #10316,#10317,#10318),.UNSPECIFIED.,.F.,.F.,(7,7),(0.,1.),
  .PIECEWISE_BEZIER_KNOTS.);
#10312 = CARTESIAN_POINT('',(-170.,328.,12.));
#10313 = CARTESIAN_POINT('',(-170.,331.14159265359,11.166666666666));
#10314 = CARTESIAN_POINT('',(-169.0132677677,334.28291800846,
    10.333333333332));
#10315 = CARTESIAN_POINT('',(-167.0382817956,337.03828179568,
    9.499999999998));
#10316 = CARTESIAN_POINT('',(-164.2829180084,339.01326776775,
    8.666666666665));
#10317 = CARTESIAN_POINT('',(-161.1415926535,340.,7.833333333331));
#10318 = CARTESIAN_POINT('',(-158.,340.,6.999999999997));
#10319 = PCURVE('',#3957,#10320);
#10320 = DEFINITIONAL_REPRESENTATION('',(#10321),#10330);
#10321 = B_SPLINE_CURVE_WITH_KNOTS('',7,(#10322,#10323,#10324,#10325,
    #10326,#10327,#10328,#10329),.UNSPECIFIED.,.F.,.F.,(8,8),(0.,1.),
  .PIECEWISE_BEZIER_KNOTS.);
#10322 = CARTESIAN_POINT('',(1.,-1.110223024625E-16));
#10323 = CARTESIAN_POINT('',(1.,0.142857142857));
#10324 = CARTESIAN_POINT('',(1.,0.285703096506));
#10325 = CARTESIAN_POINT('',(1.,0.428599985305));
#10326 = CARTESIAN_POINT('',(1.,0.571400014694));
#10327 = CARTESIAN_POINT('',(1.,0.714296903494));
#10328 = CARTESIAN_POINT('',(1.,0.857142857143));
#10329 = CARTESIAN_POINT('',(1.,1.));
#10330 = ( GEOMETRIC_REPRESENTATION_CONTEXT(2) 
PARAMETRIC_REPRESENTATION_CONTEXT() REPRESENTATION_CONTEXT('2D SPACE',''
  ) );
#10331 = PCURVE('',#10332,#10337);
#10332 = CYLINDRICAL_SURFACE('',#10333,12.);
#10333 = AXIS2_PLACEMENT_3D('',#10334,#10335,#10336);
#10334 = CARTESIAN_POINT('',(-158.,328.,6.999999999997));
#10335 = DIRECTION('',(0.,0.,1.));
#10336 = DIRECTION('',(-1.,0.,0.));
#10337 = DEFINITIONAL_REPRESENTATION('',(#10338),#10347);
#10338 = B_SPLINE_CURVE_WITH_KNOTS('',7,(#10339,#10340,#10341,#10342,
    #10343,#10344,#10345,#10346),.UNSPECIFIED.,.F.,.F.,(8,8),(0.,1.),
  .PIECEWISE_BEZIER_KNOTS.);
#10339 = CARTESIAN_POINT('',(0.,5.000000000003));
#10340 = CARTESIAN_POINT('',(-0.224399475256,4.285714285717));
#10341 = CARTESIAN_POINT('',(-0.448781374537,3.571484517498));
#10342 = CARTESIAN_POINT('',(-0.673243282604,2.857000073405));
#10343 = CARTESIAN_POINT('',(-0.897553044191,2.142999926598));
#10344 = CARTESIAN_POINT('',(-1.122014952258,1.428515482505));
#10345 = CARTESIAN_POINT('',(-1.346396851538,0.714285714286));
#10346 = CARTESIAN_POINT('',(-1.570796326795,2.278177646531E-13));
#10347 = ( GEOMETRIC_REPRESENTATION_CONTEXT(2) 
PARAMETRIC_REPRESENTATION_CONTEXT() REPRESENTATION_CONTEXT('2D SPACE',''
  ) );
#10348 = ORIENTED_EDGE('',*,*,#10349,.F.);
#10349 = EDGE_CURVE('',#4141,#10308,#10350,.T.);
#10350 = SURFACE_CURVE('',#10351,(#10361,#10368),.PCURVE_S1.);
#10351 = B_SPLINE_CURVE_WITH_KNOTS('',8,(#10352,#10353,#10354,#10355,
    #10356,#10357,#10358,#10359,#10360),.UNSPECIFIED.,.F.,.F.,(9,9),(0.,
    1.),.PIECEWISE_BEZIER_KNOTS.);
#10352 = CARTESIAN_POINT('',(-158.,333.,-1.819877581966E-12));
#10353 = CARTESIAN_POINT('',(-158.,334.37444673711,-1.819877581966E-12)
  );
#10354 = CARTESIAN_POINT('',(-158.,335.74889412594,0.308425493871));
#10355 = CARTESIAN_POINT('',(-157.9999999999,337.04259247835,
    0.92527363972));
#10356 = CARTESIAN_POINT('',(-158.,338.17481144818,1.825188551828));
#10357 = CARTESIAN_POINT('',(-157.9999999999,339.07472636026,
    2.957407521608));
#10358 = CARTESIAN_POINT('',(-158.,339.69157450612,4.251105874072));
#10359 = CARTESIAN_POINT('',(-158.,340.,5.62555326287));
#10360 = CARTESIAN_POINT('',(-158.,340.,6.999999999997));
#10361 = PCURVE('',#3957,#10362);
#10362 = DEFINITIONAL_REPRESENTATION('',(#10363),#10367);
#10363 = LINE('',#10364,#10365);
#10364 = CARTESIAN_POINT('',(0.,1.));
#10365 = VECTOR('',#10366,1.);
#10366 = DIRECTION('',(1.,0.));
#10367 = ( GEOMETRIC_REPRESENTATION_CONTEXT(2) 
PARAMETRIC_REPRESENTATION_CONTEXT() REPRESENTATION_CONTEXT('2D SPACE',''
  ) );
#10368 = PCURVE('',#4246,#10369);
#10369 = DEFINITIONAL_REPRESENTATION('',(#10370),#10375);
#10370 = B_SPLINE_CURVE_WITH_KNOTS('',3,(#10371,#10372,#10373,#10374),
  .UNSPECIFIED.,.F.,.F.,(4,4),(0.,1.),.PIECEWISE_BEZIER_KNOTS.);
#10371 = CARTESIAN_POINT('',(4.712388980385,-158.));
#10372 = CARTESIAN_POINT('',(5.23598773738,-158.));
#10373 = CARTESIAN_POINT('',(5.759586550179,-158.));
#10374 = CARTESIAN_POINT('',(6.28318530718,-158.));
#10375 = ( GEOMETRIC_REPRESENTATION_CONTEXT(2) 
PARAMETRIC_REPRESENTATION_CONTEXT() REPRESENTATION_CONTEXT('2D SPACE',''
  ) );
#10376 = ADVANCED_FACE('',(#10377),#4246,.T.);
#10377 = FACE_BOUND('',#10378,.T.);
#10378 = EDGE_LOOP('',(#10379,#10380,#10381,#10409));
#10379 = ORIENTED_EDGE('',*,*,#4230,.F.);
#10380 = ORIENTED_EDGE('',*,*,#10349,.T.);
#10381 = ORIENTED_EDGE('',*,*,#10382,.T.);
#10382 = EDGE_CURVE('',#10308,#10383,#10385,.T.);
#10383 = VERTEX_POINT('',#10384);
#10384 = CARTESIAN_POINT('',(158.,340.,6.999999999997));
#10385 = SURFACE_CURVE('',#10386,(#10390,#10397),.PCURVE_S1.);
#10386 = LINE('',#10387,#10388);
#10387 = CARTESIAN_POINT('',(-170.,340.,6.999999999997));
#10388 = VECTOR('',#10389,1.);
#10389 = DIRECTION('',(1.,0.,0.));
#10390 = PCURVE('',#4246,#10391);
#10391 = DEFINITIONAL_REPRESENTATION('',(#10392),#10396);
#10392 = LINE('',#10393,#10394);
#10393 = CARTESIAN_POINT('',(6.28318530718,-170.));
#10394 = VECTOR('',#10395,1.);
#10395 = DIRECTION('',(-0.,1.));
#10396 = ( GEOMETRIC_REPRESENTATION_CONTEXT(2) 
PARAMETRIC_REPRESENTATION_CONTEXT() REPRESENTATION_CONTEXT('2D SPACE',''
  ) );
#10397 = PCURVE('',#10398,#10403);
#10398 = PLANE('',#10399);
#10399 = AXIS2_PLACEMENT_3D('',#10400,#10401,#10402);
#10400 = CARTESIAN_POINT('',(0.,340.,6.999999999997));
#10401 = DIRECTION('',(0.,1.,0.));
#10402 = DIRECTION('',(0.,-0.,1.));
#10403 = DEFINITIONAL_REPRESENTATION('',(#10404),#10408);
#10404 = LINE('',#10405,#10406);
#10405 = CARTESIAN_POINT('',(2.255973186038E-13,-170.));
#10406 = VECTOR('',#10407,1.);
#10407 = DIRECTION('',(0.,1.));
#10408 = ( GEOMETRIC_REPRESENTATION_CONTEXT(2) 
PARAMETRIC_REPRESENTATION_CONTEXT() REPRESENTATION_CONTEXT('2D SPACE',''
  ) );
#10409 = ORIENTED_EDGE('',*,*,#10410,.F.);
#10410 = EDGE_CURVE('',#4231,#10383,#10411,.T.);
#10411 = SURFACE_CURVE('',#10412,(#10422,#10430),.PCURVE_S1.);
#10412 = B_SPLINE_CURVE_WITH_KNOTS('',8,(#10413,#10414,#10415,#10416,
    #10417,#10418,#10419,#10420,#10421),.UNSPECIFIED.,.F.,.F.,(9,9),(0.,
    1.),.PIECEWISE_BEZIER_KNOTS.);
#10413 = CARTESIAN_POINT('',(158.,333.,-1.821209849595E-12));
#10414 = CARTESIAN_POINT('',(158.,334.37444673711,-1.821237605171E-12));
#10415 = CARTESIAN_POINT('',(158.,335.74889412594,0.308425493871));
#10416 = CARTESIAN_POINT('',(157.99999999999,337.04259247835,
    0.92527363972));
#10417 = CARTESIAN_POINT('',(158.,338.17481144818,1.825188551828));
#10418 = CARTESIAN_POINT('',(157.99999999999,339.07472636027,
    2.957407521608));
#10419 = CARTESIAN_POINT('',(158.,339.69157450612,4.251105874072));
#10420 = CARTESIAN_POINT('',(158.,340.,5.62555326287));
#10421 = CARTESIAN_POINT('',(158.,340.,6.999999999997));
#10422 = PCURVE('',#4246,#10423);
#10423 = DEFINITIONAL_REPRESENTATION('',(#10424),#10429);
#10424 = B_SPLINE_CURVE_WITH_KNOTS('',3,(#10425,#10426,#10427,#10428),
  .UNSPECIFIED.,.F.,.F.,(4,4),(0.,1.),.PIECEWISE_BEZIER_KNOTS.);
#10425 = CARTESIAN_POINT('',(4.712388980385,158.));
#10426 = CARTESIAN_POINT('',(5.23598773738,158.));
#10427 = CARTESIAN_POINT('',(5.759586550179,158.));
#10428 = CARTESIAN_POINT('',(6.28318530718,158.));
#10429 = ( GEOMETRIC_REPRESENTATION_CONTEXT(2) 
PARAMETRIC_REPRESENTATION_CONTEXT() REPRESENTATION_CONTEXT('2D SPACE',''
  ) );
#10430 = PCURVE('',#4328,#10431);
#10431 = DEFINITIONAL_REPRESENTATION('',(#10432),#10436);
#10432 = LINE('',#10433,#10434);
#10433 = CARTESIAN_POINT('',(0.,0.));
#10434 = VECTOR('',#10435,1.);
#10435 = DIRECTION('',(1.,0.));
#10436 = ( GEOMETRIC_REPRESENTATION_CONTEXT(2) 
PARAMETRIC_REPRESENTATION_CONTEXT() REPRESENTATION_CONTEXT('2D SPACE',''
  ) );
#10437 = ADVANCED_FACE('',(#10438),#4328,.T.);
#10438 = FACE_BOUND('',#10439,.T.);
#10439 = EDGE_LOOP('',(#10440,#10441,#10442,#10484,#10530,#10668));
#10440 = ORIENTED_EDGE('',*,*,#4305,.F.);
#10441 = ORIENTED_EDGE('',*,*,#10410,.T.);
#10442 = ORIENTED_EDGE('',*,*,#10443,.T.);
#10443 = EDGE_CURVE('',#10383,#10444,#10446,.T.);
#10444 = VERTEX_POINT('',#10445);
#10445 = CARTESIAN_POINT('',(162.85278723299,338.97499246583,
    8.325192231656));
#10446 = SURFACE_CURVE('',#10447,(#10455,#10467),.PCURVE_S1.);
#10447 = B_SPLINE_CURVE_WITH_KNOTS('',6,(#10448,#10449,#10450,#10451,
    #10452,#10453,#10454),.UNSPECIFIED.,.F.,.F.,(7,7),(0.,1.),
  .PIECEWISE_BEZIER_KNOTS.);
#10448 = CARTESIAN_POINT('',(158.,340.,6.999999999997));
#10449 = CARTESIAN_POINT('',(161.14159265359,340.,7.833333333331));
#10450 = CARTESIAN_POINT('',(164.28291800846,339.01326776775,
    8.666666666665));
#10451 = CARTESIAN_POINT('',(167.03828179568,337.03828179568,
    9.499999999999));
#10452 = CARTESIAN_POINT('',(169.01326776775,334.28291800846,
    10.333333333332));
#10453 = CARTESIAN_POINT('',(170.,331.14159265359,11.166666666666));
#10454 = CARTESIAN_POINT('',(170.,328.,12.));
#10455 = PCURVE('',#4328,#10456);
#10456 = DEFINITIONAL_REPRESENTATION('',(#10457),#10466);
#10457 = B_SPLINE_CURVE_WITH_KNOTS('',7,(#10458,#10459,#10460,#10461,
    #10462,#10463,#10464,#10465),.UNSPECIFIED.,.F.,.F.,(8,8),(0.,1.),
  .PIECEWISE_BEZIER_KNOTS.);
#10458 = CARTESIAN_POINT('',(1.,-1.110223024625E-16));
#10459 = CARTESIAN_POINT('',(1.,0.142857142857));
#10460 = CARTESIAN_POINT('',(1.,0.285703096506));
#10461 = CARTESIAN_POINT('',(1.,0.428599985306));
#10462 = CARTESIAN_POINT('',(1.,0.571400014694));
#10463 = CARTESIAN_POINT('',(1.,0.714296903494));
#10464 = CARTESIAN_POINT('',(1.,0.857142857143));
#10465 = CARTESIAN_POINT('',(1.,1.));
#10466 = ( GEOMETRIC_REPRESENTATION_CONTEXT(2) 
PARAMETRIC_REPRESENTATION_CONTEXT() REPRESENTATION_CONTEXT('2D SPACE',''
  ) );
#10467 = PCURVE('',#10468,#10473);
#10468 = CYLINDRICAL_SURFACE('',#10469,12.);
#10469 = AXIS2_PLACEMENT_3D('',#10470,#10471,#10472);
#10470 = CARTESIAN_POINT('',(158.,328.,6.999999999997));
#10471 = DIRECTION('',(0.,0.,1.));
#10472 = DIRECTION('',(0.,1.,0.));
#10473 = DEFINITIONAL_REPRESENTATION('',(#10474),#10483);
#10474 = B_SPLINE_CURVE_WITH_KNOTS('',7,(#10475,#10476,#10477,#10478,
    #10479,#10480,#10481,#10482),.UNSPECIFIED.,.F.,.F.,(8,8),(0.,1.),
  .PIECEWISE_BEZIER_KNOTS.);
#10475 = CARTESIAN_POINT('',(1.110223024625E-16,2.273736754432E-13));
#10476 = CARTESIAN_POINT('',(-0.224399475256,0.714285714286));
#10477 = CARTESIAN_POINT('',(-0.448781374537,1.428515482505));
#10478 = CARTESIAN_POINT('',(-0.673243282604,2.142999926598));
#10479 = CARTESIAN_POINT('',(-0.897553044191,2.857000073405));
#10480 = CARTESIAN_POINT('',(-1.122014952258,3.571484517498));
#10481 = CARTESIAN_POINT('',(-1.346396851538,4.285714285717));
#10482 = CARTESIAN_POINT('',(-1.570796326795,5.000000000003));
#10483 = ( GEOMETRIC_REPRESENTATION_CONTEXT(2) 
PARAMETRIC_REPRESENTATION_CONTEXT() REPRESENTATION_CONTEXT('2D SPACE',''
  ) );
#10484 = ORIENTED_EDGE('',*,*,#10485,.T.);
#10485 = EDGE_CURVE('',#10444,#10486,#10488,.T.);
#10486 = VERTEX_POINT('',#10487);
#10487 = CARTESIAN_POINT('',(162.79914455733,338.91563067273,
    6.999999999997));
#10488 = SURFACE_CURVE('',#10489,(#10499,#10512),.PCURVE_S1.);
#10489 = B_SPLINE_CURVE_WITH_KNOTS('',8,(#10490,#10491,#10492,#10493,
    #10494,#10495,#10496,#10497,#10498),.UNSPECIFIED.,.F.,.F.,(9,9),(0.,
    1.),.PIECEWISE_BEZIER_KNOTS.);
#10490 = CARTESIAN_POINT('',(162.85278712657,338.97499235098,
    8.325192572938));
#10491 = CARTESIAN_POINT('',(162.85870112347,338.98137463073,
    8.159384703558));
#10492 = CARTESIAN_POINT('',(162.85960744046,338.98231306874,
    7.993381551615));
#10493 = CARTESIAN_POINT('',(162.85659870551,338.979103988,7.82734399435
    ));
#10494 = CARTESIAN_POINT('',(162.85027307042,338.97233225579,
    7.661402435543));
#10495 = CARTESIAN_POINT('',(162.8410856817,338.96241754573,
    7.495647574454));
#10496 = CARTESIAN_POINT('',(162.82934661147,338.94958173345,
    7.330129479022));
#10497 = CARTESIAN_POINT('',(162.81529921948,338.93396361574,
    7.164857563943));
#10498 = CARTESIAN_POINT('',(162.79912492119,338.91560838908,
    6.999799599997));
#10499 = PCURVE('',#4328,#10500);
#10500 = DEFINITIONAL_REPRESENTATION('',(#10501),#10511);
#10501 = B_SPLINE_CURVE_WITH_KNOTS('',8,(#10502,#10503,#10504,#10505,
    #10506,#10507,#10508,#10509,#10510),.UNSPECIFIED.,.F.,.F.,(9,9),(0.,
    1.),.PIECEWISE_BEZIER_KNOTS.);
#10502 = CARTESIAN_POINT('',(1.,0.265038514588));
#10503 = CARTESIAN_POINT('',(0.983996635945,0.26464151725));
#10504 = CARTESIAN_POINT('',(0.968611072122,0.264013155047));
#10505 = CARTESIAN_POINT('',(0.953663094618,0.2632075432));
#10506 = CARTESIAN_POINT('',(0.93905701736,0.262256114458));
#10507 = CARTESIAN_POINT('',(0.924720503755,0.261179031142));
#10508 = CARTESIAN_POINT('',(0.910595838003,0.259994794251));
#10509 = CARTESIAN_POINT('',(0.896638212064,0.258712854301));
#10510 = CARTESIAN_POINT('',(0.882804395342,0.25734320872));
#10511 = ( GEOMETRIC_REPRESENTATION_CONTEXT(2) 
PARAMETRIC_REPRESENTATION_CONTEXT() REPRESENTATION_CONTEXT('2D SPACE',''
  ) );
#10512 = PCURVE('',#10513,#10518);
#10513 = CYLINDRICAL_SURFACE('',#10514,3.2);
#10514 = AXIS2_PLACEMENT_3D('',#10515,#10516,#10517);
#10515 = CARTESIAN_POINT('',(165.2,336.8,6.999999999997));
#10516 = DIRECTION('',(0.,0.,1.));
#10517 = DIRECTION('',(0.,1.,0.));
#10518 = DEFINITIONAL_REPRESENTATION('',(#10519),#10529);
#10519 = B_SPLINE_CURVE_WITH_KNOTS('',8,(#10520,#10521,#10522,#10523,
    #10524,#10525,#10526,#10527,#10528),.UNSPECIFIED.,.F.,.F.,(9,9),(0.,
    1.),.PIECEWISE_BEZIER_KNOTS.);
#10520 = CARTESIAN_POINT('',(0.823463073533,1.325192572941));
#10521 = CARTESIAN_POINT('',(0.82074398494,1.159384703561));
#10522 = CARTESIAN_POINT('',(0.82033637117,0.993381551618));
#10523 = CARTESIAN_POINT('',(0.821710998433,0.827343994354));
#10524 = CARTESIAN_POINT('',(0.82460687039,0.661402435546));
#10525 = CARTESIAN_POINT('',(0.828830838645,0.495647574458));
#10526 = CARTESIAN_POINT('',(0.834266333437,0.330129479025));
#10527 = CARTESIAN_POINT('',(0.840830388442,0.164857563946));
#10528 = CARTESIAN_POINT('',(0.848475611822,-2.003999997726E-04));
#10529 = ( GEOMETRIC_REPRESENTATION_CONTEXT(2) 
PARAMETRIC_REPRESENTATION_CONTEXT() REPRESENTATION_CONTEXT('2D SPACE',''
  ) );
#10530 = ORIENTED_EDGE('',*,*,#10531,.F.);
#10531 = EDGE_CURVE('',#4509,#10486,#10532,.T.);
#10532 = SURFACE_CURVE('',#10533,(#10576,#10622),.PCURVE_S1.);
#10533 = B_SPLINE_CURVE_WITH_KNOTS('',5,(#10534,#10535,#10536,#10537,
    #10538,#10539,#10540,#10541,#10542,#10543,#10544,#10545,#10546,
    #10547,#10548,#10549,#10550,#10551,#10552,#10553,#10554,#10555,
    #10556,#10557,#10558,#10559,#10560,#10561,#10562,#10563,#10564,
    #10565,#10566,#10567,#10568,#10569,#10570,#10571,#10572,#10573,
    #10574,#10575),.UNSPECIFIED.,.F.,.F.,(6,4,4,4,4,4,4,4,4,4,6),(0.,
    6.62694788709E-02,0.172836832016,0.278106082903,0.389291557618,
    0.499802400211,0.64776635447,0.721933143112,0.827202924933,
    0.933771129028,1.),.UNSPECIFIED.);
#10534 = CARTESIAN_POINT('',(162.79914455733,333.,1.084369327264));
#10535 = CARTESIAN_POINT('',(162.7874607004,333.11924999986,
    1.097628376619));
#10536 = CARTESIAN_POINT('',(162.77642506592,333.23829214525,
    1.11334122286));
#10537 = CARTESIAN_POINT('',(162.76605831693,333.35706144501,
    1.131461893059));
#10538 = CARTESIAN_POINT('',(162.75635453151,333.47548880658,
    1.151970462908));
#10539 = CARTESIAN_POINT('',(162.73273190907,333.78328338713,
    1.21166677552));
#10540 = CARTESIAN_POINT('',(162.71983849164,333.97199445799,
    1.254628964619));
#10541 = CARTESIAN_POINT('',(162.70854451908,334.15934648704,
    1.303717103367));
#10542 = CARTESIAN_POINT('',(162.69870838503,334.34501224537,
    1.358979511331));
#10543 = CARTESIAN_POINT('',(162.68175662653,334.71004643925,
    1.481211407331));
#10544 = CARTESIAN_POINT('',(162.67460927033,334.88946146542,
    1.548029386968));
#10545 = CARTESIAN_POINT('',(162.66859290529,335.06655700706,
    1.620975612866));
#10546 = CARTESIAN_POINT('',(162.66355102229,335.24096432301,
    1.700103595271));
#10547 = CARTESIAN_POINT('',(162.65489765833,335.59326848698,
    1.875533053364));
#10548 = CARTESIAN_POINT('',(162.6513824661,335.77081135777,
    1.972550185991));
#10549 = CARTESIAN_POINT('',(162.64863055982,335.94447484209,
    2.076478897247));
#10550 = CARTESIAN_POINT('',(162.64649416355,336.11379203669,
    2.187269536357));
#10551 = CARTESIAN_POINT('',(162.64325724569,336.44183884504,
    2.421555237052));
#10552 = CARTESIAN_POINT('',(162.64215052818,336.60063037048,
    2.544971910524));
#10553 = CARTESIAN_POINT('',(162.64144930027,336.7542439988,
    2.674866120379));
#10554 = CARTESIAN_POINT('',(162.64109725539,336.90228217455,
    2.811002498881));
#10555 = CARTESIAN_POINT('',(162.64109140638,337.2347088631,
    3.143231395627));
#10556 = CARTESIAN_POINT('',(162.64171499291,337.41442664317,
    3.344020332603));
#10557 = CARTESIAN_POINT('',(162.64296207147,337.58274804472,
    3.554603546241));
#10558 = CARTESIAN_POINT('',(162.64501676725,337.73919672199,
    3.773976811911));
#10559 = CARTESIAN_POINT('',(162.64977569497,337.95589713628,
    4.114834214226));
#10560 = CARTESIAN_POINT('',(162.6516447976,338.02521222863,
    4.230574259729));
#10561 = CARTESIAN_POINT('',(162.65383252479,338.0914618404,
    4.348109895717));
#10562 = CARTESIAN_POINT('',(162.65638464131,338.15463704,4.467303789905
    ));
#10563 = CARTESIAN_POINT('',(162.663560236,338.30004831184,
    4.759364160785));
#10564 = CARTESIAN_POINT('',(162.66860355616,338.37916719663,
    4.933776253483));
#10565 = CARTESIAN_POINT('',(162.67462153591,338.45210432786,
    5.110876166228));
#10566 = CARTESIAN_POINT('',(162.68177068891,338.51891323438,
    5.290295172556));
#10567 = CARTESIAN_POINT('',(162.69872643872,338.64112709094,
    5.655337167835));
#10568 = CARTESIAN_POINT('',(162.70856477935,338.69638049624,
    5.841006748908));
#10569 = CARTESIAN_POINT('',(162.71986113673,338.74545961142,
    6.028362247555));
#10570 = CARTESIAN_POINT('',(162.73275709815,338.78841273067,
    6.217076448932));
#10571 = CARTESIAN_POINT('',(162.75637838732,338.84807994697,
    6.524802319377));
#10572 = CARTESIAN_POINT('',(162.76607743095,338.86857151324,
    6.643157528656));
#10573 = CARTESIAN_POINT('',(162.77643863034,338.88667808934,
    6.761854173863));
#10574 = CARTESIAN_POINT('',(162.78746788088,338.90237977191,
    6.880823286908));
#10575 = CARTESIAN_POINT('',(162.79914455733,338.91563067273,
    6.999999999997));
#10576 = PCURVE('',#4328,#10577);
#10577 = DEFINITIONAL_REPRESENTATION('',(#10578),#10621);
#10578 = B_SPLINE_CURVE_WITH_KNOTS('',5,(#10579,#10580,#10581,#10582,
    #10583,#10584,#10585,#10586,#10587,#10588,#10589,#10590,#10591,
    #10592,#10593,#10594,#10595,#10596,#10597,#10598,#10599,#10600,
    #10601,#10602,#10603,#10604,#10605,#10606,#10607,#10608,#10609,
    #10610,#10611,#10612,#10613,#10614,#10615,#10616,#10617,#10618,
    #10619,#10620),.UNSPECIFIED.,.F.,.F.,(6,4,4,4,4,4,4,4,4,4,6),(0.,
    6.62694788709E-02,0.172836832016,0.278106082903,0.389291557618,
    0.499802400211,0.64776635447,0.721933143112,0.827202924933,
    0.933771129028,1.),.UNSPECIFIED.);
#10579 = CARTESIAN_POINT('',(0.117178847072,0.257344904115));
#10580 = CARTESIAN_POINT('',(0.127173493996,0.25635544014));
#10581 = CARTESIAN_POINT('',(0.137140230724,0.255419318877));
#10582 = CARTESIAN_POINT('',(0.147092072803,0.254536227714));
#10583 = CARTESIAN_POINT('',(0.157037791276,0.253704717991));
#10584 = CARTESIAN_POINT('',(0.182979412967,0.251665826681));
#10585 = CARTESIAN_POINT('',(0.198976510417,0.250537375735));
#10586 = CARTESIAN_POINT('',(0.21500437746,0.249529846018));
#10587 = CARTESIAN_POINT('',(0.23107750304,0.248633120177));
#10588 = CARTESIAN_POINT('',(0.263137038,0.247051383728));
#10589 = CARTESIAN_POINT('',(0.279121871627,0.246363929913));
#10590 = CARTESIAN_POINT('',(0.295168560108,0.245765545364));
#10591 = CARTESIAN_POINT('',(0.31127900521,0.245246902022));
#10592 = CARTESIAN_POINT('',(0.34453184284,0.244327732624));
#10593 = CARTESIAN_POINT('',(0.361681414887,0.243935480796));
#10594 = CARTESIAN_POINT('',(0.378896383556,0.243613553486));
#10595 = CARTESIAN_POINT('',(0.396168487041,0.243353844573));
#10596 = CARTESIAN_POINT('',(0.430696357959,0.242948975605));
#10597 = CARTESIAN_POINT('',(0.447951992402,0.242803127879));
#10598 = CARTESIAN_POINT('',(0.465238793968,0.242707766079));
#10599 = CARTESIAN_POINT('',(0.482542106821,0.242659907836));
#10600 = CARTESIAN_POINT('',(0.523012514698,0.242659112571));
#10601 = CARTESIAN_POINT('',(0.546181046285,0.242743857347));
#10602 = CARTESIAN_POINT('',(0.569309377617,0.242913643514));
#10603 = CARTESIAN_POINT('',(0.592364396978,0.243178181151));
#10604 = CARTESIAN_POINT('',(0.626825963052,0.243742885719));
#10605 = CARTESIAN_POINT('',(0.638307535858,0.243959478311));
#10606 = CARTESIAN_POINT('',(0.649761451652,0.244206231977));
#10607 = CARTESIAN_POINT('',(0.661185749302,0.244485699478));
#10608 = CARTESIAN_POINT('',(0.688751468581,0.24524785516));
#10609 = CARTESIAN_POINT('',(0.704861870211,0.245766617736));
#10610 = CARTESIAN_POINT('',(0.720908515647,0.246365132145));
#10611 = CARTESIAN_POINT('',(0.736893310431,0.247052727115));
#10612 = CARTESIAN_POINT('',(0.768952833642,0.248634773034));
#10613 = CARTESIAN_POINT('',(0.785025986113,0.249531668068));
#10614 = CARTESIAN_POINT('',(0.801053894947,0.250539379541));
#10615 = CARTESIAN_POINT('',(0.817051055377,0.251668024594));
#10616 = CARTESIAN_POINT('',(0.842986657913,0.253706762168));
#10617 = CARTESIAN_POINT('',(0.852926281978,0.254537861708));
#10618 = CARTESIAN_POINT('',(0.862872007955,0.255420459334));
#10619 = CARTESIAN_POINT('',(0.872832653002,0.256356052227));
#10620 = CARTESIAN_POINT('',(0.882821157575,0.257344908113));
#10621 = ( GEOMETRIC_REPRESENTATION_CONTEXT(2) 
PARAMETRIC_REPRESENTATION_CONTEXT() REPRESENTATION_CONTEXT('2D SPACE',''
  ) );
#10622 = PCURVE('',#4563,#10623);
#10623 = DEFINITIONAL_REPRESENTATION('',(#10624),#10667);
#10624 = B_SPLINE_CURVE_WITH_KNOTS('',5,(#10625,#10626,#10627,#10628,
    #10629,#10630,#10631,#10632,#10633,#10634,#10635,#10636,#10637,
    #10638,#10639,#10640,#10641,#10642,#10643,#10644,#10645,#10646,
    #10647,#10648,#10649,#10650,#10651,#10652,#10653,#10654,#10655,
    #10656,#10657,#10658,#10659,#10660,#10661,#10662,#10663,#10664,
    #10665,#10666),.UNSPECIFIED.,.F.,.F.,(6,4,4,4,4,4,4,4,4,4,6),(0.,
    6.62694788709E-02,0.172836832016,0.278106082903,0.389291557618,
    0.499802400211,0.64776635447,0.721933143112,0.827202924933,
    0.933771129028,1.),.UNSPECIFIED.);
#10625 = CARTESIAN_POINT('',(0.,0.848466330314));
#10626 = CARTESIAN_POINT('',(-2.015845925083E-02,0.853988965754));
#10627 = CARTESIAN_POINT('',(-4.039474176779E-02,0.859248475533));
#10628 = CARTESIAN_POINT('',(-6.070638504617E-02,0.864227153936));
#10629 = CARTESIAN_POINT('',(-8.108854994065E-02,0.868919530265));
#10630 = CARTESIAN_POINT('',(-0.134418076686,0.880413058892));
#10631 = CARTESIAN_POINT('',(-0.167468988916,0.886761283686));
#10632 = CARTESIAN_POINT('',(-0.200668198636,0.892375454113));
#10633 = CARTESIAN_POINT('',(-0.23398939787,0.897301108579));
#10634 = CARTESIAN_POINT('',(-0.300428208623,0.905840407293));
#10635 = CARTESIAN_POINT('',(-0.333542885752,0.909469291244));
#10636 = CARTESIAN_POINT('',(-0.366735710359,0.912540529955));
#10637 = CARTESIAN_POINT('',(-0.399988576765,0.915124416986));
#10638 = CARTESIAN_POINT('',(-0.468459823251,0.919572251165));
#10639 = CARTESIAN_POINT('',(-0.503683790787,0.921387573403));
#10640 = CARTESIAN_POINT('',(-0.538943450566,0.922812159279));
#10641 = CARTESIAN_POINT('',(-0.574228929837,0.923919957262));
#10642 = CARTESIAN_POINT('',(-0.644620478731,0.925600183608));
#10643 = CARTESIAN_POINT('',(-0.679727153848,0.926175815044));
#10644 = CARTESIAN_POINT('',(-0.714842315227,0.926540722424));
#10645 = CARTESIAN_POINT('',(-0.749963431201,0.926723948352));
#10646 = CARTESIAN_POINT('',(-0.832107252935,0.926726992396));
#10647 = CARTESIAN_POINT('',(-0.879132695685,0.926402403101));
#10648 = CARTESIAN_POINT('',(-0.926142264633,0.925753593874));
#10649 = CARTESIAN_POINT('',(-0.973133495893,0.924685065488));
#10650 = CARTESIAN_POINT('',(-1.04360458553,0.922220407589));
#10651 = CARTESIAN_POINT('',(-1.067122272749,0.921253513647));
#10652 = CARTESIAN_POINT('',(-1.090625152016,0.920123508204));
#10653 = CARTESIAN_POINT('',(-1.114109569377,0.91880793292));
#10654 = CARTESIAN_POINT('',(-1.170870619315,0.915119692676));
#10655 = CARTESIAN_POINT('',(-1.204123507426,0.912535085246));
#10656 = CARTESIAN_POINT('',(-1.237316335255,0.909463044766));
#10657 = CARTESIAN_POINT('',(-1.270430993339,0.905833280196));
#10658 = CARTESIAN_POINT('',(-1.336869815244,0.897292058107));
#10659 = CARTESIAN_POINT('',(-1.370191043261,0.89236535547));
#10660 = CARTESIAN_POINT('',(-1.403390253903,0.88675007269));
#10661 = CARTESIAN_POINT('',(-1.436441137378,0.880400688772));
#10662 = CARTESIAN_POINT('',(-1.489757881355,0.868907994579));
#10663 = CARTESIAN_POINT('',(-1.510127389951,0.864217974418));
#10664 = CARTESIAN_POINT('',(-1.53042645816,0.85924201082));
#10665 = CARTESIAN_POINT('',(-1.55065025621,0.853985571739));
#10666 = CARTESIAN_POINT('',(-1.570796326795,0.848466330312));
#10667 = ( GEOMETRIC_REPRESENTATION_CONTEXT(2) 
PARAMETRIC_REPRESENTATION_CONTEXT() REPRESENTATION_CONTEXT('2D SPACE',''
  ) );
#10668 = ORIENTED_EDGE('',*,*,#4508,.T.);
#10669 = ADVANCED_FACE('',(#10670),#4563,.T.);
#10670 = FACE_BOUND('',#10671,.F.);
#10671 = EDGE_LOOP('',(#10672,#10673,#10697,#10717));
#10672 = ORIENTED_EDGE('',*,*,#4549,.F.);
#10673 = ORIENTED_EDGE('',*,*,#10674,.T.);
#10674 = EDGE_CURVE('',#4484,#10675,#10677,.T.);
#10675 = VERTEX_POINT('',#10676);
#10676 = CARTESIAN_POINT('',(165.2,340.,6.999999999997));
#10677 = SURFACE_CURVE('',#10678,(#10683,#10690),.PCURVE_S1.);
#10678 = CIRCLE('',#10679,7.);
#10679 = AXIS2_PLACEMENT_3D('',#10680,#10681,#10682);
#10680 = CARTESIAN_POINT('',(165.2,333.,6.999999999997));
#10681 = DIRECTION('',(1.,0.,0.));
#10682 = DIRECTION('',(0.,0.,-1.));
#10683 = PCURVE('',#4563,#10684);
#10684 = DEFINITIONAL_REPRESENTATION('',(#10685),#10689);
#10685 = LINE('',#10686,#10687);
#10686 = CARTESIAN_POINT('',(-0.,0.));
#10687 = VECTOR('',#10688,1.);
#10688 = DIRECTION('',(-1.,0.));
#10689 = ( GEOMETRIC_REPRESENTATION_CONTEXT(2) 
PARAMETRIC_REPRESENTATION_CONTEXT() REPRESENTATION_CONTEXT('2D SPACE',''
  ) );
#10690 = PCURVE('',#4644,#10691);
#10691 = DEFINITIONAL_REPRESENTATION('',(#10692),#10696);
#10692 = LINE('',#10693,#10694);
#10693 = CARTESIAN_POINT('',(4.712388980385,-0.8));
#10694 = VECTOR('',#10695,1.);
#10695 = DIRECTION('',(1.,0.));
#10696 = ( GEOMETRIC_REPRESENTATION_CONTEXT(2) 
PARAMETRIC_REPRESENTATION_CONTEXT() REPRESENTATION_CONTEXT('2D SPACE',''
  ) );
#10697 = ORIENTED_EDGE('',*,*,#10698,.T.);
#10698 = EDGE_CURVE('',#10675,#10486,#10699,.T.);
#10699 = SURFACE_CURVE('',#10700,(#10705,#10711),.PCURVE_S1.);
#10700 = CIRCLE('',#10701,3.2);
#10701 = AXIS2_PLACEMENT_3D('',#10702,#10703,#10704);
#10702 = CARTESIAN_POINT('',(165.2,336.8,6.999999999997));
#10703 = DIRECTION('',(0.,6.123233995737E-17,1.));
#10704 = DIRECTION('',(0.,1.,-6.123233995737E-17));
#10705 = PCURVE('',#4563,#10706);
#10706 = DEFINITIONAL_REPRESENTATION('',(#10707),#10710);
#10707 = B_SPLINE_CURVE_WITH_KNOTS('',1,(#10708,#10709),.UNSPECIFIED.,
  .F.,.F.,(2,2),(0.,1.570796326795),.PIECEWISE_BEZIER_KNOTS.);
#10708 = CARTESIAN_POINT('',(-1.570796326795,0.));
#10709 = CARTESIAN_POINT('',(-1.570796326795,1.570796326795));
#10710 = ( GEOMETRIC_REPRESENTATION_CONTEXT(2) 
PARAMETRIC_REPRESENTATION_CONTEXT() REPRESENTATION_CONTEXT('2D SPACE',''
  ) );
#10711 = PCURVE('',#10513,#10712);
#10712 = DEFINITIONAL_REPRESENTATION('',(#10713),#10716);
#10713 = B_SPLINE_CURVE_WITH_KNOTS('',1,(#10714,#10715),.UNSPECIFIED.,
  .F.,.F.,(2,2),(0.,1.570796326795),.PIECEWISE_BEZIER_KNOTS.);
#10714 = CARTESIAN_POINT('',(0.,2.273736754432E-13));
#10715 = CARTESIAN_POINT('',(1.570796326795,2.273736754432E-13));
#10716 = ( GEOMETRIC_REPRESENTATION_CONTEXT(2) 
PARAMETRIC_REPRESENTATION_CONTEXT() REPRESENTATION_CONTEXT('2D SPACE',''
  ) );
#10717 = ORIENTED_EDGE('',*,*,#10531,.F.);
#10718 = ADVANCED_FACE('',(#10719),#4644,.T.);
#10719 = FACE_BOUND('',#10720,.T.);
#10720 = EDGE_LOOP('',(#10721,#10722,#10723,#10751));
#10721 = ORIENTED_EDGE('',*,*,#4628,.F.);
#10722 = ORIENTED_EDGE('',*,*,#10674,.T.);
#10723 = ORIENTED_EDGE('',*,*,#10724,.T.);
#10724 = EDGE_CURVE('',#10675,#10725,#10727,.T.);
#10725 = VERTEX_POINT('',#10726);
#10726 = CARTESIAN_POINT('',(166.8,340.,6.999999999997));
#10727 = SURFACE_CURVE('',#10728,(#10732,#10739),.PCURVE_S1.);
#10728 = LINE('',#10729,#10730);
#10729 = CARTESIAN_POINT('',(162.,340.,6.999999999997));
#10730 = VECTOR('',#10731,1.);
#10731 = DIRECTION('',(1.,0.,0.));
#10732 = PCURVE('',#4644,#10733);
#10733 = DEFINITIONAL_REPRESENTATION('',(#10734),#10738);
#10734 = LINE('',#10735,#10736);
#10735 = CARTESIAN_POINT('',(6.28318530718,-4.));
#10736 = VECTOR('',#10737,1.);
#10737 = DIRECTION('',(-0.,1.));
#10738 = ( GEOMETRIC_REPRESENTATION_CONTEXT(2) 
PARAMETRIC_REPRESENTATION_CONTEXT() REPRESENTATION_CONTEXT('2D SPACE',''
  ) );
#10739 = PCURVE('',#10740,#10745);
#10740 = PLANE('',#10741);
#10741 = AXIS2_PLACEMENT_3D('',#10742,#10743,#10744);
#10742 = CARTESIAN_POINT('',(166.,340.,6.999999999997));
#10743 = DIRECTION('',(0.,1.,0.));
#10744 = DIRECTION('',(0.,-0.,1.));
#10745 = DEFINITIONAL_REPRESENTATION('',(#10746),#10750);
#10746 = LINE('',#10747,#10748);
#10747 = CARTESIAN_POINT('',(2.255973186038E-13,-4.));
#10748 = VECTOR('',#10749,1.);
#10749 = DIRECTION('',(0.,1.));
#10750 = ( GEOMETRIC_REPRESENTATION_CONTEXT(2) 
PARAMETRIC_REPRESENTATION_CONTEXT() REPRESENTATION_CONTEXT('2D SPACE',''
  ) );
#10751 = ORIENTED_EDGE('',*,*,#10752,.F.);
#10752 = EDGE_CURVE('',#4629,#10725,#10753,.T.);
#10753 = SURFACE_CURVE('',#10754,(#10759,#10766),.PCURVE_S1.);
#10754 = CIRCLE('',#10755,7.);
#10755 = AXIS2_PLACEMENT_3D('',#10756,#10757,#10758);
#10756 = CARTESIAN_POINT('',(166.8,333.,6.999999999997));
#10757 = DIRECTION('',(1.,0.,0.));
#10758 = DIRECTION('',(0.,0.,-1.));
#10759 = PCURVE('',#4644,#10760);
#10760 = DEFINITIONAL_REPRESENTATION('',(#10761),#10765);
#10761 = LINE('',#10762,#10763);
#10762 = CARTESIAN_POINT('',(4.712388980385,0.8));
#10763 = VECTOR('',#10764,1.);
#10764 = DIRECTION('',(1.,0.));
#10765 = ( GEOMETRIC_REPRESENTATION_CONTEXT(2) 
PARAMETRIC_REPRESENTATION_CONTEXT() REPRESENTATION_CONTEXT('2D SPACE',''
  ) );
#10766 = PCURVE('',#4746,#10767);
#10767 = DEFINITIONAL_REPRESENTATION('',(#10768),#10772);
#10768 = LINE('',#10769,#10770);
#10769 = CARTESIAN_POINT('',(0.,0.));
#10770 = VECTOR('',#10771,1.);
#10771 = DIRECTION('',(1.,0.));
#10772 = ( GEOMETRIC_REPRESENTATION_CONTEXT(2) 
PARAMETRIC_REPRESENTATION_CONTEXT() REPRESENTATION_CONTEXT('2D SPACE',''
  ) );
#10773 = ADVANCED_FACE('',(#10774),#4746,.T.);
#10774 = FACE_BOUND('',#10775,.T.);
#10775 = EDGE_LOOP('',(#10776,#10777,#10778,#10798));
#10776 = ORIENTED_EDGE('',*,*,#4732,.F.);
#10777 = ORIENTED_EDGE('',*,*,#10752,.T.);
#10778 = ORIENTED_EDGE('',*,*,#10779,.T.);
#10779 = EDGE_CURVE('',#10725,#4764,#10780,.T.);
#10780 = SURFACE_CURVE('',#10781,(#10786,#10792),.PCURVE_S1.);
#10781 = CIRCLE('',#10782,3.2);
#10782 = AXIS2_PLACEMENT_3D('',#10783,#10784,#10785);
#10783 = CARTESIAN_POINT('',(166.8,336.8,6.999999999997));
#10784 = DIRECTION('',(0.,-6.123233995737E-17,-1.));
#10785 = DIRECTION('',(0.,1.,-6.123233995737E-17));
#10786 = PCURVE('',#4746,#10787);
#10787 = DEFINITIONAL_REPRESENTATION('',(#10788),#10791);
#10788 = B_SPLINE_CURVE_WITH_KNOTS('',1,(#10789,#10790),.UNSPECIFIED.,
  .F.,.F.,(2,2),(0.,1.570796326795),.PIECEWISE_BEZIER_KNOTS.);
#10789 = CARTESIAN_POINT('',(1.570796326795,0.));
#10790 = CARTESIAN_POINT('',(1.570796326795,1.570796326795));
#10791 = ( GEOMETRIC_REPRESENTATION_CONTEXT(2) 
PARAMETRIC_REPRESENTATION_CONTEXT() REPRESENTATION_CONTEXT('2D SPACE',''
  ) );
#10792 = PCURVE('',#4803,#10793);
#10793 = DEFINITIONAL_REPRESENTATION('',(#10794),#10797);
#10794 = B_SPLINE_CURVE_WITH_KNOTS('',1,(#10795,#10796),.UNSPECIFIED.,
  .F.,.F.,(2,2),(0.,1.570796326795),.PIECEWISE_BEZIER_KNOTS.);
#10795 = CARTESIAN_POINT('',(0.,2.273736754432E-13));
#10796 = CARTESIAN_POINT('',(-1.570796326795,2.273736754432E-13));
#10797 = ( GEOMETRIC_REPRESENTATION_CONTEXT(2) 
PARAMETRIC_REPRESENTATION_CONTEXT() REPRESENTATION_CONTEXT('2D SPACE',''
  ) );
#10798 = ORIENTED_EDGE('',*,*,#4763,.F.);
#10799 = ADVANCED_FACE('',(#10800),#4832,.T.);
#10800 = FACE_BOUND('',#10801,.T.);
#10801 = EDGE_LOOP('',(#10802,#10824,#10846,#10847));
#10802 = ORIENTED_EDGE('',*,*,#10803,.F.);
#10803 = EDGE_CURVE('',#10804,#4788,#10806,.T.);
#10804 = VERTEX_POINT('',#10805);
#10805 = CARTESIAN_POINT('',(166.8,340.,100.84203173517));
#10806 = SURFACE_CURVE('',#10807,(#10812,#10818),.PCURVE_S1.);
#10807 = CIRCLE('',#10808,3.2);
#10808 = AXIS2_PLACEMENT_3D('',#10809,#10810,#10811);
#10809 = CARTESIAN_POINT('',(166.8,336.8,100.84203173517));
#10810 = DIRECTION('',(0.,-0.,-1.));
#10811 = DIRECTION('',(0.,1.,-0.));
#10812 = PCURVE('',#4832,#10813);
#10813 = DEFINITIONAL_REPRESENTATION('',(#10814),#10817);
#10814 = B_SPLINE_CURVE_WITH_KNOTS('',1,(#10815,#10816),.UNSPECIFIED.,
  .F.,.F.,(2,2),(0.,1.570796326795),.PIECEWISE_BEZIER_KNOTS.);
#10815 = CARTESIAN_POINT('',(0.,0.));
#10816 = CARTESIAN_POINT('',(0.,1.570796326795));
#10817 = ( GEOMETRIC_REPRESENTATION_CONTEXT(2) 
PARAMETRIC_REPRESENTATION_CONTEXT() REPRESENTATION_CONTEXT('2D SPACE',''
  ) );
#10818 = PCURVE('',#4803,#10819);
#10819 = DEFINITIONAL_REPRESENTATION('',(#10820),#10823);
#10820 = B_SPLINE_CURVE_WITH_KNOTS('',1,(#10821,#10822),.UNSPECIFIED.,
  .F.,.F.,(2,2),(0.,1.570796326795),.PIECEWISE_BEZIER_KNOTS.);
#10821 = CARTESIAN_POINT('',(0.,93.842031735176));
#10822 = CARTESIAN_POINT('',(-1.570796326795,93.842031735176));
#10823 = ( GEOMETRIC_REPRESENTATION_CONTEXT(2) 
PARAMETRIC_REPRESENTATION_CONTEXT() REPRESENTATION_CONTEXT('2D SPACE',''
  ) );
#10824 = ORIENTED_EDGE('',*,*,#10825,.T.);
#10825 = EDGE_CURVE('',#10804,#8608,#10826,.T.);
#10826 = SURFACE_CURVE('',#10827,(#10832,#10839),.PCURVE_S1.);
#10827 = CIRCLE('',#10828,25.);
#10828 = AXIS2_PLACEMENT_3D('',#10829,#10830,#10831);
#10829 = CARTESIAN_POINT('',(166.8,315.,100.84203173517));
#10830 = DIRECTION('',(1.,0.,0.));
#10831 = DIRECTION('',(-0.,1.,0.));
#10832 = PCURVE('',#4832,#10833);
#10833 = DEFINITIONAL_REPRESENTATION('',(#10834),#10838);
#10834 = LINE('',#10835,#10836);
#10835 = CARTESIAN_POINT('',(0.,0.));
#10836 = VECTOR('',#10837,1.);
#10837 = DIRECTION('',(1.,0.));
#10838 = ( GEOMETRIC_REPRESENTATION_CONTEXT(2) 
PARAMETRIC_REPRESENTATION_CONTEXT() REPRESENTATION_CONTEXT('2D SPACE',''
  ) );
#10839 = PCURVE('',#8623,#10840);
#10840 = DEFINITIONAL_REPRESENTATION('',(#10841),#10845);
#10841 = LINE('',#10842,#10843);
#10842 = CARTESIAN_POINT('',(0.,0.8));
#10843 = VECTOR('',#10844,1.);
#10844 = DIRECTION('',(1.,0.));
#10845 = ( GEOMETRIC_REPRESENTATION_CONTEXT(2) 
PARAMETRIC_REPRESENTATION_CONTEXT() REPRESENTATION_CONTEXT('2D SPACE',''
  ) );
#10846 = ORIENTED_EDGE('',*,*,#8662,.T.);
#10847 = ORIENTED_EDGE('',*,*,#4815,.F.);
#10848 = ADVANCED_FACE('',(#10849),#4803,.T.);
#10849 = FACE_BOUND('',#10850,.F.);
#10850 = EDGE_LOOP('',(#10851,#10852,#10853,#10854));
#10851 = ORIENTED_EDGE('',*,*,#10779,.T.);
#10852 = ORIENTED_EDGE('',*,*,#4787,.T.);
#10853 = ORIENTED_EDGE('',*,*,#10803,.F.);
#10854 = ORIENTED_EDGE('',*,*,#10855,.F.);
#10855 = EDGE_CURVE('',#10725,#10804,#10856,.T.);
#10856 = SURFACE_CURVE('',#10857,(#10861,#10868),.PCURVE_S1.);
#10857 = LINE('',#10858,#10859);
#10858 = CARTESIAN_POINT('',(166.8,340.,6.999999999997));
#10859 = VECTOR('',#10860,1.);
#10860 = DIRECTION('',(0.,0.,1.));
#10861 = PCURVE('',#4803,#10862);
#10862 = DEFINITIONAL_REPRESENTATION('',(#10863),#10867);
#10863 = LINE('',#10864,#10865);
#10864 = CARTESIAN_POINT('',(-0.,0.));
#10865 = VECTOR('',#10866,1.);
#10866 = DIRECTION('',(-0.,1.));
#10867 = ( GEOMETRIC_REPRESENTATION_CONTEXT(2) 
PARAMETRIC_REPRESENTATION_CONTEXT() REPRESENTATION_CONTEXT('2D SPACE',''
  ) );
#10868 = PCURVE('',#10740,#10869);
#10869 = DEFINITIONAL_REPRESENTATION('',(#10870),#10874);
#10870 = LINE('',#10871,#10872);
#10871 = CARTESIAN_POINT('',(-1.7763568394E-15,0.8));
#10872 = VECTOR('',#10873,1.);
#10873 = DIRECTION('',(1.,0.));
#10874 = ( GEOMETRIC_REPRESENTATION_CONTEXT(2) 
PARAMETRIC_REPRESENTATION_CONTEXT() REPRESENTATION_CONTEXT('2D SPACE',''
  ) );
#10875 = ADVANCED_FACE('',(#10876),#5450,.F.);
#10876 = FACE_BOUND('',#10877,.F.);
#10877 = EDGE_LOOP('',(#10878,#10879,#10903,#10926));
#10878 = ORIENTED_EDGE('',*,*,#5436,.F.);
#10879 = ORIENTED_EDGE('',*,*,#10880,.T.);
#10880 = EDGE_CURVE('',#5411,#10881,#10883,.T.);
#10881 = VERTEX_POINT('',#10882);
#10882 = CARTESIAN_POINT('',(98.,337.,6.999999999997));
#10883 = SURFACE_CURVE('',#10884,(#10889,#10896),.PCURVE_S1.);
#10884 = CIRCLE('',#10885,4.);
#10885 = AXIS2_PLACEMENT_3D('',#10886,#10887,#10888);
#10886 = CARTESIAN_POINT('',(98.,333.,6.999999999997));
#10887 = DIRECTION('',(1.,0.,0.));
#10888 = DIRECTION('',(-0.,1.,0.));
#10889 = PCURVE('',#5450,#10890);
#10890 = DEFINITIONAL_REPRESENTATION('',(#10891),#10895);
#10891 = LINE('',#10892,#10893);
#10892 = CARTESIAN_POINT('',(0.,98.));
#10893 = VECTOR('',#10894,1.);
#10894 = DIRECTION('',(1.,0.));
#10895 = ( GEOMETRIC_REPRESENTATION_CONTEXT(2) 
PARAMETRIC_REPRESENTATION_CONTEXT() REPRESENTATION_CONTEXT('2D SPACE',''
  ) );
#10896 = PCURVE('',#5425,#10897);
#10897 = DEFINITIONAL_REPRESENTATION('',(#10898),#10902);
#10898 = CIRCLE('',#10899,4.);
#10899 = AXIS2_PLACEMENT_2D('',#10900,#10901);
#10900 = CARTESIAN_POINT('',(4.999999999997,-1.5));
#10901 = DIRECTION('',(0.,-1.));
#10902 = ( GEOMETRIC_REPRESENTATION_CONTEXT(2) 
PARAMETRIC_REPRESENTATION_CONTEXT() REPRESENTATION_CONTEXT('2D SPACE',''
  ) );
#10903 = ORIENTED_EDGE('',*,*,#10904,.T.);
#10904 = EDGE_CURVE('',#10881,#10905,#10907,.T.);
#10905 = VERTEX_POINT('',#10906);
#10906 = CARTESIAN_POINT('',(158.,337.,6.999999999997));
#10907 = SURFACE_CURVE('',#10908,(#10912,#10919),.PCURVE_S1.);
#10908 = LINE('',#10909,#10910);
#10909 = CARTESIAN_POINT('',(-170.,337.,6.999999999997));
#10910 = VECTOR('',#10911,1.);
#10911 = DIRECTION('',(1.,0.,0.));
#10912 = PCURVE('',#5450,#10913);
#10913 = DEFINITIONAL_REPRESENTATION('',(#10914),#10918);
#10914 = LINE('',#10915,#10916);
#10915 = CARTESIAN_POINT('',(6.28318530718,-170.));
#10916 = VECTOR('',#10917,1.);
#10917 = DIRECTION('',(-0.,1.));
#10918 = ( GEOMETRIC_REPRESENTATION_CONTEXT(2) 
PARAMETRIC_REPRESENTATION_CONTEXT() REPRESENTATION_CONTEXT('2D SPACE',''
  ) );
#10919 = PCURVE('',#9965,#10920);
#10920 = DEFINITIONAL_REPRESENTATION('',(#10921),#10925);
#10921 = LINE('',#10922,#10923);
#10922 = CARTESIAN_POINT('',(2.255973186038E-13,-170.));
#10923 = VECTOR('',#10924,1.);
#10924 = DIRECTION('',(0.,1.));
#10925 = ( GEOMETRIC_REPRESENTATION_CONTEXT(2) 
PARAMETRIC_REPRESENTATION_CONTEXT() REPRESENTATION_CONTEXT('2D SPACE',''
  ) );
#10926 = ORIENTED_EDGE('',*,*,#10927,.F.);
#10927 = EDGE_CURVE('',#4932,#10905,#10928,.T.);
#10928 = SURFACE_CURVE('',#10929,(#10937,#10945),.PCURVE_S1.);
#10929 = B_SPLINE_CURVE_WITH_KNOTS('',6,(#10930,#10931,#10932,#10933,
    #10934,#10935,#10936),.UNSPECIFIED.,.F.,.F.,(7,7),(0.,1.),
  .PIECEWISE_BEZIER_KNOTS.);
#10930 = CARTESIAN_POINT('',(158.,333.,2.999999999997));
#10931 = CARTESIAN_POINT('',(158.,334.04719751399,2.999999999997));
#10932 = CARTESIAN_POINT('',(157.99999999999,335.09430597249,
    3.328910720272));
#10933 = CARTESIAN_POINT('',(158.,336.01276061459,3.987239385389));
#10934 = CARTESIAN_POINT('',(157.99999999999,336.67108927971,
    4.90569402748));
#10935 = CARTESIAN_POINT('',(158.,337.,5.952802485995));
#10936 = CARTESIAN_POINT('',(158.,337.,6.999999999997));
#10937 = PCURVE('',#5450,#10938);
#10938 = DEFINITIONAL_REPRESENTATION('',(#10939),#10944);
#10939 = B_SPLINE_CURVE_WITH_KNOTS('',3,(#10940,#10941,#10942,#10943),
  .UNSPECIFIED.,.F.,.F.,(4,4),(0.,1.),.PIECEWISE_BEZIER_KNOTS.);
#10940 = CARTESIAN_POINT('',(4.712388980385,158.));
#10941 = CARTESIAN_POINT('',(5.23598773738,158.));
#10942 = CARTESIAN_POINT('',(5.759586550179,158.));
#10943 = CARTESIAN_POINT('',(6.28318530718,158.));
#10944 = ( GEOMETRIC_REPRESENTATION_CONTEXT(2) 
PARAMETRIC_REPRESENTATION_CONTEXT() REPRESENTATION_CONTEXT('2D SPACE',''
  ) );
#10945 = PCURVE('',#6276,#10946);
#10946 = DEFINITIONAL_REPRESENTATION('',(#10947),#10951);
#10947 = LINE('',#10948,#10949);
#10948 = CARTESIAN_POINT('',(0.,0.));
#10949 = VECTOR('',#10950,1.);
#10950 = DIRECTION('',(1.,0.));
#10951 = ( GEOMETRIC_REPRESENTATION_CONTEXT(2) 
PARAMETRIC_REPRESENTATION_CONTEXT() REPRESENTATION_CONTEXT('2D SPACE',''
  ) );
#10952 = ADVANCED_FACE('',(#10953),#5425,.T.);
#10953 = FACE_BOUND('',#10954,.T.);
#10954 = EDGE_LOOP('',(#10955,#10978,#10979,#10980,#11001));
#10955 = ORIENTED_EDGE('',*,*,#10956,.F.);
#10956 = EDGE_CURVE('',#5385,#10957,#10959,.T.);
#10957 = VERTEX_POINT('',#10958);
#10958 = CARTESIAN_POINT('',(98.,331.5,12.));
#10959 = SURFACE_CURVE('',#10960,(#10964,#10971),.PCURVE_S1.);
#10960 = LINE('',#10961,#10962);
#10961 = CARTESIAN_POINT('',(98.,331.5,2.));
#10962 = VECTOR('',#10963,1.);
#10963 = DIRECTION('',(0.,0.,1.));
#10964 = PCURVE('',#5425,#10965);
#10965 = DEFINITIONAL_REPRESENTATION('',(#10966),#10970);
#10966 = LINE('',#10967,#10968);
#10967 = CARTESIAN_POINT('',(0.,0.));
#10968 = VECTOR('',#10969,1.);
#10969 = DIRECTION('',(1.,0.));
#10970 = ( GEOMETRIC_REPRESENTATION_CONTEXT(2) 
PARAMETRIC_REPRESENTATION_CONTEXT() REPRESENTATION_CONTEXT('2D SPACE',''
  ) );
#10971 = PCURVE('',#5399,#10972);
#10972 = DEFINITIONAL_REPRESENTATION('',(#10973),#10977);
#10973 = LINE('',#10974,#10975);
#10974 = CARTESIAN_POINT('',(0.,10.));
#10975 = VECTOR('',#10976,1.);
#10976 = DIRECTION('',(1.,0.));
#10977 = ( GEOMETRIC_REPRESENTATION_CONTEXT(2) 
PARAMETRIC_REPRESENTATION_CONTEXT() REPRESENTATION_CONTEXT('2D SPACE',''
  ) );
#10978 = ORIENTED_EDGE('',*,*,#5410,.F.);
#10979 = ORIENTED_EDGE('',*,*,#10880,.T.);
#10980 = ORIENTED_EDGE('',*,*,#10981,.F.);
#10981 = EDGE_CURVE('',#10982,#10881,#10984,.T.);
#10982 = VERTEX_POINT('',#10983);
#10983 = CARTESIAN_POINT('',(98.,337.,12.));
#10984 = SURFACE_CURVE('',#10985,(#10989,#10995),.PCURVE_S1.);
#10985 = LINE('',#10986,#10987);
#10986 = CARTESIAN_POINT('',(98.,337.,4.499999999998));
#10987 = VECTOR('',#10988,1.);
#10988 = DIRECTION('',(-0.,0.,-1.));
#10989 = PCURVE('',#5425,#10990);
#10990 = DEFINITIONAL_REPRESENTATION('',(#10991),#10994);
#10991 = B_SPLINE_CURVE_WITH_KNOTS('',1,(#10992,#10993),.UNSPECIFIED.,
  .F.,.F.,(2,2),(-7.500000000002,-2.499999999999),
  .PIECEWISE_BEZIER_KNOTS.);
#10992 = CARTESIAN_POINT('',(10.,-5.5));
#10993 = CARTESIAN_POINT('',(4.999999999997,-5.5));
#10994 = ( GEOMETRIC_REPRESENTATION_CONTEXT(2) 
PARAMETRIC_REPRESENTATION_CONTEXT() REPRESENTATION_CONTEXT('2D SPACE',''
  ) );
#10995 = PCURVE('',#9965,#10996);
#10996 = DEFINITIONAL_REPRESENTATION('',(#10997),#11000);
#10997 = B_SPLINE_CURVE_WITH_KNOTS('',1,(#10998,#10999),.UNSPECIFIED.,
  .F.,.F.,(2,2),(-7.500000000002,-2.499999999999),
  .PIECEWISE_BEZIER_KNOTS.);
#10998 = CARTESIAN_POINT('',(5.000000000003,98.));
#10999 = CARTESIAN_POINT('',(2.255973186038E-13,98.));
#11000 = ( GEOMETRIC_REPRESENTATION_CONTEXT(2) 
PARAMETRIC_REPRESENTATION_CONTEXT() REPRESENTATION_CONTEXT('2D SPACE',''
  ) );
#11001 = ORIENTED_EDGE('',*,*,#11002,.F.);
#11002 = EDGE_CURVE('',#10957,#10982,#11003,.T.);
#11003 = SURFACE_CURVE('',#11004,(#11008,#11015),.PCURVE_S1.);
#11004 = LINE('',#11005,#11006);
#11005 = CARTESIAN_POINT('',(98.,331.5,12.));
#11006 = VECTOR('',#11007,1.);
#11007 = DIRECTION('',(-0.,1.,0.));
#11008 = PCURVE('',#5425,#11009);
#11009 = DEFINITIONAL_REPRESENTATION('',(#11010),#11014);
#11010 = LINE('',#11011,#11012);
#11011 = CARTESIAN_POINT('',(10.,0.));
#11012 = VECTOR('',#11013,1.);
#11013 = DIRECTION('',(0.,-1.));
#11014 = ( GEOMETRIC_REPRESENTATION_CONTEXT(2) 
PARAMETRIC_REPRESENTATION_CONTEXT() REPRESENTATION_CONTEXT('2D SPACE',''
  ) );
#11015 = PCURVE('',#11016,#11021);
#11016 = PLANE('',#11017);
#11017 = AXIS2_PLACEMENT_3D('',#11018,#11019,#11020);
#11018 = CARTESIAN_POINT('',(88.,331.5,12.));
#11019 = DIRECTION('',(0.,0.,1.));
#11020 = DIRECTION('',(1.,0.,-0.));
#11021 = DEFINITIONAL_REPRESENTATION('',(#11022),#11026);
#11022 = LINE('',#11023,#11024);
#11023 = CARTESIAN_POINT('',(10.,0.));
#11024 = VECTOR('',#11025,1.);
#11025 = DIRECTION('',(0.,1.));
#11026 = ( GEOMETRIC_REPRESENTATION_CONTEXT(2) 
PARAMETRIC_REPRESENTATION_CONTEXT() REPRESENTATION_CONTEXT('2D SPACE',''
  ) );
#11027 = ADVANCED_FACE('',(#11028,#11076),#5399,.F.);
#11028 = FACE_BOUND('',#11029,.F.);
#11029 = EDGE_LOOP('',(#11030,#11031,#11032,#11055));
#11030 = ORIENTED_EDGE('',*,*,#10956,.F.);
#11031 = ORIENTED_EDGE('',*,*,#5384,.F.);
#11032 = ORIENTED_EDGE('',*,*,#11033,.T.);
#11033 = EDGE_CURVE('',#5359,#11034,#11036,.T.);
#11034 = VERTEX_POINT('',#11035);
#11035 = CARTESIAN_POINT('',(88.,331.5,12.));
#11036 = SURFACE_CURVE('',#11037,(#11041,#11048),.PCURVE_S1.);
#11037 = LINE('',#11038,#11039);
#11038 = CARTESIAN_POINT('',(88.,331.5,2.));
#11039 = VECTOR('',#11040,1.);
#11040 = DIRECTION('',(0.,0.,1.));
#11041 = PCURVE('',#5399,#11042);
#11042 = DEFINITIONAL_REPRESENTATION('',(#11043),#11047);
#11043 = LINE('',#11044,#11045);
#11044 = CARTESIAN_POINT('',(0.,0.));
#11045 = VECTOR('',#11046,1.);
#11046 = DIRECTION('',(1.,0.));
#11047 = ( GEOMETRIC_REPRESENTATION_CONTEXT(2) 
PARAMETRIC_REPRESENTATION_CONTEXT() REPRESENTATION_CONTEXT('2D SPACE',''
  ) );
#11048 = PCURVE('',#5373,#11049);
#11049 = DEFINITIONAL_REPRESENTATION('',(#11050),#11054);
#11050 = LINE('',#11051,#11052);
#11051 = CARTESIAN_POINT('',(0.,0.));
#11052 = VECTOR('',#11053,1.);
#11053 = DIRECTION('',(1.,0.));
#11054 = ( GEOMETRIC_REPRESENTATION_CONTEXT(2) 
PARAMETRIC_REPRESENTATION_CONTEXT() REPRESENTATION_CONTEXT('2D SPACE',''
  ) );
#11055 = ORIENTED_EDGE('',*,*,#11056,.T.);
#11056 = EDGE_CURVE('',#11034,#10957,#11057,.T.);
#11057 = SURFACE_CURVE('',#11058,(#11062,#11069),.PCURVE_S1.);
#11058 = LINE('',#11059,#11060);
#11059 = CARTESIAN_POINT('',(88.,331.5,12.));
#11060 = VECTOR('',#11061,1.);
#11061 = DIRECTION('',(1.,0.,-0.));
#11062 = PCURVE('',#5399,#11063);
#11063 = DEFINITIONAL_REPRESENTATION('',(#11064),#11068);
#11064 = LINE('',#11065,#11066);
#11065 = CARTESIAN_POINT('',(10.,0.));
#11066 = VECTOR('',#11067,1.);
#11067 = DIRECTION('',(0.,1.));
#11068 = ( GEOMETRIC_REPRESENTATION_CONTEXT(2) 
PARAMETRIC_REPRESENTATION_CONTEXT() REPRESENTATION_CONTEXT('2D SPACE',''
  ) );
#11069 = PCURVE('',#11016,#11070);
#11070 = DEFINITIONAL_REPRESENTATION('',(#11071),#11075);
#11071 = LINE('',#11072,#11073);
#11072 = CARTESIAN_POINT('',(0.,0.));
#11073 = VECTOR('',#11074,1.);
#11074 = DIRECTION('',(1.,0.));
#11075 = ( GEOMETRIC_REPRESENTATION_CONTEXT(2) 
PARAMETRIC_REPRESENTATION_CONTEXT() REPRESENTATION_CONTEXT('2D SPACE',''
  ) );
#11076 = FACE_BOUND('',#11077,.F.);
#11077 = EDGE_LOOP('',(#11078));
#11078 = ORIENTED_EDGE('',*,*,#11079,.T.);
#11079 = EDGE_CURVE('',#11080,#11080,#11082,.T.);
#11080 = VERTEX_POINT('',#11081);
#11081 = CARTESIAN_POINT('',(95.1,331.5,7.));
#11082 = SURFACE_CURVE('',#11083,(#11088,#11099),.PCURVE_S1.);
#11083 = CIRCLE('',#11084,2.1);
#11084 = AXIS2_PLACEMENT_3D('',#11085,#11086,#11087);
#11085 = CARTESIAN_POINT('',(93.,331.5,7.));
#11086 = DIRECTION('',(0.,-1.,2.22044604925E-16));
#11087 = DIRECTION('',(1.,0.,0.));
#11088 = PCURVE('',#5399,#11089);
#11089 = DEFINITIONAL_REPRESENTATION('',(#11090),#11098);
#11090 = ( BOUNDED_CURVE() B_SPLINE_CURVE(2,(#11091,#11092,#11093,#11094
    ,#11095,#11096,#11097),.UNSPECIFIED.,.T.,.F.) 
B_SPLINE_CURVE_WITH_KNOTS((1,2,2,2,2,1),(-2.094395102393,0.,
    2.094395102393,4.188790204786,6.28318530718,8.377580409573),
.UNSPECIFIED.) CURVE() GEOMETRIC_REPRESENTATION_ITEM() 
RATIONAL_B_SPLINE_CURVE((1.,0.5,1.,0.5,1.,0.5,1.)) REPRESENTATION_ITEM(
  '') );
#11091 = CARTESIAN_POINT('',(5.,7.1));
#11092 = CARTESIAN_POINT('',(8.637306695895,7.1));
#11093 = CARTESIAN_POINT('',(6.818653347947,3.95));
#11094 = CARTESIAN_POINT('',(5.,0.8));
#11095 = CARTESIAN_POINT('',(3.181346652053,3.95));
#11096 = CARTESIAN_POINT('',(1.362693304105,7.1));
#11097 = CARTESIAN_POINT('',(5.,7.1));
#11098 = ( GEOMETRIC_REPRESENTATION_CONTEXT(2) 
PARAMETRIC_REPRESENTATION_CONTEXT() REPRESENTATION_CONTEXT('2D SPACE',''
  ) );
#11099 = PCURVE('',#11100,#11105);
#11100 = CYLINDRICAL_SURFACE('',#11101,2.1);
#11101 = AXIS2_PLACEMENT_3D('',#11102,#11103,#11104);
#11102 = CARTESIAN_POINT('',(93.,339.6,7.));
#11103 = DIRECTION('',(0.,-1.,2.22044604925E-16));
#11104 = DIRECTION('',(1.,0.,0.));
#11105 = DEFINITIONAL_REPRESENTATION('',(#11106),#11110);
#11106 = LINE('',#11107,#11108);
#11107 = CARTESIAN_POINT('',(0.,8.1));
#11108 = VECTOR('',#11109,1.);
#11109 = DIRECTION('',(1.,0.));
#11110 = ( GEOMETRIC_REPRESENTATION_CONTEXT(2) 
PARAMETRIC_REPRESENTATION_CONTEXT() REPRESENTATION_CONTEXT('2D SPACE',''
  ) );
#11111 = ADVANCED_FACE('',(#11112),#5373,.F.);
#11112 = FACE_BOUND('',#11113,.F.);
#11113 = EDGE_LOOP('',(#11114,#11115,#11116,#11140,#11161));
#11114 = ORIENTED_EDGE('',*,*,#11033,.F.);
#11115 = ORIENTED_EDGE('',*,*,#5358,.F.);
#11116 = ORIENTED_EDGE('',*,*,#11117,.T.);
#11117 = EDGE_CURVE('',#5331,#11118,#11120,.T.);
#11118 = VERTEX_POINT('',#11119);
#11119 = CARTESIAN_POINT('',(88.,337.,6.999999999997));
#11120 = SURFACE_CURVE('',#11121,(#11126,#11133),.PCURVE_S1.);
#11121 = CIRCLE('',#11122,4.);
#11122 = AXIS2_PLACEMENT_3D('',#11123,#11124,#11125);
#11123 = CARTESIAN_POINT('',(88.,333.,6.999999999997));
#11124 = DIRECTION('',(1.,0.,0.));
#11125 = DIRECTION('',(-0.,1.,0.));
#11126 = PCURVE('',#5373,#11127);
#11127 = DEFINITIONAL_REPRESENTATION('',(#11128),#11132);
#11128 = CIRCLE('',#11129,4.);
#11129 = AXIS2_PLACEMENT_2D('',#11130,#11131);
#11130 = CARTESIAN_POINT('',(4.999999999997,-1.5));
#11131 = DIRECTION('',(0.,-1.));
#11132 = ( GEOMETRIC_REPRESENTATION_CONTEXT(2) 
PARAMETRIC_REPRESENTATION_CONTEXT() REPRESENTATION_CONTEXT('2D SPACE',''
  ) );
#11133 = PCURVE('',#5346,#11134);
#11134 = DEFINITIONAL_REPRESENTATION('',(#11135),#11139);
#11135 = LINE('',#11136,#11137);
#11136 = CARTESIAN_POINT('',(0.,88.));
#11137 = VECTOR('',#11138,1.);
#11138 = DIRECTION('',(1.,0.));
#11139 = ( GEOMETRIC_REPRESENTATION_CONTEXT(2) 
PARAMETRIC_REPRESENTATION_CONTEXT() REPRESENTATION_CONTEXT('2D SPACE',''
  ) );
#11140 = ORIENTED_EDGE('',*,*,#11141,.F.);
#11141 = EDGE_CURVE('',#11142,#11118,#11144,.T.);
#11142 = VERTEX_POINT('',#11143);
#11143 = CARTESIAN_POINT('',(88.,337.,12.));
#11144 = SURFACE_CURVE('',#11145,(#11149,#11155),.PCURVE_S1.);
#11145 = LINE('',#11146,#11147);
#11146 = CARTESIAN_POINT('',(88.,337.,4.499999999998));
#11147 = VECTOR('',#11148,1.);
#11148 = DIRECTION('',(-0.,0.,-1.));
#11149 = PCURVE('',#5373,#11150);
#11150 = DEFINITIONAL_REPRESENTATION('',(#11151),#11154);
#11151 = B_SPLINE_CURVE_WITH_KNOTS('',1,(#11152,#11153),.UNSPECIFIED.,
  .F.,.F.,(2,2),(-7.500000000002,-2.499999999999),
  .PIECEWISE_BEZIER_KNOTS.);
#11152 = CARTESIAN_POINT('',(10.,-5.5));
#11153 = CARTESIAN_POINT('',(4.999999999997,-5.5));
#11154 = ( GEOMETRIC_REPRESENTATION_CONTEXT(2) 
PARAMETRIC_REPRESENTATION_CONTEXT() REPRESENTATION_CONTEXT('2D SPACE',''
  ) );
#11155 = PCURVE('',#9965,#11156);
#11156 = DEFINITIONAL_REPRESENTATION('',(#11157),#11160);
#11157 = B_SPLINE_CURVE_WITH_KNOTS('',1,(#11158,#11159),.UNSPECIFIED.,
  .F.,.F.,(2,2),(-7.500000000002,-2.499999999999),
  .PIECEWISE_BEZIER_KNOTS.);
#11158 = CARTESIAN_POINT('',(5.000000000003,88.));
#11159 = CARTESIAN_POINT('',(2.255973186038E-13,88.));
#11160 = ( GEOMETRIC_REPRESENTATION_CONTEXT(2) 
PARAMETRIC_REPRESENTATION_CONTEXT() REPRESENTATION_CONTEXT('2D SPACE',''
  ) );
#11161 = ORIENTED_EDGE('',*,*,#11162,.F.);
#11162 = EDGE_CURVE('',#11034,#11142,#11163,.T.);
#11163 = SURFACE_CURVE('',#11164,(#11168,#11175),.PCURVE_S1.);
#11164 = LINE('',#11165,#11166);
#11165 = CARTESIAN_POINT('',(88.,331.5,12.));
#11166 = VECTOR('',#11167,1.);
#11167 = DIRECTION('',(-0.,1.,0.));
#11168 = PCURVE('',#5373,#11169);
#11169 = DEFINITIONAL_REPRESENTATION('',(#11170),#11174);
#11170 = LINE('',#11171,#11172);
#11171 = CARTESIAN_POINT('',(10.,0.));
#11172 = VECTOR('',#11173,1.);
#11173 = DIRECTION('',(0.,-1.));
#11174 = ( GEOMETRIC_REPRESENTATION_CONTEXT(2) 
PARAMETRIC_REPRESENTATION_CONTEXT() REPRESENTATION_CONTEXT('2D SPACE',''
  ) );
#11175 = PCURVE('',#11016,#11176);
#11176 = DEFINITIONAL_REPRESENTATION('',(#11177),#11181);
#11177 = LINE('',#11178,#11179);
#11178 = CARTESIAN_POINT('',(0.,0.));
#11179 = VECTOR('',#11180,1.);
#11180 = DIRECTION('',(0.,1.));
#11181 = ( GEOMETRIC_REPRESENTATION_CONTEXT(2) 
PARAMETRIC_REPRESENTATION_CONTEXT() REPRESENTATION_CONTEXT('2D SPACE',''
  ) );
#11182 = ADVANCED_FACE('',(#11183),#5346,.F.);
#11183 = FACE_BOUND('',#11184,.F.);
#11184 = EDGE_LOOP('',(#11185,#11186,#11210,#11231));
#11185 = ORIENTED_EDGE('',*,*,#5330,.F.);
#11186 = ORIENTED_EDGE('',*,*,#11187,.T.);
#11187 = EDGE_CURVE('',#5305,#11188,#11190,.T.);
#11188 = VERTEX_POINT('',#11189);
#11189 = CARTESIAN_POINT('',(-88.,337.,6.999999999997));
#11190 = SURFACE_CURVE('',#11191,(#11196,#11203),.PCURVE_S1.);
#11191 = CIRCLE('',#11192,4.);
#11192 = AXIS2_PLACEMENT_3D('',#11193,#11194,#11195);
#11193 = CARTESIAN_POINT('',(-88.,333.,6.999999999997));
#11194 = DIRECTION('',(1.,0.,0.));
#11195 = DIRECTION('',(-0.,1.,0.));
#11196 = PCURVE('',#5346,#11197);
#11197 = DEFINITIONAL_REPRESENTATION('',(#11198),#11202);
#11198 = LINE('',#11199,#11200);
#11199 = CARTESIAN_POINT('',(0.,-88.));
#11200 = VECTOR('',#11201,1.);
#11201 = DIRECTION('',(1.,0.));
#11202 = ( GEOMETRIC_REPRESENTATION_CONTEXT(2) 
PARAMETRIC_REPRESENTATION_CONTEXT() REPRESENTATION_CONTEXT('2D SPACE',''
  ) );
#11203 = PCURVE('',#5319,#11204);
#11204 = DEFINITIONAL_REPRESENTATION('',(#11205),#11209);
#11205 = CIRCLE('',#11206,4.);
#11206 = AXIS2_PLACEMENT_2D('',#11207,#11208);
#11207 = CARTESIAN_POINT('',(4.999999999997,-1.5));
#11208 = DIRECTION('',(0.,-1.));
#11209 = ( GEOMETRIC_REPRESENTATION_CONTEXT(2) 
PARAMETRIC_REPRESENTATION_CONTEXT() REPRESENTATION_CONTEXT('2D SPACE',''
  ) );
#11210 = ORIENTED_EDGE('',*,*,#11211,.T.);
#11211 = EDGE_CURVE('',#11188,#11118,#11212,.T.);
#11212 = SURFACE_CURVE('',#11213,(#11217,#11224),.PCURVE_S1.);
#11213 = LINE('',#11214,#11215);
#11214 = CARTESIAN_POINT('',(-170.,337.,6.999999999997));
#11215 = VECTOR('',#11216,1.);
#11216 = DIRECTION('',(1.,0.,0.));
#11217 = PCURVE('',#5346,#11218);
#11218 = DEFINITIONAL_REPRESENTATION('',(#11219),#11223);
#11219 = LINE('',#11220,#11221);
#11220 = CARTESIAN_POINT('',(6.28318530718,-170.));
#11221 = VECTOR('',#11222,1.);
#11222 = DIRECTION('',(-0.,1.));
#11223 = ( GEOMETRIC_REPRESENTATION_CONTEXT(2) 
PARAMETRIC_REPRESENTATION_CONTEXT() REPRESENTATION_CONTEXT('2D SPACE',''
  ) );
#11224 = PCURVE('',#9965,#11225);
#11225 = DEFINITIONAL_REPRESENTATION('',(#11226),#11230);
#11226 = LINE('',#11227,#11228);
#11227 = CARTESIAN_POINT('',(2.255973186038E-13,-170.));
#11228 = VECTOR('',#11229,1.);
#11229 = DIRECTION('',(0.,1.));
#11230 = ( GEOMETRIC_REPRESENTATION_CONTEXT(2) 
PARAMETRIC_REPRESENTATION_CONTEXT() REPRESENTATION_CONTEXT('2D SPACE',''
  ) );
#11231 = ORIENTED_EDGE('',*,*,#11117,.F.);
#11232 = ADVANCED_FACE('',(#11233),#5319,.T.);
#11233 = FACE_BOUND('',#11234,.T.);
#11234 = EDGE_LOOP('',(#11235,#11258,#11259,#11260,#11281));
#11235 = ORIENTED_EDGE('',*,*,#11236,.F.);
#11236 = EDGE_CURVE('',#5279,#11237,#11239,.T.);
#11237 = VERTEX_POINT('',#11238);
#11238 = CARTESIAN_POINT('',(-88.,331.5,12.));
#11239 = SURFACE_CURVE('',#11240,(#11244,#11251),.PCURVE_S1.);
#11240 = LINE('',#11241,#11242);
#11241 = CARTESIAN_POINT('',(-88.,331.5,2.));
#11242 = VECTOR('',#11243,1.);
#11243 = DIRECTION('',(0.,0.,1.));
#11244 = PCURVE('',#5319,#11245);
#11245 = DEFINITIONAL_REPRESENTATION('',(#11246),#11250);
#11246 = LINE('',#11247,#11248);
#11247 = CARTESIAN_POINT('',(0.,0.));
#11248 = VECTOR('',#11249,1.);
#11249 = DIRECTION('',(1.,0.));
#11250 = ( GEOMETRIC_REPRESENTATION_CONTEXT(2) 
PARAMETRIC_REPRESENTATION_CONTEXT() REPRESENTATION_CONTEXT('2D SPACE',''
  ) );
#11251 = PCURVE('',#5293,#11252);
#11252 = DEFINITIONAL_REPRESENTATION('',(#11253),#11257);
#11253 = LINE('',#11254,#11255);
#11254 = CARTESIAN_POINT('',(0.,10.));
#11255 = VECTOR('',#11256,1.);
#11256 = DIRECTION('',(1.,0.));
#11257 = ( GEOMETRIC_REPRESENTATION_CONTEXT(2) 
PARAMETRIC_REPRESENTATION_CONTEXT() REPRESENTATION_CONTEXT('2D SPACE',''
  ) );
#11258 = ORIENTED_EDGE('',*,*,#5304,.F.);
#11259 = ORIENTED_EDGE('',*,*,#11187,.T.);
#11260 = ORIENTED_EDGE('',*,*,#11261,.F.);
#11261 = EDGE_CURVE('',#11262,#11188,#11264,.T.);
#11262 = VERTEX_POINT('',#11263);
#11263 = CARTESIAN_POINT('',(-88.,337.,12.));
#11264 = SURFACE_CURVE('',#11265,(#11269,#11275),.PCURVE_S1.);
#11265 = LINE('',#11266,#11267);
#11266 = CARTESIAN_POINT('',(-88.,337.,4.499999999998));
#11267 = VECTOR('',#11268,1.);
#11268 = DIRECTION('',(-0.,0.,-1.));
#11269 = PCURVE('',#5319,#11270);
#11270 = DEFINITIONAL_REPRESENTATION('',(#11271),#11274);
#11271 = B_SPLINE_CURVE_WITH_KNOTS('',1,(#11272,#11273),.UNSPECIFIED.,
  .F.,.F.,(2,2),(-7.500000000002,-2.499999999999),
  .PIECEWISE_BEZIER_KNOTS.);
#11272 = CARTESIAN_POINT('',(10.,-5.5));
#11273 = CARTESIAN_POINT('',(4.999999999997,-5.5));
#11274 = ( GEOMETRIC_REPRESENTATION_CONTEXT(2) 
PARAMETRIC_REPRESENTATION_CONTEXT() REPRESENTATION_CONTEXT('2D SPACE',''
  ) );
#11275 = PCURVE('',#9965,#11276);
#11276 = DEFINITIONAL_REPRESENTATION('',(#11277),#11280);
#11277 = B_SPLINE_CURVE_WITH_KNOTS('',1,(#11278,#11279),.UNSPECIFIED.,
  .F.,.F.,(2,2),(-7.500000000002,-2.499999999999),
  .PIECEWISE_BEZIER_KNOTS.);
#11278 = CARTESIAN_POINT('',(5.000000000003,-88.));
#11279 = CARTESIAN_POINT('',(2.255973186038E-13,-88.));
#11280 = ( GEOMETRIC_REPRESENTATION_CONTEXT(2) 
PARAMETRIC_REPRESENTATION_CONTEXT() REPRESENTATION_CONTEXT('2D SPACE',''
  ) );
#11281 = ORIENTED_EDGE('',*,*,#11282,.F.);
#11282 = EDGE_CURVE('',#11237,#11262,#11283,.T.);
#11283 = SURFACE_CURVE('',#11284,(#11288,#11295),.PCURVE_S1.);
#11284 = LINE('',#11285,#11286);
#11285 = CARTESIAN_POINT('',(-88.,331.5,12.));
#11286 = VECTOR('',#11287,1.);
#11287 = DIRECTION('',(-0.,1.,0.));
#11288 = PCURVE('',#5319,#11289);
#11289 = DEFINITIONAL_REPRESENTATION('',(#11290),#11294);
#11290 = LINE('',#11291,#11292);
#11291 = CARTESIAN_POINT('',(10.,0.));
#11292 = VECTOR('',#11293,1.);
#11293 = DIRECTION('',(0.,-1.));
#11294 = ( GEOMETRIC_REPRESENTATION_CONTEXT(2) 
PARAMETRIC_REPRESENTATION_CONTEXT() REPRESENTATION_CONTEXT('2D SPACE',''
  ) );
#11295 = PCURVE('',#11296,#11301);
#11296 = PLANE('',#11297);
#11297 = AXIS2_PLACEMENT_3D('',#11298,#11299,#11300);
#11298 = CARTESIAN_POINT('',(-98.,331.5,12.));
#11299 = DIRECTION('',(0.,0.,1.));
#11300 = DIRECTION('',(1.,0.,-0.));
#11301 = DEFINITIONAL_REPRESENTATION('',(#11302),#11306);
#11302 = LINE('',#11303,#11304);
#11303 = CARTESIAN_POINT('',(10.,0.));
#11304 = VECTOR('',#11305,1.);
#11305 = DIRECTION('',(0.,1.));
#11306 = ( GEOMETRIC_REPRESENTATION_CONTEXT(2) 
PARAMETRIC_REPRESENTATION_CONTEXT() REPRESENTATION_CONTEXT('2D SPACE',''
  ) );
#11307 = ADVANCED_FACE('',(#11308,#11356),#5293,.F.);
#11308 = FACE_BOUND('',#11309,.F.);
#11309 = EDGE_LOOP('',(#11310,#11311,#11312,#11335));
#11310 = ORIENTED_EDGE('',*,*,#11236,.F.);
#11311 = ORIENTED_EDGE('',*,*,#5278,.F.);
#11312 = ORIENTED_EDGE('',*,*,#11313,.T.);
#11313 = EDGE_CURVE('',#5253,#11314,#11316,.T.);
#11314 = VERTEX_POINT('',#11315);
#11315 = CARTESIAN_POINT('',(-98.,331.5,12.));
#11316 = SURFACE_CURVE('',#11317,(#11321,#11328),.PCURVE_S1.);
#11317 = LINE('',#11318,#11319);
#11318 = CARTESIAN_POINT('',(-98.,331.5,2.));
#11319 = VECTOR('',#11320,1.);
#11320 = DIRECTION('',(0.,0.,1.));
#11321 = PCURVE('',#5293,#11322);
#11322 = DEFINITIONAL_REPRESENTATION('',(#11323),#11327);
#11323 = LINE('',#11324,#11325);
#11324 = CARTESIAN_POINT('',(0.,0.));
#11325 = VECTOR('',#11326,1.);
#11326 = DIRECTION('',(1.,0.));
#11327 = ( GEOMETRIC_REPRESENTATION_CONTEXT(2) 
PARAMETRIC_REPRESENTATION_CONTEXT() REPRESENTATION_CONTEXT('2D SPACE',''
  ) );
#11328 = PCURVE('',#5267,#11329);
#11329 = DEFINITIONAL_REPRESENTATION('',(#11330),#11334);
#11330 = LINE('',#11331,#11332);
#11331 = CARTESIAN_POINT('',(0.,0.));
#11332 = VECTOR('',#11333,1.);
#11333 = DIRECTION('',(1.,0.));
#11334 = ( GEOMETRIC_REPRESENTATION_CONTEXT(2) 
PARAMETRIC_REPRESENTATION_CONTEXT() REPRESENTATION_CONTEXT('2D SPACE',''
  ) );
#11335 = ORIENTED_EDGE('',*,*,#11336,.T.);
#11336 = EDGE_CURVE('',#11314,#11237,#11337,.T.);
#11337 = SURFACE_CURVE('',#11338,(#11342,#11349),.PCURVE_S1.);
#11338 = LINE('',#11339,#11340);
#11339 = CARTESIAN_POINT('',(-98.,331.5,12.));
#11340 = VECTOR('',#11341,1.);
#11341 = DIRECTION('',(1.,0.,-0.));
#11342 = PCURVE('',#5293,#11343);
#11343 = DEFINITIONAL_REPRESENTATION('',(#11344),#11348);
#11344 = LINE('',#11345,#11346);
#11345 = CARTESIAN_POINT('',(10.,0.));
#11346 = VECTOR('',#11347,1.);
#11347 = DIRECTION('',(0.,1.));
#11348 = ( GEOMETRIC_REPRESENTATION_CONTEXT(2) 
PARAMETRIC_REPRESENTATION_CONTEXT() REPRESENTATION_CONTEXT('2D SPACE',''
  ) );
#11349 = PCURVE('',#11296,#11350);
#11350 = DEFINITIONAL_REPRESENTATION('',(#11351),#11355);
#11351 = LINE('',#11352,#11353);
#11352 = CARTESIAN_POINT('',(0.,0.));
#11353 = VECTOR('',#11354,1.);
#11354 = DIRECTION('',(1.,0.));
#11355 = ( GEOMETRIC_REPRESENTATION_CONTEXT(2) 
PARAMETRIC_REPRESENTATION_CONTEXT() REPRESENTATION_CONTEXT('2D SPACE',''
  ) );
#11356 = FACE_BOUND('',#11357,.F.);
#11357 = EDGE_LOOP('',(#11358));
#11358 = ORIENTED_EDGE('',*,*,#11359,.T.);
#11359 = EDGE_CURVE('',#11360,#11360,#11362,.T.);
#11360 = VERTEX_POINT('',#11361);
#11361 = CARTESIAN_POINT('',(-90.9,331.5,7.));
#11362 = SURFACE_CURVE('',#11363,(#11368,#11379),.PCURVE_S1.);
#11363 = CIRCLE('',#11364,2.1);
#11364 = AXIS2_PLACEMENT_3D('',#11365,#11366,#11367);
#11365 = CARTESIAN_POINT('',(-93.,331.5,7.));
#11366 = DIRECTION('',(0.,-1.,2.22044604925E-16));
#11367 = DIRECTION('',(1.,0.,0.));
#11368 = PCURVE('',#5293,#11369);
#11369 = DEFINITIONAL_REPRESENTATION('',(#11370),#11378);
#11370 = ( BOUNDED_CURVE() B_SPLINE_CURVE(2,(#11371,#11372,#11373,#11374
    ,#11375,#11376,#11377),.UNSPECIFIED.,.T.,.F.) 
B_SPLINE_CURVE_WITH_KNOTS((1,2,2,2,2,1),(-2.094395102393,0.,
    2.094395102393,4.188790204786,6.28318530718,8.377580409573),
.UNSPECIFIED.) CURVE() GEOMETRIC_REPRESENTATION_ITEM() 
RATIONAL_B_SPLINE_CURVE((1.,0.5,1.,0.5,1.,0.5,1.)) REPRESENTATION_ITEM(
  '') );
#11371 = CARTESIAN_POINT('',(5.,7.1));
#11372 = CARTESIAN_POINT('',(8.637306695895,7.1));
#11373 = CARTESIAN_POINT('',(6.818653347947,3.95));
#11374 = CARTESIAN_POINT('',(5.,0.8));
#11375 = CARTESIAN_POINT('',(3.181346652053,3.95));
#11376 = CARTESIAN_POINT('',(1.362693304105,7.1));
#11377 = CARTESIAN_POINT('',(5.,7.1));
#11378 = ( GEOMETRIC_REPRESENTATION_CONTEXT(2) 
PARAMETRIC_REPRESENTATION_CONTEXT() REPRESENTATION_CONTEXT('2D SPACE',''
  ) );
#11379 = PCURVE('',#11380,#11385);
#11380 = CYLINDRICAL_SURFACE('',#11381,2.1);
#11381 = AXIS2_PLACEMENT_3D('',#11382,#11383,#11384);
#11382 = CARTESIAN_POINT('',(-93.,339.6,7.));
#11383 = DIRECTION('',(0.,-1.,2.22044604925E-16));
#11384 = DIRECTION('',(1.,0.,0.));
#11385 = DEFINITIONAL_REPRESENTATION('',(#11386),#11390);
#11386 = LINE('',#11387,#11388);
#11387 = CARTESIAN_POINT('',(0.,8.1));
#11388 = VECTOR('',#11389,1.);
#11389 = DIRECTION('',(1.,0.));
#11390 = ( GEOMETRIC_REPRESENTATION_CONTEXT(2) 
PARAMETRIC_REPRESENTATION_CONTEXT() REPRESENTATION_CONTEXT('2D SPACE',''
  ) );
#11391 = ADVANCED_FACE('',(#11392),#5267,.F.);
#11392 = FACE_BOUND('',#11393,.F.);
#11393 = EDGE_LOOP('',(#11394,#11395,#11396,#11420,#11441));
#11394 = ORIENTED_EDGE('',*,*,#11313,.F.);
#11395 = ORIENTED_EDGE('',*,*,#5252,.F.);
#11396 = ORIENTED_EDGE('',*,*,#11397,.T.);
#11397 = EDGE_CURVE('',#5225,#11398,#11400,.T.);
#11398 = VERTEX_POINT('',#11399);
#11399 = CARTESIAN_POINT('',(-98.,337.,6.999999999997));
#11400 = SURFACE_CURVE('',#11401,(#11406,#11413),.PCURVE_S1.);
#11401 = CIRCLE('',#11402,4.);
#11402 = AXIS2_PLACEMENT_3D('',#11403,#11404,#11405);
#11403 = CARTESIAN_POINT('',(-98.,333.,6.999999999997));
#11404 = DIRECTION('',(1.,0.,0.));
#11405 = DIRECTION('',(-0.,1.,0.));
#11406 = PCURVE('',#5267,#11407);
#11407 = DEFINITIONAL_REPRESENTATION('',(#11408),#11412);
#11408 = CIRCLE('',#11409,4.);
#11409 = AXIS2_PLACEMENT_2D('',#11410,#11411);
#11410 = CARTESIAN_POINT('',(4.999999999997,-1.5));
#11411 = DIRECTION('',(0.,-1.));
#11412 = ( GEOMETRIC_REPRESENTATION_CONTEXT(2) 
PARAMETRIC_REPRESENTATION_CONTEXT() REPRESENTATION_CONTEXT('2D SPACE',''
  ) );
#11413 = PCURVE('',#5240,#11414);
#11414 = DEFINITIONAL_REPRESENTATION('',(#11415),#11419);
#11415 = LINE('',#11416,#11417);
#11416 = CARTESIAN_POINT('',(0.,-98.));
#11417 = VECTOR('',#11418,1.);
#11418 = DIRECTION('',(1.,0.));
#11419 = ( GEOMETRIC_REPRESENTATION_CONTEXT(2) 
PARAMETRIC_REPRESENTATION_CONTEXT() REPRESENTATION_CONTEXT('2D SPACE',''
  ) );
#11420 = ORIENTED_EDGE('',*,*,#11421,.F.);
#11421 = EDGE_CURVE('',#11422,#11398,#11424,.T.);
#11422 = VERTEX_POINT('',#11423);
#11423 = CARTESIAN_POINT('',(-98.,337.,12.));
#11424 = SURFACE_CURVE('',#11425,(#11429,#11435),.PCURVE_S1.);
#11425 = LINE('',#11426,#11427);
#11426 = CARTESIAN_POINT('',(-98.,337.,4.499999999998));
#11427 = VECTOR('',#11428,1.);
#11428 = DIRECTION('',(-0.,0.,-1.));
#11429 = PCURVE('',#5267,#11430);
#11430 = DEFINITIONAL_REPRESENTATION('',(#11431),#11434);
#11431 = B_SPLINE_CURVE_WITH_KNOTS('',1,(#11432,#11433),.UNSPECIFIED.,
  .F.,.F.,(2,2),(-7.500000000002,-2.499999999999),
  .PIECEWISE_BEZIER_KNOTS.);
#11432 = CARTESIAN_POINT('',(10.,-5.5));
#11433 = CARTESIAN_POINT('',(4.999999999997,-5.5));
#11434 = ( GEOMETRIC_REPRESENTATION_CONTEXT(2) 
PARAMETRIC_REPRESENTATION_CONTEXT() REPRESENTATION_CONTEXT('2D SPACE',''
  ) );
#11435 = PCURVE('',#9965,#11436);
#11436 = DEFINITIONAL_REPRESENTATION('',(#11437),#11440);
#11437 = B_SPLINE_CURVE_WITH_KNOTS('',1,(#11438,#11439),.UNSPECIFIED.,
  .F.,.F.,(2,2),(-7.500000000002,-2.499999999999),
  .PIECEWISE_BEZIER_KNOTS.);
#11438 = CARTESIAN_POINT('',(5.000000000003,-98.));
#11439 = CARTESIAN_POINT('',(2.255973186038E-13,-98.));
#11440 = ( GEOMETRIC_REPRESENTATION_CONTEXT(2) 
PARAMETRIC_REPRESENTATION_CONTEXT() REPRESENTATION_CONTEXT('2D SPACE',''
  ) );
#11441 = ORIENTED_EDGE('',*,*,#11442,.F.);
#11442 = EDGE_CURVE('',#11314,#11422,#11443,.T.);
#11443 = SURFACE_CURVE('',#11444,(#11448,#11455),.PCURVE_S1.);
#11444 = LINE('',#11445,#11446);
#11445 = CARTESIAN_POINT('',(-98.,331.5,12.));
#11446 = VECTOR('',#11447,1.);
#11447 = DIRECTION('',(-0.,1.,0.));
#11448 = PCURVE('',#5267,#11449);
#11449 = DEFINITIONAL_REPRESENTATION('',(#11450),#11454);
#11450 = LINE('',#11451,#11452);
#11451 = CARTESIAN_POINT('',(10.,0.));
#11452 = VECTOR('',#11453,1.);
#11453 = DIRECTION('',(0.,-1.));
#11454 = ( GEOMETRIC_REPRESENTATION_CONTEXT(2) 
PARAMETRIC_REPRESENTATION_CONTEXT() REPRESENTATION_CONTEXT('2D SPACE',''
  ) );
#11455 = PCURVE('',#11296,#11456);
#11456 = DEFINITIONAL_REPRESENTATION('',(#11457),#11461);
#11457 = LINE('',#11458,#11459);
#11458 = CARTESIAN_POINT('',(0.,0.));
#11459 = VECTOR('',#11460,1.);
#11460 = DIRECTION('',(0.,1.));
#11461 = ( GEOMETRIC_REPRESENTATION_CONTEXT(2) 
PARAMETRIC_REPRESENTATION_CONTEXT() REPRESENTATION_CONTEXT('2D SPACE',''
  ) );
#11462 = ADVANCED_FACE('',(#11463),#5240,.F.);
#11463 = FACE_BOUND('',#11464,.F.);
#11464 = EDGE_LOOP('',(#11465,#11466,#11467,#11488));
#11465 = ORIENTED_EDGE('',*,*,#5224,.F.);
#11466 = ORIENTED_EDGE('',*,*,#9984,.T.);
#11467 = ORIENTED_EDGE('',*,*,#11468,.T.);
#11468 = EDGE_CURVE('',#9915,#11398,#11469,.T.);
#11469 = SURFACE_CURVE('',#11470,(#11474,#11481),.PCURVE_S1.);
#11470 = LINE('',#11471,#11472);
#11471 = CARTESIAN_POINT('',(-170.,337.,6.999999999997));
#11472 = VECTOR('',#11473,1.);
#11473 = DIRECTION('',(1.,0.,0.));
#11474 = PCURVE('',#5240,#11475);
#11475 = DEFINITIONAL_REPRESENTATION('',(#11476),#11480);
#11476 = LINE('',#11477,#11478);
#11477 = CARTESIAN_POINT('',(6.28318530718,-170.));
#11478 = VECTOR('',#11479,1.);
#11479 = DIRECTION('',(-0.,1.));
#11480 = ( GEOMETRIC_REPRESENTATION_CONTEXT(2) 
PARAMETRIC_REPRESENTATION_CONTEXT() REPRESENTATION_CONTEXT('2D SPACE',''
  ) );
#11481 = PCURVE('',#9965,#11482);
#11482 = DEFINITIONAL_REPRESENTATION('',(#11483),#11487);
#11483 = LINE('',#11484,#11485);
#11484 = CARTESIAN_POINT('',(2.255973186038E-13,-170.));
#11485 = VECTOR('',#11486,1.);
#11486 = DIRECTION('',(0.,1.));
#11487 = ( GEOMETRIC_REPRESENTATION_CONTEXT(2) 
PARAMETRIC_REPRESENTATION_CONTEXT() REPRESENTATION_CONTEXT('2D SPACE',''
  ) );
#11488 = ORIENTED_EDGE('',*,*,#11397,.F.);
#11489 = ADVANCED_FACE('',(#11490,#11496),#5192,.T.);
#11490 = FACE_BOUND('',#11491,.T.);
#11491 = EDGE_LOOP('',(#11492,#11493,#11494,#11495));
#11492 = ORIENTED_EDGE('',*,*,#6896,.F.);
#11493 = ORIENTED_EDGE('',*,*,#5177,.F.);
#11494 = ORIENTED_EDGE('',*,*,#6700,.T.);
#11495 = ORIENTED_EDGE('',*,*,#6821,.T.);
#11496 = FACE_BOUND('',#11497,.T.);
#11497 = EDGE_LOOP('',(#11498));
#11498 = ORIENTED_EDGE('',*,*,#7513,.T.);
#11499 = ADVANCED_FACE('',(#11500,#11506),#5125,.T.);
#11500 = FACE_BOUND('',#11501,.T.);
#11501 = EDGE_LOOP('',(#11502,#11503,#11504,#11505));
#11502 = ORIENTED_EDGE('',*,*,#7146,.F.);
#11503 = ORIENTED_EDGE('',*,*,#5110,.F.);
#11504 = ORIENTED_EDGE('',*,*,#6950,.T.);
#11505 = ORIENTED_EDGE('',*,*,#7071,.T.);
#11506 = FACE_BOUND('',#11507,.T.);
#11507 = EDGE_LOOP('',(#11508));
#11508 = ORIENTED_EDGE('',*,*,#7567,.T.);
#11509 = ADVANCED_FACE('',(#11510,#11516),#5058,.T.);
#11510 = FACE_BOUND('',#11511,.T.);
#11511 = EDGE_LOOP('',(#11512,#11513,#11514,#11515));
#11512 = ORIENTED_EDGE('',*,*,#7339,.F.);
#11513 = ORIENTED_EDGE('',*,*,#5043,.F.);
#11514 = ORIENTED_EDGE('',*,*,#7200,.T.);
#11515 = ORIENTED_EDGE('',*,*,#7313,.T.);
#11516 = FACE_BOUND('',#11517,.T.);
#11517 = EDGE_LOOP('',(#11518));
#11518 = ORIENTED_EDGE('',*,*,#7829,.T.);
#11519 = ADVANCED_FACE('',(#11520,#11526),#4991,.T.);
#11520 = FACE_BOUND('',#11521,.T.);
#11521 = EDGE_LOOP('',(#11522,#11523,#11524,#11525));
#11522 = ORIENTED_EDGE('',*,*,#7366,.F.);
#11523 = ORIENTED_EDGE('',*,*,#4976,.F.);
#11524 = ORIENTED_EDGE('',*,*,#7464,.T.);
#11525 = ORIENTED_EDGE('',*,*,#7438,.T.);
#11526 = FACE_BOUND('',#11527,.T.);
#11527 = EDGE_LOOP('',(#11528));
#11528 = ORIENTED_EDGE('',*,*,#7883,.T.);
#11529 = ADVANCED_FACE('',(#11530),#5485,.T.);
#11530 = FACE_BOUND('',#11531,.T.);
#11531 = EDGE_LOOP('',(#11532,#11555,#11582,#11583));
#11532 = ORIENTED_EDGE('',*,*,#11533,.T.);
#11533 = EDGE_CURVE('',#5465,#11534,#11536,.T.);
#11534 = VERTEX_POINT('',#11535);
#11535 = CARTESIAN_POINT('',(-114.5,254.5,7.5));
#11536 = SEAM_CURVE('',#11537,(#11541,#11548),.PCURVE_S1.);
#11537 = LINE('',#11538,#11539);
#11538 = CARTESIAN_POINT('',(-114.5,254.5,2.5));
#11539 = VECTOR('',#11540,1.);
#11540 = DIRECTION('',(0.,0.,1.));
#11541 = PCURVE('',#5485,#11542);
#11542 = DEFINITIONAL_REPRESENTATION('',(#11543),#11547);
#11543 = LINE('',#11544,#11545);
#11544 = CARTESIAN_POINT('',(6.28318530718,-0.));
#11545 = VECTOR('',#11546,1.);
#11546 = DIRECTION('',(0.,1.));
#11547 = ( GEOMETRIC_REPRESENTATION_CONTEXT(2) 
PARAMETRIC_REPRESENTATION_CONTEXT() REPRESENTATION_CONTEXT('2D SPACE',''
  ) );
#11548 = PCURVE('',#5485,#11549);
#11549 = DEFINITIONAL_REPRESENTATION('',(#11550),#11554);
#11550 = LINE('',#11551,#11552);
#11551 = CARTESIAN_POINT('',(0.,-0.));
#11552 = VECTOR('',#11553,1.);
#11553 = DIRECTION('',(0.,1.));
#11554 = ( GEOMETRIC_REPRESENTATION_CONTEXT(2) 
PARAMETRIC_REPRESENTATION_CONTEXT() REPRESENTATION_CONTEXT('2D SPACE',''
  ) );
#11555 = ORIENTED_EDGE('',*,*,#11556,.F.);
#11556 = EDGE_CURVE('',#11534,#11534,#11557,.T.);
#11557 = SURFACE_CURVE('',#11558,(#11563,#11570),.PCURVE_S1.);
#11558 = CIRCLE('',#11559,4.5);
#11559 = AXIS2_PLACEMENT_3D('',#11560,#11561,#11562);
#11560 = CARTESIAN_POINT('',(-119.,254.5,7.5));
#11561 = DIRECTION('',(0.,0.,1.));
#11562 = DIRECTION('',(1.,0.,-0.));
#11563 = PCURVE('',#5485,#11564);
#11564 = DEFINITIONAL_REPRESENTATION('',(#11565),#11569);
#11565 = LINE('',#11566,#11567);
#11566 = CARTESIAN_POINT('',(0.,5.));
#11567 = VECTOR('',#11568,1.);
#11568 = DIRECTION('',(1.,0.));
#11569 = ( GEOMETRIC_REPRESENTATION_CONTEXT(2) 
PARAMETRIC_REPRESENTATION_CONTEXT() REPRESENTATION_CONTEXT('2D SPACE',''
  ) );
#11570 = PCURVE('',#11571,#11576);
#11571 = PLANE('',#11572);
#11572 = AXIS2_PLACEMENT_3D('',#11573,#11574,#11575);
#11573 = CARTESIAN_POINT('',(-119.,254.5,7.5));
#11574 = DIRECTION('',(0.,0.,1.));
#11575 = DIRECTION('',(1.,0.,-0.));
#11576 = DEFINITIONAL_REPRESENTATION('',(#11577),#11581);
#11577 = CIRCLE('',#11578,4.5);
#11578 = AXIS2_PLACEMENT_2D('',#11579,#11580);
#11579 = CARTESIAN_POINT('',(0.,0.));
#11580 = DIRECTION('',(1.,0.));
#11581 = ( GEOMETRIC_REPRESENTATION_CONTEXT(2) 
PARAMETRIC_REPRESENTATION_CONTEXT() REPRESENTATION_CONTEXT('2D SPACE',''
  ) );
#11582 = ORIENTED_EDGE('',*,*,#11533,.F.);
#11583 = ORIENTED_EDGE('',*,*,#5464,.T.);
#11584 = ADVANCED_FACE('',(#11585),#5520,.T.);
#11585 = FACE_BOUND('',#11586,.T.);
#11586 = EDGE_LOOP('',(#11587,#11610,#11637,#11638));
#11587 = ORIENTED_EDGE('',*,*,#11588,.T.);
#11588 = EDGE_CURVE('',#5500,#11589,#11591,.T.);
#11589 = VERTEX_POINT('',#11590);
#11590 = CARTESIAN_POINT('',(-114.5,269.5,7.5));
#11591 = SEAM_CURVE('',#11592,(#11596,#11603),.PCURVE_S1.);
#11592 = LINE('',#11593,#11594);
#11593 = CARTESIAN_POINT('',(-114.5,269.5,2.5));
#11594 = VECTOR('',#11595,1.);
#11595 = DIRECTION('',(0.,0.,1.));
#11596 = PCURVE('',#5520,#11597);
#11597 = DEFINITIONAL_REPRESENTATION('',(#11598),#11602);
#11598 = LINE('',#11599,#11600);
#11599 = CARTESIAN_POINT('',(6.28318530718,-0.));
#11600 = VECTOR('',#11601,1.);
#11601 = DIRECTION('',(0.,1.));
#11602 = ( GEOMETRIC_REPRESENTATION_CONTEXT(2) 
PARAMETRIC_REPRESENTATION_CONTEXT() REPRESENTATION_CONTEXT('2D SPACE',''
  ) );
#11603 = PCURVE('',#5520,#11604);
#11604 = DEFINITIONAL_REPRESENTATION('',(#11605),#11609);
#11605 = LINE('',#11606,#11607);
#11606 = CARTESIAN_POINT('',(0.,-0.));
#11607 = VECTOR('',#11608,1.);
#11608 = DIRECTION('',(0.,1.));
#11609 = ( GEOMETRIC_REPRESENTATION_CONTEXT(2) 
PARAMETRIC_REPRESENTATION_CONTEXT() REPRESENTATION_CONTEXT('2D SPACE',''
  ) );
#11610 = ORIENTED_EDGE('',*,*,#11611,.F.);
#11611 = EDGE_CURVE('',#11589,#11589,#11612,.T.);
#11612 = SURFACE_CURVE('',#11613,(#11618,#11625),.PCURVE_S1.);
#11613 = CIRCLE('',#11614,4.5);
#11614 = AXIS2_PLACEMENT_3D('',#11615,#11616,#11617);
#11615 = CARTESIAN_POINT('',(-119.,269.5,7.5));
#11616 = DIRECTION('',(0.,0.,1.));
#11617 = DIRECTION('',(1.,0.,-0.));
#11618 = PCURVE('',#5520,#11619);
#11619 = DEFINITIONAL_REPRESENTATION('',(#11620),#11624);
#11620 = LINE('',#11621,#11622);
#11621 = CARTESIAN_POINT('',(0.,5.));
#11622 = VECTOR('',#11623,1.);
#11623 = DIRECTION('',(1.,0.));
#11624 = ( GEOMETRIC_REPRESENTATION_CONTEXT(2) 
PARAMETRIC_REPRESENTATION_CONTEXT() REPRESENTATION_CONTEXT('2D SPACE',''
  ) );
#11625 = PCURVE('',#11626,#11631);
#11626 = PLANE('',#11627);
#11627 = AXIS2_PLACEMENT_3D('',#11628,#11629,#11630);
#11628 = CARTESIAN_POINT('',(-119.,269.5,7.5));
#11629 = DIRECTION('',(0.,0.,1.));
#11630 = DIRECTION('',(1.,0.,-0.));
#11631 = DEFINITIONAL_REPRESENTATION('',(#11632),#11636);
#11632 = CIRCLE('',#11633,4.5);
#11633 = AXIS2_PLACEMENT_2D('',#11634,#11635);
#11634 = CARTESIAN_POINT('',(0.,0.));
#11635 = DIRECTION('',(1.,0.));
#11636 = ( GEOMETRIC_REPRESENTATION_CONTEXT(2) 
PARAMETRIC_REPRESENTATION_CONTEXT() REPRESENTATION_CONTEXT('2D SPACE',''
  ) );
#11637 = ORIENTED_EDGE('',*,*,#11588,.F.);
#11638 = ORIENTED_EDGE('',*,*,#5499,.T.);
#11639 = ADVANCED_FACE('',(#11640),#5555,.T.);
#11640 = FACE_BOUND('',#11641,.T.);
#11641 = EDGE_LOOP('',(#11642,#11665,#11692,#11693));
#11642 = ORIENTED_EDGE('',*,*,#11643,.T.);
#11643 = EDGE_CURVE('',#5535,#11644,#11646,.T.);
#11644 = VERTEX_POINT('',#11645);
#11645 = CARTESIAN_POINT('',(-112.,288.5,7.5));
#11646 = SEAM_CURVE('',#11647,(#11651,#11658),.PCURVE_S1.);
#11647 = LINE('',#11648,#11649);
#11648 = CARTESIAN_POINT('',(-112.,288.5,2.5));
#11649 = VECTOR('',#11650,1.);
#11650 = DIRECTION('',(0.,0.,1.));
#11651 = PCURVE('',#5555,#11652);
#11652 = DEFINITIONAL_REPRESENTATION('',(#11653),#11657);
#11653 = LINE('',#11654,#11655);
#11654 = CARTESIAN_POINT('',(6.28318530718,-0.));
#11655 = VECTOR('',#11656,1.);
#11656 = DIRECTION('',(0.,1.));
#11657 = ( GEOMETRIC_REPRESENTATION_CONTEXT(2) 
PARAMETRIC_REPRESENTATION_CONTEXT() REPRESENTATION_CONTEXT('2D SPACE',''
  ) );
#11658 = PCURVE('',#5555,#11659);
#11659 = DEFINITIONAL_REPRESENTATION('',(#11660),#11664);
#11660 = LINE('',#11661,#11662);
#11661 = CARTESIAN_POINT('',(0.,-0.));
#11662 = VECTOR('',#11663,1.);
#11663 = DIRECTION('',(0.,1.));
#11664 = ( GEOMETRIC_REPRESENTATION_CONTEXT(2) 
PARAMETRIC_REPRESENTATION_CONTEXT() REPRESENTATION_CONTEXT('2D SPACE',''
  ) );
#11665 = ORIENTED_EDGE('',*,*,#11666,.F.);
#11666 = EDGE_CURVE('',#11644,#11644,#11667,.T.);
#11667 = SURFACE_CURVE('',#11668,(#11673,#11680),.PCURVE_S1.);
#11668 = CIRCLE('',#11669,4.5);
#11669 = AXIS2_PLACEMENT_3D('',#11670,#11671,#11672);
#11670 = CARTESIAN_POINT('',(-116.5,288.5,7.5));
#11671 = DIRECTION('',(0.,0.,1.));
#11672 = DIRECTION('',(1.,0.,-0.));
#11673 = PCURVE('',#5555,#11674);
#11674 = DEFINITIONAL_REPRESENTATION('',(#11675),#11679);
#11675 = LINE('',#11676,#11677);
#11676 = CARTESIAN_POINT('',(0.,5.));
#11677 = VECTOR('',#11678,1.);
#11678 = DIRECTION('',(1.,0.));
#11679 = ( GEOMETRIC_REPRESENTATION_CONTEXT(2) 
PARAMETRIC_REPRESENTATION_CONTEXT() REPRESENTATION_CONTEXT('2D SPACE',''
  ) );
#11680 = PCURVE('',#11681,#11686);
#11681 = PLANE('',#11682);
#11682 = AXIS2_PLACEMENT_3D('',#11683,#11684,#11685);
#11683 = CARTESIAN_POINT('',(-116.5,288.5,7.5));
#11684 = DIRECTION('',(0.,0.,1.));
#11685 = DIRECTION('',(1.,0.,-0.));
#11686 = DEFINITIONAL_REPRESENTATION('',(#11687),#11691);
#11687 = CIRCLE('',#11688,4.5);
#11688 = AXIS2_PLACEMENT_2D('',#11689,#11690);
#11689 = CARTESIAN_POINT('',(0.,0.));
#11690 = DIRECTION('',(1.,0.));
#11691 = ( GEOMETRIC_REPRESENTATION_CONTEXT(2) 
PARAMETRIC_REPRESENTATION_CONTEXT() REPRESENTATION_CONTEXT('2D SPACE',''
  ) );
#11692 = ORIENTED_EDGE('',*,*,#11643,.F.);
#11693 = ORIENTED_EDGE('',*,*,#5534,.T.);
#11694 = ADVANCED_FACE('',(#11695),#5590,.T.);
#11695 = FACE_BOUND('',#11696,.T.);
#11696 = EDGE_LOOP('',(#11697,#11720,#11747,#11748));
#11697 = ORIENTED_EDGE('',*,*,#11698,.T.);
#11698 = EDGE_CURVE('',#5570,#11699,#11701,.T.);
#11699 = VERTEX_POINT('',#11700);
#11700 = CARTESIAN_POINT('',(-112.,311.5,7.5));
#11701 = SEAM_CURVE('',#11702,(#11706,#11713),.PCURVE_S1.);
#11702 = LINE('',#11703,#11704);
#11703 = CARTESIAN_POINT('',(-112.,311.5,2.5));
#11704 = VECTOR('',#11705,1.);
#11705 = DIRECTION('',(0.,0.,1.));
#11706 = PCURVE('',#5590,#11707);
#11707 = DEFINITIONAL_REPRESENTATION('',(#11708),#11712);
#11708 = LINE('',#11709,#11710);
#11709 = CARTESIAN_POINT('',(6.28318530718,-0.));
#11710 = VECTOR('',#11711,1.);
#11711 = DIRECTION('',(0.,1.));
#11712 = ( GEOMETRIC_REPRESENTATION_CONTEXT(2) 
PARAMETRIC_REPRESENTATION_CONTEXT() REPRESENTATION_CONTEXT('2D SPACE',''
  ) );
#11713 = PCURVE('',#5590,#11714);
#11714 = DEFINITIONAL_REPRESENTATION('',(#11715),#11719);
#11715 = LINE('',#11716,#11717);
#11716 = CARTESIAN_POINT('',(0.,-0.));
#11717 = VECTOR('',#11718,1.);
#11718 = DIRECTION('',(0.,1.));
#11719 = ( GEOMETRIC_REPRESENTATION_CONTEXT(2) 
PARAMETRIC_REPRESENTATION_CONTEXT() REPRESENTATION_CONTEXT('2D SPACE',''
  ) );
#11720 = ORIENTED_EDGE('',*,*,#11721,.F.);
#11721 = EDGE_CURVE('',#11699,#11699,#11722,.T.);
#11722 = SURFACE_CURVE('',#11723,(#11728,#11735),.PCURVE_S1.);
#11723 = CIRCLE('',#11724,4.5);
#11724 = AXIS2_PLACEMENT_3D('',#11725,#11726,#11727);
#11725 = CARTESIAN_POINT('',(-116.5,311.5,7.5));
#11726 = DIRECTION('',(0.,0.,1.));
#11727 = DIRECTION('',(1.,0.,-0.));
#11728 = PCURVE('',#5590,#11729);
#11729 = DEFINITIONAL_REPRESENTATION('',(#11730),#11734);
#11730 = LINE('',#11731,#11732);
#11731 = CARTESIAN_POINT('',(0.,5.));
#11732 = VECTOR('',#11733,1.);
#11733 = DIRECTION('',(1.,0.));
#11734 = ( GEOMETRIC_REPRESENTATION_CONTEXT(2) 
PARAMETRIC_REPRESENTATION_CONTEXT() REPRESENTATION_CONTEXT('2D SPACE',''
  ) );
#11735 = PCURVE('',#11736,#11741);
#11736 = PLANE('',#11737);
#11737 = AXIS2_PLACEMENT_3D('',#11738,#11739,#11740);
#11738 = CARTESIAN_POINT('',(-116.5,311.5,7.5));
#11739 = DIRECTION('',(0.,0.,1.));
#11740 = DIRECTION('',(1.,0.,-0.));
#11741 = DEFINITIONAL_REPRESENTATION('',(#11742),#11746);
#11742 = CIRCLE('',#11743,4.5);
#11743 = AXIS2_PLACEMENT_2D('',#11744,#11745);
#11744 = CARTESIAN_POINT('',(0.,0.));
#11745 = DIRECTION('',(1.,0.));
#11746 = ( GEOMETRIC_REPRESENTATION_CONTEXT(2) 
PARAMETRIC_REPRESENTATION_CONTEXT() REPRESENTATION_CONTEXT('2D SPACE',''
  ) );
#11747 = ORIENTED_EDGE('',*,*,#11698,.F.);
#11748 = ORIENTED_EDGE('',*,*,#5569,.T.);
#11749 = ADVANCED_FACE('',(#11750),#5625,.T.);
#11750 = FACE_BOUND('',#11751,.T.);
#11751 = EDGE_LOOP('',(#11752,#11775,#11802,#11803));
#11752 = ORIENTED_EDGE('',*,*,#11753,.T.);
#11753 = EDGE_CURVE('',#5605,#11754,#11756,.T.);
#11754 = VERTEX_POINT('',#11755);
#11755 = CARTESIAN_POINT('',(-76.5,254.5,7.5));
#11756 = SEAM_CURVE('',#11757,(#11761,#11768),.PCURVE_S1.);
#11757 = LINE('',#11758,#11759);
#11758 = CARTESIAN_POINT('',(-76.5,254.5,2.5));
#11759 = VECTOR('',#11760,1.);
#11760 = DIRECTION('',(0.,0.,1.));
#11761 = PCURVE('',#5625,#11762);
#11762 = DEFINITIONAL_REPRESENTATION('',(#11763),#11767);
#11763 = LINE('',#11764,#11765);
#11764 = CARTESIAN_POINT('',(6.28318530718,-0.));
#11765 = VECTOR('',#11766,1.);
#11766 = DIRECTION('',(0.,1.));
#11767 = ( GEOMETRIC_REPRESENTATION_CONTEXT(2) 
PARAMETRIC_REPRESENTATION_CONTEXT() REPRESENTATION_CONTEXT('2D SPACE',''
  ) );
#11768 = PCURVE('',#5625,#11769);
#11769 = DEFINITIONAL_REPRESENTATION('',(#11770),#11774);
#11770 = LINE('',#11771,#11772);
#11771 = CARTESIAN_POINT('',(0.,-0.));
#11772 = VECTOR('',#11773,1.);
#11773 = DIRECTION('',(0.,1.));
#11774 = ( GEOMETRIC_REPRESENTATION_CONTEXT(2) 
PARAMETRIC_REPRESENTATION_CONTEXT() REPRESENTATION_CONTEXT('2D SPACE',''
  ) );
#11775 = ORIENTED_EDGE('',*,*,#11776,.F.);
#11776 = EDGE_CURVE('',#11754,#11754,#11777,.T.);
#11777 = SURFACE_CURVE('',#11778,(#11783,#11790),.PCURVE_S1.);
#11778 = CIRCLE('',#11779,4.5);
#11779 = AXIS2_PLACEMENT_3D('',#11780,#11781,#11782);
#11780 = CARTESIAN_POINT('',(-81.,254.5,7.5));
#11781 = DIRECTION('',(0.,0.,1.));
#11782 = DIRECTION('',(1.,0.,-0.));
#11783 = PCURVE('',#5625,#11784);
#11784 = DEFINITIONAL_REPRESENTATION('',(#11785),#11789);
#11785 = LINE('',#11786,#11787);
#11786 = CARTESIAN_POINT('',(0.,5.));
#11787 = VECTOR('',#11788,1.);
#11788 = DIRECTION('',(1.,0.));
#11789 = ( GEOMETRIC_REPRESENTATION_CONTEXT(2) 
PARAMETRIC_REPRESENTATION_CONTEXT() REPRESENTATION_CONTEXT('2D SPACE',''
  ) );
#11790 = PCURVE('',#11791,#11796);
#11791 = PLANE('',#11792);
#11792 = AXIS2_PLACEMENT_3D('',#11793,#11794,#11795);
#11793 = CARTESIAN_POINT('',(-81.,254.5,7.5));
#11794 = DIRECTION('',(0.,0.,1.));
#11795 = DIRECTION('',(1.,0.,-0.));
#11796 = DEFINITIONAL_REPRESENTATION('',(#11797),#11801);
#11797 = CIRCLE('',#11798,4.5);
#11798 = AXIS2_PLACEMENT_2D('',#11799,#11800);
#11799 = CARTESIAN_POINT('',(0.,0.));
#11800 = DIRECTION('',(1.,0.));
#11801 = ( GEOMETRIC_REPRESENTATION_CONTEXT(2) 
PARAMETRIC_REPRESENTATION_CONTEXT() REPRESENTATION_CONTEXT('2D SPACE',''
  ) );
#11802 = ORIENTED_EDGE('',*,*,#11753,.F.);
#11803 = ORIENTED_EDGE('',*,*,#5604,.T.);
#11804 = ADVANCED_FACE('',(#11805),#5660,.T.);
#11805 = FACE_BOUND('',#11806,.T.);
#11806 = EDGE_LOOP('',(#11807,#11830,#11857,#11858));
#11807 = ORIENTED_EDGE('',*,*,#11808,.T.);
#11808 = EDGE_CURVE('',#5640,#11809,#11811,.T.);
#11809 = VERTEX_POINT('',#11810);
#11810 = CARTESIAN_POINT('',(-76.5,269.5,7.5));
#11811 = SEAM_CURVE('',#11812,(#11816,#11823),.PCURVE_S1.);
#11812 = LINE('',#11813,#11814);
#11813 = CARTESIAN_POINT('',(-76.5,269.5,2.5));
#11814 = VECTOR('',#11815,1.);
#11815 = DIRECTION('',(0.,0.,1.));
#11816 = PCURVE('',#5660,#11817);
#11817 = DEFINITIONAL_REPRESENTATION('',(#11818),#11822);
#11818 = LINE('',#11819,#11820);
#11819 = CARTESIAN_POINT('',(6.28318530718,-0.));
#11820 = VECTOR('',#11821,1.);
#11821 = DIRECTION('',(0.,1.));
#11822 = ( GEOMETRIC_REPRESENTATION_CONTEXT(2) 
PARAMETRIC_REPRESENTATION_CONTEXT() REPRESENTATION_CONTEXT('2D SPACE',''
  ) );
#11823 = PCURVE('',#5660,#11824);
#11824 = DEFINITIONAL_REPRESENTATION('',(#11825),#11829);
#11825 = LINE('',#11826,#11827);
#11826 = CARTESIAN_POINT('',(0.,-0.));
#11827 = VECTOR('',#11828,1.);
#11828 = DIRECTION('',(0.,1.));
#11829 = ( GEOMETRIC_REPRESENTATION_CONTEXT(2) 
PARAMETRIC_REPRESENTATION_CONTEXT() REPRESENTATION_CONTEXT('2D SPACE',''
  ) );
#11830 = ORIENTED_EDGE('',*,*,#11831,.F.);
#11831 = EDGE_CURVE('',#11809,#11809,#11832,.T.);
#11832 = SURFACE_CURVE('',#11833,(#11838,#11845),.PCURVE_S1.);
#11833 = CIRCLE('',#11834,4.5);
#11834 = AXIS2_PLACEMENT_3D('',#11835,#11836,#11837);
#11835 = CARTESIAN_POINT('',(-81.,269.5,7.5));
#11836 = DIRECTION('',(0.,0.,1.));
#11837 = DIRECTION('',(1.,0.,-0.));
#11838 = PCURVE('',#5660,#11839);
#11839 = DEFINITIONAL_REPRESENTATION('',(#11840),#11844);
#11840 = LINE('',#11841,#11842);
#11841 = CARTESIAN_POINT('',(0.,5.));
#11842 = VECTOR('',#11843,1.);
#11843 = DIRECTION('',(1.,0.));
#11844 = ( GEOMETRIC_REPRESENTATION_CONTEXT(2) 
PARAMETRIC_REPRESENTATION_CONTEXT() REPRESENTATION_CONTEXT('2D SPACE',''
  ) );
#11845 = PCURVE('',#11846,#11851);
#11846 = PLANE('',#11847);
#11847 = AXIS2_PLACEMENT_3D('',#11848,#11849,#11850);
#11848 = CARTESIAN_POINT('',(-81.,269.5,7.5));
#11849 = DIRECTION('',(0.,0.,1.));
#11850 = DIRECTION('',(1.,0.,-0.));
#11851 = DEFINITIONAL_REPRESENTATION('',(#11852),#11856);
#11852 = CIRCLE('',#11853,4.5);
#11853 = AXIS2_PLACEMENT_2D('',#11854,#11855);
#11854 = CARTESIAN_POINT('',(0.,0.));
#11855 = DIRECTION('',(1.,0.));
#11856 = ( GEOMETRIC_REPRESENTATION_CONTEXT(2) 
PARAMETRIC_REPRESENTATION_CONTEXT() REPRESENTATION_CONTEXT('2D SPACE',''
  ) );
#11857 = ORIENTED_EDGE('',*,*,#11808,.F.);
#11858 = ORIENTED_EDGE('',*,*,#5639,.T.);
#11859 = ADVANCED_FACE('',(#11860),#5695,.T.);
#11860 = FACE_BOUND('',#11861,.T.);
#11861 = EDGE_LOOP('',(#11862,#11885,#11912,#11913));
#11862 = ORIENTED_EDGE('',*,*,#11863,.T.);
#11863 = EDGE_CURVE('',#5675,#11864,#11866,.T.);
#11864 = VERTEX_POINT('',#11865);
#11865 = CARTESIAN_POINT('',(-79.,288.5,7.5));
#11866 = SEAM_CURVE('',#11867,(#11871,#11878),.PCURVE_S1.);
#11867 = LINE('',#11868,#11869);
#11868 = CARTESIAN_POINT('',(-79.,288.5,2.5));
#11869 = VECTOR('',#11870,1.);
#11870 = DIRECTION('',(0.,0.,1.));
#11871 = PCURVE('',#5695,#11872);
#11872 = DEFINITIONAL_REPRESENTATION('',(#11873),#11877);
#11873 = LINE('',#11874,#11875);
#11874 = CARTESIAN_POINT('',(6.28318530718,-0.));
#11875 = VECTOR('',#11876,1.);
#11876 = DIRECTION('',(0.,1.));
#11877 = ( GEOMETRIC_REPRESENTATION_CONTEXT(2) 
PARAMETRIC_REPRESENTATION_CONTEXT() REPRESENTATION_CONTEXT('2D SPACE',''
  ) );
#11878 = PCURVE('',#5695,#11879);
#11879 = DEFINITIONAL_REPRESENTATION('',(#11880),#11884);
#11880 = LINE('',#11881,#11882);
#11881 = CARTESIAN_POINT('',(0.,-0.));
#11882 = VECTOR('',#11883,1.);
#11883 = DIRECTION('',(0.,1.));
#11884 = ( GEOMETRIC_REPRESENTATION_CONTEXT(2) 
PARAMETRIC_REPRESENTATION_CONTEXT() REPRESENTATION_CONTEXT('2D SPACE',''
  ) );
#11885 = ORIENTED_EDGE('',*,*,#11886,.F.);
#11886 = EDGE_CURVE('',#11864,#11864,#11887,.T.);
#11887 = SURFACE_CURVE('',#11888,(#11893,#11900),.PCURVE_S1.);
#11888 = CIRCLE('',#11889,4.5);
#11889 = AXIS2_PLACEMENT_3D('',#11890,#11891,#11892);
#11890 = CARTESIAN_POINT('',(-83.5,288.5,7.5));
#11891 = DIRECTION('',(0.,0.,1.));
#11892 = DIRECTION('',(1.,0.,-0.));
#11893 = PCURVE('',#5695,#11894);
#11894 = DEFINITIONAL_REPRESENTATION('',(#11895),#11899);
#11895 = LINE('',#11896,#11897);
#11896 = CARTESIAN_POINT('',(0.,5.));
#11897 = VECTOR('',#11898,1.);
#11898 = DIRECTION('',(1.,0.));
#11899 = ( GEOMETRIC_REPRESENTATION_CONTEXT(2) 
PARAMETRIC_REPRESENTATION_CONTEXT() REPRESENTATION_CONTEXT('2D SPACE',''
  ) );
#11900 = PCURVE('',#11901,#11906);
#11901 = PLANE('',#11902);
#11902 = AXIS2_PLACEMENT_3D('',#11903,#11904,#11905);
#11903 = CARTESIAN_POINT('',(-83.5,288.5,7.5));
#11904 = DIRECTION('',(0.,0.,1.));
#11905 = DIRECTION('',(1.,0.,-0.));
#11906 = DEFINITIONAL_REPRESENTATION('',(#11907),#11911);
#11907 = CIRCLE('',#11908,4.5);
#11908 = AXIS2_PLACEMENT_2D('',#11909,#11910);
#11909 = CARTESIAN_POINT('',(0.,0.));
#11910 = DIRECTION('',(1.,0.));
#11911 = ( GEOMETRIC_REPRESENTATION_CONTEXT(2) 
PARAMETRIC_REPRESENTATION_CONTEXT() REPRESENTATION_CONTEXT('2D SPACE',''
  ) );
#11912 = ORIENTED_EDGE('',*,*,#11863,.F.);
#11913 = ORIENTED_EDGE('',*,*,#5674,.T.);
#11914 = ADVANCED_FACE('',(#11915),#5730,.T.);
#11915 = FACE_BOUND('',#11916,.T.);
#11916 = EDGE_LOOP('',(#11917,#11940,#11967,#11968));
#11917 = ORIENTED_EDGE('',*,*,#11918,.T.);
#11918 = EDGE_CURVE('',#5710,#11919,#11921,.T.);
#11919 = VERTEX_POINT('',#11920);
#11920 = CARTESIAN_POINT('',(-79.,311.5,7.5));
#11921 = SEAM_CURVE('',#11922,(#11926,#11933),.PCURVE_S1.);
#11922 = LINE('',#11923,#11924);
#11923 = CARTESIAN_POINT('',(-79.,311.5,2.5));
#11924 = VECTOR('',#11925,1.);
#11925 = DIRECTION('',(0.,0.,1.));
#11926 = PCURVE('',#5730,#11927);
#11927 = DEFINITIONAL_REPRESENTATION('',(#11928),#11932);
#11928 = LINE('',#11929,#11930);
#11929 = CARTESIAN_POINT('',(6.28318530718,-0.));
#11930 = VECTOR('',#11931,1.);
#11931 = DIRECTION('',(0.,1.));
#11932 = ( GEOMETRIC_REPRESENTATION_CONTEXT(2) 
PARAMETRIC_REPRESENTATION_CONTEXT() REPRESENTATION_CONTEXT('2D SPACE',''
  ) );
#11933 = PCURVE('',#5730,#11934);
#11934 = DEFINITIONAL_REPRESENTATION('',(#11935),#11939);
#11935 = LINE('',#11936,#11937);
#11936 = CARTESIAN_POINT('',(0.,-0.));
#11937 = VECTOR('',#11938,1.);
#11938 = DIRECTION('',(0.,1.));
#11939 = ( GEOMETRIC_REPRESENTATION_CONTEXT(2) 
PARAMETRIC_REPRESENTATION_CONTEXT() REPRESENTATION_CONTEXT('2D SPACE',''
  ) );
#11940 = ORIENTED_EDGE('',*,*,#11941,.F.);
#11941 = EDGE_CURVE('',#11919,#11919,#11942,.T.);
#11942 = SURFACE_CURVE('',#11943,(#11948,#11955),.PCURVE_S1.);
#11943 = CIRCLE('',#11944,4.5);
#11944 = AXIS2_PLACEMENT_3D('',#11945,#11946,#11947);
#11945 = CARTESIAN_POINT('',(-83.5,311.5,7.5));
#11946 = DIRECTION('',(0.,0.,1.));
#11947 = DIRECTION('',(1.,0.,-0.));
#11948 = PCURVE('',#5730,#11949);
#11949 = DEFINITIONAL_REPRESENTATION('',(#11950),#11954);
#11950 = LINE('',#11951,#11952);
#11951 = CARTESIAN_POINT('',(0.,5.));
#11952 = VECTOR('',#11953,1.);
#11953 = DIRECTION('',(1.,0.));
#11954 = ( GEOMETRIC_REPRESENTATION_CONTEXT(2) 
PARAMETRIC_REPRESENTATION_CONTEXT() REPRESENTATION_CONTEXT('2D SPACE',''
  ) );
#11955 = PCURVE('',#11956,#11961);
#11956 = PLANE('',#11957);
#11957 = AXIS2_PLACEMENT_3D('',#11958,#11959,#11960);
#11958 = CARTESIAN_POINT('',(-83.5,311.5,7.5));
#11959 = DIRECTION('',(0.,0.,1.));
#11960 = DIRECTION('',(1.,0.,-0.));
#11961 = DEFINITIONAL_REPRESENTATION('',(#11962),#11966);
#11962 = CIRCLE('',#11963,4.5);
#11963 = AXIS2_PLACEMENT_2D('',#11964,#11965);
#11964 = CARTESIAN_POINT('',(0.,0.));
#11965 = DIRECTION('',(1.,0.));
#11966 = ( GEOMETRIC_REPRESENTATION_CONTEXT(2) 
PARAMETRIC_REPRESENTATION_CONTEXT() REPRESENTATION_CONTEXT('2D SPACE',''
  ) );
#11967 = ORIENTED_EDGE('',*,*,#11918,.F.);
#11968 = ORIENTED_EDGE('',*,*,#5709,.T.);
#11969 = ADVANCED_FACE('',(#11970),#6576,.F.);
#11970 = FACE_BOUND('',#11971,.F.);
#11971 = EDGE_LOOP('',(#11972,#11973,#11974,#11975,#11976,#11977));
#11972 = ORIENTED_EDGE('',*,*,#8785,.F.);
#11973 = ORIENTED_EDGE('',*,*,#8737,.F.);
#11974 = ORIENTED_EDGE('',*,*,#8687,.T.);
#11975 = ORIENTED_EDGE('',*,*,#6655,.F.);
#11976 = ORIENTED_EDGE('',*,*,#9748,.F.);
#11977 = ORIENTED_EDGE('',*,*,#6561,.F.);
#11978 = ADVANCED_FACE('',(#11979),#6623,.T.);
#11979 = FACE_BOUND('',#11980,.T.);
#11980 = EDGE_LOOP('',(#11981,#11982,#11983));
#11981 = ORIENTED_EDGE('',*,*,#9771,.T.);
#11982 = ORIENTED_EDGE('',*,*,#9725,.T.);
#11983 = ORIENTED_EDGE('',*,*,#6608,.T.);
#11984 = ADVANCED_FACE('',(#11985),#6508,.F.);
#11985 = FACE_BOUND('',#11986,.F.);
#11986 = EDGE_LOOP('',(#11987,#12011,#12033,#12034));
#11987 = ORIENTED_EDGE('',*,*,#11988,.F.);
#11988 = EDGE_CURVE('',#11989,#6466,#11991,.T.);
#11989 = VERTEX_POINT('',#11990);
#11990 = CARTESIAN_POINT('',(158.,337.,100.84203173517));
#11991 = SURFACE_CURVE('',#11992,(#11997,#12004),.PCURVE_S1.);
#11992 = CIRCLE('',#11993,9.);
#11993 = AXIS2_PLACEMENT_3D('',#11994,#11995,#11996);
#11994 = CARTESIAN_POINT('',(158.,328.,100.84203173517));
#11995 = DIRECTION('',(0.,0.,-1.));
#11996 = DIRECTION('',(0.,1.,0.));
#11997 = PCURVE('',#6508,#11998);
#11998 = DEFINITIONAL_REPRESENTATION('',(#11999),#12003);
#11999 = LINE('',#12000,#12001);
#12000 = CARTESIAN_POINT('',(0.,0.));
#12001 = VECTOR('',#12002,1.);
#12002 = DIRECTION('',(0.,1.));
#12003 = ( GEOMETRIC_REPRESENTATION_CONTEXT(2) 
PARAMETRIC_REPRESENTATION_CONTEXT() REPRESENTATION_CONTEXT('2D SPACE',''
  ) );
#12004 = PCURVE('',#6480,#12005);
#12005 = DEFINITIONAL_REPRESENTATION('',(#12006),#12010);
#12006 = LINE('',#12007,#12008);
#12007 = CARTESIAN_POINT('',(-0.,93.842031735176));
#12008 = VECTOR('',#12009,1.);
#12009 = DIRECTION('',(-1.,0.));
#12010 = ( GEOMETRIC_REPRESENTATION_CONTEXT(2) 
PARAMETRIC_REPRESENTATION_CONTEXT() REPRESENTATION_CONTEXT('2D SPACE',''
  ) );
#12011 = ORIENTED_EDGE('',*,*,#12012,.T.);
#12012 = EDGE_CURVE('',#11989,#8813,#12013,.T.);
#12013 = SURFACE_CURVE('',#12014,(#12019,#12026),.PCURVE_S1.);
#12014 = CIRCLE('',#12015,22.);
#12015 = AXIS2_PLACEMENT_3D('',#12016,#12017,#12018);
#12016 = CARTESIAN_POINT('',(158.,315.,100.84203173517));
#12017 = DIRECTION('',(1.,0.,0.));
#12018 = DIRECTION('',(0.,1.,0.));
#12019 = PCURVE('',#6508,#12020);
#12020 = DEFINITIONAL_REPRESENTATION('',(#12021),#12025);
#12021 = LINE('',#12022,#12023);
#12022 = CARTESIAN_POINT('',(0.,0.));
#12023 = VECTOR('',#12024,1.);
#12024 = DIRECTION('',(1.,0.));
#12025 = ( GEOMETRIC_REPRESENTATION_CONTEXT(2) 
PARAMETRIC_REPRESENTATION_CONTEXT() REPRESENTATION_CONTEXT('2D SPACE',''
  ) );
#12026 = PCURVE('',#8878,#12027);
#12027 = DEFINITIONAL_REPRESENTATION('',(#12028),#12032);
#12028 = LINE('',#12029,#12030);
#12029 = CARTESIAN_POINT('',(0.,158.));
#12030 = VECTOR('',#12031,1.);
#12031 = DIRECTION('',(1.,0.));
#12032 = ( GEOMETRIC_REPRESENTATION_CONTEXT(2) 
PARAMETRIC_REPRESENTATION_CONTEXT() REPRESENTATION_CONTEXT('2D SPACE',''
  ) );
#12033 = ORIENTED_EDGE('',*,*,#8835,.T.);
#12034 = ORIENTED_EDGE('',*,*,#6491,.F.);
#12035 = ADVANCED_FACE('',(#12036),#6480,.F.);
#12036 = FACE_BOUND('',#12037,.T.);
#12037 = EDGE_LOOP('',(#12038,#12059,#12094,#12095));
#12038 = ORIENTED_EDGE('',*,*,#12039,.F.);
#12039 = EDGE_CURVE('',#10905,#11989,#12040,.T.);
#12040 = SURFACE_CURVE('',#12041,(#12045,#12052),.PCURVE_S1.);
#12041 = LINE('',#12042,#12043);
#12042 = CARTESIAN_POINT('',(158.,337.,6.999999999997));
#12043 = VECTOR('',#12044,1.);
#12044 = DIRECTION('',(0.,0.,1.));
#12045 = PCURVE('',#6480,#12046);
#12046 = DEFINITIONAL_REPRESENTATION('',(#12047),#12051);
#12047 = LINE('',#12048,#12049);
#12048 = CARTESIAN_POINT('',(-0.,0.));
#12049 = VECTOR('',#12050,1.);
#12050 = DIRECTION('',(-0.,1.));
#12051 = ( GEOMETRIC_REPRESENTATION_CONTEXT(2) 
PARAMETRIC_REPRESENTATION_CONTEXT() REPRESENTATION_CONTEXT('2D SPACE',''
  ) );
#12052 = PCURVE('',#9965,#12053);
#12053 = DEFINITIONAL_REPRESENTATION('',(#12054),#12058);
#12054 = LINE('',#12055,#12056);
#12055 = CARTESIAN_POINT('',(-1.7763568394E-15,158.));
#12056 = VECTOR('',#12057,1.);
#12057 = DIRECTION('',(1.,0.));
#12058 = ( GEOMETRIC_REPRESENTATION_CONTEXT(2) 
PARAMETRIC_REPRESENTATION_CONTEXT() REPRESENTATION_CONTEXT('2D SPACE',''
  ) );
#12059 = ORIENTED_EDGE('',*,*,#12060,.T.);
#12060 = EDGE_CURVE('',#10905,#6081,#12061,.T.);
#12061 = SURFACE_CURVE('',#12062,(#12070,#12082),.PCURVE_S1.);
#12062 = B_SPLINE_CURVE_WITH_KNOTS('',6,(#12063,#12064,#12065,#12066,
    #12067,#12068,#12069),.UNSPECIFIED.,.F.,.F.,(7,7),(0.,1.),
  .PIECEWISE_BEZIER_KNOTS.);
#12063 = CARTESIAN_POINT('',(158.,337.,6.999999999997));
#12064 = CARTESIAN_POINT('',(160.35619449019,337.,7.833333333331));
#12065 = CARTESIAN_POINT('',(162.71216911611,336.25992551946,
    8.6666674742));
#12066 = CARTESIAN_POINT('',(164.77875206095,334.77875206095,
    9.499999999999));
#12067 = CARTESIAN_POINT('',(166.25992551946,332.71216911611,
    10.333332525797));
#12068 = CARTESIAN_POINT('',(167.,330.35619449019,11.166666666666));
#12069 = CARTESIAN_POINT('',(167.,328.,12.));
#12070 = PCURVE('',#6480,#12071);
#12071 = DEFINITIONAL_REPRESENTATION('',(#12072),#12081);
#12072 = B_SPLINE_CURVE_WITH_KNOTS('',7,(#12073,#12074,#12075,#12076,
    #12077,#12078,#12079,#12080),.UNSPECIFIED.,.F.,.F.,(8,8),(0.,1.),
  .PIECEWISE_BEZIER_KNOTS.);
#12073 = CARTESIAN_POINT('',(1.110223024625E-16,2.273736754432E-13));
#12074 = CARTESIAN_POINT('',(-0.224399475256,0.714285714286));
#12075 = CARTESIAN_POINT('',(-0.448781374537,1.428515482505));
#12076 = CARTESIAN_POINT('',(-0.673243282604,2.142999926598));
#12077 = CARTESIAN_POINT('',(-0.897553044191,2.857000073405));
#12078 = CARTESIAN_POINT('',(-1.122014952258,3.571484517498));
#12079 = CARTESIAN_POINT('',(-1.346396851538,4.285714285717));
#12080 = CARTESIAN_POINT('',(-1.570796326795,5.000000000003));
#12081 = ( GEOMETRIC_REPRESENTATION_CONTEXT(2) 
PARAMETRIC_REPRESENTATION_CONTEXT() REPRESENTATION_CONTEXT('2D SPACE',''
  ) );
#12082 = PCURVE('',#6276,#12083);
#12083 = DEFINITIONAL_REPRESENTATION('',(#12084),#12093);
#12084 = B_SPLINE_CURVE_WITH_KNOTS('',7,(#12085,#12086,#12087,#12088,
    #12089,#12090,#12091,#12092),.UNSPECIFIED.,.F.,.F.,(8,8),(0.,1.),
  .PIECEWISE_BEZIER_KNOTS.);
#12085 = CARTESIAN_POINT('',(1.,-1.110223024625E-16));
#12086 = CARTESIAN_POINT('',(1.,0.142857142857));
#12087 = CARTESIAN_POINT('',(1.,0.285703096506));
#12088 = CARTESIAN_POINT('',(1.,0.428599985306));
#12089 = CARTESIAN_POINT('',(1.,0.571400014694));
#12090 = CARTESIAN_POINT('',(1.,0.714296903494));
#12091 = CARTESIAN_POINT('',(1.,0.857142857143));
#12092 = CARTESIAN_POINT('',(1.,1.));
#12093 = ( GEOMETRIC_REPRESENTATION_CONTEXT(2) 
PARAMETRIC_REPRESENTATION_CONTEXT() REPRESENTATION_CONTEXT('2D SPACE',''
  ) );
#12094 = ORIENTED_EDGE('',*,*,#6465,.T.);
#12095 = ORIENTED_EDGE('',*,*,#11988,.F.);
#12096 = ADVANCED_FACE('',(#12097),#6276,.F.);
#12097 = FACE_BOUND('',#12098,.F.);
#12098 = EDGE_LOOP('',(#12099,#12100,#12101,#12102));
#12099 = ORIENTED_EDGE('',*,*,#7250,.F.);
#12100 = ORIENTED_EDGE('',*,*,#10927,.T.);
#12101 = ORIENTED_EDGE('',*,*,#12060,.T.);
#12102 = ORIENTED_EDGE('',*,*,#6080,.T.);
#12103 = ADVANCED_FACE('',(#12104),#5939,.T.);
#12104 = FACE_BOUND('',#12105,.T.);
#12105 = EDGE_LOOP('',(#12106,#12107,#12108,#12109,#12110,#12111));
#12106 = ORIENTED_EDGE('',*,*,#7171,.F.);
#12107 = ORIENTED_EDGE('',*,*,#7119,.T.);
#12108 = ORIENTED_EDGE('',*,*,#6997,.T.);
#12109 = ORIENTED_EDGE('',*,*,#5924,.F.);
#12110 = ORIENTED_EDGE('',*,*,#7960,.T.);
#12111 = ORIENTED_EDGE('',*,*,#6018,.F.);
#12112 = ADVANCED_FACE('',(#12113),#5986,.T.);
#12113 = FACE_BOUND('',#12114,.T.);
#12114 = EDGE_LOOP('',(#12115,#12116,#12117));
#12115 = ORIENTED_EDGE('',*,*,#7987,.T.);
#12116 = ORIENTED_EDGE('',*,*,#7937,.T.);
#12117 = ORIENTED_EDGE('',*,*,#5971,.T.);
#12118 = ADVANCED_FACE('',(#12119),#5783,.T.);
#12119 = FACE_BOUND('',#12120,.T.);
#12120 = EDGE_LOOP('',(#12121,#12122,#12123,#12124,#12125,#12126));
#12121 = ORIENTED_EDGE('',*,*,#6921,.F.);
#12122 = ORIENTED_EDGE('',*,*,#6869,.T.);
#12123 = ORIENTED_EDGE('',*,*,#6747,.T.);
#12124 = ORIENTED_EDGE('',*,*,#5768,.F.);
#12125 = ORIENTED_EDGE('',*,*,#8060,.T.);
#12126 = ORIENTED_EDGE('',*,*,#5862,.F.);
#12127 = ADVANCED_FACE('',(#12128),#5830,.T.);
#12128 = FACE_BOUND('',#12129,.T.);
#12129 = EDGE_LOOP('',(#12130,#12131,#12132));
#12130 = ORIENTED_EDGE('',*,*,#8087,.T.);
#12131 = ORIENTED_EDGE('',*,*,#8037,.T.);
#12132 = ORIENTED_EDGE('',*,*,#5815,.T.);
#12133 = ADVANCED_FACE('',(#12134),#8198,.T.);
#12134 = FACE_BOUND('',#12135,.T.);
#12135 = EDGE_LOOP('',(#12136,#12159,#12160,#12161));
#12136 = ORIENTED_EDGE('',*,*,#12137,.F.);
#12137 = EDGE_CURVE('',#8162,#12138,#12140,.T.);
#12138 = VERTEX_POINT('',#12139);
#12139 = CARTESIAN_POINT('',(-165.2,340.,100.84203173517));
#12140 = SURFACE_CURVE('',#12141,(#12145,#12152),.PCURVE_S1.);
#12141 = LINE('',#12142,#12143);
#12142 = CARTESIAN_POINT('',(-170.,340.,100.84203173517));
#12143 = VECTOR('',#12144,1.);
#12144 = DIRECTION('',(1.,0.,0.));
#12145 = PCURVE('',#8198,#12146);
#12146 = DEFINITIONAL_REPRESENTATION('',(#12147),#12151);
#12147 = LINE('',#12148,#12149);
#12148 = CARTESIAN_POINT('',(0.,-4.));
#12149 = VECTOR('',#12150,1.);
#12150 = DIRECTION('',(-0.,1.));
#12151 = ( GEOMETRIC_REPRESENTATION_CONTEXT(2) 
PARAMETRIC_REPRESENTATION_CONTEXT() REPRESENTATION_CONTEXT('2D SPACE',''
  ) );
#12152 = PCURVE('',#8253,#12153);
#12153 = DEFINITIONAL_REPRESENTATION('',(#12154),#12158);
#12154 = LINE('',#12155,#12156);
#12155 = CARTESIAN_POINT('',(93.842031735176,-4.));
#12156 = VECTOR('',#12157,1.);
#12157 = DIRECTION('',(0.,1.));
#12158 = ( GEOMETRIC_REPRESENTATION_CONTEXT(2) 
PARAMETRIC_REPRESENTATION_CONTEXT() REPRESENTATION_CONTEXT('2D SPACE',''
  ) );
#12159 = ORIENTED_EDGE('',*,*,#8183,.T.);
#12160 = ORIENTED_EDGE('',*,*,#8296,.T.);
#12161 = ORIENTED_EDGE('',*,*,#12162,.F.);
#12162 = EDGE_CURVE('',#12138,#8297,#12163,.T.);
#12163 = SURFACE_CURVE('',#12164,(#12169,#12176),.PCURVE_S1.);
#12164 = CIRCLE('',#12165,25.);
#12165 = AXIS2_PLACEMENT_3D('',#12166,#12167,#12168);
#12166 = CARTESIAN_POINT('',(-165.2,315.,100.84203173517));
#12167 = DIRECTION('',(1.,0.,0.));
#12168 = DIRECTION('',(-0.,1.,0.));
#12169 = PCURVE('',#8198,#12170);
#12170 = DEFINITIONAL_REPRESENTATION('',(#12171),#12175);
#12171 = LINE('',#12172,#12173);
#12172 = CARTESIAN_POINT('',(0.,0.8));
#12173 = VECTOR('',#12174,1.);
#12174 = DIRECTION('',(1.,0.));
#12175 = ( GEOMETRIC_REPRESENTATION_CONTEXT(2) 
PARAMETRIC_REPRESENTATION_CONTEXT() REPRESENTATION_CONTEXT('2D SPACE',''
  ) );
#12176 = PCURVE('',#8362,#12177);
#12177 = DEFINITIONAL_REPRESENTATION('',(#12178),#12182);
#12178 = LINE('',#12179,#12180);
#12179 = CARTESIAN_POINT('',(0.,0.));
#12180 = VECTOR('',#12181,1.);
#12181 = DIRECTION('',(1.,0.));
#12182 = ( GEOMETRIC_REPRESENTATION_CONTEXT(2) 
PARAMETRIC_REPRESENTATION_CONTEXT() REPRESENTATION_CONTEXT('2D SPACE',''
  ) );
#12183 = ADVANCED_FACE('',(#12184),#8253,.T.);
#12184 = FACE_BOUND('',#12185,.T.);
#12185 = EDGE_LOOP('',(#12186,#12187,#12188,#12189));
#12186 = ORIENTED_EDGE('',*,*,#10045,.F.);
#12187 = ORIENTED_EDGE('',*,*,#8239,.T.);
#12188 = ORIENTED_EDGE('',*,*,#12137,.T.);
#12189 = ORIENTED_EDGE('',*,*,#12190,.F.);
#12190 = EDGE_CURVE('',#10046,#12138,#12191,.T.);
#12191 = SURFACE_CURVE('',#12192,(#12196,#12203),.PCURVE_S1.);
#12192 = LINE('',#12193,#12194);
#12193 = CARTESIAN_POINT('',(-165.2,340.,6.999999999997));
#12194 = VECTOR('',#12195,1.);
#12195 = DIRECTION('',(0.,0.,1.));
#12196 = PCURVE('',#8253,#12197);
#12197 = DEFINITIONAL_REPRESENTATION('',(#12198),#12202);
#12198 = LINE('',#12199,#12200);
#12199 = CARTESIAN_POINT('',(-1.7763568394E-15,0.8));
#12200 = VECTOR('',#12201,1.);
#12201 = DIRECTION('',(1.,0.));
#12202 = ( GEOMETRIC_REPRESENTATION_CONTEXT(2) 
PARAMETRIC_REPRESENTATION_CONTEXT() REPRESENTATION_CONTEXT('2D SPACE',''
  ) );
#12203 = PCURVE('',#10111,#12204);
#12204 = DEFINITIONAL_REPRESENTATION('',(#12205),#12209);
#12205 = LINE('',#12206,#12207);
#12206 = CARTESIAN_POINT('',(-0.,0.));
#12207 = VECTOR('',#12208,1.);
#12208 = DIRECTION('',(-0.,1.));
#12209 = ( GEOMETRIC_REPRESENTATION_CONTEXT(2) 
PARAMETRIC_REPRESENTATION_CONTEXT() REPRESENTATION_CONTEXT('2D SPACE',''
  ) );
#12210 = ADVANCED_FACE('',(#12211),#8362,.T.);
#12211 = FACE_BOUND('',#12212,.T.);
#12212 = EDGE_LOOP('',(#12213,#12235,#12236,#12237));
#12213 = ORIENTED_EDGE('',*,*,#12214,.F.);
#12214 = EDGE_CURVE('',#12138,#12215,#12217,.T.);
#12215 = VERTEX_POINT('',#12216);
#12216 = CARTESIAN_POINT('',(-162.8527871265,338.97499235098,
    100.84203173517));
#12217 = SURFACE_CURVE('',#12218,(#12223,#12229),.PCURVE_S1.);
#12218 = CIRCLE('',#12219,3.2);
#12219 = AXIS2_PLACEMENT_3D('',#12220,#12221,#12222);
#12220 = CARTESIAN_POINT('',(-165.2,336.8,100.84203173517));
#12221 = DIRECTION('',(0.,-0.,-1.));
#12222 = DIRECTION('',(0.,1.,-0.));
#12223 = PCURVE('',#8362,#12224);
#12224 = DEFINITIONAL_REPRESENTATION('',(#12225),#12228);
#12225 = B_SPLINE_CURVE_WITH_KNOTS('',1,(#12226,#12227),.UNSPECIFIED.,
  .F.,.F.,(2,2),(0.,1.570796326795),.PIECEWISE_BEZIER_KNOTS.);
#12226 = CARTESIAN_POINT('',(0.,0.));
#12227 = CARTESIAN_POINT('',(0.,1.570796326795));
#12228 = ( GEOMETRIC_REPRESENTATION_CONTEXT(2) 
PARAMETRIC_REPRESENTATION_CONTEXT() REPRESENTATION_CONTEXT('2D SPACE',''
  ) );
#12229 = PCURVE('',#10111,#12230);
#12230 = DEFINITIONAL_REPRESENTATION('',(#12231),#12234);
#12231 = B_SPLINE_CURVE_WITH_KNOTS('',1,(#12232,#12233),.UNSPECIFIED.,
  .F.,.F.,(2,2),(0.,1.570796326795),.PIECEWISE_BEZIER_KNOTS.);
#12232 = CARTESIAN_POINT('',(0.,93.842031735176));
#12233 = CARTESIAN_POINT('',(-1.570796326795,93.842031735176));
#12234 = ( GEOMETRIC_REPRESENTATION_CONTEXT(2) 
PARAMETRIC_REPRESENTATION_CONTEXT() REPRESENTATION_CONTEXT('2D SPACE',''
  ) );
#12235 = ORIENTED_EDGE('',*,*,#12162,.T.);
#12236 = ORIENTED_EDGE('',*,*,#8346,.T.);
#12237 = ORIENTED_EDGE('',*,*,#12238,.F.);
#12238 = EDGE_CURVE('',#12215,#8347,#12239,.T.);
#12239 = SURFACE_CURVE('',#12240,(#12285,#12333),.PCURVE_S1.);
#12240 = B_SPLINE_CURVE_WITH_KNOTS('',4,(#12241,#12242,#12243,#12244,
    #12245,#12246,#12247,#12248,#12249,#12250,#12251,#12252,#12253,
    #12254,#12255,#12256,#12257,#12258,#12259,#12260,#12261,#12262,
    #12263,#12264,#12265,#12266,#12267,#12268,#12269,#12270,#12271,
    #12272,#12273,#12274,#12275,#12276,#12277,#12278,#12279,#12280,
    #12281,#12282,#12283,#12284),.UNSPECIFIED.,.F.,.F.,(5,3,3,3,3,3,3,3,
    3,3,3,3,3,3,5),(0.,8.145959698113E-02,0.119459602805,0.169059610008,
    0.190259613337,0.275459617661,0.285459619236,0.316659624089,
    0.411459623507,0.483059630972,0.579459629287,0.684659619747,
    0.789859610206,0.895059600666,1.),.UNSPECIFIED.);
#12241 = CARTESIAN_POINT('',(-162.8527871265,338.97499235098,
    100.84203173517));
#12242 = CARTESIAN_POINT('',(-162.8527871265,338.97499235098,
    101.48052717615));
#12243 = CARTESIAN_POINT('',(-162.8527871265,338.95232002707,
    102.11902295976));
#12244 = CARTESIAN_POINT('',(-162.8527871265,338.90697541307,
    102.7563099952));
#12245 = CARTESIAN_POINT('',(-162.8527871265,338.80741784986,
    103.68734873491));
#12246 = CARTESIAN_POINT('',(-162.8527871265,338.77084286657,
    103.9829868487));
#12247 = CARTESIAN_POINT('',(-162.8527871265,338.72937512076,
    104.27797845838));
#12248 = CARTESIAN_POINT('',(-162.8527871265,338.62254592875,
    104.95624215095));
#12249 = CARTESIAN_POINT('',(-162.8527871265,338.55375480592,
    105.33897408297));
#12250 = CARTESIAN_POINT('',(-162.8527871265,338.47670275721,
    105.72012881816));
#12251 = CARTESIAN_POINT('',(-162.8527871265,338.35501073344,
    106.2615653123));
#12252 = CARTESIAN_POINT('',(-162.8527871265,338.31707363682,
    106.42335362461));
#12253 = CARTESIAN_POINT('',(-162.8527871265,338.27764296675,
    106.58478442575));
#12254 = CARTESIAN_POINT('',(-162.8527871265,338.07227592103,
    107.39308637202));
#12255 = CARTESIAN_POINT('',(-162.8527871265,337.88378927948,
    108.03422856416));
#12256 = CARTESIAN_POINT('',(-162.8527871265,337.67160478545,
    108.66792270575));
#12257 = CARTESIAN_POINT('',(-162.8527871265,337.40858159705,
    109.36622511373));
#12258 = CARTESIAN_POINT('',(-162.8527871265,337.38063336416,
    109.43945577894));
#12259 = CARTESIAN_POINT('',(-162.8527871265,337.35236617468,
    109.51256391835));
#12260 = CARTESIAN_POINT('',(-162.8527871265,337.23459460995,
    109.81325607536));
#12261 = CARTESIAN_POINT('',(-162.8527871265,337.14231145576,
    110.03975173658));
#12262 = CARTESIAN_POINT('',(-162.8527871265,337.04695613054,
    110.26497124516));
#12263 = CARTESIAN_POINT('',(-162.8527871265,336.64957079686,
    111.16910686283));
#12264 = CARTESIAN_POINT('',(-162.8527871265,336.32247439009,
    111.83700659956));
#12265 = CARTESIAN_POINT('',(-162.8527871265,335.96803393186,
    112.49080632364));
#12266 = CARTESIAN_POINT('',(-162.8527871265,335.29961228302,
    113.61078111438));
#12267 = CARTESIAN_POINT('',(-162.8527871265,334.99695704166,
    114.08371677687));
#12268 = CARTESIAN_POINT('',(-162.8527871265,334.6796813736,
    114.54697101207));
#12269 = CARTESIAN_POINT('',(-162.8527871265,333.90206811077,
    115.60966568098));
#12270 = CARTESIAN_POINT('',(-162.8527871265,333.43024162227,
    116.20070047028));
#12271 = CARTESIAN_POINT('',(-162.8527871265,332.93397449386,
    116.77136788189));
#12272 = CARTESIAN_POINT('',(-162.8527871265,331.84790701515,
    117.91915721789));
#12273 = CARTESIAN_POINT('',(-162.8527871265,331.25370234619,
    118.49211445067));
#12274 = CARTESIAN_POINT('',(-162.8527871265,330.63382206728,
    119.03719024266));
#12275 = CARTESIAN_POINT('',(-162.8527871265,329.34677824454,
    120.06831945657));
#12276 = CARTESIAN_POINT('',(-162.8527871265,328.67961278128,
    120.55437441626));
#12277 = CARTESIAN_POINT('',(-162.8527871265,327.99083793977,
    121.00929022924));
#12278 = CARTESIAN_POINT('',(-162.8527871265,326.57454602435,
    121.85417274636));
#12279 = CARTESIAN_POINT('',(-162.8527871265,325.84702683825,
    122.24414071052));
#12280 = CARTESIAN_POINT('',(-162.8527871265,325.10237284654,
    122.60030024195));
#12281 = CARTESIAN_POINT('',(-162.8527871265,323.58546961914,
    123.24217784028));
#12282 = CARTESIAN_POINT('',(-162.8527871265,322.81329076633,
    123.52806851017));
#12283 = CARTESIAN_POINT('',(-162.8527871265,322.02883036531,
    123.77829947443));
#12284 = CARTESIAN_POINT('',(-162.8527871265,321.23458646176,
    123.9921978227));
#12285 = PCURVE('',#8362,#12286);
#12286 = DEFINITIONAL_REPRESENTATION('',(#12287),#12332);
#12287 = B_SPLINE_CURVE_WITH_KNOTS('',4,(#12288,#12289,#12290,#12291,
    #12292,#12293,#12294,#12295,#12296,#12297,#12298,#12299,#12300,
    #12301,#12302,#12303,#12304,#12305,#12306,#12307,#12308,#12309,
    #12310,#12311,#12312,#12313,#12314,#12315,#12316,#12317,#12318,
    #12319,#12320,#12321,#12322,#12323,#12324,#12325,#12326,#12327,
    #12328,#12329,#12330,#12331),.UNSPECIFIED.,.F.,.F.,(5,3,3,3,3,3,3,3,
    3,3,3,3,3,3,5),(0.,8.145959698113E-02,0.119459602805,0.169059610008,
    0.190259613337,0.275459617661,0.285459619236,0.316659624089,
    0.411459623507,0.483059630972,0.579459629287,0.684659619747,
    0.789859610206,0.895059600666,1.),.UNSPECIFIED.);
#12288 = CARTESIAN_POINT('',(-2.565764441187E-16,0.823463073534));
#12289 = CARTESIAN_POINT('',(2.663172657734E-02,0.823463073534));
#12290 = CARTESIAN_POINT('',(5.32634579187E-02,0.823463073534));
#12291 = CARTESIAN_POINT('',(7.989518924725E-02,0.823463073534));
#12292 = CARTESIAN_POINT('',(0.118950323298,0.823463073534));
#12293 = CARTESIAN_POINT('',(0.13137373087,0.823463073534));
#12294 = CARTESIAN_POINT('',(0.143797138441,0.823463073534));
#12295 = CARTESIAN_POINT('',(0.172436361838,0.823463073534));
#12296 = CARTESIAN_POINT('',(0.188652178166,0.823463073534));
#12297 = CARTESIAN_POINT('',(0.204867994494,0.823463073534));
#12298 = CARTESIAN_POINT('',(0.22801476409,0.823463073534));
#12299 = CARTESIAN_POINT('',(0.234945717761,0.823463073534));
#12300 = CARTESIAN_POINT('',(0.241876671432,0.823463073534));
#12301 = CARTESIAN_POINT('',(0.276662209509,0.823463073534));
#12302 = CARTESIAN_POINT('',(0.304516799865,0.823463073534));
#12303 = CARTESIAN_POINT('',(0.332371390222,0.823463073534));
#12304 = CARTESIAN_POINT('',(0.363495292401,0.823463073534));
#12305 = CARTESIAN_POINT('',(0.366764610169,0.823463073534));
#12306 = CARTESIAN_POINT('',(0.370033927937,0.823463073534));
#12307 = CARTESIAN_POINT('',(0.383503517122,0.823463073534));
#12308 = CARTESIAN_POINT('',(0.393703788578,0.823463073534));
#12309 = CARTESIAN_POINT('',(0.403904060034,0.823463073534));
#12310 = CARTESIAN_POINT('',(0.445097458821,0.823463073534));
#12311 = CARTESIAN_POINT('',(0.476090596333,0.823463073534));
#12312 = CARTESIAN_POINT('',(0.507083733844,0.823463073534));
#12313 = CARTESIAN_POINT('',(0.561485175188,0.823463073534));
#12314 = CARTESIAN_POINT('',(0.584893491653,0.823463073534));
#12315 = CARTESIAN_POINT('',(0.608301808118,0.823463073534));
#12316 = CARTESIAN_POINT('',(0.663226339862,0.823463073534));
#12317 = CARTESIAN_POINT('',(0.694742568659,0.823463073534));
#12318 = CARTESIAN_POINT('',(0.726258797457,0.823463073534));
#12319 = CARTESIAN_POINT('',(0.792168229612,0.823463073534));
#12320 = CARTESIAN_POINT('',(0.826561461067,0.823463073534));
#12321 = CARTESIAN_POINT('',(0.860954692522,0.823463073534));
#12322 = CARTESIAN_POINT('',(0.929741121292,0.823463073534));
#12323 = CARTESIAN_POINT('',(0.964134352746,0.823463073534));
#12324 = CARTESIAN_POINT('',(0.998527584201,0.823463073534));
#12325 = CARTESIAN_POINT('',(1.067314012971,0.823463073534));
#12326 = CARTESIAN_POINT('',(1.101707244426,0.823463073534));
#12327 = CARTESIAN_POINT('',(1.136100475881,0.823463073534));
#12328 = CARTESIAN_POINT('',(1.204802036076,0.823463073534));
#12329 = CARTESIAN_POINT('',(1.239110398741,0.823463073534));
#12330 = CARTESIAN_POINT('',(1.273418761417,0.823463073534));
#12331 = CARTESIAN_POINT('',(1.307727107221,0.823463073534));
#12332 = ( GEOMETRIC_REPRESENTATION_CONTEXT(2) 
PARAMETRIC_REPRESENTATION_CONTEXT() REPRESENTATION_CONTEXT('2D SPACE',''
  ) );
#12333 = PCURVE('',#8413,#12334);
#12334 = DEFINITIONAL_REPRESENTATION('',(#12335),#12380);
#12335 = B_SPLINE_CURVE_WITH_KNOTS('',4,(#12336,#12337,#12338,#12339,
    #12340,#12341,#12342,#12343,#12344,#12345,#12346,#12347,#12348,
    #12349,#12350,#12351,#12352,#12353,#12354,#12355,#12356,#12357,
    #12358,#12359,#12360,#12361,#12362,#12363,#12364,#12365,#12366,
    #12367,#12368,#12369,#12370,#12371,#12372,#12373,#12374,#12375,
    #12376,#12377,#12378,#12379),.UNSPECIFIED.,.F.,.F.,(5,3,3,3,3,3,3,3,
    3,3,3,3,3,3,5),(0.,8.145959698113E-02,0.119459602805,0.169059610008,
    0.190259613337,0.275459617661,0.285459619236,0.316659624089,
    0.411459623507,0.483059630972,0.579459629287,0.684659619747,
    0.789859610206,0.895059600666,1.),.UNSPECIFIED.);
#12336 = CARTESIAN_POINT('',(0.,5.866863782008));
#12337 = CARTESIAN_POINT('',(2.663172657734E-02,5.866863782008));
#12338 = CARTESIAN_POINT('',(5.32634579187E-02,5.866863782008));
#12339 = CARTESIAN_POINT('',(7.989518924725E-02,5.866863782008));
#12340 = CARTESIAN_POINT('',(0.118950323298,5.866863782008));
#12341 = CARTESIAN_POINT('',(0.13137373087,5.866863782008));
#12342 = CARTESIAN_POINT('',(0.143797138441,5.866863782008));
#12343 = CARTESIAN_POINT('',(0.172436361838,5.866863782008));
#12344 = CARTESIAN_POINT('',(0.188652178166,5.866863782008));
#12345 = CARTESIAN_POINT('',(0.204867994494,5.866863782008));
#12346 = CARTESIAN_POINT('',(0.22801476409,5.866863782008));
#12347 = CARTESIAN_POINT('',(0.234945717761,5.866863782008));
#12348 = CARTESIAN_POINT('',(0.241876671432,5.866863782008));
#12349 = CARTESIAN_POINT('',(0.276662209509,5.866863782008));
#12350 = CARTESIAN_POINT('',(0.304516799865,5.866863782008));
#12351 = CARTESIAN_POINT('',(0.332371390222,5.866863782008));
#12352 = CARTESIAN_POINT('',(0.363495292401,5.866863782008));
#12353 = CARTESIAN_POINT('',(0.366764610169,5.866863782008));
#12354 = CARTESIAN_POINT('',(0.370033927937,5.866863782008));
#12355 = CARTESIAN_POINT('',(0.383503517122,5.866863782008));
#12356 = CARTESIAN_POINT('',(0.393703788578,5.866863782008));
#12357 = CARTESIAN_POINT('',(0.403904060034,5.866863782008));
#12358 = CARTESIAN_POINT('',(0.445097458821,5.866863782008));
#12359 = CARTESIAN_POINT('',(0.476090596333,5.866863782008));
#12360 = CARTESIAN_POINT('',(0.507083733844,5.866863782008));
#12361 = CARTESIAN_POINT('',(0.561485175188,5.866863782008));
#12362 = CARTESIAN_POINT('',(0.584893491653,5.866863782008));
#12363 = CARTESIAN_POINT('',(0.608301808118,5.866863782008));
#12364 = CARTESIAN_POINT('',(0.663226339862,5.866863782008));
#12365 = CARTESIAN_POINT('',(0.694742568659,5.866863782008));
#12366 = CARTESIAN_POINT('',(0.726258797457,5.866863782008));
#12367 = CARTESIAN_POINT('',(0.792168229612,5.866863782008));
#12368 = CARTESIAN_POINT('',(0.826561461067,5.866863782008));
#12369 = CARTESIAN_POINT('',(0.860954692522,5.866863782008));
#12370 = CARTESIAN_POINT('',(0.929741121292,5.866863782008));
#12371 = CARTESIAN_POINT('',(0.964134352746,5.866863782008));
#12372 = CARTESIAN_POINT('',(0.998527584201,5.866863782008));
#12373 = CARTESIAN_POINT('',(1.067314012971,5.866863782008));
#12374 = CARTESIAN_POINT('',(1.101707244426,5.866863782008));
#12375 = CARTESIAN_POINT('',(1.136100475881,5.866863782008));
#12376 = CARTESIAN_POINT('',(1.204802036076,5.866863782008));
#12377 = CARTESIAN_POINT('',(1.239110398741,5.866863782008));
#12378 = CARTESIAN_POINT('',(1.273418761417,5.866863782008));
#12379 = CARTESIAN_POINT('',(1.307727107221,5.866863782008));
#12380 = ( GEOMETRIC_REPRESENTATION_CONTEXT(2) 
PARAMETRIC_REPRESENTATION_CONTEXT() REPRESENTATION_CONTEXT('2D SPACE',''
  ) );
#12381 = ADVANCED_FACE('',(#12382),#8413,.T.);
#12382 = FACE_BOUND('',#12383,.T.);
#12383 = EDGE_LOOP('',(#12384,#12406,#12407,#12408));
#12384 = ORIENTED_EDGE('',*,*,#12385,.F.);
#12385 = EDGE_CURVE('',#12215,#12386,#12388,.T.);
#12386 = VERTEX_POINT('',#12387);
#12387 = CARTESIAN_POINT('',(-158.,340.,100.84203173517));
#12388 = SURFACE_CURVE('',#12389,(#12394,#12400),.PCURVE_S1.);
#12389 = CIRCLE('',#12390,12.);
#12390 = AXIS2_PLACEMENT_3D('',#12391,#12392,#12393);
#12391 = CARTESIAN_POINT('',(-158.,328.,100.84203173517));
#12392 = DIRECTION('',(-0.,0.,-1.));
#12393 = DIRECTION('',(-1.,0.,0.));
#12394 = PCURVE('',#8413,#12395);
#12395 = DEFINITIONAL_REPRESENTATION('',(#12396),#12399);
#12396 = B_SPLINE_CURVE_WITH_KNOTS('',1,(#12397,#12398),.UNSPECIFIED.,
  .F.,.F.,(2,2),(0.,1.570796326795),.PIECEWISE_BEZIER_KNOTS.);
#12397 = CARTESIAN_POINT('',(0.,4.712388980385));
#12398 = CARTESIAN_POINT('',(0.,6.28318530718));
#12399 = ( GEOMETRIC_REPRESENTATION_CONTEXT(2) 
PARAMETRIC_REPRESENTATION_CONTEXT() REPRESENTATION_CONTEXT('2D SPACE',''
  ) );
#12400 = PCURVE('',#10332,#12401);
#12401 = DEFINITIONAL_REPRESENTATION('',(#12402),#12405);
#12402 = B_SPLINE_CURVE_WITH_KNOTS('',1,(#12403,#12404),.UNSPECIFIED.,
  .F.,.F.,(2,2),(0.,1.570796326795),.PIECEWISE_BEZIER_KNOTS.);
#12403 = CARTESIAN_POINT('',(0.,93.842031735176));
#12404 = CARTESIAN_POINT('',(-1.570796326795,93.842031735176));
#12405 = ( GEOMETRIC_REPRESENTATION_CONTEXT(2) 
PARAMETRIC_REPRESENTATION_CONTEXT() REPRESENTATION_CONTEXT('2D SPACE',''
  ) );
#12406 = ORIENTED_EDGE('',*,*,#12238,.T.);
#12407 = ORIENTED_EDGE('',*,*,#8397,.T.);
#12408 = ORIENTED_EDGE('',*,*,#12409,.F.);
#12409 = EDGE_CURVE('',#12386,#8398,#12410,.T.);
#12410 = SURFACE_CURVE('',#12411,(#12416,#12423),.PCURVE_S1.);
#12411 = CIRCLE('',#12412,25.);
#12412 = AXIS2_PLACEMENT_3D('',#12413,#12414,#12415);
#12413 = CARTESIAN_POINT('',(-158.,315.,100.84203173517));
#12414 = DIRECTION('',(1.,0.,0.));
#12415 = DIRECTION('',(-0.,1.,0.));
#12416 = PCURVE('',#8413,#12417);
#12417 = DEFINITIONAL_REPRESENTATION('',(#12418),#12422);
#12418 = LINE('',#12419,#12420);
#12419 = CARTESIAN_POINT('',(0.,6.28318530718));
#12420 = VECTOR('',#12421,1.);
#12421 = DIRECTION('',(1.,0.));
#12422 = ( GEOMETRIC_REPRESENTATION_CONTEXT(2) 
PARAMETRIC_REPRESENTATION_CONTEXT() REPRESENTATION_CONTEXT('2D SPACE',''
  ) );
#12423 = PCURVE('',#8465,#12424);
#12424 = DEFINITIONAL_REPRESENTATION('',(#12425),#12429);
#12425 = LINE('',#12426,#12427);
#12426 = CARTESIAN_POINT('',(0.,-158.));
#12427 = VECTOR('',#12428,1.);
#12428 = DIRECTION('',(1.,0.));
#12429 = ( GEOMETRIC_REPRESENTATION_CONTEXT(2) 
PARAMETRIC_REPRESENTATION_CONTEXT() REPRESENTATION_CONTEXT('2D SPACE',''
  ) );
#12430 = ADVANCED_FACE('',(#12431,#12587,#12892),#8465,.T.);
#12431 = FACE_BOUND('',#12432,.T.);
#12432 = EDGE_LOOP('',(#12433,#12456,#12457,#12458,#12482,#12505,#12534,
    #12560));
#12433 = ORIENTED_EDGE('',*,*,#12434,.F.);
#12434 = EDGE_CURVE('',#12386,#12435,#12437,.T.);
#12435 = VERTEX_POINT('',#12436);
#12436 = CARTESIAN_POINT('',(-85.,340.,100.84203173517));
#12437 = SURFACE_CURVE('',#12438,(#12442,#12449),.PCURVE_S1.);
#12438 = LINE('',#12439,#12440);
#12439 = CARTESIAN_POINT('',(-170.,340.,100.84203173517));
#12440 = VECTOR('',#12441,1.);
#12441 = DIRECTION('',(1.,0.,0.));
#12442 = PCURVE('',#8465,#12443);
#12443 = DEFINITIONAL_REPRESENTATION('',(#12444),#12448);
#12444 = LINE('',#12445,#12446);
#12445 = CARTESIAN_POINT('',(0.,-170.));
#12446 = VECTOR('',#12447,1.);
#12447 = DIRECTION('',(-0.,1.));
#12448 = ( GEOMETRIC_REPRESENTATION_CONTEXT(2) 
PARAMETRIC_REPRESENTATION_CONTEXT() REPRESENTATION_CONTEXT('2D SPACE',''
  ) );
#12449 = PCURVE('',#10398,#12450);
#12450 = DEFINITIONAL_REPRESENTATION('',(#12451),#12455);
#12451 = LINE('',#12452,#12453);
#12452 = CARTESIAN_POINT('',(93.842031735176,-170.));
#12453 = VECTOR('',#12454,1.);
#12454 = DIRECTION('',(0.,1.));
#12455 = ( GEOMETRIC_REPRESENTATION_CONTEXT(2) 
PARAMETRIC_REPRESENTATION_CONTEXT() REPRESENTATION_CONTEXT('2D SPACE',''
  ) );
#12456 = ORIENTED_EDGE('',*,*,#12409,.T.);
#12457 = ORIENTED_EDGE('',*,*,#8449,.T.);
#12458 = ORIENTED_EDGE('',*,*,#12459,.F.);
#12459 = EDGE_CURVE('',#12460,#8450,#12462,.T.);
#12460 = VERTEX_POINT('',#12461);
#12461 = CARTESIAN_POINT('',(158.,340.,100.84203173517));
#12462 = SURFACE_CURVE('',#12463,(#12468,#12475),.PCURVE_S1.);
#12463 = CIRCLE('',#12464,25.);
#12464 = AXIS2_PLACEMENT_3D('',#12465,#12466,#12467);
#12465 = CARTESIAN_POINT('',(158.,315.,100.84203173517));
#12466 = DIRECTION('',(1.,0.,0.));
#12467 = DIRECTION('',(-0.,1.,0.));
#12468 = PCURVE('',#8465,#12469);
#12469 = DEFINITIONAL_REPRESENTATION('',(#12470),#12474);
#12470 = LINE('',#12471,#12472);
#12471 = CARTESIAN_POINT('',(0.,158.));
#12472 = VECTOR('',#12473,1.);
#12473 = DIRECTION('',(1.,0.));
#12474 = ( GEOMETRIC_REPRESENTATION_CONTEXT(2) 
PARAMETRIC_REPRESENTATION_CONTEXT() REPRESENTATION_CONTEXT('2D SPACE',''
  ) );
#12475 = PCURVE('',#8520,#12476);
#12476 = DEFINITIONAL_REPRESENTATION('',(#12477),#12481);
#12477 = LINE('',#12478,#12479);
#12478 = CARTESIAN_POINT('',(0.,0.));
#12479 = VECTOR('',#12480,1.);
#12480 = DIRECTION('',(1.,0.));
#12481 = ( GEOMETRIC_REPRESENTATION_CONTEXT(2) 
PARAMETRIC_REPRESENTATION_CONTEXT() REPRESENTATION_CONTEXT('2D SPACE',''
  ) );
#12482 = ORIENTED_EDGE('',*,*,#12483,.F.);
#12483 = EDGE_CURVE('',#12484,#12460,#12486,.T.);
#12484 = VERTEX_POINT('',#12485);
#12485 = CARTESIAN_POINT('',(85.,340.,100.84203173517));
#12486 = SURFACE_CURVE('',#12487,(#12491,#12498),.PCURVE_S1.);
#12487 = LINE('',#12488,#12489);
#12488 = CARTESIAN_POINT('',(-170.,340.,100.84203173517));
#12489 = VECTOR('',#12490,1.);
#12490 = DIRECTION('',(1.,0.,0.));
#12491 = PCURVE('',#8465,#12492);
#12492 = DEFINITIONAL_REPRESENTATION('',(#12493),#12497);
#12493 = LINE('',#12494,#12495);
#12494 = CARTESIAN_POINT('',(0.,-170.));
#12495 = VECTOR('',#12496,1.);
#12496 = DIRECTION('',(-0.,1.));
#12497 = ( GEOMETRIC_REPRESENTATION_CONTEXT(2) 
PARAMETRIC_REPRESENTATION_CONTEXT() REPRESENTATION_CONTEXT('2D SPACE',''
  ) );
#12498 = PCURVE('',#10398,#12499);
#12499 = DEFINITIONAL_REPRESENTATION('',(#12500),#12504);
#12500 = LINE('',#12501,#12502);
#12501 = CARTESIAN_POINT('',(93.842031735176,-170.));
#12502 = VECTOR('',#12503,1.);
#12503 = DIRECTION('',(0.,1.));
#12504 = ( GEOMETRIC_REPRESENTATION_CONTEXT(2) 
PARAMETRIC_REPRESENTATION_CONTEXT() REPRESENTATION_CONTEXT('2D SPACE',''
  ) );
#12505 = ORIENTED_EDGE('',*,*,#12506,.T.);
#12506 = EDGE_CURVE('',#12484,#12507,#12509,.T.);
#12507 = VERTEX_POINT('',#12508);
#12508 = CARTESIAN_POINT('',(85.,339.65180114938,105.));
#12509 = SURFACE_CURVE('',#12510,(#12515,#12522),.PCURVE_S1.);
#12510 = CIRCLE('',#12511,25.);
#12511 = AXIS2_PLACEMENT_3D('',#12512,#12513,#12514);
#12512 = CARTESIAN_POINT('',(85.,315.,100.84203173517));
#12513 = DIRECTION('',(1.,0.,0.));
#12514 = DIRECTION('',(-0.,1.,0.));
#12515 = PCURVE('',#8465,#12516);
#12516 = DEFINITIONAL_REPRESENTATION('',(#12517),#12521);
#12517 = LINE('',#12518,#12519);
#12518 = CARTESIAN_POINT('',(0.,85.));
#12519 = VECTOR('',#12520,1.);
#12520 = DIRECTION('',(1.,0.));
#12521 = ( GEOMETRIC_REPRESENTATION_CONTEXT(2) 
PARAMETRIC_REPRESENTATION_CONTEXT() REPRESENTATION_CONTEXT('2D SPACE',''
  ) );
#12522 = PCURVE('',#12523,#12528);
#12523 = PLANE('',#12524);
#12524 = AXIS2_PLACEMENT_3D('',#12525,#12526,#12527);
#12525 = CARTESIAN_POINT('',(85.,336.5,15.));
#12526 = DIRECTION('',(1.,0.,-0.));
#12527 = DIRECTION('',(0.,0.,1.));
#12528 = DEFINITIONAL_REPRESENTATION('',(#12529),#12533);
#12529 = CIRCLE('',#12530,25.);
#12530 = AXIS2_PLACEMENT_2D('',#12531,#12532);
#12531 = CARTESIAN_POINT('',(85.842031735173,21.5));
#12532 = DIRECTION('',(0.,-1.));
#12533 = ( GEOMETRIC_REPRESENTATION_CONTEXT(2) 
PARAMETRIC_REPRESENTATION_CONTEXT() REPRESENTATION_CONTEXT('2D SPACE',''
  ) );
#12534 = ORIENTED_EDGE('',*,*,#12535,.F.);
#12535 = EDGE_CURVE('',#12536,#12507,#12538,.T.);
#12536 = VERTEX_POINT('',#12537);
#12537 = CARTESIAN_POINT('',(-85.,339.65180114938,105.));
#12538 = SURFACE_CURVE('',#12539,(#12543,#12549),.PCURVE_S1.);
#12539 = LINE('',#12540,#12541);
#12540 = CARTESIAN_POINT('',(0.,339.65180114938,105.));
#12541 = VECTOR('',#12542,1.);
#12542 = DIRECTION('',(1.,0.,0.));
#12543 = PCURVE('',#8465,#12544);
#12544 = DEFINITIONAL_REPRESENTATION('',(#12545),#12548);
#12545 = B_SPLINE_CURVE_WITH_KNOTS('',1,(#12546,#12547),.UNSPECIFIED.,
  .F.,.F.,(2,2),(-102.,102.),.PIECEWISE_BEZIER_KNOTS.);
#12546 = CARTESIAN_POINT('',(0.167095218152,-102.));
#12547 = CARTESIAN_POINT('',(0.167095218152,102.));
#12548 = ( GEOMETRIC_REPRESENTATION_CONTEXT(2) 
PARAMETRIC_REPRESENTATION_CONTEXT() REPRESENTATION_CONTEXT('2D SPACE',''
  ) );
#12549 = PCURVE('',#12550,#12555);
#12550 = PLANE('',#12551);
#12551 = AXIS2_PLACEMENT_3D('',#12552,#12553,#12554);
#12552 = CARTESIAN_POINT('',(-85.,336.5,105.));
#12553 = DIRECTION('',(0.,0.,1.));
#12554 = DIRECTION('',(1.,0.,-0.));
#12555 = DEFINITIONAL_REPRESENTATION('',(#12556),#12559);
#12556 = B_SPLINE_CURVE_WITH_KNOTS('',1,(#12557,#12558),.UNSPECIFIED.,
  .F.,.F.,(2,2),(-102.,102.),.PIECEWISE_BEZIER_KNOTS.);
#12557 = CARTESIAN_POINT('',(-17.,3.151801149382));
#12558 = CARTESIAN_POINT('',(187.,3.151801149382));
#12559 = ( GEOMETRIC_REPRESENTATION_CONTEXT(2) 
PARAMETRIC_REPRESENTATION_CONTEXT() REPRESENTATION_CONTEXT('2D SPACE',''
  ) );
#12560 = ORIENTED_EDGE('',*,*,#12561,.F.);
#12561 = EDGE_CURVE('',#12435,#12536,#12562,.T.);
#12562 = SURFACE_CURVE('',#12563,(#12568,#12575),.PCURVE_S1.);
#12563 = CIRCLE('',#12564,25.);
#12564 = AXIS2_PLACEMENT_3D('',#12565,#12566,#12567);
#12565 = CARTESIAN_POINT('',(-85.,315.,100.84203173517));
#12566 = DIRECTION('',(1.,0.,0.));
#12567 = DIRECTION('',(-0.,1.,0.));
#12568 = PCURVE('',#8465,#12569);
#12569 = DEFINITIONAL_REPRESENTATION('',(#12570),#12574);
#12570 = LINE('',#12571,#12572);
#12571 = CARTESIAN_POINT('',(0.,-85.));
#12572 = VECTOR('',#12573,1.);
#12573 = DIRECTION('',(1.,0.));
#12574 = ( GEOMETRIC_REPRESENTATION_CONTEXT(2) 
PARAMETRIC_REPRESENTATION_CONTEXT() REPRESENTATION_CONTEXT('2D SPACE',''
  ) );
#12575 = PCURVE('',#12576,#12581);
#12576 = PLANE('',#12577);
#12577 = AXIS2_PLACEMENT_3D('',#12578,#12579,#12580);
#12578 = CARTESIAN_POINT('',(-85.,336.5,15.));
#12579 = DIRECTION('',(1.,0.,-0.));
#12580 = DIRECTION('',(0.,0.,1.));
#12581 = DEFINITIONAL_REPRESENTATION('',(#12582),#12586);
#12582 = CIRCLE('',#12583,25.);
#12583 = AXIS2_PLACEMENT_2D('',#12584,#12585);
#12584 = CARTESIAN_POINT('',(85.842031735173,21.5));
#12585 = DIRECTION('',(0.,-1.));
#12586 = ( GEOMETRIC_REPRESENTATION_CONTEXT(2) 
PARAMETRIC_REPRESENTATION_CONTEXT() REPRESENTATION_CONTEXT('2D SPACE',''
  ) );
#12587 = FACE_BOUND('',#12588,.T.);
#12588 = EDGE_LOOP('',(#12589,#12620,#12646,#12818,#12839,#12868));
#12589 = ORIENTED_EDGE('',*,*,#12590,.F.);
#12590 = EDGE_CURVE('',#12591,#12593,#12595,.T.);
#12591 = VERTEX_POINT('',#12592);
#12592 = CARTESIAN_POINT('',(-98.,337.5,111.73927909402));
#12593 = VERTEX_POINT('',#12594);
#12594 = CARTESIAN_POINT('',(-98.,333.1825225154,118.));
#12595 = SURFACE_CURVE('',#12596,(#12601,#12608),.PCURVE_S1.);
#12596 = CIRCLE('',#12597,25.);
#12597 = AXIS2_PLACEMENT_3D('',#12598,#12599,#12600);
#12598 = CARTESIAN_POINT('',(-98.,315.,100.84203173517));
#12599 = DIRECTION('',(1.,0.,0.));
#12600 = DIRECTION('',(-0.,1.,0.));
#12601 = PCURVE('',#8465,#12602);
#12602 = DEFINITIONAL_REPRESENTATION('',(#12603),#12607);
#12603 = LINE('',#12604,#12605);
#12604 = CARTESIAN_POINT('',(0.,-98.));
#12605 = VECTOR('',#12606,1.);
#12606 = DIRECTION('',(1.,0.));
#12607 = ( GEOMETRIC_REPRESENTATION_CONTEXT(2) 
PARAMETRIC_REPRESENTATION_CONTEXT() REPRESENTATION_CONTEXT('2D SPACE',''
  ) );
#12608 = PCURVE('',#12609,#12614);
#12609 = PLANE('',#12610);
#12610 = AXIS2_PLACEMENT_3D('',#12611,#12612,#12613);
#12611 = CARTESIAN_POINT('',(-98.,331.5,108.));
#12612 = DIRECTION('',(1.,0.,-0.));
#12613 = DIRECTION('',(0.,0.,1.));
#12614 = DEFINITIONAL_REPRESENTATION('',(#12615),#12619);
#12615 = CIRCLE('',#12616,25.);
#12616 = AXIS2_PLACEMENT_2D('',#12617,#12618);
#12617 = CARTESIAN_POINT('',(-7.157968264827,16.5));
#12618 = DIRECTION('',(0.,-1.));
#12619 = ( GEOMETRIC_REPRESENTATION_CONTEXT(2) 
PARAMETRIC_REPRESENTATION_CONTEXT() REPRESENTATION_CONTEXT('2D SPACE',''
  ) );
#12620 = ORIENTED_EDGE('',*,*,#12621,.T.);
#12621 = EDGE_CURVE('',#12591,#12622,#12624,.T.);
#12622 = VERTEX_POINT('',#12623);
#12623 = CARTESIAN_POINT('',(-94.67945907876,337.5,111.73927909402));
#12624 = SURFACE_CURVE('',#12625,(#12629,#12635),.PCURVE_S1.);
#12625 = LINE('',#12626,#12627);
#12626 = CARTESIAN_POINT('',(0.,337.5,111.73927909402));
#12627 = VECTOR('',#12628,1.);
#12628 = DIRECTION('',(1.,0.,0.));
#12629 = PCURVE('',#8465,#12630);
#12630 = DEFINITIONAL_REPRESENTATION('',(#12631),#12634);
#12631 = B_SPLINE_CURVE_WITH_KNOTS('',1,(#12632,#12633),.UNSPECIFIED.,
  .F.,.F.,(2,2),(-99.,-87.),.PIECEWISE_BEZIER_KNOTS.);
#12632 = CARTESIAN_POINT('',(0.451026811796,-99.));
#12633 = CARTESIAN_POINT('',(0.451026811796,-87.));
#12634 = ( GEOMETRIC_REPRESENTATION_CONTEXT(2) 
PARAMETRIC_REPRESENTATION_CONTEXT() REPRESENTATION_CONTEXT('2D SPACE',''
  ) );
#12635 = PCURVE('',#12636,#12641);
#12636 = PLANE('',#12637);
#12637 = AXIS2_PLACEMENT_3D('',#12638,#12639,#12640);
#12638 = CARTESIAN_POINT('',(-98.,337.5,108.));
#12639 = DIRECTION('',(-0.,1.,0.));
#12640 = DIRECTION('',(0.,0.,1.));
#12641 = DEFINITIONAL_REPRESENTATION('',(#12642),#12645);
#12642 = B_SPLINE_CURVE_WITH_KNOTS('',1,(#12643,#12644),.UNSPECIFIED.,
  .F.,.F.,(2,2),(-99.,-87.),.PIECEWISE_BEZIER_KNOTS.);
#12643 = CARTESIAN_POINT('',(3.739279094025,-1.));
#12644 = CARTESIAN_POINT('',(3.739279094025,11.));
#12645 = ( GEOMETRIC_REPRESENTATION_CONTEXT(2) 
PARAMETRIC_REPRESENTATION_CONTEXT() REPRESENTATION_CONTEXT('2D SPACE',''
  ) );
#12646 = ORIENTED_EDGE('',*,*,#12647,.T.);
#12647 = EDGE_CURVE('',#12622,#12648,#12650,.T.);
#12648 = VERTEX_POINT('',#12649);
#12649 = CARTESIAN_POINT('',(-91.32054092123,337.5,111.73927909402));
#12650 = SURFACE_CURVE('',#12651,(#12703,#12758),.PCURVE_S1.);
#12651 = B_SPLINE_CURVE_WITH_KNOTS('',8,(#12652,#12653,#12654,#12655,
    #12656,#12657,#12658,#12659,#12660,#12661,#12662,#12663,#12664,
    #12665,#12666,#12667,#12668,#12669,#12670,#12671,#12672,#12673,
    #12674,#12675,#12676,#12677,#12678,#12679,#12680,#12681,#12682,
    #12683,#12684,#12685,#12686,#12687,#12688,#12689,#12690,#12691,
    #12692,#12693,#12694,#12695,#12696,#12697,#12698,#12699,#12700,
    #12701,#12702),.UNSPECIFIED.,.T.,.F.,(9,7,7,7,7,7,7,9),(0.,
    0.118012273389,0.200686540212,0.408141872308,0.543909976557,
    0.690179745089,0.871384563604,1.),.UNSPECIFIED.);
#12652 = CARTESIAN_POINT('',(-90.9,336.84453725011,113.));
#12653 = CARTESIAN_POINT('',(-90.9,336.72977330195,113.20619936538));
#12654 = CARTESIAN_POINT('',(-90.9231390414,336.61364866621,
    113.4096093257));
#12655 = CARTESIAN_POINT('',(-90.96832215318,336.49775047462,
    113.60751336346));
#12656 = CARTESIAN_POINT('',(-91.03419366006,336.38374736762,
    113.79744188973));
#12657 = CARTESIAN_POINT('',(-91.11914886642,336.2733501674,
    113.97718328947));
#12658 = CARTESIAN_POINT('',(-91.22135238654,336.1682485136,
    114.14480492339));
#12659 = CARTESIAN_POINT('',(-91.33876312149,336.0700234617,
    114.29868408638));
#12660 = CARTESIAN_POINT('',(-91.56052038598,335.91699477249,
    114.53483158788));
#12661 = CARTESIAN_POINT('',(-91.6585117875,335.8578165733,
    114.62502284052));
#12662 = CARTESIAN_POINT('',(-91.76252750962,335.80295166276,
    114.70770396673));
#12663 = CARTESIAN_POINT('',(-91.87194712317,335.75281838602,
    114.78250869578));
#12664 = CARTESIAN_POINT('',(-91.9861438332,335.70779814358,
    114.84911864551));
#12665 = CARTESIAN_POINT('',(-92.10448596496,335.66823031786,
    114.90725876797));
#12666 = CARTESIAN_POINT('',(-92.22633844993,335.63440719967,
    114.95669279506));
#12667 = CARTESIAN_POINT('',(-92.66404011543,335.53671403883,
    115.09891068726));
#12668 = CARTESIAN_POINT('',(-92.99382013062,335.50483264492,
    115.1440933774));
#12669 = CARTESIAN_POINT('',(-93.32914680143,335.51439662097,
    115.13008676099));
#12670 = CARTESIAN_POINT('',(-93.6586971222,335.56613603408,
    115.05659726569));
#12671 = CARTESIAN_POINT('',(-93.97129408169,335.65777785973,
    114.92524796722));
#12672 = CARTESIAN_POINT('',(-94.25578628413,335.78412460938,
    114.73969010543));
#12673 = CARTESIAN_POINT('',(-94.50136989866,335.93781647567,
    114.50627501062));
#12674 = CARTESIAN_POINT('',(-94.82823163077,336.22322296276,
    114.05638843204));
#12675 = CARTESIAN_POINT('',(-94.93870504736,336.3457020186,
    113.85953383978));
#12676 = CARTESIAN_POINT('',(-95.02625569347,336.47525071293,
    113.64641984844));
#12677 = CARTESIAN_POINT('',(-95.08756529276,336.60890541475,
    113.42055544879));
#12678 = CARTESIAN_POINT('',(-95.12014889118,336.7436204194,
    113.18607845786));
#12679 = CARTESIAN_POINT('',(-95.12239667221,336.87653133555,
    112.94755744519));
#12680 = CARTESIAN_POINT('',(-95.09360864768,337.00510057416,
    112.7098156315));
#12681 = CARTESIAN_POINT('',(-94.96983180531,337.25860542743,
    112.22773665905));
#12682 = CARTESIAN_POINT('',(-94.87121228121,337.37979132373,
    111.98944542206));
#12683 = CARTESIAN_POINT('',(-94.74094295827,337.48868892485,
    111.76815873267));
#12684 = CARTESIAN_POINT('',(-94.58270659557,337.58401158425,
    111.56854598121));
#12685 = CARTESIAN_POINT('',(-94.40108323632,337.66505796806,
    111.39451676806));
#12686 = CARTESIAN_POINT('',(-94.20148054806,337.73157685482,
    111.24895115296));
#12687 = CARTESIAN_POINT('',(-93.98997822107,337.78371265665,
    111.13335276107));
#12688 = CARTESIAN_POINT('',(-93.50433655695,337.86969471999,
    110.94107362401));
#12689 = CARTESIAN_POINT('',(-93.2226821115,337.89701683117,
    110.87845269718));
#12690 = CARTESIAN_POINT('',(-92.93458624012,337.90500492952,
    110.85975044579));
#12691 = CARTESIAN_POINT('',(-92.64596029282,337.89400632358,
    110.88509752215));
#12692 = CARTESIAN_POINT('',(-92.36273907201,337.86385880532,
    110.95453041605));
#12693 = CARTESIAN_POINT('',(-92.09112279177,337.81390005045,
    111.06793456016));
#12694 = CARTESIAN_POINT('',(-91.83789431211,337.74299192368,
    111.22494857928));
#12695 = CARTESIAN_POINT('',(-91.45037414256,337.58336289528,
    111.56659356567));
#12696 = CARTESIAN_POINT('',(-91.30231983816,337.50554719215,
    111.73049133093));
#12697 = CARTESIAN_POINT('',(-91.17232422076,337.41638900785,
    111.91454739082));
#12698 = CARTESIAN_POINT('',(-91.06460356238,337.31662354265,
    112.11555507966));
#12699 = CARTESIAN_POINT('',(-90.98225262462,337.20749804566,
    112.32939126065));
#12700 = CARTESIAN_POINT('',(-90.92717309158,337.09080908489,
    112.55136945988));
#12701 = CARTESIAN_POINT('',(-90.9,336.96890155017,112.77655143309));
#12702 = CARTESIAN_POINT('',(-90.9,336.84453725011,113.));
#12703 = PCURVE('',#8465,#12704);
#12704 = DEFINITIONAL_REPRESENTATION('',(#12705),#12757);
#12705 = B_SPLINE_CURVE_WITH_KNOTS('',8,(#12706,#12707,#12708,#12709,
    #12710,#12711,#12712,#12713,#12714,#12715,#12716,#12717,#12718,
    #12719,#12720,#12721,#12722,#12723,#12724,#12725,#12726,#12727,
    #12728,#12729,#12730,#12731,#12732,#12733,#12734,#12735,#12736,
    #12737,#12738,#12739,#12740,#12741,#12742,#12743,#12744,#12745,
    #12746,#12747,#12748,#12749,#12750,#12751,#12752,#12753,#12754,
    #12755,#12756),.UNSPECIFIED.,.T.,.F.,(9,7,7,7,7,7,7,9),(0.,
    0.118012273389,0.200686540212,0.408141872308,0.543909976557,
    0.690179745089,0.871384563604,1.),.UNSPECIFIED.);
#12706 = CARTESIAN_POINT('',(0.507871757316,-90.9));
#12707 = CARTESIAN_POINT('',(0.517311159169,-90.9));
#12708 = CARTESIAN_POINT('',(0.526679538762,-90.9231390414));
#12709 = CARTESIAN_POINT('',(0.535852348441,-90.96832215318));
#12710 = CARTESIAN_POINT('',(0.544712034073,-91.03419366006));
#12711 = CARTESIAN_POINT('',(0.55314876229,-91.11914886642));
#12712 = CARTESIAN_POINT('',(0.561062192097,-91.22135238654));
#12713 = CARTESIAN_POINT('',(0.568364290819,-91.33876312149));
#12714 = CARTESIAN_POINT('',(0.579620110447,-91.56052038598));
#12715 = CARTESIAN_POINT('',(0.583934947451,-91.6585117875));
#12716 = CARTESIAN_POINT('',(0.587904013156,-91.76252750962));
#12717 = CARTESIAN_POINT('',(0.591505970686,-91.87194712317));
#12718 = CARTESIAN_POINT('',(0.594721820997,-91.9861438332));
#12719 = CARTESIAN_POINT('',(0.597534885296,-92.10448596496));
#12720 = CARTESIAN_POINT('',(0.599930787472,-92.22633844993));
#12721 = CARTESIAN_POINT('',(0.606832367875,-92.66404011543));
#12722 = CARTESIAN_POINT('',(0.609044120385,-92.99382013062));
#12723 = CARTESIAN_POINT('',(0.608365909721,-93.32914680143));
#12724 = CARTESIAN_POINT('',(0.604770757126,-93.6586971222));
#12725 = CARTESIAN_POINT('',(0.598364305005,-93.97129408169));
#12726 = CARTESIAN_POINT('',(0.589386260619,-94.25578628413));
#12727 = CARTESIAN_POINT('',(0.5782090411,-94.50136989866));
#12728 = CARTESIAN_POINT('',(0.556897831037,-94.82823163077));
#12729 = CARTESIAN_POINT('',(0.547624324359,-94.93870504736));
#12730 = CARTESIAN_POINT('',(0.537649222238,-95.02625569347));
#12731 = CARTESIAN_POINT('',(0.527152906648,-95.08756529276));
#12732 = CARTESIAN_POINT('',(0.516337872766,-95.12014889118));
#12733 = CARTESIAN_POINT('',(0.505417241564,-95.12239667221));
#12734 = CARTESIAN_POINT('',(0.494606775009,-95.09360864768));
#12735 = CARTESIAN_POINT('',(0.472819995668,-94.96983180531));
#12736 = CARTESIAN_POINT('',(0.462127533962,-94.87121228121));
#12737 = CARTESIAN_POINT('',(0.452263679205,-94.74094295827));
#12738 = CARTESIAN_POINT('',(0.443416445053,-94.58270659557));
#12739 = CARTESIAN_POINT('',(0.435737843894,-94.40108323632));
#12740 = CARTESIAN_POINT('',(0.42933620565,-94.20148054806));
#12741 = CARTESIAN_POINT('',(0.42426377708,-93.98997822107));
#12742 = CARTESIAN_POINT('',(0.41583865448,-93.50433655695));
#12743 = CARTESIAN_POINT('',(0.41310589236,-93.2226821115));
#12744 = CARTESIAN_POINT('',(0.412292383572,-92.93458624012));
#12745 = CARTESIAN_POINT('',(0.413397605589,-92.64596029282));
#12746 = CARTESIAN_POINT('',(0.416425492842,-92.36273907201));
#12747 = CARTESIAN_POINT('',(0.421382159597,-92.09112279177));
#12748 = CARTESIAN_POINT('',(0.428272897483,-91.83789431211));
#12749 = CARTESIAN_POINT('',(0.443356808033,-91.45037414256));
#12750 = CARTESIAN_POINT('',(0.45061396724,-91.30231983816));
#12751 = CARTESIAN_POINT('',(0.458794097989,-91.17232422076));
#12752 = CARTESIAN_POINT('',(0.467769360567,-91.06460356238));
#12753 = CARTESIAN_POINT('',(0.477370932671,-90.98225262462));
#12754 = CARTESIAN_POINT('',(0.487400886876,-90.92717309158));
#12755 = CARTESIAN_POINT('',(0.497642720905,-90.9));
#12756 = CARTESIAN_POINT('',(0.507871757316,-90.9));
#12757 = ( GEOMETRIC_REPRESENTATION_CONTEXT(2) 
PARAMETRIC_REPRESENTATION_CONTEXT() REPRESENTATION_CONTEXT('2D SPACE',''
  ) );
#12758 = PCURVE('',#12759,#12764);
#12759 = CYLINDRICAL_SURFACE('',#12760,2.1);
#12760 = AXIS2_PLACEMENT_3D('',#12761,#12762,#12763);
#12761 = CARTESIAN_POINT('',(-93.,339.6,113.));
#12762 = DIRECTION('',(0.,-1.,2.22044604925E-16));
#12763 = DIRECTION('',(1.,0.,0.));
#12764 = DEFINITIONAL_REPRESENTATION('',(#12765),#12817);
#12765 = B_SPLINE_CURVE_WITH_KNOTS('',8,(#12766,#12767,#12768,#12769,
    #12770,#12771,#12772,#12773,#12774,#12775,#12776,#12777,#12778,
    #12779,#12780,#12781,#12782,#12783,#12784,#12785,#12786,#12787,
    #12788,#12789,#12790,#12791,#12792,#12793,#12794,#12795,#12796,
    #12797,#12798,#12799,#12800,#12801,#12802,#12803,#12804,#12805,
    #12806,#12807,#12808,#12809,#12810,#12811,#12812,#12813,#12814,
    #12815,#12816),.UNSPECIFIED.,.F.,.F.,(9,7,7,7,7,7,7,9),(0.,
    0.118012273389,0.200686540212,0.408141872308,0.543909976557,
    0.690179745089,0.871384563604,1.),.UNSPECIFIED.);
#12766 = CARTESIAN_POINT('',(0.,2.75546274989));
#12767 = CARTESIAN_POINT('',(9.819017399171E-02,2.87022669805));
#12768 = CARTESIAN_POINT('',(0.195052195304,2.986351333784));
#12769 = CARTESIAN_POINT('',(0.290734358689,3.102249525372));
#12770 = CARTESIAN_POINT('',(0.385340778539,3.216252632371));
#12771 = CARTESIAN_POINT('',(0.478942393855,3.326649832591));
#12772 = CARTESIAN_POINT('',(0.571581578957,3.431751486394));
#12773 = CARTESIAN_POINT('',(0.663270359939,3.5299765383));
#12774 = CARTESIAN_POINT('',(0.817531033112,3.683005227505));
#12775 = CARTESIAN_POINT('',(0.880781557896,3.742183426696));
#12776 = CARTESIAN_POINT('',(0.94378017867,3.797048337234));
#12777 = CARTESIAN_POINT('',(1.00657292108,3.84718161398));
#12778 = CARTESIAN_POINT('',(1.069206244045,3.892201856416));
#12779 = CARTESIAN_POINT('',(1.131727814847,3.931769682131));
#12780 = CARTESIAN_POINT('',(1.19418728422,3.965592800321));
#12781 = CARTESIAN_POINT('',(1.413342887441,4.06328596117));
#12782 = CARTESIAN_POINT('',(1.569343597991,4.095167355076));
#12783 = CARTESIAN_POINT('',(1.72501103348,4.085603379029));
#12784 = CARTESIAN_POINT('',(1.880813122323,4.033863965912));
#12785 = CARTESIAN_POINT('',(2.037193645343,3.942222140265));
#12786 = CARTESIAN_POINT('',(2.194557075388,3.815875390611));
#12787 = CARTESIAN_POINT('',(2.353217457573,3.662183524325));
#12788 = CARTESIAN_POINT('',(2.618022406757,3.376777037234));
#12789 = CARTESIAN_POINT('',(2.724781120858,3.254297981399));
#12790 = CARTESIAN_POINT('',(2.833139170053,3.124749287067));
#12791 = CARTESIAN_POINT('',(2.942849110311,2.991094585243));
#12792 = CARTESIAN_POINT('',(3.053756177152,2.856379580593));
#12793 = CARTESIAN_POINT('',(3.165765928739,2.72346866445));
#12794 = CARTESIAN_POINT('',(3.278828825205,2.594899425832));
#12795 = CARTESIAN_POINT('',(3.515836265208,2.341394572565));
#12796 = CARTESIAN_POINT('',(3.63742234331,2.220208676261));
#12797 = CARTESIAN_POINT('',(3.757742853923,2.111311075149));
#12798 = CARTESIAN_POINT('',(3.876781827861,2.015988415743));
#12799 = CARTESIAN_POINT('',(3.994415029509,1.934942031933));
#12800 = CARTESIAN_POINT('',(4.110395781705,1.868423145176));
#12801 = CARTESIAN_POINT('',(4.224302723074,1.816287343343));
#12802 = CARTESIAN_POINT('',(4.473026947448,1.730305280002));
#12803 = CARTESIAN_POINT('',(4.60870654132,1.702983168822));
#12804 = CARTESIAN_POINT('',(4.74351315554,1.694995070478));
#12805 = CARTESIAN_POINT('',(4.878304477614,1.705993676415));
#12806 = CARTESIAN_POINT('',(5.013906968614,1.736141194678));
#12807 = CARTESIAN_POINT('',(5.151173978538,1.786099949547));
#12808 = CARTESIAN_POINT('',(5.291072326182,1.857008076318));
#12809 = CARTESIAN_POINT('',(5.537080446235,2.016637104718));
#12810 = CARTESIAN_POINT('',(5.641578104876,2.094452807841));
#12811 = CARTESIAN_POINT('',(5.74759552105,2.18361099215));
#12812 = CARTESIAN_POINT('',(5.854559098693,2.283376457344));
#12813 = CARTESIAN_POINT('',(5.962011969552,2.392501954332));
#12814 = CARTESIAN_POINT('',(6.069551729366,2.509190915106));
#12815 = CARTESIAN_POINT('',(6.176781227699,2.631098449828));
#12816 = CARTESIAN_POINT('',(6.28318530718,2.75546274989));
#12817 = ( GEOMETRIC_REPRESENTATION_CONTEXT(2) 
PARAMETRIC_REPRESENTATION_CONTEXT() REPRESENTATION_CONTEXT('2D SPACE',''
  ) );
#12818 = ORIENTED_EDGE('',*,*,#12819,.T.);
#12819 = EDGE_CURVE('',#12648,#12820,#12822,.T.);
#12820 = VERTEX_POINT('',#12821);
#12821 = CARTESIAN_POINT('',(-88.,337.5,111.73927909402));
#12822 = SURFACE_CURVE('',#12823,(#12827,#12833),.PCURVE_S1.);
#12823 = LINE('',#12824,#12825);
#12824 = CARTESIAN_POINT('',(0.,337.5,111.73927909402));
#12825 = VECTOR('',#12826,1.);
#12826 = DIRECTION('',(1.,0.,0.));
#12827 = PCURVE('',#8465,#12828);
#12828 = DEFINITIONAL_REPRESENTATION('',(#12829),#12832);
#12829 = B_SPLINE_CURVE_WITH_KNOTS('',1,(#12830,#12831),.UNSPECIFIED.,
  .F.,.F.,(2,2),(-99.,-87.),.PIECEWISE_BEZIER_KNOTS.);
#12830 = CARTESIAN_POINT('',(0.451026811796,-99.));
#12831 = CARTESIAN_POINT('',(0.451026811796,-87.));
#12832 = ( GEOMETRIC_REPRESENTATION_CONTEXT(2) 
PARAMETRIC_REPRESENTATION_CONTEXT() REPRESENTATION_CONTEXT('2D SPACE',''
  ) );
#12833 = PCURVE('',#12636,#12834);
#12834 = DEFINITIONAL_REPRESENTATION('',(#12835),#12838);
#12835 = B_SPLINE_CURVE_WITH_KNOTS('',1,(#12836,#12837),.UNSPECIFIED.,
  .F.,.F.,(2,2),(-99.,-87.),.PIECEWISE_BEZIER_KNOTS.);
#12836 = CARTESIAN_POINT('',(3.739279094025,-1.));
#12837 = CARTESIAN_POINT('',(3.739279094025,11.));
#12838 = ( GEOMETRIC_REPRESENTATION_CONTEXT(2) 
PARAMETRIC_REPRESENTATION_CONTEXT() REPRESENTATION_CONTEXT('2D SPACE',''
  ) );
#12839 = ORIENTED_EDGE('',*,*,#12840,.T.);
#12840 = EDGE_CURVE('',#12820,#12841,#12843,.T.);
#12841 = VERTEX_POINT('',#12842);
#12842 = CARTESIAN_POINT('',(-88.,333.1825225154,118.));
#12843 = SURFACE_CURVE('',#12844,(#12849,#12856),.PCURVE_S1.);
#12844 = CIRCLE('',#12845,25.);
#12845 = AXIS2_PLACEMENT_3D('',#12846,#12847,#12848);
#12846 = CARTESIAN_POINT('',(-88.,315.,100.84203173517));
#12847 = DIRECTION('',(1.,0.,0.));
#12848 = DIRECTION('',(-0.,1.,0.));
#12849 = PCURVE('',#8465,#12850);
#12850 = DEFINITIONAL_REPRESENTATION('',(#12851),#12855);
#12851 = LINE('',#12852,#12853);
#12852 = CARTESIAN_POINT('',(0.,-88.));
#12853 = VECTOR('',#12854,1.);
#12854 = DIRECTION('',(1.,0.));
#12855 = ( GEOMETRIC_REPRESENTATION_CONTEXT(2) 
PARAMETRIC_REPRESENTATION_CONTEXT() REPRESENTATION_CONTEXT('2D SPACE',''
  ) );
#12856 = PCURVE('',#12857,#12862);
#12857 = PLANE('',#12858);
#12858 = AXIS2_PLACEMENT_3D('',#12859,#12860,#12861);
#12859 = CARTESIAN_POINT('',(-88.,331.5,108.));
#12860 = DIRECTION('',(1.,0.,-0.));
#12861 = DIRECTION('',(0.,0.,1.));
#12862 = DEFINITIONAL_REPRESENTATION('',(#12863),#12867);
#12863 = CIRCLE('',#12864,25.);
#12864 = AXIS2_PLACEMENT_2D('',#12865,#12866);
#12865 = CARTESIAN_POINT('',(-7.157968264827,16.5));
#12866 = DIRECTION('',(0.,-1.));
#12867 = ( GEOMETRIC_REPRESENTATION_CONTEXT(2) 
PARAMETRIC_REPRESENTATION_CONTEXT() REPRESENTATION_CONTEXT('2D SPACE',''
  ) );
#12868 = ORIENTED_EDGE('',*,*,#12869,.F.);
#12869 = EDGE_CURVE('',#12593,#12841,#12870,.T.);
#12870 = SURFACE_CURVE('',#12871,(#12875,#12881),.PCURVE_S1.);
#12871 = LINE('',#12872,#12873);
#12872 = CARTESIAN_POINT('',(0.,333.1825225154,118.));
#12873 = VECTOR('',#12874,1.);
#12874 = DIRECTION('',(1.,0.,0.));
#12875 = PCURVE('',#8465,#12876);
#12876 = DEFINITIONAL_REPRESENTATION('',(#12877),#12880);
#12877 = B_SPLINE_CURVE_WITH_KNOTS('',1,(#12878,#12879),.UNSPECIFIED.,
  .F.,.F.,(2,2),(-99.,-87.),.PIECEWISE_BEZIER_KNOTS.);
#12878 = CARTESIAN_POINT('',(0.75641533562,-99.));
#12879 = CARTESIAN_POINT('',(0.75641533562,-87.));
#12880 = ( GEOMETRIC_REPRESENTATION_CONTEXT(2) 
PARAMETRIC_REPRESENTATION_CONTEXT() REPRESENTATION_CONTEXT('2D SPACE',''
  ) );
#12881 = PCURVE('',#12882,#12887);
#12882 = PLANE('',#12883);
#12883 = AXIS2_PLACEMENT_3D('',#12884,#12885,#12886);
#12884 = CARTESIAN_POINT('',(-98.,331.5,118.));
#12885 = DIRECTION('',(0.,0.,1.));
#12886 = DIRECTION('',(1.,0.,-0.));
#12887 = DEFINITIONAL_REPRESENTATION('',(#12888),#12891);
#12888 = B_SPLINE_CURVE_WITH_KNOTS('',1,(#12889,#12890),.UNSPECIFIED.,
  .F.,.F.,(2,2),(-99.,-87.),.PIECEWISE_BEZIER_KNOTS.);
#12889 = CARTESIAN_POINT('',(-1.,1.682522515404));
#12890 = CARTESIAN_POINT('',(11.,1.682522515404));
#12891 = ( GEOMETRIC_REPRESENTATION_CONTEXT(2) 
PARAMETRIC_REPRESENTATION_CONTEXT() REPRESENTATION_CONTEXT('2D SPACE',''
  ) );
#12892 = FACE_BOUND('',#12893,.T.);
#12893 = EDGE_LOOP('',(#12894,#12925,#12951,#13123,#13144,#13173));
#12894 = ORIENTED_EDGE('',*,*,#12895,.F.);
#12895 = EDGE_CURVE('',#12896,#12898,#12900,.T.);
#12896 = VERTEX_POINT('',#12897);
#12897 = CARTESIAN_POINT('',(88.,337.5,111.73927909402));
#12898 = VERTEX_POINT('',#12899);
#12899 = CARTESIAN_POINT('',(88.,333.1825225154,118.));
#12900 = SURFACE_CURVE('',#12901,(#12906,#12913),.PCURVE_S1.);
#12901 = CIRCLE('',#12902,25.);
#12902 = AXIS2_PLACEMENT_3D('',#12903,#12904,#12905);
#12903 = CARTESIAN_POINT('',(88.,315.,100.84203173517));
#12904 = DIRECTION('',(1.,0.,0.));
#12905 = DIRECTION('',(-0.,1.,0.));
#12906 = PCURVE('',#8465,#12907);
#12907 = DEFINITIONAL_REPRESENTATION('',(#12908),#12912);
#12908 = LINE('',#12909,#12910);
#12909 = CARTESIAN_POINT('',(0.,88.));
#12910 = VECTOR('',#12911,1.);
#12911 = DIRECTION('',(1.,0.));
#12912 = ( GEOMETRIC_REPRESENTATION_CONTEXT(2) 
PARAMETRIC_REPRESENTATION_CONTEXT() REPRESENTATION_CONTEXT('2D SPACE',''
  ) );
#12913 = PCURVE('',#12914,#12919);
#12914 = PLANE('',#12915);
#12915 = AXIS2_PLACEMENT_3D('',#12916,#12917,#12918);
#12916 = CARTESIAN_POINT('',(88.,331.5,108.));
#12917 = DIRECTION('',(1.,0.,-0.));
#12918 = DIRECTION('',(0.,0.,1.));
#12919 = DEFINITIONAL_REPRESENTATION('',(#12920),#12924);
#12920 = CIRCLE('',#12921,25.);
#12921 = AXIS2_PLACEMENT_2D('',#12922,#12923);
#12922 = CARTESIAN_POINT('',(-7.157968264827,16.5));
#12923 = DIRECTION('',(0.,-1.));
#12924 = ( GEOMETRIC_REPRESENTATION_CONTEXT(2) 
PARAMETRIC_REPRESENTATION_CONTEXT() REPRESENTATION_CONTEXT('2D SPACE',''
  ) );
#12925 = ORIENTED_EDGE('',*,*,#12926,.T.);
#12926 = EDGE_CURVE('',#12896,#12927,#12929,.T.);
#12927 = VERTEX_POINT('',#12928);
#12928 = CARTESIAN_POINT('',(91.320540921237,337.5,111.73927909402));
#12929 = SURFACE_CURVE('',#12930,(#12934,#12940),.PCURVE_S1.);
#12930 = LINE('',#12931,#12932);
#12931 = CARTESIAN_POINT('',(0.,337.5,111.73927909402));
#12932 = VECTOR('',#12933,1.);
#12933 = DIRECTION('',(1.,0.,0.));
#12934 = PCURVE('',#8465,#12935);
#12935 = DEFINITIONAL_REPRESENTATION('',(#12936),#12939);
#12936 = B_SPLINE_CURVE_WITH_KNOTS('',1,(#12937,#12938),.UNSPECIFIED.,
  .F.,.F.,(2,2),(87.,99.),.PIECEWISE_BEZIER_KNOTS.);
#12937 = CARTESIAN_POINT('',(0.451026811796,87.));
#12938 = CARTESIAN_POINT('',(0.451026811796,99.));
#12939 = ( GEOMETRIC_REPRESENTATION_CONTEXT(2) 
PARAMETRIC_REPRESENTATION_CONTEXT() REPRESENTATION_CONTEXT('2D SPACE',''
  ) );
#12940 = PCURVE('',#12941,#12946);
#12941 = PLANE('',#12942);
#12942 = AXIS2_PLACEMENT_3D('',#12943,#12944,#12945);
#12943 = CARTESIAN_POINT('',(88.,337.5,108.));
#12944 = DIRECTION('',(-0.,1.,0.));
#12945 = DIRECTION('',(0.,0.,1.));
#12946 = DEFINITIONAL_REPRESENTATION('',(#12947),#12950);
#12947 = B_SPLINE_CURVE_WITH_KNOTS('',1,(#12948,#12949),.UNSPECIFIED.,
  .F.,.F.,(2,2),(87.,99.),.PIECEWISE_BEZIER_KNOTS.);
#12948 = CARTESIAN_POINT('',(3.739279094025,-1.));
#12949 = CARTESIAN_POINT('',(3.739279094025,11.));
#12950 = ( GEOMETRIC_REPRESENTATION_CONTEXT(2) 
PARAMETRIC_REPRESENTATION_CONTEXT() REPRESENTATION_CONTEXT('2D SPACE',''
  ) );
#12951 = ORIENTED_EDGE('',*,*,#12952,.T.);
#12952 = EDGE_CURVE('',#12927,#12953,#12955,.T.);
#12953 = VERTEX_POINT('',#12954);
#12954 = CARTESIAN_POINT('',(94.679459078763,337.5,111.73927909402));
#12955 = SURFACE_CURVE('',#12956,(#13008,#13063),.PCURVE_S1.);
#12956 = B_SPLINE_CURVE_WITH_KNOTS('',8,(#12957,#12958,#12959,#12960,
    #12961,#12962,#12963,#12964,#12965,#12966,#12967,#12968,#12969,
    #12970,#12971,#12972,#12973,#12974,#12975,#12976,#12977,#12978,
    #12979,#12980,#12981,#12982,#12983,#12984,#12985,#12986,#12987,
    #12988,#12989,#12990,#12991,#12992,#12993,#12994,#12995,#12996,
    #12997,#12998,#12999,#13000,#13001,#13002,#13003,#13004,#13005,
    #13006,#13007),.UNSPECIFIED.,.T.,.F.,(9,7,7,7,7,7,7,9),(0.,
    0.118012274244,0.200686540986,0.408141872882,0.543909976999,
    0.690179745389,0.871384563729,1.),.UNSPECIFIED.);
#12957 = CARTESIAN_POINT('',(95.1,336.84453725011,113.));
#12958 = CARTESIAN_POINT('',(95.1,336.72977330292,113.20619936363));
#12959 = CARTESIAN_POINT('',(95.076860957878,336.61364866461,
    113.40960932843));
#12960 = CARTESIAN_POINT('',(95.031677847317,336.49775047453,
    113.60751336371));
#12961 = CARTESIAN_POINT('',(94.965806340852,336.38374736908,
    113.79744188729));
#12962 = CARTESIAN_POINT('',(94.880851133104,336.27335016753,
    113.97718328917));
#12963 = CARTESIAN_POINT('',(94.778647612229,336.16824851212,
    114.14480492583));
#12964 = CARTESIAN_POINT('',(94.661236879579,336.07002346243,
    114.29868408524));
#12965 = CARTESIAN_POINT('',(94.439479614012,335.91699477249,
    114.53483158788));
#12966 = CARTESIAN_POINT('',(94.341488212492,335.8578165733,
    114.62502284052));
#12967 = CARTESIAN_POINT('',(94.237472490376,335.80295166276,
    114.70770396673));
#12968 = CARTESIAN_POINT('',(94.128052876823,335.75281838602,
    114.78250869578));
#12969 = CARTESIAN_POINT('',(94.013856166794,335.70779814358,
    114.84911864551));
#12970 = CARTESIAN_POINT('',(93.895514035035,335.66823031786,
    114.90725876797));
#12971 = CARTESIAN_POINT('',(93.773661550069,335.63440719967,
    114.95669279506));
#12972 = CARTESIAN_POINT('',(93.335959884564,335.53671403883,
    115.09891068726));
#12973 = CARTESIAN_POINT('',(93.00617986938,335.50483264492,
    115.1440933774));
#12974 = CARTESIAN_POINT('',(92.670853198565,335.51439662097,
    115.13008676099));
#12975 = CARTESIAN_POINT('',(92.341302877795,335.56613603408,
    115.05659726569));
#12976 = CARTESIAN_POINT('',(92.028705918306,335.65777785973,
    114.92524796722));
#12977 = CARTESIAN_POINT('',(91.744213715866,335.78412460938,
    114.73969010543));
#12978 = CARTESIAN_POINT('',(91.498630101339,335.93781647567,
    114.50627501062));
#12979 = CARTESIAN_POINT('',(91.171768369224,336.22322296276,
    114.05638843204));
#12980 = CARTESIAN_POINT('',(91.061294952635,336.3457020186,
    113.85953383978));
#12981 = CARTESIAN_POINT('',(90.973744306525,336.47525071293,
    113.64641984844));
#12982 = CARTESIAN_POINT('',(90.912434707231,336.60890541475,
    113.42055544879));
#12983 = CARTESIAN_POINT('',(90.879851108815,336.7436204194,
    113.18607845786));
#12984 = CARTESIAN_POINT('',(90.877603327783,336.87653133555,
    112.94755744519));
#12985 = CARTESIAN_POINT('',(90.906391352314,337.00510057416,
    112.7098156315));
#12986 = CARTESIAN_POINT('',(91.030168194689,337.25860542743,
    112.22773665905));
#12987 = CARTESIAN_POINT('',(91.128787718789,337.37979132373,
    111.98944542206));
#12988 = CARTESIAN_POINT('',(91.25905704173,337.48868892485,
    111.76815873267));
#12989 = CARTESIAN_POINT('',(91.41729340443,337.58401158425,
    111.56854598121));
#12990 = CARTESIAN_POINT('',(91.598916763672,337.66505796806,
    111.39451676806));
#12991 = CARTESIAN_POINT('',(91.798519451937,337.73157685482,
    111.24895115296));
#12992 = CARTESIAN_POINT('',(92.010021778926,337.78371265665,
    111.13335276107));
#12993 = CARTESIAN_POINT('',(92.495663443042,337.86969471999,
    110.94107362401));
#12994 = CARTESIAN_POINT('',(92.777317888493,337.89701683117,
    110.87845269718));
#12995 = CARTESIAN_POINT('',(93.065413759871,337.90500492952,
    110.85975044579));
#12996 = CARTESIAN_POINT('',(93.354039707179,337.89400632358,
    110.88509752215));
#12997 = CARTESIAN_POINT('',(93.637260927981,337.86385880532,
    110.95453041605));
#12998 = CARTESIAN_POINT('',(93.908877208226,337.81390005045,
    111.06793456016));
#12999 = CARTESIAN_POINT('',(94.16210568789,337.74299192368,
    111.22494857928));
#13000 = CARTESIAN_POINT('',(94.549625857438,337.58336289528,
    111.56659356567));
#13001 = CARTESIAN_POINT('',(94.697680161833,337.50554719215,
    111.73049133093));
#13002 = CARTESIAN_POINT('',(94.827675779231,337.41638900785,
    111.91454739082));
#13003 = CARTESIAN_POINT('',(94.935396437618,337.31662354265,
    112.11555507966));
#13004 = CARTESIAN_POINT('',(95.017747375373,337.20749804566,
    112.32939126065));
#13005 = CARTESIAN_POINT('',(95.072826908413,337.09080908489,
    112.55136945988));
#13006 = CARTESIAN_POINT('',(95.1,336.96890155017,112.77655143309));
#13007 = CARTESIAN_POINT('',(95.1,336.84453725011,113.));
#13008 = PCURVE('',#8465,#13009);
#13009 = DEFINITIONAL_REPRESENTATION('',(#13010),#13062);
#13010 = B_SPLINE_CURVE_WITH_KNOTS('',8,(#13011,#13012,#13013,#13014,
    #13015,#13016,#13017,#13018,#13019,#13020,#13021,#13022,#13023,
    #13024,#13025,#13026,#13027,#13028,#13029,#13030,#13031,#13032,
    #13033,#13034,#13035,#13036,#13037,#13038,#13039,#13040,#13041,
    #13042,#13043,#13044,#13045,#13046,#13047,#13048,#13049,#13050,
    #13051,#13052,#13053,#13054,#13055,#13056,#13057,#13058,#13059,
    #13060,#13061),.UNSPECIFIED.,.T.,.F.,(9,7,7,7,7,7,7,9),(0.,
    0.118012274244,0.200686540986,0.408141872882,0.543909976999,
    0.690179745389,0.871384563729,1.),.UNSPECIFIED.);
#13011 = CARTESIAN_POINT('',(0.507871757316,95.1));
#13012 = CARTESIAN_POINT('',(0.517311159089,95.1));
#13013 = CARTESIAN_POINT('',(0.526679538889,95.076860957878));
#13014 = CARTESIAN_POINT('',(0.535852348452,95.031677847317));
#13015 = CARTESIAN_POINT('',(0.544712033959,94.965806340852));
#13016 = CARTESIAN_POINT('',(0.553148762277,94.880851133104));
#13017 = CARTESIAN_POINT('',(0.561062192211,94.778647612229));
#13018 = CARTESIAN_POINT('',(0.568364290765,94.661236879579));
#13019 = CARTESIAN_POINT('',(0.579620110447,94.439479614012));
#13020 = CARTESIAN_POINT('',(0.583934947451,94.341488212492));
#13021 = CARTESIAN_POINT('',(0.587904013156,94.237472490376));
#13022 = CARTESIAN_POINT('',(0.591505970686,94.128052876823));
#13023 = CARTESIAN_POINT('',(0.594721820997,94.013856166794));
#13024 = CARTESIAN_POINT('',(0.597534885296,93.895514035035));
#13025 = CARTESIAN_POINT('',(0.599930787472,93.773661550069));
#13026 = CARTESIAN_POINT('',(0.606832367875,93.335959884564));
#13027 = CARTESIAN_POINT('',(0.609044120385,93.00617986938));
#13028 = CARTESIAN_POINT('',(0.608365909721,92.670853198565));
#13029 = CARTESIAN_POINT('',(0.604770757126,92.341302877795));
#13030 = CARTESIAN_POINT('',(0.598364305005,92.028705918306));
#13031 = CARTESIAN_POINT('',(0.589386260619,91.744213715866));
#13032 = CARTESIAN_POINT('',(0.5782090411,91.498630101339));
#13033 = CARTESIAN_POINT('',(0.556897831037,91.171768369224));
#13034 = CARTESIAN_POINT('',(0.547624324359,91.061294952635));
#13035 = CARTESIAN_POINT('',(0.537649222238,90.973744306525));
#13036 = CARTESIAN_POINT('',(0.527152906648,90.912434707231));
#13037 = CARTESIAN_POINT('',(0.516337872766,90.879851108815));
#13038 = CARTESIAN_POINT('',(0.505417241564,90.877603327783));
#13039 = CARTESIAN_POINT('',(0.494606775009,90.906391352314));
#13040 = CARTESIAN_POINT('',(0.472819995668,91.030168194689));
#13041 = CARTESIAN_POINT('',(0.462127533962,91.128787718789));
#13042 = CARTESIAN_POINT('',(0.452263679205,91.25905704173));
#13043 = CARTESIAN_POINT('',(0.443416445053,91.41729340443));
#13044 = CARTESIAN_POINT('',(0.435737843894,91.598916763672));
#13045 = CARTESIAN_POINT('',(0.42933620565,91.798519451937));
#13046 = CARTESIAN_POINT('',(0.42426377708,92.010021778926));
#13047 = CARTESIAN_POINT('',(0.41583865448,92.495663443042));
#13048 = CARTESIAN_POINT('',(0.41310589236,92.777317888493));
#13049 = CARTESIAN_POINT('',(0.412292383572,93.065413759871));
#13050 = CARTESIAN_POINT('',(0.413397605589,93.354039707179));
#13051 = CARTESIAN_POINT('',(0.416425492842,93.637260927981));
#13052 = CARTESIAN_POINT('',(0.421382159597,93.908877208226));
#13053 = CARTESIAN_POINT('',(0.428272897483,94.16210568789));
#13054 = CARTESIAN_POINT('',(0.443356808033,94.549625857438));
#13055 = CARTESIAN_POINT('',(0.45061396724,94.697680161833));
#13056 = CARTESIAN_POINT('',(0.458794097989,94.827675779231));
#13057 = CARTESIAN_POINT('',(0.467769360567,94.935396437618));
#13058 = CARTESIAN_POINT('',(0.477370932671,95.017747375373));
#13059 = CARTESIAN_POINT('',(0.487400886876,95.072826908413));
#13060 = CARTESIAN_POINT('',(0.497642720905,95.1));
#13061 = CARTESIAN_POINT('',(0.507871757316,95.1));
#13062 = ( GEOMETRIC_REPRESENTATION_CONTEXT(2) 
PARAMETRIC_REPRESENTATION_CONTEXT() REPRESENTATION_CONTEXT('2D SPACE',''
  ) );
#13063 = PCURVE('',#13064,#13069);
#13064 = CYLINDRICAL_SURFACE('',#13065,2.1);
#13065 = AXIS2_PLACEMENT_3D('',#13066,#13067,#13068);
#13066 = CARTESIAN_POINT('',(93.,339.6,113.));
#13067 = DIRECTION('',(0.,-1.,2.22044604925E-16));
#13068 = DIRECTION('',(1.,0.,0.));
#13069 = DEFINITIONAL_REPRESENTATION('',(#13070),#13122);
#13070 = B_SPLINE_CURVE_WITH_KNOTS('',8,(#13071,#13072,#13073,#13074,
    #13075,#13076,#13077,#13078,#13079,#13080,#13081,#13082,#13083,
    #13084,#13085,#13086,#13087,#13088,#13089,#13090,#13091,#13092,
    #13093,#13094,#13095,#13096,#13097,#13098,#13099,#13100,#13101,
    #13102,#13103,#13104,#13105,#13106,#13107,#13108,#13109,#13110,
    #13111,#13112,#13113,#13114,#13115,#13116,#13117,#13118,#13119,
    #13120,#13121),.UNSPECIFIED.,.F.,.F.,(9,7,7,7,7,7,7,9),(0.,
    0.118012274244,0.200686540986,0.408141872882,0.543909976999,
    0.690179745389,0.871384563729,1.),.UNSPECIFIED.);
#13071 = CARTESIAN_POINT('',(0.,2.75546274989));
#13072 = CARTESIAN_POINT('',(9.81901731616E-02,2.870226697079));
#13073 = CARTESIAN_POINT('',(0.19505219672,2.986351335382));
#13074 = CARTESIAN_POINT('',(0.29073435872,3.102249525462));
#13075 = CARTESIAN_POINT('',(0.385340777229,3.216252630916));
#13076 = CARTESIAN_POINT('',(0.478942393806,3.326649832468));
#13077 = CARTESIAN_POINT('',(0.57158158033,3.431751487878));
#13078 = CARTESIAN_POINT('',(0.663270359194,3.529976537561));
#13079 = CARTESIAN_POINT('',(0.817531033112,3.683005227505));
#13080 = CARTESIAN_POINT('',(0.880781557896,3.742183426696));
#13081 = CARTESIAN_POINT('',(0.94378017867,3.797048337234));
#13082 = CARTESIAN_POINT('',(1.00657292108,3.84718161398));
#13083 = CARTESIAN_POINT('',(1.069206244045,3.892201856416));
#13084 = CARTESIAN_POINT('',(1.131727814847,3.931769682131));
#13085 = CARTESIAN_POINT('',(1.19418728422,3.965592800321));
#13086 = CARTESIAN_POINT('',(1.413342887441,4.06328596117));
#13087 = CARTESIAN_POINT('',(1.569343597991,4.095167355076));
#13088 = CARTESIAN_POINT('',(1.72501103348,4.085603379029));
#13089 = CARTESIAN_POINT('',(1.880813122323,4.033863965912));
#13090 = CARTESIAN_POINT('',(2.037193645343,3.942222140265));
#13091 = CARTESIAN_POINT('',(2.194557075388,3.815875390611));
#13092 = CARTESIAN_POINT('',(2.353217457573,3.662183524325));
#13093 = CARTESIAN_POINT('',(2.618022406757,3.376777037234));
#13094 = CARTESIAN_POINT('',(2.724781120858,3.254297981399));
#13095 = CARTESIAN_POINT('',(2.833139170053,3.124749287067));
#13096 = CARTESIAN_POINT('',(2.942849110311,2.991094585243));
#13097 = CARTESIAN_POINT('',(3.053756177152,2.856379580593));
#13098 = CARTESIAN_POINT('',(3.165765928739,2.72346866445));
#13099 = CARTESIAN_POINT('',(3.278828825205,2.594899425832));
#13100 = CARTESIAN_POINT('',(3.515836265208,2.341394572565));
#13101 = CARTESIAN_POINT('',(3.63742234331,2.220208676261));
#13102 = CARTESIAN_POINT('',(3.757742853923,2.111311075149));
#13103 = CARTESIAN_POINT('',(3.876781827861,2.015988415743));
#13104 = CARTESIAN_POINT('',(3.994415029509,1.934942031933));
#13105 = CARTESIAN_POINT('',(4.110395781705,1.868423145176));
#13106 = CARTESIAN_POINT('',(4.224302723074,1.816287343343));
#13107 = CARTESIAN_POINT('',(4.473026947448,1.730305280002));
#13108 = CARTESIAN_POINT('',(4.60870654132,1.702983168822));
#13109 = CARTESIAN_POINT('',(4.74351315554,1.694995070478));
#13110 = CARTESIAN_POINT('',(4.878304477614,1.705993676415));
#13111 = CARTESIAN_POINT('',(5.013906968614,1.736141194678));
#13112 = CARTESIAN_POINT('',(5.151173978538,1.786099949547));
#13113 = CARTESIAN_POINT('',(5.291072326182,1.857008076318));
#13114 = CARTESIAN_POINT('',(5.537080446235,2.016637104718));
#13115 = CARTESIAN_POINT('',(5.641578104876,2.094452807841));
#13116 = CARTESIAN_POINT('',(5.74759552105,2.18361099215));
#13117 = CARTESIAN_POINT('',(5.854559098693,2.283376457344));
#13118 = CARTESIAN_POINT('',(5.962011969552,2.392501954332));
#13119 = CARTESIAN_POINT('',(6.069551729366,2.509190915106));
#13120 = CARTESIAN_POINT('',(6.176781227699,2.631098449828));
#13121 = CARTESIAN_POINT('',(6.28318530718,2.75546274989));
#13122 = ( GEOMETRIC_REPRESENTATION_CONTEXT(2) 
PARAMETRIC_REPRESENTATION_CONTEXT() REPRESENTATION_CONTEXT('2D SPACE',''
  ) );
#13123 = ORIENTED_EDGE('',*,*,#13124,.T.);
#13124 = EDGE_CURVE('',#12953,#13125,#13127,.T.);
#13125 = VERTEX_POINT('',#13126);
#13126 = CARTESIAN_POINT('',(98.,337.5,111.73927909402));
#13127 = SURFACE_CURVE('',#13128,(#13132,#13138),.PCURVE_S1.);
#13128 = LINE('',#13129,#13130);
#13129 = CARTESIAN_POINT('',(0.,337.5,111.73927909402));
#13130 = VECTOR('',#13131,1.);
#13131 = DIRECTION('',(1.,0.,0.));
#13132 = PCURVE('',#8465,#13133);
#13133 = DEFINITIONAL_REPRESENTATION('',(#13134),#13137);
#13134 = B_SPLINE_CURVE_WITH_KNOTS('',1,(#13135,#13136),.UNSPECIFIED.,
  .F.,.F.,(2,2),(87.,99.),.PIECEWISE_BEZIER_KNOTS.);
#13135 = CARTESIAN_POINT('',(0.451026811796,87.));
#13136 = CARTESIAN_POINT('',(0.451026811796,99.));
#13137 = ( GEOMETRIC_REPRESENTATION_CONTEXT(2) 
PARAMETRIC_REPRESENTATION_CONTEXT() REPRESENTATION_CONTEXT('2D SPACE',''
  ) );
#13138 = PCURVE('',#12941,#13139);
#13139 = DEFINITIONAL_REPRESENTATION('',(#13140),#13143);
#13140 = B_SPLINE_CURVE_WITH_KNOTS('',1,(#13141,#13142),.UNSPECIFIED.,
  .F.,.F.,(2,2),(87.,99.),.PIECEWISE_BEZIER_KNOTS.);
#13141 = CARTESIAN_POINT('',(3.739279094025,-1.));
#13142 = CARTESIAN_POINT('',(3.739279094025,11.));
#13143 = ( GEOMETRIC_REPRESENTATION_CONTEXT(2) 
PARAMETRIC_REPRESENTATION_CONTEXT() REPRESENTATION_CONTEXT('2D SPACE',''
  ) );
#13144 = ORIENTED_EDGE('',*,*,#13145,.T.);
#13145 = EDGE_CURVE('',#13125,#13146,#13148,.T.);
#13146 = VERTEX_POINT('',#13147);
#13147 = CARTESIAN_POINT('',(98.,333.1825225154,118.));
#13148 = SURFACE_CURVE('',#13149,(#13154,#13161),.PCURVE_S1.);
#13149 = CIRCLE('',#13150,25.);
#13150 = AXIS2_PLACEMENT_3D('',#13151,#13152,#13153);
#13151 = CARTESIAN_POINT('',(98.,315.,100.84203173517));
#13152 = DIRECTION('',(1.,0.,0.));
#13153 = DIRECTION('',(-0.,1.,0.));
#13154 = PCURVE('',#8465,#13155);
#13155 = DEFINITIONAL_REPRESENTATION('',(#13156),#13160);
#13156 = LINE('',#13157,#13158);
#13157 = CARTESIAN_POINT('',(0.,98.));
#13158 = VECTOR('',#13159,1.);
#13159 = DIRECTION('',(1.,0.));
#13160 = ( GEOMETRIC_REPRESENTATION_CONTEXT(2) 
PARAMETRIC_REPRESENTATION_CONTEXT() REPRESENTATION_CONTEXT('2D SPACE',''
  ) );
#13161 = PCURVE('',#13162,#13167);
#13162 = PLANE('',#13163);
#13163 = AXIS2_PLACEMENT_3D('',#13164,#13165,#13166);
#13164 = CARTESIAN_POINT('',(98.,331.5,108.));
#13165 = DIRECTION('',(1.,0.,-0.));
#13166 = DIRECTION('',(0.,0.,1.));
#13167 = DEFINITIONAL_REPRESENTATION('',(#13168),#13172);
#13168 = CIRCLE('',#13169,25.);
#13169 = AXIS2_PLACEMENT_2D('',#13170,#13171);
#13170 = CARTESIAN_POINT('',(-7.157968264827,16.5));
#13171 = DIRECTION('',(0.,-1.));
#13172 = ( GEOMETRIC_REPRESENTATION_CONTEXT(2) 
PARAMETRIC_REPRESENTATION_CONTEXT() REPRESENTATION_CONTEXT('2D SPACE',''
  ) );
#13173 = ORIENTED_EDGE('',*,*,#13174,.F.);
#13174 = EDGE_CURVE('',#12898,#13146,#13175,.T.);
#13175 = SURFACE_CURVE('',#13176,(#13180,#13186),.PCURVE_S1.);
#13176 = LINE('',#13177,#13178);
#13177 = CARTESIAN_POINT('',(0.,333.1825225154,118.));
#13178 = VECTOR('',#13179,1.);
#13179 = DIRECTION('',(1.,0.,0.));
#13180 = PCURVE('',#8465,#13181);
#13181 = DEFINITIONAL_REPRESENTATION('',(#13182),#13185);
#13182 = B_SPLINE_CURVE_WITH_KNOTS('',1,(#13183,#13184),.UNSPECIFIED.,
  .F.,.F.,(2,2),(87.,99.),.PIECEWISE_BEZIER_KNOTS.);
#13183 = CARTESIAN_POINT('',(0.75641533562,87.));
#13184 = CARTESIAN_POINT('',(0.75641533562,99.));
#13185 = ( GEOMETRIC_REPRESENTATION_CONTEXT(2) 
PARAMETRIC_REPRESENTATION_CONTEXT() REPRESENTATION_CONTEXT('2D SPACE',''
  ) );
#13186 = PCURVE('',#13187,#13192);
#13187 = PLANE('',#13188);
#13188 = AXIS2_PLACEMENT_3D('',#13189,#13190,#13191);
#13189 = CARTESIAN_POINT('',(88.,331.5,118.));
#13190 = DIRECTION('',(0.,0.,1.));
#13191 = DIRECTION('',(1.,0.,-0.));
#13192 = DEFINITIONAL_REPRESENTATION('',(#13193),#13196);
#13193 = B_SPLINE_CURVE_WITH_KNOTS('',1,(#13194,#13195),.UNSPECIFIED.,
  .F.,.F.,(2,2),(87.,99.),.PIECEWISE_BEZIER_KNOTS.);
#13194 = CARTESIAN_POINT('',(-1.,1.682522515404));
#13195 = CARTESIAN_POINT('',(11.,1.682522515404));
#13196 = ( GEOMETRIC_REPRESENTATION_CONTEXT(2) 
PARAMETRIC_REPRESENTATION_CONTEXT() REPRESENTATION_CONTEXT('2D SPACE',''
  ) );
#13197 = ADVANCED_FACE('',(#13198),#8520,.T.);
#13198 = FACE_BOUND('',#13199,.T.);
#13199 = EDGE_LOOP('',(#13200,#13222,#13223,#13224));
#13200 = ORIENTED_EDGE('',*,*,#13201,.F.);
#13201 = EDGE_CURVE('',#12460,#13202,#13204,.T.);
#13202 = VERTEX_POINT('',#13203);
#13203 = CARTESIAN_POINT('',(162.85278712657,338.97499235098,
    100.84203173517));
#13204 = SURFACE_CURVE('',#13205,(#13210,#13216),.PCURVE_S1.);
#13205 = CIRCLE('',#13206,12.);
#13206 = AXIS2_PLACEMENT_3D('',#13207,#13208,#13209);
#13207 = CARTESIAN_POINT('',(158.,328.,100.84203173517));
#13208 = DIRECTION('',(0.,-0.,-1.));
#13209 = DIRECTION('',(0.,1.,-0.));
#13210 = PCURVE('',#8520,#13211);
#13211 = DEFINITIONAL_REPRESENTATION('',(#13212),#13215);
#13212 = B_SPLINE_CURVE_WITH_KNOTS('',1,(#13213,#13214),.UNSPECIFIED.,
  .F.,.F.,(2,2),(0.,1.570796326795),.PIECEWISE_BEZIER_KNOTS.);
#13213 = CARTESIAN_POINT('',(0.,0.));
#13214 = CARTESIAN_POINT('',(0.,1.570796326795));
#13215 = ( GEOMETRIC_REPRESENTATION_CONTEXT(2) 
PARAMETRIC_REPRESENTATION_CONTEXT() REPRESENTATION_CONTEXT('2D SPACE',''
  ) );
#13216 = PCURVE('',#10468,#13217);
#13217 = DEFINITIONAL_REPRESENTATION('',(#13218),#13221);
#13218 = B_SPLINE_CURVE_WITH_KNOTS('',1,(#13219,#13220),.UNSPECIFIED.,
  .F.,.F.,(2,2),(0.,1.570796326795),.PIECEWISE_BEZIER_KNOTS.);
#13219 = CARTESIAN_POINT('',(0.,93.842031735176));
#13220 = CARTESIAN_POINT('',(-1.570796326795,93.842031735176));
#13221 = ( GEOMETRIC_REPRESENTATION_CONTEXT(2) 
PARAMETRIC_REPRESENTATION_CONTEXT() REPRESENTATION_CONTEXT('2D SPACE',''
  ) );
#13222 = ORIENTED_EDGE('',*,*,#12459,.T.);
#13223 = ORIENTED_EDGE('',*,*,#8504,.T.);
#13224 = ORIENTED_EDGE('',*,*,#13225,.F.);
#13225 = EDGE_CURVE('',#13202,#8505,#13226,.T.);
#13226 = SURFACE_CURVE('',#13227,(#13266,#13308),.PCURVE_S1.);
#13227 = B_SPLINE_CURVE_WITH_KNOTS('',4,(#13228,#13229,#13230,#13231,
    #13232,#13233,#13234,#13235,#13236,#13237,#13238,#13239,#13240,
    #13241,#13242,#13243,#13244,#13245,#13246,#13247,#13248,#13249,
    #13250,#13251,#13252,#13253,#13254,#13255,#13256,#13257,#13258,
    #13259,#13260,#13261,#13262,#13263,#13264,#13265),.UNSPECIFIED.,.F.,
  .F.,(5,3,3,3,3,3,3,3,3,3,3,3,5),(0.,3.50596025231E-02,0.155459589749,
    0.185459599294,0.339859470662,0.428259487999,0.48025950386,
    0.546259522432,0.606659540121,0.705059552901,0.803459565682,
    0.901859578462,1.),.UNSPECIFIED.);
#13228 = CARTESIAN_POINT('',(162.85278712657,338.97499235098,
    100.84203173517));
#13229 = CARTESIAN_POINT('',(162.85278712657,338.97499235098,
    101.11683536249));
#13230 = CARTESIAN_POINT('',(162.85278712657,338.97079258406,
    101.39163899522));
#13231 = CARTESIAN_POINT('',(162.85278712657,338.96239305045,
    101.66634633451));
#13232 = CARTESIAN_POINT('',(162.85278712657,338.90654541332,
    102.8835867705));
#13233 = CARTESIAN_POINT('',(162.85278712657,338.81381498822,
    103.82404471268));
#13234 = CARTESIAN_POINT('',(162.85278712657,338.67178643042,
    104.75832944524));
#13235 = CARTESIAN_POINT('',(162.85278712657,338.43377258342,
    105.91291471485));
#13236 = CARTESIAN_POINT('',(162.85278712657,338.38328466588,
    106.14259684925));
#13237 = CARTESIAN_POINT('',(162.85278712657,338.32979719403,
    106.37159903927));
#13238 = CARTESIAN_POINT('',(162.85278712657,337.98267966577,
    107.77465844652));
#13239 = CARTESIAN_POINT('',(162.85278712657,337.61296346958,
    108.92990055178));
#13240 = CARTESIAN_POINT('',(162.85278712657,337.16616118762,
    110.05757165114));
#13241 = CARTESIAN_POINT('',(162.85278712657,336.34790826013,
    111.77579483407));
#13242 = CARTESIAN_POINT('',(162.85278712657,336.02588731332,
    112.3898961988));
#13243 = CARTESIAN_POINT('',(162.85278712657,335.68042434609,
    112.99112270739));
#13244 = CARTESIAN_POINT('',(162.85278712657,335.09582032619,
    113.92348386244));
#13245 = CARTESIAN_POINT('',(162.85278712657,334.87147284601,
    114.26389494513));
#13246 = CARTESIAN_POINT('',(162.85278712657,334.63946486702,
    114.59913186847));
#13247 = CARTESIAN_POINT('',(162.85278712657,334.09602083203,
    115.34754333999));
#13248 = CARTESIAN_POINT('',(162.85278712657,333.78001733295,
    115.75740152315));
#13249 = CARTESIAN_POINT('',(162.85278712657,333.4523482544,
    116.15799472915));
#13250 = CARTESIAN_POINT('',(162.85278712657,332.80327746889,
    116.9065174792));
#13251 = CARTESIAN_POINT('',(162.85278712657,332.48370284577,
    117.25603161252));
#13252 = CARTESIAN_POINT('',(162.85278712657,332.15503357272,
    117.59700753263));
#13253 = CARTESIAN_POINT('',(162.85278712657,331.26792837505,
    118.4701239037));
#13254 = CARTESIAN_POINT('',(162.85278712657,330.69502898177,
    118.9875705208));
#13255 = CARTESIAN_POINT('',(162.85278712657,330.1004423703,
    119.47994383227));
#13256 = CARTESIAN_POINT('',(162.85278712657,328.87129283969,
    120.41196689279));
#13257 = CARTESIAN_POINT('',(162.85278712657,328.23672851747,
    120.85161770575));
#13258 = CARTESIAN_POINT('',(162.85278712657,327.58387382958,
    121.26361949321));
#13259 = CARTESIAN_POINT('',(162.85278712657,326.24528444431,
    122.03020543855));
#13260 = CARTESIAN_POINT('',(162.85278712657,325.55954821894,
    122.38479047149));
#13261 = CARTESIAN_POINT('',(162.85278712657,324.85922092614,
    122.70960795769));
#13262 = CARTESIAN_POINT('',(162.85278712657,323.43520716838,
    123.29730444808));
#13263 = CARTESIAN_POINT('',(162.85278712657,322.71158558935,
    123.56034525873));
#13264 = CARTESIAN_POINT('',(162.85278712657,321.97736445134,
    123.79215979359));
#13265 = CARTESIAN_POINT('',(162.85278712657,321.23458646176,
    123.9921978227));
#13266 = PCURVE('',#8520,#13267);
#13267 = DEFINITIONAL_REPRESENTATION('',(#13268),#13307);
#13268 = B_SPLINE_CURVE_WITH_KNOTS('',4,(#13269,#13270,#13271,#13272,
    #13273,#13274,#13275,#13276,#13277,#13278,#13279,#13280,#13281,
    #13282,#13283,#13284,#13285,#13286,#13287,#13288,#13289,#13290,
    #13291,#13292,#13293,#13294,#13295,#13296,#13297,#13298,#13299,
    #13300,#13301,#13302,#13303,#13304,#13305,#13306),.UNSPECIFIED.,.F.,
  .F.,(5,3,3,3,3,3,3,3,3,3,3,3,5),(0.,3.50596025231E-02,0.155459589749,
    0.185459599294,0.339859470662,0.428259487999,0.48025950386,
    0.546259522432,0.606659540121,0.705059552901,0.803459565682,
    0.901859578462,1.),.UNSPECIFIED.);
#13269 = CARTESIAN_POINT('',(0.,0.416321525171));
#13270 = CARTESIAN_POINT('',(1.14620944734E-02,0.416321525171));
#13271 = CARTESIAN_POINT('',(2.292418903122E-02,0.416321525171));
#13272 = CARTESIAN_POINT('',(3.438628357605E-02,0.416321525171));
#13273 = CARTESIAN_POINT('',(8.521094721952E-02,0.416321525171));
#13274 = CARTESIAN_POINT('',(0.124573549912,0.416321525171));
#13275 = CARTESIAN_POINT('',(0.163936152604,0.416321525171));
#13276 = CARTESIAN_POINT('',(0.213106675055,0.416321525171));
#13277 = CARTESIAN_POINT('',(0.222914628375,0.416321525171));
#13278 = CARTESIAN_POINT('',(0.232722581695,0.416321525171));
#13279 = CARTESIAN_POINT('',(0.293008743124,0.416321525171));
#13280 = CARTESIAN_POINT('',(0.34348706766,0.416321525171));
#13281 = CARTESIAN_POINT('',(0.393965392197,0.416321525171));
#13282 = CARTESIAN_POINT('',(0.473344365833,0.416321525171));
#13283 = CARTESIAN_POINT('',(0.502245138477,0.416321525171));
#13284 = CARTESIAN_POINT('',(0.531145911121,0.416321525171));
#13285 = CARTESIAN_POINT('',(0.577047128758,0.416321525171));
#13286 = CARTESIAN_POINT('',(0.594047581404,0.416321525171));
#13287 = CARTESIAN_POINT('',(0.611048034049,0.416321525171));
#13288 = CARTESIAN_POINT('',(0.649625982631,0.416321525171));
#13289 = CARTESIAN_POINT('',(0.67120348073,0.416321525171));
#13290 = CARTESIAN_POINT('',(0.692780978828,0.416321525171));
#13291 = CARTESIAN_POINT('',(0.734105154055,0.416321525171));
#13292 = CARTESIAN_POINT('',(0.753851833906,0.416321525171));
#13293 = CARTESIAN_POINT('',(0.773598513757,0.416321525171));
#13294 = CARTESIAN_POINT('',(0.825515273271,0.416321525171));
#13295 = CARTESIAN_POINT('',(0.857685366219,0.416321525171));
#13296 = CARTESIAN_POINT('',(0.889855459166,0.416321525171));
#13297 = CARTESIAN_POINT('',(0.954195620622,0.416321525171));
#13298 = CARTESIAN_POINT('',(0.986365713569,0.416321525171));
#13299 = CARTESIAN_POINT('',(1.018535806517,0.416321525171));
#13300 = CARTESIAN_POINT('',(1.082875967972,0.416321525171));
#13301 = CARTESIAN_POINT('',(1.115046060919,0.416321525171));
#13302 = CARTESIAN_POINT('',(1.147216153867,0.416321525171));
#13303 = CARTESIAN_POINT('',(1.211471446723,0.416321525171));
#13304 = CARTESIAN_POINT('',(1.243556670906,0.416321525171));
#13305 = CARTESIAN_POINT('',(1.275641895099,0.416321525171));
#13306 = CARTESIAN_POINT('',(1.307727107221,0.416321525171));
#13307 = ( GEOMETRIC_REPRESENTATION_CONTEXT(2) 
PARAMETRIC_REPRESENTATION_CONTEXT() REPRESENTATION_CONTEXT('2D SPACE',''
  ) );
#13308 = PCURVE('',#8591,#13309);
#13309 = DEFINITIONAL_REPRESENTATION('',(#13310),#13349);
#13310 = B_SPLINE_CURVE_WITH_KNOTS('',4,(#13311,#13312,#13313,#13314,
    #13315,#13316,#13317,#13318,#13319,#13320,#13321,#13322,#13323,
    #13324,#13325,#13326,#13327,#13328,#13329,#13330,#13331,#13332,
    #13333,#13334,#13335,#13336,#13337,#13338,#13339,#13340,#13341,
    #13342,#13343,#13344,#13345,#13346,#13347,#13348),.UNSPECIFIED.,.F.,
  .F.,(5,3,3,3,3,3,3,3,3,3,3,3,5),(0.,3.50596025231E-02,0.155459589749,
    0.185459599294,0.339859470662,0.428259487999,0.48025950386,
    0.546259522432,0.606659540121,0.705059552901,0.803459565682,
    0.901859578462,1.),.UNSPECIFIED.);
#13311 = CARTESIAN_POINT('',(3.933349956506E-16,0.823463073534));
#13312 = CARTESIAN_POINT('',(-1.14620944734E-02,0.823463073534));
#13313 = CARTESIAN_POINT('',(-2.292418903122E-02,0.823463073534));
#13314 = CARTESIAN_POINT('',(-3.438628357605E-02,0.823463073534));
#13315 = CARTESIAN_POINT('',(-8.521094721952E-02,0.823463073534));
#13316 = CARTESIAN_POINT('',(-0.124573549912,0.823463073534));
#13317 = CARTESIAN_POINT('',(-0.163936152604,0.823463073534));
#13318 = CARTESIAN_POINT('',(-0.213106675055,0.823463073534));
#13319 = CARTESIAN_POINT('',(-0.222914628375,0.823463073534));
#13320 = CARTESIAN_POINT('',(-0.232722581695,0.823463073534));
#13321 = CARTESIAN_POINT('',(-0.293008743124,0.823463073534));
#13322 = CARTESIAN_POINT('',(-0.34348706766,0.823463073534));
#13323 = CARTESIAN_POINT('',(-0.393965392197,0.823463073534));
#13324 = CARTESIAN_POINT('',(-0.473344365833,0.823463073534));
#13325 = CARTESIAN_POINT('',(-0.502245138477,0.823463073534));
#13326 = CARTESIAN_POINT('',(-0.531145911121,0.823463073534));
#13327 = CARTESIAN_POINT('',(-0.577047128758,0.823463073534));
#13328 = CARTESIAN_POINT('',(-0.594047581404,0.823463073534));
#13329 = CARTESIAN_POINT('',(-0.611048034049,0.823463073534));
#13330 = CARTESIAN_POINT('',(-0.649625982631,0.823463073534));
#13331 = CARTESIAN_POINT('',(-0.67120348073,0.823463073534));
#13332 = CARTESIAN_POINT('',(-0.692780978828,0.823463073534));
#13333 = CARTESIAN_POINT('',(-0.734105154055,0.823463073534));
#13334 = CARTESIAN_POINT('',(-0.753851833906,0.823463073534));
#13335 = CARTESIAN_POINT('',(-0.773598513757,0.823463073534));
#13336 = CARTESIAN_POINT('',(-0.825515273271,0.823463073534));
#13337 = CARTESIAN_POINT('',(-0.857685366219,0.823463073534));
#13338 = CARTESIAN_POINT('',(-0.889855459166,0.823463073534));
#13339 = CARTESIAN_POINT('',(-0.954195620622,0.823463073534));
#13340 = CARTESIAN_POINT('',(-0.986365713569,0.823463073534));
#13341 = CARTESIAN_POINT('',(-1.018535806517,0.823463073534));
#13342 = CARTESIAN_POINT('',(-1.082875967972,0.823463073534));
#13343 = CARTESIAN_POINT('',(-1.115046060919,0.823463073534));
#13344 = CARTESIAN_POINT('',(-1.147216153867,0.823463073534));
#13345 = CARTESIAN_POINT('',(-1.211471446723,0.823463073534));
#13346 = CARTESIAN_POINT('',(-1.243556670906,0.823463073534));
#13347 = CARTESIAN_POINT('',(-1.275641895099,0.823463073534));
#13348 = CARTESIAN_POINT('',(-1.307727107221,0.823463073534));
#13349 = ( GEOMETRIC_REPRESENTATION_CONTEXT(2) 
PARAMETRIC_REPRESENTATION_CONTEXT() REPRESENTATION_CONTEXT('2D SPACE',''
  ) );
#13350 = ADVANCED_FACE('',(#13351),#8591,.T.);
#13351 = FACE_BOUND('',#13352,.F.);
#13352 = EDGE_LOOP('',(#13353,#13375,#13397,#13398));
#13353 = ORIENTED_EDGE('',*,*,#13354,.F.);
#13354 = EDGE_CURVE('',#13355,#13202,#13357,.T.);
#13355 = VERTEX_POINT('',#13356);
#13356 = CARTESIAN_POINT('',(165.2,340.,100.84203173517));
#13357 = SURFACE_CURVE('',#13358,(#13363,#13369),.PCURVE_S1.);
#13358 = CIRCLE('',#13359,3.2);
#13359 = AXIS2_PLACEMENT_3D('',#13360,#13361,#13362);
#13360 = CARTESIAN_POINT('',(165.2,336.8,100.84203173517));
#13361 = DIRECTION('',(0.,-0.,1.));
#13362 = DIRECTION('',(0.,1.,0.));
#13363 = PCURVE('',#8591,#13364);
#13364 = DEFINITIONAL_REPRESENTATION('',(#13365),#13368);
#13365 = B_SPLINE_CURVE_WITH_KNOTS('',1,(#13366,#13367),.UNSPECIFIED.,
  .F.,.F.,(2,2),(0.,1.570796326795),.PIECEWISE_BEZIER_KNOTS.);
#13366 = CARTESIAN_POINT('',(0.,0.));
#13367 = CARTESIAN_POINT('',(0.,1.570796326795));
#13368 = ( GEOMETRIC_REPRESENTATION_CONTEXT(2) 
PARAMETRIC_REPRESENTATION_CONTEXT() REPRESENTATION_CONTEXT('2D SPACE',''
  ) );
#13369 = PCURVE('',#10513,#13370);
#13370 = DEFINITIONAL_REPRESENTATION('',(#13371),#13374);
#13371 = B_SPLINE_CURVE_WITH_KNOTS('',1,(#13372,#13373),.UNSPECIFIED.,
  .F.,.F.,(2,2),(0.,1.570796326795),.PIECEWISE_BEZIER_KNOTS.);
#13372 = CARTESIAN_POINT('',(0.,93.842031735176));
#13373 = CARTESIAN_POINT('',(1.570796326795,93.842031735176));
#13374 = ( GEOMETRIC_REPRESENTATION_CONTEXT(2) 
PARAMETRIC_REPRESENTATION_CONTEXT() REPRESENTATION_CONTEXT('2D SPACE',''
  ) );
#13375 = ORIENTED_EDGE('',*,*,#13376,.T.);
#13376 = EDGE_CURVE('',#13355,#8555,#13377,.T.);
#13377 = SURFACE_CURVE('',#13378,(#13383,#13390),.PCURVE_S1.);
#13378 = CIRCLE('',#13379,25.);
#13379 = AXIS2_PLACEMENT_3D('',#13380,#13381,#13382);
#13380 = CARTESIAN_POINT('',(165.2,315.,100.84203173517));
#13381 = DIRECTION('',(1.,0.,0.));
#13382 = DIRECTION('',(-0.,1.,0.));
#13383 = PCURVE('',#8591,#13384);
#13384 = DEFINITIONAL_REPRESENTATION('',(#13385),#13389);
#13385 = LINE('',#13386,#13387);
#13386 = CARTESIAN_POINT('',(-0.,0.));
#13387 = VECTOR('',#13388,1.);
#13388 = DIRECTION('',(-1.,0.));
#13389 = ( GEOMETRIC_REPRESENTATION_CONTEXT(2) 
PARAMETRIC_REPRESENTATION_CONTEXT() REPRESENTATION_CONTEXT('2D SPACE',''
  ) );
#13390 = PCURVE('',#8623,#13391);
#13391 = DEFINITIONAL_REPRESENTATION('',(#13392),#13396);
#13392 = LINE('',#13393,#13394);
#13393 = CARTESIAN_POINT('',(0.,-0.8));
#13394 = VECTOR('',#13395,1.);
#13395 = DIRECTION('',(1.,0.));
#13396 = ( GEOMETRIC_REPRESENTATION_CONTEXT(2) 
PARAMETRIC_REPRESENTATION_CONTEXT() REPRESENTATION_CONTEXT('2D SPACE',''
  ) );
#13397 = ORIENTED_EDGE('',*,*,#8577,.T.);
#13398 = ORIENTED_EDGE('',*,*,#13225,.F.);
#13399 = ADVANCED_FACE('',(#13400),#8623,.T.);
#13400 = FACE_BOUND('',#13401,.T.);
#13401 = EDGE_LOOP('',(#13402,#13423,#13424,#13425));
#13402 = ORIENTED_EDGE('',*,*,#13403,.F.);
#13403 = EDGE_CURVE('',#13355,#10804,#13404,.T.);
#13404 = SURFACE_CURVE('',#13405,(#13409,#13416),.PCURVE_S1.);
#13405 = LINE('',#13406,#13407);
#13406 = CARTESIAN_POINT('',(162.,340.,100.84203173517));
#13407 = VECTOR('',#13408,1.);
#13408 = DIRECTION('',(1.,0.,0.));
#13409 = PCURVE('',#8623,#13410);
#13410 = DEFINITIONAL_REPRESENTATION('',(#13411),#13415);
#13411 = LINE('',#13412,#13413);
#13412 = CARTESIAN_POINT('',(0.,-4.));
#13413 = VECTOR('',#13414,1.);
#13414 = DIRECTION('',(-0.,1.));
#13415 = ( GEOMETRIC_REPRESENTATION_CONTEXT(2) 
PARAMETRIC_REPRESENTATION_CONTEXT() REPRESENTATION_CONTEXT('2D SPACE',''
  ) );
#13416 = PCURVE('',#10740,#13417);
#13417 = DEFINITIONAL_REPRESENTATION('',(#13418),#13422);
#13418 = LINE('',#13419,#13420);
#13419 = CARTESIAN_POINT('',(93.842031735176,-4.));
#13420 = VECTOR('',#13421,1.);
#13421 = DIRECTION('',(0.,1.));
#13422 = ( GEOMETRIC_REPRESENTATION_CONTEXT(2) 
PARAMETRIC_REPRESENTATION_CONTEXT() REPRESENTATION_CONTEXT('2D SPACE',''
  ) );
#13423 = ORIENTED_EDGE('',*,*,#13376,.T.);
#13424 = ORIENTED_EDGE('',*,*,#8607,.T.);
#13425 = ORIENTED_EDGE('',*,*,#10825,.F.);
#13426 = ADVANCED_FACE('',(#13427,#13545,#13657),#8878,.F.);
#13427 = FACE_BOUND('',#13428,.F.);
#13428 = EDGE_LOOP('',(#13429,#13452,#13453,#13454,#13455,#13478,#13502,
    #13523));
#13429 = ORIENTED_EDGE('',*,*,#13430,.F.);
#13430 = EDGE_CURVE('',#9863,#13431,#13433,.T.);
#13431 = VERTEX_POINT('',#13432);
#13432 = CARTESIAN_POINT('',(-85.,337.,100.84203173517));
#13433 = SURFACE_CURVE('',#13434,(#13438,#13445),.PCURVE_S1.);
#13434 = LINE('',#13435,#13436);
#13435 = CARTESIAN_POINT('',(-170.,337.,100.84203173517));
#13436 = VECTOR('',#13437,1.);
#13437 = DIRECTION('',(1.,0.,0.));
#13438 = PCURVE('',#8878,#13439);
#13439 = DEFINITIONAL_REPRESENTATION('',(#13440),#13444);
#13440 = LINE('',#13441,#13442);
#13441 = CARTESIAN_POINT('',(0.,-170.));
#13442 = VECTOR('',#13443,1.);
#13443 = DIRECTION('',(-0.,1.));
#13444 = ( GEOMETRIC_REPRESENTATION_CONTEXT(2) 
PARAMETRIC_REPRESENTATION_CONTEXT() REPRESENTATION_CONTEXT('2D SPACE',''
  ) );
#13445 = PCURVE('',#9965,#13446);
#13446 = DEFINITIONAL_REPRESENTATION('',(#13447),#13451);
#13447 = LINE('',#13448,#13449);
#13448 = CARTESIAN_POINT('',(93.842031735176,-170.));
#13449 = VECTOR('',#13450,1.);
#13450 = DIRECTION('',(0.,1.));
#13451 = ( GEOMETRIC_REPRESENTATION_CONTEXT(2) 
PARAMETRIC_REPRESENTATION_CONTEXT() REPRESENTATION_CONTEXT('2D SPACE',''
  ) );
#13452 = ORIENTED_EDGE('',*,*,#9888,.T.);
#13453 = ORIENTED_EDGE('',*,*,#8862,.T.);
#13454 = ORIENTED_EDGE('',*,*,#12012,.F.);
#13455 = ORIENTED_EDGE('',*,*,#13456,.F.);
#13456 = EDGE_CURVE('',#13457,#11989,#13459,.T.);
#13457 = VERTEX_POINT('',#13458);
#13458 = CARTESIAN_POINT('',(85.,337.,100.84203173517));
#13459 = SURFACE_CURVE('',#13460,(#13464,#13471),.PCURVE_S1.);
#13460 = LINE('',#13461,#13462);
#13461 = CARTESIAN_POINT('',(-170.,337.,100.84203173517));
#13462 = VECTOR('',#13463,1.);
#13463 = DIRECTION('',(1.,0.,0.));
#13464 = PCURVE('',#8878,#13465);
#13465 = DEFINITIONAL_REPRESENTATION('',(#13466),#13470);
#13466 = LINE('',#13467,#13468);
#13467 = CARTESIAN_POINT('',(0.,-170.));
#13468 = VECTOR('',#13469,1.);
#13469 = DIRECTION('',(-0.,1.));
#13470 = ( GEOMETRIC_REPRESENTATION_CONTEXT(2) 
PARAMETRIC_REPRESENTATION_CONTEXT() REPRESENTATION_CONTEXT('2D SPACE',''
  ) );
#13471 = PCURVE('',#9965,#13472);
#13472 = DEFINITIONAL_REPRESENTATION('',(#13473),#13477);
#13473 = LINE('',#13474,#13475);
#13474 = CARTESIAN_POINT('',(93.842031735176,-170.));
#13475 = VECTOR('',#13476,1.);
#13476 = DIRECTION('',(0.,1.));
#13477 = ( GEOMETRIC_REPRESENTATION_CONTEXT(2) 
PARAMETRIC_REPRESENTATION_CONTEXT() REPRESENTATION_CONTEXT('2D SPACE',''
  ) );
#13478 = ORIENTED_EDGE('',*,*,#13479,.T.);
#13479 = EDGE_CURVE('',#13457,#13480,#13482,.T.);
#13480 = VERTEX_POINT('',#13481);
#13481 = CARTESIAN_POINT('',(85.,336.6035020288,105.));
#13482 = SURFACE_CURVE('',#13483,(#13488,#13495),.PCURVE_S1.);
#13483 = CIRCLE('',#13484,22.);
#13484 = AXIS2_PLACEMENT_3D('',#13485,#13486,#13487);
#13485 = CARTESIAN_POINT('',(85.,315.,100.84203173517));
#13486 = DIRECTION('',(1.,0.,0.));
#13487 = DIRECTION('',(-0.,1.,0.));
#13488 = PCURVE('',#8878,#13489);
#13489 = DEFINITIONAL_REPRESENTATION('',(#13490),#13494);
#13490 = LINE('',#13491,#13492);
#13491 = CARTESIAN_POINT('',(0.,85.));
#13492 = VECTOR('',#13493,1.);
#13493 = DIRECTION('',(1.,0.));
#13494 = ( GEOMETRIC_REPRESENTATION_CONTEXT(2) 
PARAMETRIC_REPRESENTATION_CONTEXT() REPRESENTATION_CONTEXT('2D SPACE',''
  ) );
#13495 = PCURVE('',#12523,#13496);
#13496 = DEFINITIONAL_REPRESENTATION('',(#13497),#13501);
#13497 = CIRCLE('',#13498,22.);
#13498 = AXIS2_PLACEMENT_2D('',#13499,#13500);
#13499 = CARTESIAN_POINT('',(85.842031735173,21.5));
#13500 = DIRECTION('',(0.,-1.));
#13501 = ( GEOMETRIC_REPRESENTATION_CONTEXT(2) 
PARAMETRIC_REPRESENTATION_CONTEXT() REPRESENTATION_CONTEXT('2D SPACE',''
  ) );
#13502 = ORIENTED_EDGE('',*,*,#13503,.F.);
#13503 = EDGE_CURVE('',#13504,#13480,#13506,.T.);
#13504 = VERTEX_POINT('',#13505);
#13505 = CARTESIAN_POINT('',(-85.,336.6035020288,105.));
#13506 = SURFACE_CURVE('',#13507,(#13511,#13517),.PCURVE_S1.);
#13507 = LINE('',#13508,#13509);
#13508 = CARTESIAN_POINT('',(0.,336.6035020288,105.));
#13509 = VECTOR('',#13510,1.);
#13510 = DIRECTION('',(1.,0.,0.));
#13511 = PCURVE('',#8878,#13512);
#13512 = DEFINITIONAL_REPRESENTATION('',(#13513),#13516);
#13513 = B_SPLINE_CURVE_WITH_KNOTS('',1,(#13514,#13515),.UNSPECIFIED.,
  .F.,.F.,(2,2),(-102.,102.),.PIECEWISE_BEZIER_KNOTS.);
#13514 = CARTESIAN_POINT('',(0.190142223853,-102.));
#13515 = CARTESIAN_POINT('',(0.190142223853,102.));
#13516 = ( GEOMETRIC_REPRESENTATION_CONTEXT(2) 
PARAMETRIC_REPRESENTATION_CONTEXT() REPRESENTATION_CONTEXT('2D SPACE',''
  ) );
#13517 = PCURVE('',#12550,#13518);
#13518 = DEFINITIONAL_REPRESENTATION('',(#13519),#13522);
#13519 = B_SPLINE_CURVE_WITH_KNOTS('',1,(#13520,#13521),.UNSPECIFIED.,
  .F.,.F.,(2,2),(-102.,102.),.PIECEWISE_BEZIER_KNOTS.);
#13520 = CARTESIAN_POINT('',(-17.,0.103502028807));
#13521 = CARTESIAN_POINT('',(187.,0.103502028807));
#13522 = ( GEOMETRIC_REPRESENTATION_CONTEXT(2) 
PARAMETRIC_REPRESENTATION_CONTEXT() REPRESENTATION_CONTEXT('2D SPACE',''
  ) );
#13523 = ORIENTED_EDGE('',*,*,#13524,.F.);
#13524 = EDGE_CURVE('',#13431,#13504,#13525,.T.);
#13525 = SURFACE_CURVE('',#13526,(#13531,#13538),.PCURVE_S1.);
#13526 = CIRCLE('',#13527,22.);
#13527 = AXIS2_PLACEMENT_3D('',#13528,#13529,#13530);
#13528 = CARTESIAN_POINT('',(-85.,315.,100.84203173517));
#13529 = DIRECTION('',(1.,0.,0.));
#13530 = DIRECTION('',(-0.,1.,0.));
#13531 = PCURVE('',#8878,#13532);
#13532 = DEFINITIONAL_REPRESENTATION('',(#13533),#13537);
#13533 = LINE('',#13534,#13535);
#13534 = CARTESIAN_POINT('',(0.,-85.));
#13535 = VECTOR('',#13536,1.);
#13536 = DIRECTION('',(1.,0.));
#13537 = ( GEOMETRIC_REPRESENTATION_CONTEXT(2) 
PARAMETRIC_REPRESENTATION_CONTEXT() REPRESENTATION_CONTEXT('2D SPACE',''
  ) );
#13538 = PCURVE('',#12576,#13539);
#13539 = DEFINITIONAL_REPRESENTATION('',(#13540),#13544);
#13540 = CIRCLE('',#13541,22.);
#13541 = AXIS2_PLACEMENT_2D('',#13542,#13543);
#13542 = CARTESIAN_POINT('',(85.842031735173,21.5));
#13543 = DIRECTION('',(0.,-1.));
#13544 = ( GEOMETRIC_REPRESENTATION_CONTEXT(2) 
PARAMETRIC_REPRESENTATION_CONTEXT() REPRESENTATION_CONTEXT('2D SPACE',''
  ) );
#13545 = FACE_BOUND('',#13546,.F.);
#13546 = EDGE_LOOP('',(#13547,#13578,#13604,#13633));
#13547 = ORIENTED_EDGE('',*,*,#13548,.F.);
#13548 = EDGE_CURVE('',#13549,#13551,#13553,.T.);
#13549 = VERTEX_POINT('',#13550);
#13550 = CARTESIAN_POINT('',(-98.,335.8029683055,108.));
#13551 = VERTEX_POINT('',#13552);
#13552 = CARTESIAN_POINT('',(-98.,331.5,115.39366394602));
#13553 = SURFACE_CURVE('',#13554,(#13559,#13566),.PCURVE_S1.);
#13554 = CIRCLE('',#13555,22.);
#13555 = AXIS2_PLACEMENT_3D('',#13556,#13557,#13558);
#13556 = CARTESIAN_POINT('',(-98.,315.,100.84203173517));
#13557 = DIRECTION('',(1.,0.,0.));
#13558 = DIRECTION('',(-0.,1.,0.));
#13559 = PCURVE('',#8878,#13560);
#13560 = DEFINITIONAL_REPRESENTATION('',(#13561),#13565);
#13561 = LINE('',#13562,#13563);
#13562 = CARTESIAN_POINT('',(0.,-98.));
#13563 = VECTOR('',#13564,1.);
#13564 = DIRECTION('',(1.,0.));
#13565 = ( GEOMETRIC_REPRESENTATION_CONTEXT(2) 
PARAMETRIC_REPRESENTATION_CONTEXT() REPRESENTATION_CONTEXT('2D SPACE',''
  ) );
#13566 = PCURVE('',#13567,#13572);
#13567 = PLANE('',#13568);
#13568 = AXIS2_PLACEMENT_3D('',#13569,#13570,#13571);
#13569 = CARTESIAN_POINT('',(-98.,331.5,108.));
#13570 = DIRECTION('',(1.,0.,-0.));
#13571 = DIRECTION('',(0.,0.,1.));
#13572 = DEFINITIONAL_REPRESENTATION('',(#13573),#13577);
#13573 = CIRCLE('',#13574,22.);
#13574 = AXIS2_PLACEMENT_2D('',#13575,#13576);
#13575 = CARTESIAN_POINT('',(-7.157968264827,16.5));
#13576 = DIRECTION('',(0.,-1.));
#13577 = ( GEOMETRIC_REPRESENTATION_CONTEXT(2) 
PARAMETRIC_REPRESENTATION_CONTEXT() REPRESENTATION_CONTEXT('2D SPACE',''
  ) );
#13578 = ORIENTED_EDGE('',*,*,#13579,.T.);
#13579 = EDGE_CURVE('',#13549,#13580,#13582,.T.);
#13580 = VERTEX_POINT('',#13581);
#13581 = CARTESIAN_POINT('',(-88.,335.8029683055,108.));
#13582 = SURFACE_CURVE('',#13583,(#13587,#13593),.PCURVE_S1.);
#13583 = LINE('',#13584,#13585);
#13584 = CARTESIAN_POINT('',(0.,335.8029683055,108.));
#13585 = VECTOR('',#13586,1.);
#13586 = DIRECTION('',(1.,0.,0.));
#13587 = PCURVE('',#8878,#13588);
#13588 = DEFINITIONAL_REPRESENTATION('',(#13589),#13592);
#13589 = B_SPLINE_CURVE_WITH_KNOTS('',1,(#13590,#13591),.UNSPECIFIED.,
  .F.,.F.,(2,2),(-99.,-87.),.PIECEWISE_BEZIER_KNOTS.);
#13590 = CARTESIAN_POINT('',(0.331394737854,-99.));
#13591 = CARTESIAN_POINT('',(0.331394737854,-87.));
#13592 = ( GEOMETRIC_REPRESENTATION_CONTEXT(2) 
PARAMETRIC_REPRESENTATION_CONTEXT() REPRESENTATION_CONTEXT('2D SPACE',''
  ) );
#13593 = PCURVE('',#13594,#13599);
#13594 = PLANE('',#13595);
#13595 = AXIS2_PLACEMENT_3D('',#13596,#13597,#13598);
#13596 = CARTESIAN_POINT('',(-98.,331.5,108.));
#13597 = DIRECTION('',(0.,0.,1.));
#13598 = DIRECTION('',(1.,0.,-0.));
#13599 = DEFINITIONAL_REPRESENTATION('',(#13600),#13603);
#13600 = B_SPLINE_CURVE_WITH_KNOTS('',1,(#13601,#13602),.UNSPECIFIED.,
  .F.,.F.,(2,2),(-99.,-87.),.PIECEWISE_BEZIER_KNOTS.);
#13601 = CARTESIAN_POINT('',(-1.,4.302968305502));
#13602 = CARTESIAN_POINT('',(11.,4.302968305502));
#13603 = ( GEOMETRIC_REPRESENTATION_CONTEXT(2) 
PARAMETRIC_REPRESENTATION_CONTEXT() REPRESENTATION_CONTEXT('2D SPACE',''
  ) );
#13604 = ORIENTED_EDGE('',*,*,#13605,.T.);
#13605 = EDGE_CURVE('',#13580,#13606,#13608,.T.);
#13606 = VERTEX_POINT('',#13607);
#13607 = CARTESIAN_POINT('',(-88.,331.5,115.39366394602));
#13608 = SURFACE_CURVE('',#13609,(#13614,#13621),.PCURVE_S1.);
#13609 = CIRCLE('',#13610,22.);
#13610 = AXIS2_PLACEMENT_3D('',#13611,#13612,#13613);
#13611 = CARTESIAN_POINT('',(-88.,315.,100.84203173517));
#13612 = DIRECTION('',(1.,0.,0.));
#13613 = DIRECTION('',(-0.,1.,0.));
#13614 = PCURVE('',#8878,#13615);
#13615 = DEFINITIONAL_REPRESENTATION('',(#13616),#13620);
#13616 = LINE('',#13617,#13618);
#13617 = CARTESIAN_POINT('',(0.,-88.));
#13618 = VECTOR('',#13619,1.);
#13619 = DIRECTION('',(1.,0.));
#13620 = ( GEOMETRIC_REPRESENTATION_CONTEXT(2) 
PARAMETRIC_REPRESENTATION_CONTEXT() REPRESENTATION_CONTEXT('2D SPACE',''
  ) );
#13621 = PCURVE('',#13622,#13627);
#13622 = PLANE('',#13623);
#13623 = AXIS2_PLACEMENT_3D('',#13624,#13625,#13626);
#13624 = CARTESIAN_POINT('',(-88.,331.5,108.));
#13625 = DIRECTION('',(1.,0.,-0.));
#13626 = DIRECTION('',(0.,0.,1.));
#13627 = DEFINITIONAL_REPRESENTATION('',(#13628),#13632);
#13628 = CIRCLE('',#13629,22.);
#13629 = AXIS2_PLACEMENT_2D('',#13630,#13631);
#13630 = CARTESIAN_POINT('',(-7.157968264827,16.5));
#13631 = DIRECTION('',(0.,-1.));
#13632 = ( GEOMETRIC_REPRESENTATION_CONTEXT(2) 
PARAMETRIC_REPRESENTATION_CONTEXT() REPRESENTATION_CONTEXT('2D SPACE',''
  ) );
#13633 = ORIENTED_EDGE('',*,*,#13634,.F.);
#13634 = EDGE_CURVE('',#13551,#13606,#13635,.T.);
#13635 = SURFACE_CURVE('',#13636,(#13640,#13646),.PCURVE_S1.);
#13636 = LINE('',#13637,#13638);
#13637 = CARTESIAN_POINT('',(0.,331.5,115.39366394602));
#13638 = VECTOR('',#13639,1.);
#13639 = DIRECTION('',(1.,0.,0.));
#13640 = PCURVE('',#8878,#13641);
#13641 = DEFINITIONAL_REPRESENTATION('',(#13642),#13645);
#13642 = B_SPLINE_CURVE_WITH_KNOTS('',1,(#13643,#13644),.UNSPECIFIED.,
  .F.,.F.,(2,2),(-99.,-87.),.PIECEWISE_BEZIER_KNOTS.);
#13643 = CARTESIAN_POINT('',(0.722734247813,-99.));
#13644 = CARTESIAN_POINT('',(0.722734247813,-87.));
#13645 = ( GEOMETRIC_REPRESENTATION_CONTEXT(2) 
PARAMETRIC_REPRESENTATION_CONTEXT() REPRESENTATION_CONTEXT('2D SPACE',''
  ) );
#13646 = PCURVE('',#13647,#13652);
#13647 = PLANE('',#13648);
#13648 = AXIS2_PLACEMENT_3D('',#13649,#13650,#13651);
#13649 = CARTESIAN_POINT('',(-98.,331.5,108.));
#13650 = DIRECTION('',(-0.,1.,0.));
#13651 = DIRECTION('',(0.,0.,1.));
#13652 = DEFINITIONAL_REPRESENTATION('',(#13653),#13656);
#13653 = B_SPLINE_CURVE_WITH_KNOTS('',1,(#13654,#13655),.UNSPECIFIED.,
  .F.,.F.,(2,2),(-99.,-87.),.PIECEWISE_BEZIER_KNOTS.);
#13654 = CARTESIAN_POINT('',(7.393663946028,-1.));
#13655 = CARTESIAN_POINT('',(7.393663946028,11.));
#13656 = ( GEOMETRIC_REPRESENTATION_CONTEXT(2) 
PARAMETRIC_REPRESENTATION_CONTEXT() REPRESENTATION_CONTEXT('2D SPACE',''
  ) );
#13657 = FACE_BOUND('',#13658,.F.);
#13658 = EDGE_LOOP('',(#13659,#13690,#13716,#13745));
#13659 = ORIENTED_EDGE('',*,*,#13660,.F.);
#13660 = EDGE_CURVE('',#13661,#13663,#13665,.T.);
#13661 = VERTEX_POINT('',#13662);
#13662 = CARTESIAN_POINT('',(88.,335.8029683055,108.));
#13663 = VERTEX_POINT('',#13664);
#13664 = CARTESIAN_POINT('',(88.,331.5,115.39366394602));
#13665 = SURFACE_CURVE('',#13666,(#13671,#13678),.PCURVE_S1.);
#13666 = CIRCLE('',#13667,22.);
#13667 = AXIS2_PLACEMENT_3D('',#13668,#13669,#13670);
#13668 = CARTESIAN_POINT('',(88.,315.,100.84203173517));
#13669 = DIRECTION('',(1.,0.,0.));
#13670 = DIRECTION('',(-0.,1.,0.));
#13671 = PCURVE('',#8878,#13672);
#13672 = DEFINITIONAL_REPRESENTATION('',(#13673),#13677);
#13673 = LINE('',#13674,#13675);
#13674 = CARTESIAN_POINT('',(0.,88.));
#13675 = VECTOR('',#13676,1.);
#13676 = DIRECTION('',(1.,0.));
#13677 = ( GEOMETRIC_REPRESENTATION_CONTEXT(2) 
PARAMETRIC_REPRESENTATION_CONTEXT() REPRESENTATION_CONTEXT('2D SPACE',''
  ) );
#13678 = PCURVE('',#13679,#13684);
#13679 = PLANE('',#13680);
#13680 = AXIS2_PLACEMENT_3D('',#13681,#13682,#13683);
#13681 = CARTESIAN_POINT('',(88.,331.5,108.));
#13682 = DIRECTION('',(1.,0.,-0.));
#13683 = DIRECTION('',(0.,0.,1.));
#13684 = DEFINITIONAL_REPRESENTATION('',(#13685),#13689);
#13685 = CIRCLE('',#13686,22.);
#13686 = AXIS2_PLACEMENT_2D('',#13687,#13688);
#13687 = CARTESIAN_POINT('',(-7.157968264827,16.5));
#13688 = DIRECTION('',(0.,-1.));
#13689 = ( GEOMETRIC_REPRESENTATION_CONTEXT(2) 
PARAMETRIC_REPRESENTATION_CONTEXT() REPRESENTATION_CONTEXT('2D SPACE',''
  ) );
#13690 = ORIENTED_EDGE('',*,*,#13691,.T.);
#13691 = EDGE_CURVE('',#13661,#13692,#13694,.T.);
#13692 = VERTEX_POINT('',#13693);
#13693 = CARTESIAN_POINT('',(98.,335.8029683055,108.));
#13694 = SURFACE_CURVE('',#13695,(#13699,#13705),.PCURVE_S1.);
#13695 = LINE('',#13696,#13697);
#13696 = CARTESIAN_POINT('',(0.,335.8029683055,108.));
#13697 = VECTOR('',#13698,1.);
#13698 = DIRECTION('',(1.,0.,0.));
#13699 = PCURVE('',#8878,#13700);
#13700 = DEFINITIONAL_REPRESENTATION('',(#13701),#13704);
#13701 = B_SPLINE_CURVE_WITH_KNOTS('',1,(#13702,#13703),.UNSPECIFIED.,
  .F.,.F.,(2,2),(87.,99.),.PIECEWISE_BEZIER_KNOTS.);
#13702 = CARTESIAN_POINT('',(0.331394737854,87.));
#13703 = CARTESIAN_POINT('',(0.331394737854,99.));
#13704 = ( GEOMETRIC_REPRESENTATION_CONTEXT(2) 
PARAMETRIC_REPRESENTATION_CONTEXT() REPRESENTATION_CONTEXT('2D SPACE',''
  ) );
#13705 = PCURVE('',#13706,#13711);
#13706 = PLANE('',#13707);
#13707 = AXIS2_PLACEMENT_3D('',#13708,#13709,#13710);
#13708 = CARTESIAN_POINT('',(88.,331.5,108.));
#13709 = DIRECTION('',(0.,0.,1.));
#13710 = DIRECTION('',(1.,0.,-0.));
#13711 = DEFINITIONAL_REPRESENTATION('',(#13712),#13715);
#13712 = B_SPLINE_CURVE_WITH_KNOTS('',1,(#13713,#13714),.UNSPECIFIED.,
  .F.,.F.,(2,2),(87.,99.),.PIECEWISE_BEZIER_KNOTS.);
#13713 = CARTESIAN_POINT('',(-1.,4.302968305502));
#13714 = CARTESIAN_POINT('',(11.,4.302968305502));
#13715 = ( GEOMETRIC_REPRESENTATION_CONTEXT(2) 
PARAMETRIC_REPRESENTATION_CONTEXT() REPRESENTATION_CONTEXT('2D SPACE',''
  ) );
#13716 = ORIENTED_EDGE('',*,*,#13717,.T.);
#13717 = EDGE_CURVE('',#13692,#13718,#13720,.T.);
#13718 = VERTEX_POINT('',#13719);
#13719 = CARTESIAN_POINT('',(98.,331.5,115.39366394602));
#13720 = SURFACE_CURVE('',#13721,(#13726,#13733),.PCURVE_S1.);
#13721 = CIRCLE('',#13722,22.);
#13722 = AXIS2_PLACEMENT_3D('',#13723,#13724,#13725);
#13723 = CARTESIAN_POINT('',(98.,315.,100.84203173517));
#13724 = DIRECTION('',(1.,0.,0.));
#13725 = DIRECTION('',(-0.,1.,0.));
#13726 = PCURVE('',#8878,#13727);
#13727 = DEFINITIONAL_REPRESENTATION('',(#13728),#13732);
#13728 = LINE('',#13729,#13730);
#13729 = CARTESIAN_POINT('',(0.,98.));
#13730 = VECTOR('',#13731,1.);
#13731 = DIRECTION('',(1.,0.));
#13732 = ( GEOMETRIC_REPRESENTATION_CONTEXT(2) 
PARAMETRIC_REPRESENTATION_CONTEXT() REPRESENTATION_CONTEXT('2D SPACE',''
  ) );
#13733 = PCURVE('',#13734,#13739);
#13734 = PLANE('',#13735);
#13735 = AXIS2_PLACEMENT_3D('',#13736,#13737,#13738);
#13736 = CARTESIAN_POINT('',(98.,331.5,108.));
#13737 = DIRECTION('',(1.,0.,-0.));
#13738 = DIRECTION('',(0.,0.,1.));
#13739 = DEFINITIONAL_REPRESENTATION('',(#13740),#13744);
#13740 = CIRCLE('',#13741,22.);
#13741 = AXIS2_PLACEMENT_2D('',#13742,#13743);
#13742 = CARTESIAN_POINT('',(-7.157968264827,16.5));
#13743 = DIRECTION('',(0.,-1.));
#13744 = ( GEOMETRIC_REPRESENTATION_CONTEXT(2) 
PARAMETRIC_REPRESENTATION_CONTEXT() REPRESENTATION_CONTEXT('2D SPACE',''
  ) );
#13745 = ORIENTED_EDGE('',*,*,#13746,.F.);
#13746 = EDGE_CURVE('',#13663,#13718,#13747,.T.);
#13747 = SURFACE_CURVE('',#13748,(#13752,#13758),.PCURVE_S1.);
#13748 = LINE('',#13749,#13750);
#13749 = CARTESIAN_POINT('',(0.,331.5,115.39366394602));
#13750 = VECTOR('',#13751,1.);
#13751 = DIRECTION('',(1.,0.,0.));
#13752 = PCURVE('',#8878,#13753);
#13753 = DEFINITIONAL_REPRESENTATION('',(#13754),#13757);
#13754 = B_SPLINE_CURVE_WITH_KNOTS('',1,(#13755,#13756),.UNSPECIFIED.,
  .F.,.F.,(2,2),(87.,99.),.PIECEWISE_BEZIER_KNOTS.);
#13755 = CARTESIAN_POINT('',(0.722734247813,87.));
#13756 = CARTESIAN_POINT('',(0.722734247813,99.));
#13757 = ( GEOMETRIC_REPRESENTATION_CONTEXT(2) 
PARAMETRIC_REPRESENTATION_CONTEXT() REPRESENTATION_CONTEXT('2D SPACE',''
  ) );
#13758 = PCURVE('',#13759,#13764);
#13759 = PLANE('',#13760);
#13760 = AXIS2_PLACEMENT_3D('',#13761,#13762,#13763);
#13761 = CARTESIAN_POINT('',(88.,331.5,108.));
#13762 = DIRECTION('',(-0.,1.,0.));
#13763 = DIRECTION('',(0.,0.,1.));
#13764 = DEFINITIONAL_REPRESENTATION('',(#13765),#13768);
#13765 = B_SPLINE_CURVE_WITH_KNOTS('',1,(#13766,#13767),.UNSPECIFIED.,
  .F.,.F.,(2,2),(87.,99.),.PIECEWISE_BEZIER_KNOTS.);
#13766 = CARTESIAN_POINT('',(7.393663946028,-1.));
#13767 = CARTESIAN_POINT('',(7.393663946028,11.));
#13768 = ( GEOMETRIC_REPRESENTATION_CONTEXT(2) 
PARAMETRIC_REPRESENTATION_CONTEXT() REPRESENTATION_CONTEXT('2D SPACE',''
  ) );
#13769 = ADVANCED_FACE('',(#13770),#9015,.T.);
#13770 = FACE_BOUND('',#13771,.T.);
#13771 = EDGE_LOOP('',(#13772,#13773,#13794,#13795));
#13772 = ORIENTED_EDGE('',*,*,#9102,.F.);
#13773 = ORIENTED_EDGE('',*,*,#13774,.F.);
#13774 = EDGE_CURVE('',#9179,#9075,#13775,.T.);
#13775 = SURFACE_CURVE('',#13776,(#13780,#13787),.PCURVE_S1.);
#13776 = LINE('',#13777,#13778);
#13777 = CARTESIAN_POINT('',(138.,314.93408048832,113.));
#13778 = VECTOR('',#13779,1.);
#13779 = DIRECTION('',(1.,0.,-0.));
#13780 = PCURVE('',#9015,#13781);
#13781 = DEFINITIONAL_REPRESENTATION('',(#13782),#13786);
#13782 = LINE('',#13783,#13784);
#13783 = CARTESIAN_POINT('',(0.,0.));
#13784 = VECTOR('',#13785,1.);
#13785 = DIRECTION('',(0.,1.));
#13786 = ( GEOMETRIC_REPRESENTATION_CONTEXT(2) 
PARAMETRIC_REPRESENTATION_CONTEXT() REPRESENTATION_CONTEXT('2D SPACE',''
  ) );
#13787 = PCURVE('',#9090,#13788);
#13788 = DEFINITIONAL_REPRESENTATION('',(#13789),#13793);
#13789 = LINE('',#13790,#13791);
#13790 = CARTESIAN_POINT('',(0.,14.));
#13791 = VECTOR('',#13792,1.);
#13792 = DIRECTION('',(1.,0.));
#13793 = ( GEOMETRIC_REPRESENTATION_CONTEXT(2) 
PARAMETRIC_REPRESENTATION_CONTEXT() REPRESENTATION_CONTEXT('2D SPACE',''
  ) );
#13794 = ORIENTED_EDGE('',*,*,#9201,.T.);
#13795 = ORIENTED_EDGE('',*,*,#9000,.F.);
#13796 = ADVANCED_FACE('',(#13797),#8948,.T.);
#13797 = FACE_BOUND('',#13798,.T.);
#13798 = EDGE_LOOP('',(#13799,#13800,#13821,#13822));
#13799 = ORIENTED_EDGE('',*,*,#9278,.F.);
#13800 = ORIENTED_EDGE('',*,*,#13801,.F.);
#13801 = EDGE_CURVE('',#9355,#9251,#13802,.T.);
#13802 = SURFACE_CURVE('',#13803,(#13807,#13814),.PCURVE_S1.);
#13803 = LINE('',#13804,#13805);
#13804 = CARTESIAN_POINT('',(-152.,314.93408048832,113.));
#13805 = VECTOR('',#13806,1.);
#13806 = DIRECTION('',(1.,0.,-0.));
#13807 = PCURVE('',#8948,#13808);
#13808 = DEFINITIONAL_REPRESENTATION('',(#13809),#13813);
#13809 = LINE('',#13810,#13811);
#13810 = CARTESIAN_POINT('',(0.,0.));
#13811 = VECTOR('',#13812,1.);
#13812 = DIRECTION('',(0.,1.));
#13813 = ( GEOMETRIC_REPRESENTATION_CONTEXT(2) 
PARAMETRIC_REPRESENTATION_CONTEXT() REPRESENTATION_CONTEXT('2D SPACE',''
  ) );
#13814 = PCURVE('',#9266,#13815);
#13815 = DEFINITIONAL_REPRESENTATION('',(#13816),#13820);
#13816 = LINE('',#13817,#13818);
#13817 = CARTESIAN_POINT('',(0.,14.));
#13818 = VECTOR('',#13819,1.);
#13819 = DIRECTION('',(1.,0.));
#13820 = ( GEOMETRIC_REPRESENTATION_CONTEXT(2) 
PARAMETRIC_REPRESENTATION_CONTEXT() REPRESENTATION_CONTEXT('2D SPACE',''
  ) );
#13821 = ORIENTED_EDGE('',*,*,#9377,.T.);
#13822 = ORIENTED_EDGE('',*,*,#8933,.F.);
#13823 = ADVANCED_FACE('',(#13824,#13830),#9090,.F.);
#13824 = FACE_BOUND('',#13825,.F.);
#13825 = EDGE_LOOP('',(#13826,#13827,#13828,#13829));
#13826 = ORIENTED_EDGE('',*,*,#9178,.F.);
#13827 = ORIENTED_EDGE('',*,*,#9127,.T.);
#13828 = ORIENTED_EDGE('',*,*,#9074,.T.);
#13829 = ORIENTED_EDGE('',*,*,#13774,.F.);
#13830 = FACE_BOUND('',#13831,.F.);
#13831 = EDGE_LOOP('',(#13832));
#13832 = ORIENTED_EDGE('',*,*,#9821,.F.);
#13833 = ADVANCED_FACE('',(#13834,#13840),#9266,.F.);
#13834 = FACE_BOUND('',#13835,.F.);
#13835 = EDGE_LOOP('',(#13836,#13837,#13838,#13839));
#13836 = ORIENTED_EDGE('',*,*,#9354,.F.);
#13837 = ORIENTED_EDGE('',*,*,#9303,.T.);
#13838 = ORIENTED_EDGE('',*,*,#9250,.T.);
#13839 = ORIENTED_EDGE('',*,*,#13801,.F.);
#13840 = FACE_BOUND('',#13841,.F.);
#13841 = EDGE_LOOP('',(#13842));
#13842 = ORIENTED_EDGE('',*,*,#9675,.F.);
#13843 = ADVANCED_FACE('',(#13844,#14065,#14100),#9965,.F.);
#13844 = FACE_BOUND('',#13845,.F.);
#13845 = EDGE_LOOP('',(#13846,#13847,#13848,#13849,#13870,#13896,#13922,
    #13948,#13974,#14000,#14019,#14020,#14021,#14022,#14023,#14042,
    #14043,#14044,#14045,#14064));
#13846 = ORIENTED_EDGE('',*,*,#11468,.F.);
#13847 = ORIENTED_EDGE('',*,*,#9951,.T.);
#13848 = ORIENTED_EDGE('',*,*,#13430,.T.);
#13849 = ORIENTED_EDGE('',*,*,#13850,.T.);
#13850 = EDGE_CURVE('',#13431,#13851,#13853,.T.);
#13851 = VERTEX_POINT('',#13852);
#13852 = CARTESIAN_POINT('',(-85.,337.,47.));
#13853 = SURFACE_CURVE('',#13854,(#13858,#13864),.PCURVE_S1.);
#13854 = LINE('',#13855,#13856);
#13855 = CARTESIAN_POINT('',(-85.,337.,10.999999999998));
#13856 = VECTOR('',#13857,1.);
#13857 = DIRECTION('',(-0.,0.,-1.));
#13858 = PCURVE('',#9965,#13859);
#13859 = DEFINITIONAL_REPRESENTATION('',(#13860),#13863);
#13860 = B_SPLINE_CURVE_WITH_KNOTS('',1,(#13861,#13862),.UNSPECIFIED.,
  .F.,.F.,(2,2),(-89.84203173517,-4.000000000002),
  .PIECEWISE_BEZIER_KNOTS.);
#13861 = CARTESIAN_POINT('',(93.842031735176,-85.));
#13862 = CARTESIAN_POINT('',(8.000000000003,-85.));
#13863 = ( GEOMETRIC_REPRESENTATION_CONTEXT(2) 
PARAMETRIC_REPRESENTATION_CONTEXT() REPRESENTATION_CONTEXT('2D SPACE',''
  ) );
#13864 = PCURVE('',#12576,#13865);
#13865 = DEFINITIONAL_REPRESENTATION('',(#13866),#13869);
#13866 = B_SPLINE_CURVE_WITH_KNOTS('',1,(#13867,#13868),.UNSPECIFIED.,
  .F.,.F.,(2,2),(-89.84203173517,-4.000000000002),
  .PIECEWISE_BEZIER_KNOTS.);
#13867 = CARTESIAN_POINT('',(85.842031735173,-0.5));
#13868 = CARTESIAN_POINT('',(0.,-0.5));
#13869 = ( GEOMETRIC_REPRESENTATION_CONTEXT(2) 
PARAMETRIC_REPRESENTATION_CONTEXT() REPRESENTATION_CONTEXT('2D SPACE',''
  ) );
#13870 = ORIENTED_EDGE('',*,*,#13871,.F.);
#13871 = EDGE_CURVE('',#13872,#13851,#13874,.T.);
#13872 = VERTEX_POINT('',#13873);
#13873 = CARTESIAN_POINT('',(-110.,337.,47.));
#13874 = SURFACE_CURVE('',#13875,(#13879,#13885),.PCURVE_S1.);
#13875 = LINE('',#13876,#13877);
#13876 = CARTESIAN_POINT('',(-55.,337.,47.));
#13877 = VECTOR('',#13878,1.);
#13878 = DIRECTION('',(1.,0.,0.));
#13879 = PCURVE('',#9965,#13880);
#13880 = DEFINITIONAL_REPRESENTATION('',(#13881),#13884);
#13881 = B_SPLINE_CURVE_WITH_KNOTS('',1,(#13882,#13883),.UNSPECIFIED.,
  .F.,.F.,(2,2),(-55.,-25.),.PIECEWISE_BEZIER_KNOTS.);
#13882 = CARTESIAN_POINT('',(40.000000000003,-110.));
#13883 = CARTESIAN_POINT('',(40.000000000003,-80.));
#13884 = ( GEOMETRIC_REPRESENTATION_CONTEXT(2) 
PARAMETRIC_REPRESENTATION_CONTEXT() REPRESENTATION_CONTEXT('2D SPACE',''
  ) );
#13885 = PCURVE('',#13886,#13891);
#13886 = PLANE('',#13887);
#13887 = AXIS2_PLACEMENT_3D('',#13888,#13889,#13890);
#13888 = CARTESIAN_POINT('',(-110.,336.5,47.));
#13889 = DIRECTION('',(0.,0.,1.));
#13890 = DIRECTION('',(1.,0.,-0.));
#13891 = DEFINITIONAL_REPRESENTATION('',(#13892),#13895);
#13892 = B_SPLINE_CURVE_WITH_KNOTS('',1,(#13893,#13894),.UNSPECIFIED.,
  .F.,.F.,(2,2),(-55.,-25.),.PIECEWISE_BEZIER_KNOTS.);
#13893 = CARTESIAN_POINT('',(0.,0.5));
#13894 = CARTESIAN_POINT('',(30.,0.5));
#13895 = ( GEOMETRIC_REPRESENTATION_CONTEXT(2) 
PARAMETRIC_REPRESENTATION_CONTEXT() REPRESENTATION_CONTEXT('2D SPACE',''
  ) );
#13896 = ORIENTED_EDGE('',*,*,#13897,.T.);
#13897 = EDGE_CURVE('',#13872,#13898,#13900,.T.);
#13898 = VERTEX_POINT('',#13899);
#13899 = CARTESIAN_POINT('',(-110.,337.,33.));
#13900 = SURFACE_CURVE('',#13901,(#13905,#13911),.PCURVE_S1.);
#13901 = LINE('',#13902,#13903);
#13902 = CARTESIAN_POINT('',(-110.,337.,19.999999999998));
#13903 = VECTOR('',#13904,1.);
#13904 = DIRECTION('',(-0.,0.,-1.));
#13905 = PCURVE('',#9965,#13906);
#13906 = DEFINITIONAL_REPRESENTATION('',(#13907),#13910);
#13907 = B_SPLINE_CURVE_WITH_KNOTS('',1,(#13908,#13909),.UNSPECIFIED.,
  .F.,.F.,(2,2),(-27.,-13.),.PIECEWISE_BEZIER_KNOTS.);
#13908 = CARTESIAN_POINT('',(40.000000000003,-110.));
#13909 = CARTESIAN_POINT('',(26.000000000003,-110.));
#13910 = ( GEOMETRIC_REPRESENTATION_CONTEXT(2) 
PARAMETRIC_REPRESENTATION_CONTEXT() REPRESENTATION_CONTEXT('2D SPACE',''
  ) );
#13911 = PCURVE('',#13912,#13917);
#13912 = PLANE('',#13913);
#13913 = AXIS2_PLACEMENT_3D('',#13914,#13915,#13916);
#13914 = CARTESIAN_POINT('',(-110.,336.5,33.));
#13915 = DIRECTION('',(1.,0.,-0.));
#13916 = DIRECTION('',(0.,0.,1.));
#13917 = DEFINITIONAL_REPRESENTATION('',(#13918),#13921);
#13918 = B_SPLINE_CURVE_WITH_KNOTS('',1,(#13919,#13920),.UNSPECIFIED.,
  .F.,.F.,(2,2),(-27.,-13.),.PIECEWISE_BEZIER_KNOTS.);
#13919 = CARTESIAN_POINT('',(14.,-0.5));
#13920 = CARTESIAN_POINT('',(0.,-0.5));
#13921 = ( GEOMETRIC_REPRESENTATION_CONTEXT(2) 
PARAMETRIC_REPRESENTATION_CONTEXT() REPRESENTATION_CONTEXT('2D SPACE',''
  ) );
#13922 = ORIENTED_EDGE('',*,*,#13923,.T.);
#13923 = EDGE_CURVE('',#13898,#13924,#13926,.T.);
#13924 = VERTEX_POINT('',#13925);
#13925 = CARTESIAN_POINT('',(-85.,337.,33.));
#13926 = SURFACE_CURVE('',#13927,(#13931,#13937),.PCURVE_S1.);
#13927 = LINE('',#13928,#13929);
#13928 = CARTESIAN_POINT('',(-55.,337.,33.));
#13929 = VECTOR('',#13930,1.);
#13930 = DIRECTION('',(1.,0.,0.));
#13931 = PCURVE('',#9965,#13932);
#13932 = DEFINITIONAL_REPRESENTATION('',(#13933),#13936);
#13933 = B_SPLINE_CURVE_WITH_KNOTS('',1,(#13934,#13935),.UNSPECIFIED.,
  .F.,.F.,(2,2),(-55.,-25.),.PIECEWISE_BEZIER_KNOTS.);
#13934 = CARTESIAN_POINT('',(26.000000000003,-110.));
#13935 = CARTESIAN_POINT('',(26.000000000003,-80.));
#13936 = ( GEOMETRIC_REPRESENTATION_CONTEXT(2) 
PARAMETRIC_REPRESENTATION_CONTEXT() REPRESENTATION_CONTEXT('2D SPACE',''
  ) );
#13937 = PCURVE('',#13938,#13943);
#13938 = PLANE('',#13939);
#13939 = AXIS2_PLACEMENT_3D('',#13940,#13941,#13942);
#13940 = CARTESIAN_POINT('',(-110.,336.5,33.));
#13941 = DIRECTION('',(0.,0.,1.));
#13942 = DIRECTION('',(1.,0.,-0.));
#13943 = DEFINITIONAL_REPRESENTATION('',(#13944),#13947);
#13944 = B_SPLINE_CURVE_WITH_KNOTS('',1,(#13945,#13946),.UNSPECIFIED.,
  .F.,.F.,(2,2),(-55.,-25.),.PIECEWISE_BEZIER_KNOTS.);
#13945 = CARTESIAN_POINT('',(0.,0.5));
#13946 = CARTESIAN_POINT('',(30.,0.5));
#13947 = ( GEOMETRIC_REPRESENTATION_CONTEXT(2) 
PARAMETRIC_REPRESENTATION_CONTEXT() REPRESENTATION_CONTEXT('2D SPACE',''
  ) );
#13948 = ORIENTED_EDGE('',*,*,#13949,.T.);
#13949 = EDGE_CURVE('',#13924,#13950,#13952,.T.);
#13950 = VERTEX_POINT('',#13951);
#13951 = CARTESIAN_POINT('',(-85.,337.,15.));
#13952 = SURFACE_CURVE('',#13953,(#13957,#13963),.PCURVE_S1.);
#13953 = LINE('',#13954,#13955);
#13954 = CARTESIAN_POINT('',(-85.,337.,10.999999999998));
#13955 = VECTOR('',#13956,1.);
#13956 = DIRECTION('',(-0.,0.,-1.));
#13957 = PCURVE('',#9965,#13958);
#13958 = DEFINITIONAL_REPRESENTATION('',(#13959),#13962);
#13959 = B_SPLINE_CURVE_WITH_KNOTS('',1,(#13960,#13961),.UNSPECIFIED.,
  .F.,.F.,(2,2),(-89.84203173517,-4.000000000002),
  .PIECEWISE_BEZIER_KNOTS.);
#13960 = CARTESIAN_POINT('',(93.842031735176,-85.));
#13961 = CARTESIAN_POINT('',(8.000000000003,-85.));
#13962 = ( GEOMETRIC_REPRESENTATION_CONTEXT(2) 
PARAMETRIC_REPRESENTATION_CONTEXT() REPRESENTATION_CONTEXT('2D SPACE',''
  ) );
#13963 = PCURVE('',#13964,#13969);
#13964 = PLANE('',#13965);
#13965 = AXIS2_PLACEMENT_3D('',#13966,#13967,#13968);
#13966 = CARTESIAN_POINT('',(-85.,336.5,15.));
#13967 = DIRECTION('',(1.,0.,-0.));
#13968 = DIRECTION('',(0.,0.,1.));
#13969 = DEFINITIONAL_REPRESENTATION('',(#13970),#13973);
#13970 = B_SPLINE_CURVE_WITH_KNOTS('',1,(#13971,#13972),.UNSPECIFIED.,
  .F.,.F.,(2,2),(-89.84203173517,-4.000000000002),
  .PIECEWISE_BEZIER_KNOTS.);
#13971 = CARTESIAN_POINT('',(85.842031735173,-0.5));
#13972 = CARTESIAN_POINT('',(0.,-0.5));
#13973 = ( GEOMETRIC_REPRESENTATION_CONTEXT(2) 
PARAMETRIC_REPRESENTATION_CONTEXT() REPRESENTATION_CONTEXT('2D SPACE',''
  ) );
#13974 = ORIENTED_EDGE('',*,*,#13975,.T.);
#13975 = EDGE_CURVE('',#13950,#13976,#13978,.T.);
#13976 = VERTEX_POINT('',#13977);
#13977 = CARTESIAN_POINT('',(85.,337.,15.));
#13978 = SURFACE_CURVE('',#13979,(#13983,#13989),.PCURVE_S1.);
#13979 = LINE('',#13980,#13981);
#13980 = CARTESIAN_POINT('',(-42.5,337.,15.));
#13981 = VECTOR('',#13982,1.);
#13982 = DIRECTION('',(1.,0.,0.));
#13983 = PCURVE('',#9965,#13984);
#13984 = DEFINITIONAL_REPRESENTATION('',(#13985),#13988);
#13985 = B_SPLINE_CURVE_WITH_KNOTS('',1,(#13986,#13987),.UNSPECIFIED.,
  .F.,.F.,(2,2),(-42.5,127.5),.PIECEWISE_BEZIER_KNOTS.);
#13986 = CARTESIAN_POINT('',(8.000000000003,-85.));
#13987 = CARTESIAN_POINT('',(8.000000000003,85.));
#13988 = ( GEOMETRIC_REPRESENTATION_CONTEXT(2) 
PARAMETRIC_REPRESENTATION_CONTEXT() REPRESENTATION_CONTEXT('2D SPACE',''
  ) );
#13989 = PCURVE('',#13990,#13995);
#13990 = PLANE('',#13991);
#13991 = AXIS2_PLACEMENT_3D('',#13992,#13993,#13994);
#13992 = CARTESIAN_POINT('',(-85.,336.5,15.));
#13993 = DIRECTION('',(0.,0.,1.));
#13994 = DIRECTION('',(1.,0.,-0.));
#13995 = DEFINITIONAL_REPRESENTATION('',(#13996),#13999);
#13996 = B_SPLINE_CURVE_WITH_KNOTS('',1,(#13997,#13998),.UNSPECIFIED.,
  .F.,.F.,(2,2),(-42.5,127.5),.PIECEWISE_BEZIER_KNOTS.);
#13997 = CARTESIAN_POINT('',(0.,0.5));
#13998 = CARTESIAN_POINT('',(170.,0.5));
#13999 = ( GEOMETRIC_REPRESENTATION_CONTEXT(2) 
PARAMETRIC_REPRESENTATION_CONTEXT() REPRESENTATION_CONTEXT('2D SPACE',''
  ) );
#14000 = ORIENTED_EDGE('',*,*,#14001,.F.);
#14001 = EDGE_CURVE('',#13457,#13976,#14002,.T.);
#14002 = SURFACE_CURVE('',#14003,(#14007,#14013),.PCURVE_S1.);
#14003 = LINE('',#14004,#14005);
#14004 = CARTESIAN_POINT('',(85.,337.,10.999999999998));
#14005 = VECTOR('',#14006,1.);
#14006 = DIRECTION('',(-0.,0.,-1.));
#14007 = PCURVE('',#9965,#14008);
#14008 = DEFINITIONAL_REPRESENTATION('',(#14009),#14012);
#14009 = B_SPLINE_CURVE_WITH_KNOTS('',1,(#14010,#14011),.UNSPECIFIED.,
  .F.,.F.,(2,2),(-89.84203173517,-4.000000000002),
  .PIECEWISE_BEZIER_KNOTS.);
#14010 = CARTESIAN_POINT('',(93.842031735176,85.));
#14011 = CARTESIAN_POINT('',(8.000000000003,85.));
#14012 = ( GEOMETRIC_REPRESENTATION_CONTEXT(2) 
PARAMETRIC_REPRESENTATION_CONTEXT() REPRESENTATION_CONTEXT('2D SPACE',''
  ) );
#14013 = PCURVE('',#12523,#14014);
#14014 = DEFINITIONAL_REPRESENTATION('',(#14015),#14018);
#14015 = B_SPLINE_CURVE_WITH_KNOTS('',1,(#14016,#14017),.UNSPECIFIED.,
  .F.,.F.,(2,2),(-89.84203173517,-4.000000000002),
  .PIECEWISE_BEZIER_KNOTS.);
#14016 = CARTESIAN_POINT('',(85.842031735173,-0.5));
#14017 = CARTESIAN_POINT('',(0.,-0.5));
#14018 = ( GEOMETRIC_REPRESENTATION_CONTEXT(2) 
PARAMETRIC_REPRESENTATION_CONTEXT() REPRESENTATION_CONTEXT('2D SPACE',''
  ) );
#14019 = ORIENTED_EDGE('',*,*,#13456,.T.);
#14020 = ORIENTED_EDGE('',*,*,#12039,.F.);
#14021 = ORIENTED_EDGE('',*,*,#10904,.F.);
#14022 = ORIENTED_EDGE('',*,*,#10981,.F.);
#14023 = ORIENTED_EDGE('',*,*,#14024,.F.);
#14024 = EDGE_CURVE('',#11142,#10982,#14025,.T.);
#14025 = SURFACE_CURVE('',#14026,(#14030,#14036),.PCURVE_S1.);
#14026 = LINE('',#14027,#14028);
#14027 = CARTESIAN_POINT('',(44.,337.,12.));
#14028 = VECTOR('',#14029,1.);
#14029 = DIRECTION('',(1.,0.,0.));
#14030 = PCURVE('',#9965,#14031);
#14031 = DEFINITIONAL_REPRESENTATION('',(#14032),#14035);
#14032 = B_SPLINE_CURVE_WITH_KNOTS('',1,(#14033,#14034),.UNSPECIFIED.,
  .F.,.F.,(2,2),(44.,54.),.PIECEWISE_BEZIER_KNOTS.);
#14033 = CARTESIAN_POINT('',(5.000000000003,88.));
#14034 = CARTESIAN_POINT('',(5.000000000003,98.));
#14035 = ( GEOMETRIC_REPRESENTATION_CONTEXT(2) 
PARAMETRIC_REPRESENTATION_CONTEXT() REPRESENTATION_CONTEXT('2D SPACE',''
  ) );
#14036 = PCURVE('',#11016,#14037);
#14037 = DEFINITIONAL_REPRESENTATION('',(#14038),#14041);
#14038 = B_SPLINE_CURVE_WITH_KNOTS('',1,(#14039,#14040),.UNSPECIFIED.,
  .F.,.F.,(2,2),(44.,54.),.PIECEWISE_BEZIER_KNOTS.);
#14039 = CARTESIAN_POINT('',(0.,5.5));
#14040 = CARTESIAN_POINT('',(10.,5.5));
#14041 = ( GEOMETRIC_REPRESENTATION_CONTEXT(2) 
PARAMETRIC_REPRESENTATION_CONTEXT() REPRESENTATION_CONTEXT('2D SPACE',''
  ) );
#14042 = ORIENTED_EDGE('',*,*,#11141,.T.);
#14043 = ORIENTED_EDGE('',*,*,#11211,.F.);
#14044 = ORIENTED_EDGE('',*,*,#11261,.F.);
#14045 = ORIENTED_EDGE('',*,*,#14046,.F.);
#14046 = EDGE_CURVE('',#11422,#11262,#14047,.T.);
#14047 = SURFACE_CURVE('',#14048,(#14052,#14058),.PCURVE_S1.);
#14048 = LINE('',#14049,#14050);
#14049 = CARTESIAN_POINT('',(-49.,337.,12.));
#14050 = VECTOR('',#14051,1.);
#14051 = DIRECTION('',(1.,0.,0.));
#14052 = PCURVE('',#9965,#14053);
#14053 = DEFINITIONAL_REPRESENTATION('',(#14054),#14057);
#14054 = B_SPLINE_CURVE_WITH_KNOTS('',1,(#14055,#14056),.UNSPECIFIED.,
  .F.,.F.,(2,2),(-49.,-39.),.PIECEWISE_BEZIER_KNOTS.);
#14055 = CARTESIAN_POINT('',(5.000000000003,-98.));
#14056 = CARTESIAN_POINT('',(5.000000000003,-88.));
#14057 = ( GEOMETRIC_REPRESENTATION_CONTEXT(2) 
PARAMETRIC_REPRESENTATION_CONTEXT() REPRESENTATION_CONTEXT('2D SPACE',''
  ) );
#14058 = PCURVE('',#11296,#14059);
#14059 = DEFINITIONAL_REPRESENTATION('',(#14060),#14063);
#14060 = B_SPLINE_CURVE_WITH_KNOTS('',1,(#14061,#14062),.UNSPECIFIED.,
  .F.,.F.,(2,2),(-49.,-39.),.PIECEWISE_BEZIER_KNOTS.);
#14061 = CARTESIAN_POINT('',(0.,5.5));
#14062 = CARTESIAN_POINT('',(10.,5.5));
#14063 = ( GEOMETRIC_REPRESENTATION_CONTEXT(2) 
PARAMETRIC_REPRESENTATION_CONTEXT() REPRESENTATION_CONTEXT('2D SPACE',''
  ) );
#14064 = ORIENTED_EDGE('',*,*,#11421,.T.);
#14065 = FACE_BOUND('',#14066,.F.);
#14066 = EDGE_LOOP('',(#14067));
#14067 = ORIENTED_EDGE('',*,*,#14068,.T.);
#14068 = EDGE_CURVE('',#14069,#14069,#14071,.T.);
#14069 = VERTEX_POINT('',#14070);
#14070 = CARTESIAN_POINT('',(-124.5,337.,40.));
#14071 = SURFACE_CURVE('',#14072,(#14077,#14088),.PCURVE_S1.);
#14072 = CIRCLE('',#14073,5.5);
#14073 = AXIS2_PLACEMENT_3D('',#14074,#14075,#14076);
#14074 = CARTESIAN_POINT('',(-130.,337.,40.));
#14075 = DIRECTION('',(0.,-1.,2.22044604925E-16));
#14076 = DIRECTION('',(1.,0.,0.));
#14077 = PCURVE('',#9965,#14078);
#14078 = DEFINITIONAL_REPRESENTATION('',(#14079),#14087);
#14079 = ( BOUNDED_CURVE() B_SPLINE_CURVE(2,(#14080,#14081,#14082,#14083
    ,#14084,#14085,#14086),.UNSPECIFIED.,.T.,.F.) 
B_SPLINE_CURVE_WITH_KNOTS((1,2,2,2,2,1),(-2.094395102393,0.,
    2.094395102393,4.188790204786,6.28318530718,8.377580409573),
.UNSPECIFIED.) CURVE() GEOMETRIC_REPRESENTATION_ITEM() 
RATIONAL_B_SPLINE_CURVE((1.,0.5,1.,0.5,1.,0.5,1.)) REPRESENTATION_ITEM(
  '') );
#14080 = CARTESIAN_POINT('',(33.000000000003,-124.5));
#14081 = CARTESIAN_POINT('',(42.526279441632,-124.5));
#14082 = CARTESIAN_POINT('',(37.763139720818,-132.75));
#14083 = CARTESIAN_POINT('',(33.000000000003,-141.));
#14084 = CARTESIAN_POINT('',(28.236860279189,-132.75));
#14085 = CARTESIAN_POINT('',(23.473720558374,-124.5));
#14086 = CARTESIAN_POINT('',(33.000000000003,-124.5));
#14087 = ( GEOMETRIC_REPRESENTATION_CONTEXT(2) 
PARAMETRIC_REPRESENTATION_CONTEXT() REPRESENTATION_CONTEXT('2D SPACE',''
  ) );
#14088 = PCURVE('',#14089,#14094);
#14089 = CYLINDRICAL_SURFACE('',#14090,5.5);
#14090 = AXIS2_PLACEMENT_3D('',#14091,#14092,#14093);
#14091 = CARTESIAN_POINT('',(-130.,343.5,40.));
#14092 = DIRECTION('',(0.,-1.,2.22044604925E-16));
#14093 = DIRECTION('',(1.,0.,0.));
#14094 = DEFINITIONAL_REPRESENTATION('',(#14095),#14099);
#14095 = LINE('',#14096,#14097);
#14096 = CARTESIAN_POINT('',(0.,6.5));
#14097 = VECTOR('',#14098,1.);
#14098 = DIRECTION('',(1.,0.));
#14099 = ( GEOMETRIC_REPRESENTATION_CONTEXT(2) 
PARAMETRIC_REPRESENTATION_CONTEXT() REPRESENTATION_CONTEXT('2D SPACE',''
  ) );
#14100 = FACE_BOUND('',#14101,.F.);
#14101 = EDGE_LOOP('',(#14102));
#14102 = ORIENTED_EDGE('',*,*,#14103,.T.);
#14103 = EDGE_CURVE('',#14104,#14104,#14106,.T.);
#14104 = VERTEX_POINT('',#14105);
#14105 = CARTESIAN_POINT('',(139.5,337.,40.));
#14106 = SURFACE_CURVE('',#14107,(#14112,#14123),.PCURVE_S1.);
#14107 = CIRCLE('',#14108,9.5);
#14108 = AXIS2_PLACEMENT_3D('',#14109,#14110,#14111);
#14109 = CARTESIAN_POINT('',(130.,337.,40.));
#14110 = DIRECTION('',(0.,-1.,2.22044604925E-16));
#14111 = DIRECTION('',(1.,0.,0.));
#14112 = PCURVE('',#9965,#14113);
#14113 = DEFINITIONAL_REPRESENTATION('',(#14114),#14122);
#14114 = ( BOUNDED_CURVE() B_SPLINE_CURVE(2,(#14115,#14116,#14117,#14118
    ,#14119,#14120,#14121),.UNSPECIFIED.,.T.,.F.) 
B_SPLINE_CURVE_WITH_KNOTS((1,2,2,2,2,1),(-2.094395102393,0.,
    2.094395102393,4.188790204786,6.28318530718,8.377580409573),
.UNSPECIFIED.) CURVE() GEOMETRIC_REPRESENTATION_ITEM() 
RATIONAL_B_SPLINE_CURVE((1.,0.5,1.,0.5,1.,0.5,1.)) REPRESENTATION_ITEM(
  '') );
#14115 = CARTESIAN_POINT('',(33.000000000003,139.5));
#14116 = CARTESIAN_POINT('',(49.454482671908,139.5));
#14117 = CARTESIAN_POINT('',(41.227241335955,125.25));
#14118 = CARTESIAN_POINT('',(33.000000000003,111.));
#14119 = CARTESIAN_POINT('',(24.772758664051,125.25));
#14120 = CARTESIAN_POINT('',(16.545517328099,139.5));
#14121 = CARTESIAN_POINT('',(33.000000000003,139.5));
#14122 = ( GEOMETRIC_REPRESENTATION_CONTEXT(2) 
PARAMETRIC_REPRESENTATION_CONTEXT() REPRESENTATION_CONTEXT('2D SPACE',''
  ) );
#14123 = PCURVE('',#14124,#14129);
#14124 = CYLINDRICAL_SURFACE('',#14125,9.5);
#14125 = AXIS2_PLACEMENT_3D('',#14126,#14127,#14128);
#14126 = CARTESIAN_POINT('',(130.,343.5,40.));
#14127 = DIRECTION('',(0.,-1.,2.22044604925E-16));
#14128 = DIRECTION('',(1.,0.,0.));
#14129 = DEFINITIONAL_REPRESENTATION('',(#14130),#14134);
#14130 = LINE('',#14131,#14132);
#14131 = CARTESIAN_POINT('',(0.,6.5));
#14132 = VECTOR('',#14133,1.);
#14133 = DIRECTION('',(1.,0.));
#14134 = ( GEOMETRIC_REPRESENTATION_CONTEXT(2) 
PARAMETRIC_REPRESENTATION_CONTEXT() REPRESENTATION_CONTEXT('2D SPACE',''
  ) );
#14135 = ADVANCED_FACE('',(#14136),#10111,.T.);
#14136 = FACE_BOUND('',#14137,.F.);
#14137 = EDGE_LOOP('',(#14138,#14139,#14140,#14141,#14160));
#14138 = ORIENTED_EDGE('',*,*,#12190,.F.);
#14139 = ORIENTED_EDGE('',*,*,#10095,.T.);
#14140 = ORIENTED_EDGE('',*,*,#10266,.T.);
#14141 = ORIENTED_EDGE('',*,*,#14142,.T.);
#14142 = EDGE_CURVE('',#10267,#12215,#14143,.T.);
#14143 = SURFACE_CURVE('',#14144,(#14148,#14154),.PCURVE_S1.);
#14144 = LINE('',#14145,#14146);
#14145 = CARTESIAN_POINT('',(-162.8527871265,338.97499235098,
    6.999999999997));
#14146 = VECTOR('',#14147,1.);
#14147 = DIRECTION('',(0.,0.,1.));
#14148 = PCURVE('',#10111,#14149);
#14149 = DEFINITIONAL_REPRESENTATION('',(#14150),#14153);
#14150 = B_SPLINE_CURVE_WITH_KNOTS('',1,(#14151,#14152),.UNSPECIFIED.,
  .F.,.F.,(2,2),(-5.999997725326E-07,93.842032335176),
  .PIECEWISE_BEZIER_KNOTS.);
#14151 = CARTESIAN_POINT('',(-0.823463073534,-5.999997725326E-07));
#14152 = CARTESIAN_POINT('',(-0.823463073534,93.842032335176));
#14153 = ( GEOMETRIC_REPRESENTATION_CONTEXT(2) 
PARAMETRIC_REPRESENTATION_CONTEXT() REPRESENTATION_CONTEXT('2D SPACE',''
  ) );
#14154 = PCURVE('',#10332,#14155);
#14155 = DEFINITIONAL_REPRESENTATION('',(#14156),#14159);
#14156 = B_SPLINE_CURVE_WITH_KNOTS('',1,(#14157,#14158),.UNSPECIFIED.,
  .F.,.F.,(2,2),(-5.999997725326E-07,93.842032335176),
  .PIECEWISE_BEZIER_KNOTS.);
#14157 = CARTESIAN_POINT('',(-1.154474801624,-5.999997725326E-07));
#14158 = CARTESIAN_POINT('',(-1.154474801624,93.842032335176));
#14159 = ( GEOMETRIC_REPRESENTATION_CONTEXT(2) 
PARAMETRIC_REPRESENTATION_CONTEXT() REPRESENTATION_CONTEXT('2D SPACE',''
  ) );
#14160 = ORIENTED_EDGE('',*,*,#12214,.F.);
#14161 = ADVANCED_FACE('',(#14162),#10332,.T.);
#14162 = FACE_BOUND('',#14163,.F.);
#14163 = EDGE_LOOP('',(#14164,#14165,#14166,#14187));
#14164 = ORIENTED_EDGE('',*,*,#14142,.F.);
#14165 = ORIENTED_EDGE('',*,*,#10307,.T.);
#14166 = ORIENTED_EDGE('',*,*,#14167,.T.);
#14167 = EDGE_CURVE('',#10308,#12386,#14168,.T.);
#14168 = SURFACE_CURVE('',#14169,(#14173,#14180),.PCURVE_S1.);
#14169 = LINE('',#14170,#14171);
#14170 = CARTESIAN_POINT('',(-158.,340.,6.999999999997));
#14171 = VECTOR('',#14172,1.);
#14172 = DIRECTION('',(0.,0.,1.));
#14173 = PCURVE('',#10332,#14174);
#14174 = DEFINITIONAL_REPRESENTATION('',(#14175),#14179);
#14175 = LINE('',#14176,#14177);
#14176 = CARTESIAN_POINT('',(-1.570796326795,0.));
#14177 = VECTOR('',#14178,1.);
#14178 = DIRECTION('',(-0.,1.));
#14179 = ( GEOMETRIC_REPRESENTATION_CONTEXT(2) 
PARAMETRIC_REPRESENTATION_CONTEXT() REPRESENTATION_CONTEXT('2D SPACE',''
  ) );
#14180 = PCURVE('',#10398,#14181);
#14181 = DEFINITIONAL_REPRESENTATION('',(#14182),#14186);
#14182 = LINE('',#14183,#14184);
#14183 = CARTESIAN_POINT('',(-1.7763568394E-15,-158.));
#14184 = VECTOR('',#14185,1.);
#14185 = DIRECTION('',(1.,0.));
#14186 = ( GEOMETRIC_REPRESENTATION_CONTEXT(2) 
PARAMETRIC_REPRESENTATION_CONTEXT() REPRESENTATION_CONTEXT('2D SPACE',''
  ) );
#14187 = ORIENTED_EDGE('',*,*,#12385,.F.);
#14188 = ADVANCED_FACE('',(#14189,#14361,#14391),#10398,.T.);
#14189 = FACE_BOUND('',#14190,.T.);
#14190 = EDGE_LOOP('',(#14191,#14192,#14193,#14194,#14215,#14236,#14257,
    #14278,#14299,#14320,#14339,#14340));
#14191 = ORIENTED_EDGE('',*,*,#10382,.F.);
#14192 = ORIENTED_EDGE('',*,*,#14167,.T.);
#14193 = ORIENTED_EDGE('',*,*,#12434,.T.);
#14194 = ORIENTED_EDGE('',*,*,#14195,.T.);
#14195 = EDGE_CURVE('',#12435,#14196,#14198,.T.);
#14196 = VERTEX_POINT('',#14197);
#14197 = CARTESIAN_POINT('',(-85.,340.,47.));
#14198 = SURFACE_CURVE('',#14199,(#14203,#14209),.PCURVE_S1.);
#14199 = LINE('',#14200,#14201);
#14200 = CARTESIAN_POINT('',(-85.,340.,10.999999999998));
#14201 = VECTOR('',#14202,1.);
#14202 = DIRECTION('',(-0.,0.,-1.));
#14203 = PCURVE('',#10398,#14204);
#14204 = DEFINITIONAL_REPRESENTATION('',(#14205),#14208);
#14205 = B_SPLINE_CURVE_WITH_KNOTS('',1,(#14206,#14207),.UNSPECIFIED.,
  .F.,.F.,(2,2),(-89.84203173517,-4.000000000002),
  .PIECEWISE_BEZIER_KNOTS.);
#14206 = CARTESIAN_POINT('',(93.842031735176,-85.));
#14207 = CARTESIAN_POINT('',(8.000000000003,-85.));
#14208 = ( GEOMETRIC_REPRESENTATION_CONTEXT(2) 
PARAMETRIC_REPRESENTATION_CONTEXT() REPRESENTATION_CONTEXT('2D SPACE',''
  ) );
#14209 = PCURVE('',#12576,#14210);
#14210 = DEFINITIONAL_REPRESENTATION('',(#14211),#14214);
#14211 = B_SPLINE_CURVE_WITH_KNOTS('',1,(#14212,#14213),.UNSPECIFIED.,
  .F.,.F.,(2,2),(-89.84203173517,-4.000000000002),
  .PIECEWISE_BEZIER_KNOTS.);
#14212 = CARTESIAN_POINT('',(85.842031735173,-3.5));
#14213 = CARTESIAN_POINT('',(0.,-3.5));
#14214 = ( GEOMETRIC_REPRESENTATION_CONTEXT(2) 
PARAMETRIC_REPRESENTATION_CONTEXT() REPRESENTATION_CONTEXT('2D SPACE',''
  ) );
#14215 = ORIENTED_EDGE('',*,*,#14216,.F.);
#14216 = EDGE_CURVE('',#14217,#14196,#14219,.T.);
#14217 = VERTEX_POINT('',#14218);
#14218 = CARTESIAN_POINT('',(-110.,340.,47.));
#14219 = SURFACE_CURVE('',#14220,(#14224,#14230),.PCURVE_S1.);
#14220 = LINE('',#14221,#14222);
#14221 = CARTESIAN_POINT('',(-55.,340.,47.));
#14222 = VECTOR('',#14223,1.);
#14223 = DIRECTION('',(1.,0.,0.));
#14224 = PCURVE('',#10398,#14225);
#14225 = DEFINITIONAL_REPRESENTATION('',(#14226),#14229);
#14226 = B_SPLINE_CURVE_WITH_KNOTS('',1,(#14227,#14228),.UNSPECIFIED.,
  .F.,.F.,(2,2),(-55.,-25.),.PIECEWISE_BEZIER_KNOTS.);
#14227 = CARTESIAN_POINT('',(40.000000000003,-110.));
#14228 = CARTESIAN_POINT('',(40.000000000003,-80.));
#14229 = ( GEOMETRIC_REPRESENTATION_CONTEXT(2) 
PARAMETRIC_REPRESENTATION_CONTEXT() REPRESENTATION_CONTEXT('2D SPACE',''
  ) );
#14230 = PCURVE('',#13886,#14231);
#14231 = DEFINITIONAL_REPRESENTATION('',(#14232),#14235);
#14232 = B_SPLINE_CURVE_WITH_KNOTS('',1,(#14233,#14234),.UNSPECIFIED.,
  .F.,.F.,(2,2),(-55.,-25.),.PIECEWISE_BEZIER_KNOTS.);
#14233 = CARTESIAN_POINT('',(0.,3.5));
#14234 = CARTESIAN_POINT('',(30.,3.5));
#14235 = ( GEOMETRIC_REPRESENTATION_CONTEXT(2) 
PARAMETRIC_REPRESENTATION_CONTEXT() REPRESENTATION_CONTEXT('2D SPACE',''
  ) );
#14236 = ORIENTED_EDGE('',*,*,#14237,.T.);
#14237 = EDGE_CURVE('',#14217,#14238,#14240,.T.);
#14238 = VERTEX_POINT('',#14239);
#14239 = CARTESIAN_POINT('',(-110.,340.,33.));
#14240 = SURFACE_CURVE('',#14241,(#14245,#14251),.PCURVE_S1.);
#14241 = LINE('',#14242,#14243);
#14242 = CARTESIAN_POINT('',(-110.,340.,19.999999999998));
#14243 = VECTOR('',#14244,1.);
#14244 = DIRECTION('',(-0.,0.,-1.));
#14245 = PCURVE('',#10398,#14246);
#14246 = DEFINITIONAL_REPRESENTATION('',(#14247),#14250);
#14247 = B_SPLINE_CURVE_WITH_KNOTS('',1,(#14248,#14249),.UNSPECIFIED.,
  .F.,.F.,(2,2),(-27.,-13.),.PIECEWISE_BEZIER_KNOTS.);
#14248 = CARTESIAN_POINT('',(40.000000000003,-110.));
#14249 = CARTESIAN_POINT('',(26.000000000003,-110.));
#14250 = ( GEOMETRIC_REPRESENTATION_CONTEXT(2) 
PARAMETRIC_REPRESENTATION_CONTEXT() REPRESENTATION_CONTEXT('2D SPACE',''
  ) );
#14251 = PCURVE('',#13912,#14252);
#14252 = DEFINITIONAL_REPRESENTATION('',(#14253),#14256);
#14253 = B_SPLINE_CURVE_WITH_KNOTS('',1,(#14254,#14255),.UNSPECIFIED.,
  .F.,.F.,(2,2),(-27.,-13.),.PIECEWISE_BEZIER_KNOTS.);
#14254 = CARTESIAN_POINT('',(14.,-3.5));
#14255 = CARTESIAN_POINT('',(0.,-3.5));
#14256 = ( GEOMETRIC_REPRESENTATION_CONTEXT(2) 
PARAMETRIC_REPRESENTATION_CONTEXT() REPRESENTATION_CONTEXT('2D SPACE',''
  ) );
#14257 = ORIENTED_EDGE('',*,*,#14258,.T.);
#14258 = EDGE_CURVE('',#14238,#14259,#14261,.T.);
#14259 = VERTEX_POINT('',#14260);
#14260 = CARTESIAN_POINT('',(-85.,340.,33.));
#14261 = SURFACE_CURVE('',#14262,(#14266,#14272),.PCURVE_S1.);
#14262 = LINE('',#14263,#14264);
#14263 = CARTESIAN_POINT('',(-55.,340.,33.));
#14264 = VECTOR('',#14265,1.);
#14265 = DIRECTION('',(1.,0.,0.));
#14266 = PCURVE('',#10398,#14267);
#14267 = DEFINITIONAL_REPRESENTATION('',(#14268),#14271);
#14268 = B_SPLINE_CURVE_WITH_KNOTS('',1,(#14269,#14270),.UNSPECIFIED.,
  .F.,.F.,(2,2),(-55.,-25.),.PIECEWISE_BEZIER_KNOTS.);
#14269 = CARTESIAN_POINT('',(26.000000000003,-110.));
#14270 = CARTESIAN_POINT('',(26.000000000003,-80.));
#14271 = ( GEOMETRIC_REPRESENTATION_CONTEXT(2) 
PARAMETRIC_REPRESENTATION_CONTEXT() REPRESENTATION_CONTEXT('2D SPACE',''
  ) );
#14272 = PCURVE('',#13938,#14273);
#14273 = DEFINITIONAL_REPRESENTATION('',(#14274),#14277);
#14274 = B_SPLINE_CURVE_WITH_KNOTS('',1,(#14275,#14276),.UNSPECIFIED.,
  .F.,.F.,(2,2),(-55.,-25.),.PIECEWISE_BEZIER_KNOTS.);
#14275 = CARTESIAN_POINT('',(0.,3.5));
#14276 = CARTESIAN_POINT('',(30.,3.5));
#14277 = ( GEOMETRIC_REPRESENTATION_CONTEXT(2) 
PARAMETRIC_REPRESENTATION_CONTEXT() REPRESENTATION_CONTEXT('2D SPACE',''
  ) );
#14278 = ORIENTED_EDGE('',*,*,#14279,.T.);
#14279 = EDGE_CURVE('',#14259,#14280,#14282,.T.);
#14280 = VERTEX_POINT('',#14281);
#14281 = CARTESIAN_POINT('',(-85.,340.,15.));
#14282 = SURFACE_CURVE('',#14283,(#14287,#14293),.PCURVE_S1.);
#14283 = LINE('',#14284,#14285);
#14284 = CARTESIAN_POINT('',(-85.,340.,10.999999999998));
#14285 = VECTOR('',#14286,1.);
#14286 = DIRECTION('',(-0.,0.,-1.));
#14287 = PCURVE('',#10398,#14288);
#14288 = DEFINITIONAL_REPRESENTATION('',(#14289),#14292);
#14289 = B_SPLINE_CURVE_WITH_KNOTS('',1,(#14290,#14291),.UNSPECIFIED.,
  .F.,.F.,(2,2),(-89.84203173517,-4.000000000002),
  .PIECEWISE_BEZIER_KNOTS.);
#14290 = CARTESIAN_POINT('',(93.842031735176,-85.));
#14291 = CARTESIAN_POINT('',(8.000000000003,-85.));
#14292 = ( GEOMETRIC_REPRESENTATION_CONTEXT(2) 
PARAMETRIC_REPRESENTATION_CONTEXT() REPRESENTATION_CONTEXT('2D SPACE',''
  ) );
#14293 = PCURVE('',#13964,#14294);
#14294 = DEFINITIONAL_REPRESENTATION('',(#14295),#14298);
#14295 = B_SPLINE_CURVE_WITH_KNOTS('',1,(#14296,#14297),.UNSPECIFIED.,
  .F.,.F.,(2,2),(-89.84203173517,-4.000000000002),
  .PIECEWISE_BEZIER_KNOTS.);
#14296 = CARTESIAN_POINT('',(85.842031735173,-3.5));
#14297 = CARTESIAN_POINT('',(0.,-3.5));
#14298 = ( GEOMETRIC_REPRESENTATION_CONTEXT(2) 
PARAMETRIC_REPRESENTATION_CONTEXT() REPRESENTATION_CONTEXT('2D SPACE',''
  ) );
#14299 = ORIENTED_EDGE('',*,*,#14300,.T.);
#14300 = EDGE_CURVE('',#14280,#14301,#14303,.T.);
#14301 = VERTEX_POINT('',#14302);
#14302 = CARTESIAN_POINT('',(85.,340.,15.));
#14303 = SURFACE_CURVE('',#14304,(#14308,#14314),.PCURVE_S1.);
#14304 = LINE('',#14305,#14306);
#14305 = CARTESIAN_POINT('',(-42.5,340.,15.));
#14306 = VECTOR('',#14307,1.);
#14307 = DIRECTION('',(1.,0.,0.));
#14308 = PCURVE('',#10398,#14309);
#14309 = DEFINITIONAL_REPRESENTATION('',(#14310),#14313);
#14310 = B_SPLINE_CURVE_WITH_KNOTS('',1,(#14311,#14312),.UNSPECIFIED.,
  .F.,.F.,(2,2),(-42.5,127.5),.PIECEWISE_BEZIER_KNOTS.);
#14311 = CARTESIAN_POINT('',(8.000000000003,-85.));
#14312 = CARTESIAN_POINT('',(8.000000000003,85.));
#14313 = ( GEOMETRIC_REPRESENTATION_CONTEXT(2) 
PARAMETRIC_REPRESENTATION_CONTEXT() REPRESENTATION_CONTEXT('2D SPACE',''
  ) );
#14314 = PCURVE('',#13990,#14315);
#14315 = DEFINITIONAL_REPRESENTATION('',(#14316),#14319);
#14316 = B_SPLINE_CURVE_WITH_KNOTS('',1,(#14317,#14318),.UNSPECIFIED.,
  .F.,.F.,(2,2),(-42.5,127.5),.PIECEWISE_BEZIER_KNOTS.);
#14317 = CARTESIAN_POINT('',(0.,3.5));
#14318 = CARTESIAN_POINT('',(170.,3.5));
#14319 = ( GEOMETRIC_REPRESENTATION_CONTEXT(2) 
PARAMETRIC_REPRESENTATION_CONTEXT() REPRESENTATION_CONTEXT('2D SPACE',''
  ) );
#14320 = ORIENTED_EDGE('',*,*,#14321,.F.);
#14321 = EDGE_CURVE('',#12484,#14301,#14322,.T.);
#14322 = SURFACE_CURVE('',#14323,(#14327,#14333),.PCURVE_S1.);
#14323 = LINE('',#14324,#14325);
#14324 = CARTESIAN_POINT('',(85.,340.,10.999999999998));
#14325 = VECTOR('',#14326,1.);
#14326 = DIRECTION('',(-0.,0.,-1.));
#14327 = PCURVE('',#10398,#14328);
#14328 = DEFINITIONAL_REPRESENTATION('',(#14329),#14332);
#14329 = B_SPLINE_CURVE_WITH_KNOTS('',1,(#14330,#14331),.UNSPECIFIED.,
  .F.,.F.,(2,2),(-89.84203173517,-4.000000000002),
  .PIECEWISE_BEZIER_KNOTS.);
#14330 = CARTESIAN_POINT('',(93.842031735176,85.));
#14331 = CARTESIAN_POINT('',(8.000000000003,85.));
#14332 = ( GEOMETRIC_REPRESENTATION_CONTEXT(2) 
PARAMETRIC_REPRESENTATION_CONTEXT() REPRESENTATION_CONTEXT('2D SPACE',''
  ) );
#14333 = PCURVE('',#12523,#14334);
#14334 = DEFINITIONAL_REPRESENTATION('',(#14335),#14338);
#14335 = B_SPLINE_CURVE_WITH_KNOTS('',1,(#14336,#14337),.UNSPECIFIED.,
  .F.,.F.,(2,2),(-89.84203173517,-4.000000000002),
  .PIECEWISE_BEZIER_KNOTS.);
#14336 = CARTESIAN_POINT('',(85.842031735173,-3.5));
#14337 = CARTESIAN_POINT('',(0.,-3.5));
#14338 = ( GEOMETRIC_REPRESENTATION_CONTEXT(2) 
PARAMETRIC_REPRESENTATION_CONTEXT() REPRESENTATION_CONTEXT('2D SPACE',''
  ) );
#14339 = ORIENTED_EDGE('',*,*,#12483,.T.);
#14340 = ORIENTED_EDGE('',*,*,#14341,.F.);
#14341 = EDGE_CURVE('',#10383,#12460,#14342,.T.);
#14342 = SURFACE_CURVE('',#14343,(#14347,#14354),.PCURVE_S1.);
#14343 = LINE('',#14344,#14345);
#14344 = CARTESIAN_POINT('',(158.,340.,6.999999999997));
#14345 = VECTOR('',#14346,1.);
#14346 = DIRECTION('',(0.,0.,1.));
#14347 = PCURVE('',#10398,#14348);
#14348 = DEFINITIONAL_REPRESENTATION('',(#14349),#14353);
#14349 = LINE('',#14350,#14351);
#14350 = CARTESIAN_POINT('',(-1.7763568394E-15,158.));
#14351 = VECTOR('',#14352,1.);
#14352 = DIRECTION('',(1.,0.));
#14353 = ( GEOMETRIC_REPRESENTATION_CONTEXT(2) 
PARAMETRIC_REPRESENTATION_CONTEXT() REPRESENTATION_CONTEXT('2D SPACE',''
  ) );
#14354 = PCURVE('',#10468,#14355);
#14355 = DEFINITIONAL_REPRESENTATION('',(#14356),#14360);
#14356 = LINE('',#14357,#14358);
#14357 = CARTESIAN_POINT('',(-0.,0.));
#14358 = VECTOR('',#14359,1.);
#14359 = DIRECTION('',(-0.,1.));
#14360 = ( GEOMETRIC_REPRESENTATION_CONTEXT(2) 
PARAMETRIC_REPRESENTATION_CONTEXT() REPRESENTATION_CONTEXT('2D SPACE',''
  ) );
#14361 = FACE_BOUND('',#14362,.T.);
#14362 = EDGE_LOOP('',(#14363));
#14363 = ORIENTED_EDGE('',*,*,#14364,.T.);
#14364 = EDGE_CURVE('',#14365,#14365,#14367,.T.);
#14365 = VERTEX_POINT('',#14366);
#14366 = CARTESIAN_POINT('',(-124.5,340.,40.));
#14367 = SURFACE_CURVE('',#14368,(#14373,#14384),.PCURVE_S1.);
#14368 = CIRCLE('',#14369,5.5);
#14369 = AXIS2_PLACEMENT_3D('',#14370,#14371,#14372);
#14370 = CARTESIAN_POINT('',(-130.,340.,40.));
#14371 = DIRECTION('',(0.,-1.,2.22044604925E-16));
#14372 = DIRECTION('',(1.,0.,0.));
#14373 = PCURVE('',#10398,#14374);
#14374 = DEFINITIONAL_REPRESENTATION('',(#14375),#14383);
#14375 = ( BOUNDED_CURVE() B_SPLINE_CURVE(2,(#14376,#14377,#14378,#14379
    ,#14380,#14381,#14382),.UNSPECIFIED.,.T.,.F.) 
B_SPLINE_CURVE_WITH_KNOTS((1,2,2,2,2,1),(-2.094395102393,0.,
    2.094395102393,4.188790204786,6.28318530718,8.377580409573),
.UNSPECIFIED.) CURVE() GEOMETRIC_REPRESENTATION_ITEM() 
RATIONAL_B_SPLINE_CURVE((1.,0.5,1.,0.5,1.,0.5,1.)) REPRESENTATION_ITEM(
  '') );
#14376 = CARTESIAN_POINT('',(33.000000000003,-124.5));
#14377 = CARTESIAN_POINT('',(42.526279441632,-124.5));
#14378 = CARTESIAN_POINT('',(37.763139720818,-132.75));
#14379 = CARTESIAN_POINT('',(33.000000000003,-141.));
#14380 = CARTESIAN_POINT('',(28.236860279189,-132.75));
#14381 = CARTESIAN_POINT('',(23.473720558374,-124.5));
#14382 = CARTESIAN_POINT('',(33.000000000003,-124.5));
#14383 = ( GEOMETRIC_REPRESENTATION_CONTEXT(2) 
PARAMETRIC_REPRESENTATION_CONTEXT() REPRESENTATION_CONTEXT('2D SPACE',''
  ) );
#14384 = PCURVE('',#14089,#14385);
#14385 = DEFINITIONAL_REPRESENTATION('',(#14386),#14390);
#14386 = LINE('',#14387,#14388);
#14387 = CARTESIAN_POINT('',(0.,3.5));
#14388 = VECTOR('',#14389,1.);
#14389 = DIRECTION('',(1.,0.));
#14390 = ( GEOMETRIC_REPRESENTATION_CONTEXT(2) 
PARAMETRIC_REPRESENTATION_CONTEXT() REPRESENTATION_CONTEXT('2D SPACE',''
  ) );
#14391 = FACE_BOUND('',#14392,.T.);
#14392 = EDGE_LOOP('',(#14393));
#14393 = ORIENTED_EDGE('',*,*,#14394,.T.);
#14394 = EDGE_CURVE('',#14395,#14395,#14397,.T.);
#14395 = VERTEX_POINT('',#14396);
#14396 = CARTESIAN_POINT('',(139.5,340.,40.));
#14397 = SURFACE_CURVE('',#14398,(#14403,#14414),.PCURVE_S1.);
#14398 = CIRCLE('',#14399,9.5);
#14399 = AXIS2_PLACEMENT_3D('',#14400,#14401,#14402);
#14400 = CARTESIAN_POINT('',(130.,340.,40.));
#14401 = DIRECTION('',(0.,-1.,2.22044604925E-16));
#14402 = DIRECTION('',(1.,0.,0.));
#14403 = PCURVE('',#10398,#14404);
#14404 = DEFINITIONAL_REPRESENTATION('',(#14405),#14413);
#14405 = ( BOUNDED_CURVE() B_SPLINE_CURVE(2,(#14406,#14407,#14408,#14409
    ,#14410,#14411,#14412),.UNSPECIFIED.,.T.,.F.) 
B_SPLINE_CURVE_WITH_KNOTS((1,2,2,2,2,1),(-2.094395102393,0.,
    2.094395102393,4.188790204786,6.28318530718,8.377580409573),
.UNSPECIFIED.) CURVE() GEOMETRIC_REPRESENTATION_ITEM() 
RATIONAL_B_SPLINE_CURVE((1.,0.5,1.,0.5,1.,0.5,1.)) REPRESENTATION_ITEM(
  '') );
#14406 = CARTESIAN_POINT('',(33.000000000003,139.5));
#14407 = CARTESIAN_POINT('',(49.454482671908,139.5));
#14408 = CARTESIAN_POINT('',(41.227241335955,125.25));
#14409 = CARTESIAN_POINT('',(33.000000000003,111.));
#14410 = CARTESIAN_POINT('',(24.772758664051,125.25));
#14411 = CARTESIAN_POINT('',(16.545517328099,139.5));
#14412 = CARTESIAN_POINT('',(33.000000000003,139.5));
#14413 = ( GEOMETRIC_REPRESENTATION_CONTEXT(2) 
PARAMETRIC_REPRESENTATION_CONTEXT() REPRESENTATION_CONTEXT('2D SPACE',''
  ) );
#14414 = PCURVE('',#14124,#14415);
#14415 = DEFINITIONAL_REPRESENTATION('',(#14416),#14420);
#14416 = LINE('',#14417,#14418);
#14417 = CARTESIAN_POINT('',(0.,3.5));
#14418 = VECTOR('',#14419,1.);
#14419 = DIRECTION('',(1.,0.));
#14420 = ( GEOMETRIC_REPRESENTATION_CONTEXT(2) 
PARAMETRIC_REPRESENTATION_CONTEXT() REPRESENTATION_CONTEXT('2D SPACE',''
  ) );
#14421 = ADVANCED_FACE('',(#14422),#10513,.T.);
#14422 = FACE_BOUND('',#14423,.T.);
#14423 = EDGE_LOOP('',(#14424,#14445,#14446,#14447,#14466));
#14424 = ORIENTED_EDGE('',*,*,#14425,.F.);
#14425 = EDGE_CURVE('',#10675,#13355,#14426,.T.);
#14426 = SURFACE_CURVE('',#14427,(#14431,#14438),.PCURVE_S1.);
#14427 = LINE('',#14428,#14429);
#14428 = CARTESIAN_POINT('',(165.2,340.,6.999999999997));
#14429 = VECTOR('',#14430,1.);
#14430 = DIRECTION('',(0.,0.,1.));
#14431 = PCURVE('',#10513,#14432);
#14432 = DEFINITIONAL_REPRESENTATION('',(#14433),#14437);
#14433 = LINE('',#14434,#14435);
#14434 = CARTESIAN_POINT('',(0.,0.));
#14435 = VECTOR('',#14436,1.);
#14436 = DIRECTION('',(0.,1.));
#14437 = ( GEOMETRIC_REPRESENTATION_CONTEXT(2) 
PARAMETRIC_REPRESENTATION_CONTEXT() REPRESENTATION_CONTEXT('2D SPACE',''
  ) );
#14438 = PCURVE('',#10740,#14439);
#14439 = DEFINITIONAL_REPRESENTATION('',(#14440),#14444);
#14440 = LINE('',#14441,#14442);
#14441 = CARTESIAN_POINT('',(-1.7763568394E-15,-0.8));
#14442 = VECTOR('',#14443,1.);
#14443 = DIRECTION('',(1.,0.));
#14444 = ( GEOMETRIC_REPRESENTATION_CONTEXT(2) 
PARAMETRIC_REPRESENTATION_CONTEXT() REPRESENTATION_CONTEXT('2D SPACE',''
  ) );
#14445 = ORIENTED_EDGE('',*,*,#10698,.T.);
#14446 = ORIENTED_EDGE('',*,*,#10485,.F.);
#14447 = ORIENTED_EDGE('',*,*,#14448,.T.);
#14448 = EDGE_CURVE('',#10444,#13202,#14449,.T.);
#14449 = SURFACE_CURVE('',#14450,(#14454,#14460),.PCURVE_S1.);
#14450 = LINE('',#14451,#14452);
#14451 = CARTESIAN_POINT('',(162.85278712657,338.97499235098,
    6.999999999997));
#14452 = VECTOR('',#14453,1.);
#14453 = DIRECTION('',(0.,0.,1.));
#14454 = PCURVE('',#10513,#14455);
#14455 = DEFINITIONAL_REPRESENTATION('',(#14456),#14459);
#14456 = B_SPLINE_CURVE_WITH_KNOTS('',1,(#14457,#14458),.UNSPECIFIED.,
  .F.,.F.,(2,2),(-5.999997725326E-07,93.842032335176),
  .PIECEWISE_BEZIER_KNOTS.);
#14457 = CARTESIAN_POINT('',(0.823463073534,-5.999997725326E-07));
#14458 = CARTESIAN_POINT('',(0.823463073534,93.842032335176));
#14459 = ( GEOMETRIC_REPRESENTATION_CONTEXT(2) 
PARAMETRIC_REPRESENTATION_CONTEXT() REPRESENTATION_CONTEXT('2D SPACE',''
  ) );
#14460 = PCURVE('',#10468,#14461);
#14461 = DEFINITIONAL_REPRESENTATION('',(#14462),#14465);
#14462 = B_SPLINE_CURVE_WITH_KNOTS('',1,(#14463,#14464),.UNSPECIFIED.,
  .F.,.F.,(2,2),(-5.999997725326E-07,93.842032335176),
  .PIECEWISE_BEZIER_KNOTS.);
#14463 = CARTESIAN_POINT('',(-0.416321525171,-5.999997725326E-07));
#14464 = CARTESIAN_POINT('',(-0.416321525171,93.842032335176));
#14465 = ( GEOMETRIC_REPRESENTATION_CONTEXT(2) 
PARAMETRIC_REPRESENTATION_CONTEXT() REPRESENTATION_CONTEXT('2D SPACE',''
  ) );
#14466 = ORIENTED_EDGE('',*,*,#13354,.F.);
#14467 = ADVANCED_FACE('',(#14468),#10468,.T.);
#14468 = FACE_BOUND('',#14469,.F.);
#14469 = EDGE_LOOP('',(#14470,#14471,#14472,#14473));
#14470 = ORIENTED_EDGE('',*,*,#14341,.F.);
#14471 = ORIENTED_EDGE('',*,*,#10443,.T.);
#14472 = ORIENTED_EDGE('',*,*,#14448,.T.);
#14473 = ORIENTED_EDGE('',*,*,#13201,.F.);
#14474 = ADVANCED_FACE('',(#14475),#10740,.T.);
#14475 = FACE_BOUND('',#14476,.T.);
#14476 = EDGE_LOOP('',(#14477,#14478,#14479,#14480));
#14477 = ORIENTED_EDGE('',*,*,#10724,.F.);
#14478 = ORIENTED_EDGE('',*,*,#14425,.T.);
#14479 = ORIENTED_EDGE('',*,*,#13403,.T.);
#14480 = ORIENTED_EDGE('',*,*,#10855,.F.);
#14481 = ADVANCED_FACE('',(#14482),#11016,.T.);
#14482 = FACE_BOUND('',#14483,.T.);
#14483 = EDGE_LOOP('',(#14484,#14485,#14486,#14487));
#14484 = ORIENTED_EDGE('',*,*,#11162,.F.);
#14485 = ORIENTED_EDGE('',*,*,#11056,.T.);
#14486 = ORIENTED_EDGE('',*,*,#11002,.T.);
#14487 = ORIENTED_EDGE('',*,*,#14024,.F.);
#14488 = ADVANCED_FACE('',(#14489),#11100,.F.);
#14489 = FACE_BOUND('',#14490,.F.);
#14490 = EDGE_LOOP('',(#14491,#14492,#14515,#14542));
#14491 = ORIENTED_EDGE('',*,*,#11079,.F.);
#14492 = ORIENTED_EDGE('',*,*,#14493,.F.);
#14493 = EDGE_CURVE('',#14494,#11080,#14496,.T.);
#14494 = VERTEX_POINT('',#14495);
#14495 = CARTESIAN_POINT('',(95.1,339.6,7.));
#14496 = SEAM_CURVE('',#14497,(#14501,#14508),.PCURVE_S1.);
#14497 = LINE('',#14498,#14499);
#14498 = CARTESIAN_POINT('',(95.1,339.6,7.));
#14499 = VECTOR('',#14500,1.);
#14500 = DIRECTION('',(0.,-1.,2.22044604925E-16));
#14501 = PCURVE('',#11100,#14502);
#14502 = DEFINITIONAL_REPRESENTATION('',(#14503),#14507);
#14503 = LINE('',#14504,#14505);
#14504 = CARTESIAN_POINT('',(6.28318530718,-0.));
#14505 = VECTOR('',#14506,1.);
#14506 = DIRECTION('',(0.,1.));
#14507 = ( GEOMETRIC_REPRESENTATION_CONTEXT(2) 
PARAMETRIC_REPRESENTATION_CONTEXT() REPRESENTATION_CONTEXT('2D SPACE',''
  ) );
#14508 = PCURVE('',#11100,#14509);
#14509 = DEFINITIONAL_REPRESENTATION('',(#14510),#14514);
#14510 = LINE('',#14511,#14512);
#14511 = CARTESIAN_POINT('',(0.,-0.));
#14512 = VECTOR('',#14513,1.);
#14513 = DIRECTION('',(0.,1.));
#14514 = ( GEOMETRIC_REPRESENTATION_CONTEXT(2) 
PARAMETRIC_REPRESENTATION_CONTEXT() REPRESENTATION_CONTEXT('2D SPACE',''
  ) );
#14515 = ORIENTED_EDGE('',*,*,#14516,.T.);
#14516 = EDGE_CURVE('',#14494,#14494,#14517,.T.);
#14517 = SURFACE_CURVE('',#14518,(#14523,#14530),.PCURVE_S1.);
#14518 = CIRCLE('',#14519,2.1);
#14519 = AXIS2_PLACEMENT_3D('',#14520,#14521,#14522);
#14520 = CARTESIAN_POINT('',(93.,339.6,7.));
#14521 = DIRECTION('',(0.,-1.,2.22044604925E-16));
#14522 = DIRECTION('',(1.,0.,0.));
#14523 = PCURVE('',#11100,#14524);
#14524 = DEFINITIONAL_REPRESENTATION('',(#14525),#14529);
#14525 = LINE('',#14526,#14527);
#14526 = CARTESIAN_POINT('',(0.,0.));
#14527 = VECTOR('',#14528,1.);
#14528 = DIRECTION('',(1.,0.));
#14529 = ( GEOMETRIC_REPRESENTATION_CONTEXT(2) 
PARAMETRIC_REPRESENTATION_CONTEXT() REPRESENTATION_CONTEXT('2D SPACE',''
  ) );
#14530 = PCURVE('',#14531,#14536);
#14531 = PLANE('',#14532);
#14532 = AXIS2_PLACEMENT_3D('',#14533,#14534,#14535);
#14533 = CARTESIAN_POINT('',(93.,339.6,7.));
#14534 = DIRECTION('',(0.,-1.,2.22044604925E-16));
#14535 = DIRECTION('',(1.,0.,0.));
#14536 = DEFINITIONAL_REPRESENTATION('',(#14537),#14541);
#14537 = CIRCLE('',#14538,2.1);
#14538 = AXIS2_PLACEMENT_2D('',#14539,#14540);
#14539 = CARTESIAN_POINT('',(0.,0.));
#14540 = DIRECTION('',(1.,0.));
#14541 = ( GEOMETRIC_REPRESENTATION_CONTEXT(2) 
PARAMETRIC_REPRESENTATION_CONTEXT() REPRESENTATION_CONTEXT('2D SPACE',''
  ) );
#14542 = ORIENTED_EDGE('',*,*,#14493,.T.);
#14543 = ADVANCED_FACE('',(#14544),#11296,.T.);
#14544 = FACE_BOUND('',#14545,.T.);
#14545 = EDGE_LOOP('',(#14546,#14547,#14548,#14549));
#14546 = ORIENTED_EDGE('',*,*,#11442,.F.);
#14547 = ORIENTED_EDGE('',*,*,#11336,.T.);
#14548 = ORIENTED_EDGE('',*,*,#11282,.T.);
#14549 = ORIENTED_EDGE('',*,*,#14046,.F.);
#14550 = ADVANCED_FACE('',(#14551),#11380,.F.);
#14551 = FACE_BOUND('',#14552,.F.);
#14552 = EDGE_LOOP('',(#14553,#14554,#14577,#14604));
#14553 = ORIENTED_EDGE('',*,*,#11359,.F.);
#14554 = ORIENTED_EDGE('',*,*,#14555,.F.);
#14555 = EDGE_CURVE('',#14556,#11360,#14558,.T.);
#14556 = VERTEX_POINT('',#14557);
#14557 = CARTESIAN_POINT('',(-90.9,339.6,7.));
#14558 = SEAM_CURVE('',#14559,(#14563,#14570),.PCURVE_S1.);
#14559 = LINE('',#14560,#14561);
#14560 = CARTESIAN_POINT('',(-90.9,339.6,7.));
#14561 = VECTOR('',#14562,1.);
#14562 = DIRECTION('',(0.,-1.,2.22044604925E-16));
#14563 = PCURVE('',#11380,#14564);
#14564 = DEFINITIONAL_REPRESENTATION('',(#14565),#14569);
#14565 = LINE('',#14566,#14567);
#14566 = CARTESIAN_POINT('',(6.28318530718,-0.));
#14567 = VECTOR('',#14568,1.);
#14568 = DIRECTION('',(0.,1.));
#14569 = ( GEOMETRIC_REPRESENTATION_CONTEXT(2) 
PARAMETRIC_REPRESENTATION_CONTEXT() REPRESENTATION_CONTEXT('2D SPACE',''
  ) );
#14570 = PCURVE('',#11380,#14571);
#14571 = DEFINITIONAL_REPRESENTATION('',(#14572),#14576);
#14572 = LINE('',#14573,#14574);
#14573 = CARTESIAN_POINT('',(0.,-0.));
#14574 = VECTOR('',#14575,1.);
#14575 = DIRECTION('',(0.,1.));
#14576 = ( GEOMETRIC_REPRESENTATION_CONTEXT(2) 
PARAMETRIC_REPRESENTATION_CONTEXT() REPRESENTATION_CONTEXT('2D SPACE',''
  ) );
#14577 = ORIENTED_EDGE('',*,*,#14578,.T.);
#14578 = EDGE_CURVE('',#14556,#14556,#14579,.T.);
#14579 = SURFACE_CURVE('',#14580,(#14585,#14592),.PCURVE_S1.);
#14580 = CIRCLE('',#14581,2.1);
#14581 = AXIS2_PLACEMENT_3D('',#14582,#14583,#14584);
#14582 = CARTESIAN_POINT('',(-93.,339.6,7.));
#14583 = DIRECTION('',(0.,-1.,2.22044604925E-16));
#14584 = DIRECTION('',(1.,0.,0.));
#14585 = PCURVE('',#11380,#14586);
#14586 = DEFINITIONAL_REPRESENTATION('',(#14587),#14591);
#14587 = LINE('',#14588,#14589);
#14588 = CARTESIAN_POINT('',(0.,0.));
#14589 = VECTOR('',#14590,1.);
#14590 = DIRECTION('',(1.,0.));
#14591 = ( GEOMETRIC_REPRESENTATION_CONTEXT(2) 
PARAMETRIC_REPRESENTATION_CONTEXT() REPRESENTATION_CONTEXT('2D SPACE',''
  ) );
#14592 = PCURVE('',#14593,#14598);
#14593 = PLANE('',#14594);
#14594 = AXIS2_PLACEMENT_3D('',#14595,#14596,#14597);
#14595 = CARTESIAN_POINT('',(-93.,339.6,7.));
#14596 = DIRECTION('',(0.,-1.,2.22044604925E-16));
#14597 = DIRECTION('',(1.,0.,0.));
#14598 = DEFINITIONAL_REPRESENTATION('',(#14599),#14603);
#14599 = CIRCLE('',#14600,2.1);
#14600 = AXIS2_PLACEMENT_2D('',#14601,#14602);
#14601 = CARTESIAN_POINT('',(0.,0.));
#14602 = DIRECTION('',(1.,0.));
#14603 = ( GEOMETRIC_REPRESENTATION_CONTEXT(2) 
PARAMETRIC_REPRESENTATION_CONTEXT() REPRESENTATION_CONTEXT('2D SPACE',''
  ) );
#14604 = ORIENTED_EDGE('',*,*,#14555,.T.);
#14605 = ADVANCED_FACE('',(#14606,#14609),#11571,.T.);
#14606 = FACE_BOUND('',#14607,.T.);
#14607 = EDGE_LOOP('',(#14608));
#14608 = ORIENTED_EDGE('',*,*,#11556,.T.);
#14609 = FACE_BOUND('',#14610,.T.);
#14610 = EDGE_LOOP('',(#14611));
#14611 = ORIENTED_EDGE('',*,*,#14612,.F.);
#14612 = EDGE_CURVE('',#14613,#14613,#14615,.T.);
#14613 = VERTEX_POINT('',#14614);
#14614 = CARTESIAN_POINT('',(-117.75,254.5,7.5));
#14615 = SURFACE_CURVE('',#14616,(#14621,#14628),.PCURVE_S1.);
#14616 = CIRCLE('',#14617,1.25);
#14617 = AXIS2_PLACEMENT_3D('',#14618,#14619,#14620);
#14618 = CARTESIAN_POINT('',(-119.,254.5,7.5));
#14619 = DIRECTION('',(0.,0.,1.));
#14620 = DIRECTION('',(1.,0.,-0.));
#14621 = PCURVE('',#11571,#14622);
#14622 = DEFINITIONAL_REPRESENTATION('',(#14623),#14627);
#14623 = CIRCLE('',#14624,1.25);
#14624 = AXIS2_PLACEMENT_2D('',#14625,#14626);
#14625 = CARTESIAN_POINT('',(0.,0.));
#14626 = DIRECTION('',(1.,0.));
#14627 = ( GEOMETRIC_REPRESENTATION_CONTEXT(2) 
PARAMETRIC_REPRESENTATION_CONTEXT() REPRESENTATION_CONTEXT('2D SPACE',''
  ) );
#14628 = PCURVE('',#14629,#14634);
#14629 = CYLINDRICAL_SURFACE('',#14630,1.25);
#14630 = AXIS2_PLACEMENT_3D('',#14631,#14632,#14633);
#14631 = CARTESIAN_POINT('',(-119.,254.5,2.6));
#14632 = DIRECTION('',(0.,0.,1.));
#14633 = DIRECTION('',(1.,0.,-0.));
#14634 = DEFINITIONAL_REPRESENTATION('',(#14635),#14639);
#14635 = LINE('',#14636,#14637);
#14636 = CARTESIAN_POINT('',(0.,4.9));
#14637 = VECTOR('',#14638,1.);
#14638 = DIRECTION('',(1.,0.));
#14639 = ( GEOMETRIC_REPRESENTATION_CONTEXT(2) 
PARAMETRIC_REPRESENTATION_CONTEXT() REPRESENTATION_CONTEXT('2D SPACE',''
  ) );
#14640 = ADVANCED_FACE('',(#14641,#14644),#11626,.T.);
#14641 = FACE_BOUND('',#14642,.T.);
#14642 = EDGE_LOOP('',(#14643));
#14643 = ORIENTED_EDGE('',*,*,#11611,.T.);
#14644 = FACE_BOUND('',#14645,.T.);
#14645 = EDGE_LOOP('',(#14646));
#14646 = ORIENTED_EDGE('',*,*,#14647,.F.);
#14647 = EDGE_CURVE('',#14648,#14648,#14650,.T.);
#14648 = VERTEX_POINT('',#14649);
#14649 = CARTESIAN_POINT('',(-117.75,269.5,7.5));
#14650 = SURFACE_CURVE('',#14651,(#14656,#14663),.PCURVE_S1.);
#14651 = CIRCLE('',#14652,1.25);
#14652 = AXIS2_PLACEMENT_3D('',#14653,#14654,#14655);
#14653 = CARTESIAN_POINT('',(-119.,269.5,7.5));
#14654 = DIRECTION('',(0.,0.,1.));
#14655 = DIRECTION('',(1.,0.,-0.));
#14656 = PCURVE('',#11626,#14657);
#14657 = DEFINITIONAL_REPRESENTATION('',(#14658),#14662);
#14658 = CIRCLE('',#14659,1.25);
#14659 = AXIS2_PLACEMENT_2D('',#14660,#14661);
#14660 = CARTESIAN_POINT('',(0.,0.));
#14661 = DIRECTION('',(1.,0.));
#14662 = ( GEOMETRIC_REPRESENTATION_CONTEXT(2) 
PARAMETRIC_REPRESENTATION_CONTEXT() REPRESENTATION_CONTEXT('2D SPACE',''
  ) );
#14663 = PCURVE('',#14664,#14669);
#14664 = CYLINDRICAL_SURFACE('',#14665,1.25);
#14665 = AXIS2_PLACEMENT_3D('',#14666,#14667,#14668);
#14666 = CARTESIAN_POINT('',(-119.,269.5,2.6));
#14667 = DIRECTION('',(0.,0.,1.));
#14668 = DIRECTION('',(1.,0.,-0.));
#14669 = DEFINITIONAL_REPRESENTATION('',(#14670),#14674);
#14670 = LINE('',#14671,#14672);
#14671 = CARTESIAN_POINT('',(0.,4.9));
#14672 = VECTOR('',#14673,1.);
#14673 = DIRECTION('',(1.,0.));
#14674 = ( GEOMETRIC_REPRESENTATION_CONTEXT(2) 
PARAMETRIC_REPRESENTATION_CONTEXT() REPRESENTATION_CONTEXT('2D SPACE',''
  ) );
#14675 = ADVANCED_FACE('',(#14676,#14679),#11681,.T.);
#14676 = FACE_BOUND('',#14677,.T.);
#14677 = EDGE_LOOP('',(#14678));
#14678 = ORIENTED_EDGE('',*,*,#11666,.T.);
#14679 = FACE_BOUND('',#14680,.T.);
#14680 = EDGE_LOOP('',(#14681));
#14681 = ORIENTED_EDGE('',*,*,#14682,.F.);
#14682 = EDGE_CURVE('',#14683,#14683,#14685,.T.);
#14683 = VERTEX_POINT('',#14684);
#14684 = CARTESIAN_POINT('',(-115.25,288.5,7.5));
#14685 = SURFACE_CURVE('',#14686,(#14691,#14698),.PCURVE_S1.);
#14686 = CIRCLE('',#14687,1.25);
#14687 = AXIS2_PLACEMENT_3D('',#14688,#14689,#14690);
#14688 = CARTESIAN_POINT('',(-116.5,288.5,7.5));
#14689 = DIRECTION('',(0.,0.,1.));
#14690 = DIRECTION('',(1.,0.,-0.));
#14691 = PCURVE('',#11681,#14692);
#14692 = DEFINITIONAL_REPRESENTATION('',(#14693),#14697);
#14693 = CIRCLE('',#14694,1.25);
#14694 = AXIS2_PLACEMENT_2D('',#14695,#14696);
#14695 = CARTESIAN_POINT('',(0.,0.));
#14696 = DIRECTION('',(1.,0.));
#14697 = ( GEOMETRIC_REPRESENTATION_CONTEXT(2) 
PARAMETRIC_REPRESENTATION_CONTEXT() REPRESENTATION_CONTEXT('2D SPACE',''
  ) );
#14698 = PCURVE('',#14699,#14704);
#14699 = CYLINDRICAL_SURFACE('',#14700,1.25);
#14700 = AXIS2_PLACEMENT_3D('',#14701,#14702,#14703);
#14701 = CARTESIAN_POINT('',(-116.5,288.5,2.6));
#14702 = DIRECTION('',(0.,0.,1.));
#14703 = DIRECTION('',(1.,0.,-0.));
#14704 = DEFINITIONAL_REPRESENTATION('',(#14705),#14709);
#14705 = LINE('',#14706,#14707);
#14706 = CARTESIAN_POINT('',(0.,4.9));
#14707 = VECTOR('',#14708,1.);
#14708 = DIRECTION('',(1.,0.));
#14709 = ( GEOMETRIC_REPRESENTATION_CONTEXT(2) 
PARAMETRIC_REPRESENTATION_CONTEXT() REPRESENTATION_CONTEXT('2D SPACE',''
  ) );
#14710 = ADVANCED_FACE('',(#14711,#14714),#11736,.T.);
#14711 = FACE_BOUND('',#14712,.T.);
#14712 = EDGE_LOOP('',(#14713));
#14713 = ORIENTED_EDGE('',*,*,#11721,.T.);
#14714 = FACE_BOUND('',#14715,.T.);
#14715 = EDGE_LOOP('',(#14716));
#14716 = ORIENTED_EDGE('',*,*,#14717,.F.);
#14717 = EDGE_CURVE('',#14718,#14718,#14720,.T.);
#14718 = VERTEX_POINT('',#14719);
#14719 = CARTESIAN_POINT('',(-115.25,311.5,7.5));
#14720 = SURFACE_CURVE('',#14721,(#14726,#14733),.PCURVE_S1.);
#14721 = CIRCLE('',#14722,1.25);
#14722 = AXIS2_PLACEMENT_3D('',#14723,#14724,#14725);
#14723 = CARTESIAN_POINT('',(-116.5,311.5,7.5));
#14724 = DIRECTION('',(0.,0.,1.));
#14725 = DIRECTION('',(1.,0.,-0.));
#14726 = PCURVE('',#11736,#14727);
#14727 = DEFINITIONAL_REPRESENTATION('',(#14728),#14732);
#14728 = CIRCLE('',#14729,1.25);
#14729 = AXIS2_PLACEMENT_2D('',#14730,#14731);
#14730 = CARTESIAN_POINT('',(0.,0.));
#14731 = DIRECTION('',(1.,0.));
#14732 = ( GEOMETRIC_REPRESENTATION_CONTEXT(2) 
PARAMETRIC_REPRESENTATION_CONTEXT() REPRESENTATION_CONTEXT('2D SPACE',''
  ) );
#14733 = PCURVE('',#14734,#14739);
#14734 = CYLINDRICAL_SURFACE('',#14735,1.25);
#14735 = AXIS2_PLACEMENT_3D('',#14736,#14737,#14738);
#14736 = CARTESIAN_POINT('',(-116.5,311.5,2.6));
#14737 = DIRECTION('',(0.,0.,1.));
#14738 = DIRECTION('',(1.,0.,-0.));
#14739 = DEFINITIONAL_REPRESENTATION('',(#14740),#14744);
#14740 = LINE('',#14741,#14742);
#14741 = CARTESIAN_POINT('',(0.,4.9));
#14742 = VECTOR('',#14743,1.);
#14743 = DIRECTION('',(1.,0.));
#14744 = ( GEOMETRIC_REPRESENTATION_CONTEXT(2) 
PARAMETRIC_REPRESENTATION_CONTEXT() REPRESENTATION_CONTEXT('2D SPACE',''
  ) );
#14745 = ADVANCED_FACE('',(#14746,#14749),#11791,.T.);
#14746 = FACE_BOUND('',#14747,.T.);
#14747 = EDGE_LOOP('',(#14748));
#14748 = ORIENTED_EDGE('',*,*,#11776,.T.);
#14749 = FACE_BOUND('',#14750,.T.);
#14750 = EDGE_LOOP('',(#14751));
#14751 = ORIENTED_EDGE('',*,*,#14752,.F.);
#14752 = EDGE_CURVE('',#14753,#14753,#14755,.T.);
#14753 = VERTEX_POINT('',#14754);
#14754 = CARTESIAN_POINT('',(-79.75,254.5,7.5));
#14755 = SURFACE_CURVE('',#14756,(#14761,#14768),.PCURVE_S1.);
#14756 = CIRCLE('',#14757,1.25);
#14757 = AXIS2_PLACEMENT_3D('',#14758,#14759,#14760);
#14758 = CARTESIAN_POINT('',(-81.,254.5,7.5));
#14759 = DIRECTION('',(0.,0.,1.));
#14760 = DIRECTION('',(1.,0.,-0.));
#14761 = PCURVE('',#11791,#14762);
#14762 = DEFINITIONAL_REPRESENTATION('',(#14763),#14767);
#14763 = CIRCLE('',#14764,1.25);
#14764 = AXIS2_PLACEMENT_2D('',#14765,#14766);
#14765 = CARTESIAN_POINT('',(0.,0.));
#14766 = DIRECTION('',(1.,0.));
#14767 = ( GEOMETRIC_REPRESENTATION_CONTEXT(2) 
PARAMETRIC_REPRESENTATION_CONTEXT() REPRESENTATION_CONTEXT('2D SPACE',''
  ) );
#14768 = PCURVE('',#14769,#14774);
#14769 = CYLINDRICAL_SURFACE('',#14770,1.25);
#14770 = AXIS2_PLACEMENT_3D('',#14771,#14772,#14773);
#14771 = CARTESIAN_POINT('',(-81.,254.5,2.6));
#14772 = DIRECTION('',(0.,0.,1.));
#14773 = DIRECTION('',(1.,0.,-0.));
#14774 = DEFINITIONAL_REPRESENTATION('',(#14775),#14779);
#14775 = LINE('',#14776,#14777);
#14776 = CARTESIAN_POINT('',(0.,4.9));
#14777 = VECTOR('',#14778,1.);
#14778 = DIRECTION('',(1.,0.));
#14779 = ( GEOMETRIC_REPRESENTATION_CONTEXT(2) 
PARAMETRIC_REPRESENTATION_CONTEXT() REPRESENTATION_CONTEXT('2D SPACE',''
  ) );
#14780 = ADVANCED_FACE('',(#14781,#14784),#11846,.T.);
#14781 = FACE_BOUND('',#14782,.T.);
#14782 = EDGE_LOOP('',(#14783));
#14783 = ORIENTED_EDGE('',*,*,#11831,.T.);
#14784 = FACE_BOUND('',#14785,.T.);
#14785 = EDGE_LOOP('',(#14786));
#14786 = ORIENTED_EDGE('',*,*,#14787,.F.);
#14787 = EDGE_CURVE('',#14788,#14788,#14790,.T.);
#14788 = VERTEX_POINT('',#14789);
#14789 = CARTESIAN_POINT('',(-79.75,269.5,7.5));
#14790 = SURFACE_CURVE('',#14791,(#14796,#14803),.PCURVE_S1.);
#14791 = CIRCLE('',#14792,1.25);
#14792 = AXIS2_PLACEMENT_3D('',#14793,#14794,#14795);
#14793 = CARTESIAN_POINT('',(-81.,269.5,7.5));
#14794 = DIRECTION('',(0.,0.,1.));
#14795 = DIRECTION('',(1.,0.,-0.));
#14796 = PCURVE('',#11846,#14797);
#14797 = DEFINITIONAL_REPRESENTATION('',(#14798),#14802);
#14798 = CIRCLE('',#14799,1.25);
#14799 = AXIS2_PLACEMENT_2D('',#14800,#14801);
#14800 = CARTESIAN_POINT('',(0.,0.));
#14801 = DIRECTION('',(1.,0.));
#14802 = ( GEOMETRIC_REPRESENTATION_CONTEXT(2) 
PARAMETRIC_REPRESENTATION_CONTEXT() REPRESENTATION_CONTEXT('2D SPACE',''
  ) );
#14803 = PCURVE('',#14804,#14809);
#14804 = CYLINDRICAL_SURFACE('',#14805,1.25);
#14805 = AXIS2_PLACEMENT_3D('',#14806,#14807,#14808);
#14806 = CARTESIAN_POINT('',(-81.,269.5,2.6));
#14807 = DIRECTION('',(0.,0.,1.));
#14808 = DIRECTION('',(1.,0.,-0.));
#14809 = DEFINITIONAL_REPRESENTATION('',(#14810),#14814);
#14810 = LINE('',#14811,#14812);
#14811 = CARTESIAN_POINT('',(0.,4.9));
#14812 = VECTOR('',#14813,1.);
#14813 = DIRECTION('',(1.,0.));
#14814 = ( GEOMETRIC_REPRESENTATION_CONTEXT(2) 
PARAMETRIC_REPRESENTATION_CONTEXT() REPRESENTATION_CONTEXT('2D SPACE',''
  ) );
#14815 = ADVANCED_FACE('',(#14816,#14819),#11901,.T.);
#14816 = FACE_BOUND('',#14817,.T.);
#14817 = EDGE_LOOP('',(#14818));
#14818 = ORIENTED_EDGE('',*,*,#11886,.T.);
#14819 = FACE_BOUND('',#14820,.T.);
#14820 = EDGE_LOOP('',(#14821));
#14821 = ORIENTED_EDGE('',*,*,#14822,.F.);
#14822 = EDGE_CURVE('',#14823,#14823,#14825,.T.);
#14823 = VERTEX_POINT('',#14824);
#14824 = CARTESIAN_POINT('',(-82.25,288.5,7.5));
#14825 = SURFACE_CURVE('',#14826,(#14831,#14838),.PCURVE_S1.);
#14826 = CIRCLE('',#14827,1.25);
#14827 = AXIS2_PLACEMENT_3D('',#14828,#14829,#14830);
#14828 = CARTESIAN_POINT('',(-83.5,288.5,7.5));
#14829 = DIRECTION('',(0.,0.,1.));
#14830 = DIRECTION('',(1.,0.,-0.));
#14831 = PCURVE('',#11901,#14832);
#14832 = DEFINITIONAL_REPRESENTATION('',(#14833),#14837);
#14833 = CIRCLE('',#14834,1.25);
#14834 = AXIS2_PLACEMENT_2D('',#14835,#14836);
#14835 = CARTESIAN_POINT('',(0.,0.));
#14836 = DIRECTION('',(1.,0.));
#14837 = ( GEOMETRIC_REPRESENTATION_CONTEXT(2) 
PARAMETRIC_REPRESENTATION_CONTEXT() REPRESENTATION_CONTEXT('2D SPACE',''
  ) );
#14838 = PCURVE('',#14839,#14844);
#14839 = CYLINDRICAL_SURFACE('',#14840,1.25);
#14840 = AXIS2_PLACEMENT_3D('',#14841,#14842,#14843);
#14841 = CARTESIAN_POINT('',(-83.5,288.5,2.6));
#14842 = DIRECTION('',(0.,0.,1.));
#14843 = DIRECTION('',(1.,0.,-0.));
#14844 = DEFINITIONAL_REPRESENTATION('',(#14845),#14849);
#14845 = LINE('',#14846,#14847);
#14846 = CARTESIAN_POINT('',(0.,4.9));
#14847 = VECTOR('',#14848,1.);
#14848 = DIRECTION('',(1.,0.));
#14849 = ( GEOMETRIC_REPRESENTATION_CONTEXT(2) 
PARAMETRIC_REPRESENTATION_CONTEXT() REPRESENTATION_CONTEXT('2D SPACE',''
  ) );
#14850 = ADVANCED_FACE('',(#14851,#14854),#11956,.T.);
#14851 = FACE_BOUND('',#14852,.T.);
#14852 = EDGE_LOOP('',(#14853));
#14853 = ORIENTED_EDGE('',*,*,#11941,.T.);
#14854 = FACE_BOUND('',#14855,.T.);
#14855 = EDGE_LOOP('',(#14856));
#14856 = ORIENTED_EDGE('',*,*,#14857,.F.);
#14857 = EDGE_CURVE('',#14858,#14858,#14860,.T.);
#14858 = VERTEX_POINT('',#14859);
#14859 = CARTESIAN_POINT('',(-82.25,311.5,7.5));
#14860 = SURFACE_CURVE('',#14861,(#14866,#14873),.PCURVE_S1.);
#14861 = CIRCLE('',#14862,1.25);
#14862 = AXIS2_PLACEMENT_3D('',#14863,#14864,#14865);
#14863 = CARTESIAN_POINT('',(-83.5,311.5,7.5));
#14864 = DIRECTION('',(0.,0.,1.));
#14865 = DIRECTION('',(1.,0.,-0.));
#14866 = PCURVE('',#11956,#14867);
#14867 = DEFINITIONAL_REPRESENTATION('',(#14868),#14872);
#14868 = CIRCLE('',#14869,1.25);
#14869 = AXIS2_PLACEMENT_2D('',#14870,#14871);
#14870 = CARTESIAN_POINT('',(0.,0.));
#14871 = DIRECTION('',(1.,0.));
#14872 = ( GEOMETRIC_REPRESENTATION_CONTEXT(2) 
PARAMETRIC_REPRESENTATION_CONTEXT() REPRESENTATION_CONTEXT('2D SPACE',''
  ) );
#14873 = PCURVE('',#14874,#14879);
#14874 = CYLINDRICAL_SURFACE('',#14875,1.25);
#14875 = AXIS2_PLACEMENT_3D('',#14876,#14877,#14878);
#14876 = CARTESIAN_POINT('',(-83.5,311.5,2.6));
#14877 = DIRECTION('',(0.,0.,1.));
#14878 = DIRECTION('',(1.,0.,-0.));
#14879 = DEFINITIONAL_REPRESENTATION('',(#14880),#14884);
#14880 = LINE('',#14881,#14882);
#14881 = CARTESIAN_POINT('',(0.,4.9));
#14882 = VECTOR('',#14883,1.);
#14883 = DIRECTION('',(1.,0.));
#14884 = ( GEOMETRIC_REPRESENTATION_CONTEXT(2) 
PARAMETRIC_REPRESENTATION_CONTEXT() REPRESENTATION_CONTEXT('2D SPACE',''
  ) );
#14885 = ADVANCED_FACE('',(#14886),#12576,.T.);
#14886 = FACE_BOUND('',#14887,.T.);
#14887 = EDGE_LOOP('',(#14888,#14909,#14910,#14911,#14930,#14931));
#14888 = ORIENTED_EDGE('',*,*,#14889,.F.);
#14889 = EDGE_CURVE('',#13504,#12536,#14890,.T.);
#14890 = SURFACE_CURVE('',#14891,(#14895,#14902),.PCURVE_S1.);
#14891 = LINE('',#14892,#14893);
#14892 = CARTESIAN_POINT('',(-85.,336.5,105.));
#14893 = VECTOR('',#14894,1.);
#14894 = DIRECTION('',(-0.,1.,0.));
#14895 = PCURVE('',#12576,#14896);
#14896 = DEFINITIONAL_REPRESENTATION('',(#14897),#14901);
#14897 = LINE('',#14898,#14899);
#14898 = CARTESIAN_POINT('',(90.,0.));
#14899 = VECTOR('',#14900,1.);
#14900 = DIRECTION('',(0.,-1.));
#14901 = ( GEOMETRIC_REPRESENTATION_CONTEXT(2) 
PARAMETRIC_REPRESENTATION_CONTEXT() REPRESENTATION_CONTEXT('2D SPACE',''
  ) );
#14902 = PCURVE('',#12550,#14903);
#14903 = DEFINITIONAL_REPRESENTATION('',(#14904),#14908);
#14904 = LINE('',#14905,#14906);
#14905 = CARTESIAN_POINT('',(0.,0.));
#14906 = VECTOR('',#14907,1.);
#14907 = DIRECTION('',(0.,1.));
#14908 = ( GEOMETRIC_REPRESENTATION_CONTEXT(2) 
PARAMETRIC_REPRESENTATION_CONTEXT() REPRESENTATION_CONTEXT('2D SPACE',''
  ) );
#14909 = ORIENTED_EDGE('',*,*,#13524,.F.);
#14910 = ORIENTED_EDGE('',*,*,#13850,.T.);
#14911 = ORIENTED_EDGE('',*,*,#14912,.T.);
#14912 = EDGE_CURVE('',#13851,#14196,#14913,.T.);
#14913 = SURFACE_CURVE('',#14914,(#14918,#14924),.PCURVE_S1.);
#14914 = LINE('',#14915,#14916);
#14915 = CARTESIAN_POINT('',(-85.,336.5,47.));
#14916 = VECTOR('',#14917,1.);
#14917 = DIRECTION('',(-0.,1.,0.));
#14918 = PCURVE('',#12576,#14919);
#14919 = DEFINITIONAL_REPRESENTATION('',(#14920),#14923);
#14920 = B_SPLINE_CURVE_WITH_KNOTS('',1,(#14921,#14922),.UNSPECIFIED.,
  .F.,.F.,(2,2),(0.5,3.5),.PIECEWISE_BEZIER_KNOTS.);
#14921 = CARTESIAN_POINT('',(32.,-0.5));
#14922 = CARTESIAN_POINT('',(32.,-3.5));
#14923 = ( GEOMETRIC_REPRESENTATION_CONTEXT(2) 
PARAMETRIC_REPRESENTATION_CONTEXT() REPRESENTATION_CONTEXT('2D SPACE',''
  ) );
#14924 = PCURVE('',#13886,#14925);
#14925 = DEFINITIONAL_REPRESENTATION('',(#14926),#14929);
#14926 = B_SPLINE_CURVE_WITH_KNOTS('',1,(#14927,#14928),.UNSPECIFIED.,
  .F.,.F.,(2,2),(0.5,3.5),.PIECEWISE_BEZIER_KNOTS.);
#14927 = CARTESIAN_POINT('',(25.,0.5));
#14928 = CARTESIAN_POINT('',(25.,3.5));
#14929 = ( GEOMETRIC_REPRESENTATION_CONTEXT(2) 
PARAMETRIC_REPRESENTATION_CONTEXT() REPRESENTATION_CONTEXT('2D SPACE',''
  ) );
#14930 = ORIENTED_EDGE('',*,*,#14195,.F.);
#14931 = ORIENTED_EDGE('',*,*,#12561,.T.);
#14932 = ADVANCED_FACE('',(#14933),#12550,.F.);
#14933 = FACE_BOUND('',#14934,.F.);
#14934 = EDGE_LOOP('',(#14935,#14936,#14937,#14958));
#14935 = ORIENTED_EDGE('',*,*,#14889,.F.);
#14936 = ORIENTED_EDGE('',*,*,#13503,.T.);
#14937 = ORIENTED_EDGE('',*,*,#14938,.T.);
#14938 = EDGE_CURVE('',#13480,#12507,#14939,.T.);
#14939 = SURFACE_CURVE('',#14940,(#14944,#14951),.PCURVE_S1.);
#14940 = LINE('',#14941,#14942);
#14941 = CARTESIAN_POINT('',(85.,336.5,105.));
#14942 = VECTOR('',#14943,1.);
#14943 = DIRECTION('',(-0.,1.,0.));
#14944 = PCURVE('',#12550,#14945);
#14945 = DEFINITIONAL_REPRESENTATION('',(#14946),#14950);
#14946 = LINE('',#14947,#14948);
#14947 = CARTESIAN_POINT('',(170.,0.));
#14948 = VECTOR('',#14949,1.);
#14949 = DIRECTION('',(0.,1.));
#14950 = ( GEOMETRIC_REPRESENTATION_CONTEXT(2) 
PARAMETRIC_REPRESENTATION_CONTEXT() REPRESENTATION_CONTEXT('2D SPACE',''
  ) );
#14951 = PCURVE('',#12523,#14952);
#14952 = DEFINITIONAL_REPRESENTATION('',(#14953),#14957);
#14953 = LINE('',#14954,#14955);
#14954 = CARTESIAN_POINT('',(90.,0.));
#14955 = VECTOR('',#14956,1.);
#14956 = DIRECTION('',(0.,-1.));
#14957 = ( GEOMETRIC_REPRESENTATION_CONTEXT(2) 
PARAMETRIC_REPRESENTATION_CONTEXT() REPRESENTATION_CONTEXT('2D SPACE',''
  ) );
#14958 = ORIENTED_EDGE('',*,*,#12535,.F.);
#14959 = ADVANCED_FACE('',(#14960),#12523,.F.);
#14960 = FACE_BOUND('',#14961,.F.);
#14961 = EDGE_LOOP('',(#14962,#14963,#14964,#14965,#14986,#14987));
#14962 = ORIENTED_EDGE('',*,*,#14938,.F.);
#14963 = ORIENTED_EDGE('',*,*,#13479,.F.);
#14964 = ORIENTED_EDGE('',*,*,#14001,.T.);
#14965 = ORIENTED_EDGE('',*,*,#14966,.T.);
#14966 = EDGE_CURVE('',#13976,#14301,#14967,.T.);
#14967 = SURFACE_CURVE('',#14968,(#14972,#14979),.PCURVE_S1.);
#14968 = LINE('',#14969,#14970);
#14969 = CARTESIAN_POINT('',(85.,336.5,15.));
#14970 = VECTOR('',#14971,1.);
#14971 = DIRECTION('',(-0.,1.,0.));
#14972 = PCURVE('',#12523,#14973);
#14973 = DEFINITIONAL_REPRESENTATION('',(#14974),#14978);
#14974 = LINE('',#14975,#14976);
#14975 = CARTESIAN_POINT('',(0.,0.));
#14976 = VECTOR('',#14977,1.);
#14977 = DIRECTION('',(0.,-1.));
#14978 = ( GEOMETRIC_REPRESENTATION_CONTEXT(2) 
PARAMETRIC_REPRESENTATION_CONTEXT() REPRESENTATION_CONTEXT('2D SPACE',''
  ) );
#14979 = PCURVE('',#13990,#14980);
#14980 = DEFINITIONAL_REPRESENTATION('',(#14981),#14985);
#14981 = LINE('',#14982,#14983);
#14982 = CARTESIAN_POINT('',(170.,0.));
#14983 = VECTOR('',#14984,1.);
#14984 = DIRECTION('',(0.,1.));
#14985 = ( GEOMETRIC_REPRESENTATION_CONTEXT(2) 
PARAMETRIC_REPRESENTATION_CONTEXT() REPRESENTATION_CONTEXT('2D SPACE',''
  ) );
#14986 = ORIENTED_EDGE('',*,*,#14321,.F.);
#14987 = ORIENTED_EDGE('',*,*,#12506,.T.);
#14988 = ADVANCED_FACE('',(#14989),#12609,.F.);
#14989 = FACE_BOUND('',#14990,.F.);
#14990 = EDGE_LOOP('',(#14991,#15014,#15015));
#14991 = ORIENTED_EDGE('',*,*,#14992,.F.);
#14992 = EDGE_CURVE('',#12593,#14993,#14995,.T.);
#14993 = VERTEX_POINT('',#14994);
#14994 = CARTESIAN_POINT('',(-98.,337.5,118.));
#14995 = SURFACE_CURVE('',#14996,(#15000,#15007),.PCURVE_S1.);
#14996 = LINE('',#14997,#14998);
#14997 = CARTESIAN_POINT('',(-98.,331.5,118.));
#14998 = VECTOR('',#14999,1.);
#14999 = DIRECTION('',(-0.,1.,0.));
#15000 = PCURVE('',#12609,#15001);
#15001 = DEFINITIONAL_REPRESENTATION('',(#15002),#15006);
#15002 = LINE('',#15003,#15004);
#15003 = CARTESIAN_POINT('',(10.,0.));
#15004 = VECTOR('',#15005,1.);
#15005 = DIRECTION('',(0.,-1.));
#15006 = ( GEOMETRIC_REPRESENTATION_CONTEXT(2) 
PARAMETRIC_REPRESENTATION_CONTEXT() REPRESENTATION_CONTEXT('2D SPACE',''
  ) );
#15007 = PCURVE('',#12882,#15008);
#15008 = DEFINITIONAL_REPRESENTATION('',(#15009),#15013);
#15009 = LINE('',#15010,#15011);
#15010 = CARTESIAN_POINT('',(0.,0.));
#15011 = VECTOR('',#15012,1.);
#15012 = DIRECTION('',(0.,1.));
#15013 = ( GEOMETRIC_REPRESENTATION_CONTEXT(2) 
PARAMETRIC_REPRESENTATION_CONTEXT() REPRESENTATION_CONTEXT('2D SPACE',''
  ) );
#15014 = ORIENTED_EDGE('',*,*,#12590,.F.);
#15015 = ORIENTED_EDGE('',*,*,#15016,.T.);
#15016 = EDGE_CURVE('',#12591,#14993,#15017,.T.);
#15017 = SURFACE_CURVE('',#15018,(#15022,#15029),.PCURVE_S1.);
#15018 = LINE('',#15019,#15020);
#15019 = CARTESIAN_POINT('',(-98.,337.5,108.));
#15020 = VECTOR('',#15021,1.);
#15021 = DIRECTION('',(0.,0.,1.));
#15022 = PCURVE('',#12609,#15023);
#15023 = DEFINITIONAL_REPRESENTATION('',(#15024),#15028);
#15024 = LINE('',#15025,#15026);
#15025 = CARTESIAN_POINT('',(0.,-6.));
#15026 = VECTOR('',#15027,1.);
#15027 = DIRECTION('',(1.,0.));
#15028 = ( GEOMETRIC_REPRESENTATION_CONTEXT(2) 
PARAMETRIC_REPRESENTATION_CONTEXT() REPRESENTATION_CONTEXT('2D SPACE',''
  ) );
#15029 = PCURVE('',#12636,#15030);
#15030 = DEFINITIONAL_REPRESENTATION('',(#15031),#15035);
#15031 = LINE('',#15032,#15033);
#15032 = CARTESIAN_POINT('',(0.,0.));
#15033 = VECTOR('',#15034,1.);
#15034 = DIRECTION('',(1.,0.));
#15035 = ( GEOMETRIC_REPRESENTATION_CONTEXT(2) 
PARAMETRIC_REPRESENTATION_CONTEXT() REPRESENTATION_CONTEXT('2D SPACE',''
  ) );
#15036 = ADVANCED_FACE('',(#15037),#12636,.T.);
#15037 = FACE_BOUND('',#15038,.T.);
#15038 = EDGE_LOOP('',(#15039,#15062,#15063,#15091,#15117,#15118,#15119)
  );
#15039 = ORIENTED_EDGE('',*,*,#15040,.F.);
#15040 = EDGE_CURVE('',#12820,#15041,#15043,.T.);
#15041 = VERTEX_POINT('',#15042);
#15042 = CARTESIAN_POINT('',(-88.,337.5,118.));
#15043 = SURFACE_CURVE('',#15044,(#15048,#15055),.PCURVE_S1.);
#15044 = LINE('',#15045,#15046);
#15045 = CARTESIAN_POINT('',(-88.,337.5,108.));
#15046 = VECTOR('',#15047,1.);
#15047 = DIRECTION('',(0.,0.,1.));
#15048 = PCURVE('',#12636,#15049);
#15049 = DEFINITIONAL_REPRESENTATION('',(#15050),#15054);
#15050 = LINE('',#15051,#15052);
#15051 = CARTESIAN_POINT('',(0.,10.));
#15052 = VECTOR('',#15053,1.);
#15053 = DIRECTION('',(1.,0.));
#15054 = ( GEOMETRIC_REPRESENTATION_CONTEXT(2) 
PARAMETRIC_REPRESENTATION_CONTEXT() REPRESENTATION_CONTEXT('2D SPACE',''
  ) );
#15055 = PCURVE('',#12857,#15056);
#15056 = DEFINITIONAL_REPRESENTATION('',(#15057),#15061);
#15057 = LINE('',#15058,#15059);
#15058 = CARTESIAN_POINT('',(0.,-6.));
#15059 = VECTOR('',#15060,1.);
#15060 = DIRECTION('',(1.,0.));
#15061 = ( GEOMETRIC_REPRESENTATION_CONTEXT(2) 
PARAMETRIC_REPRESENTATION_CONTEXT() REPRESENTATION_CONTEXT('2D SPACE',''
  ) );
#15062 = ORIENTED_EDGE('',*,*,#12819,.F.);
#15063 = ORIENTED_EDGE('',*,*,#15064,.T.);
#15064 = EDGE_CURVE('',#12648,#15065,#15067,.T.);
#15065 = VERTEX_POINT('',#15066);
#15066 = CARTESIAN_POINT('',(-90.9,337.5,113.));
#15067 = SURFACE_CURVE('',#15068,(#15073,#15084),.PCURVE_S1.);
#15068 = CIRCLE('',#15069,2.1);
#15069 = AXIS2_PLACEMENT_3D('',#15070,#15071,#15072);
#15070 = CARTESIAN_POINT('',(-93.,337.5,113.));
#15071 = DIRECTION('',(0.,-1.,2.22044604925E-16));
#15072 = DIRECTION('',(1.,0.,0.));
#15073 = PCURVE('',#12636,#15074);
#15074 = DEFINITIONAL_REPRESENTATION('',(#15075),#15083);
#15075 = ( BOUNDED_CURVE() B_SPLINE_CURVE(2,(#15076,#15077,#15078,#15079
    ,#15080,#15081,#15082),.UNSPECIFIED.,.T.,.F.) 
B_SPLINE_CURVE_WITH_KNOTS((1,2,2,2,2,1),(-2.094395102393,0.,
    2.094395102393,4.188790204786,6.28318530718,8.377580409573),
.UNSPECIFIED.) CURVE() GEOMETRIC_REPRESENTATION_ITEM() 
RATIONAL_B_SPLINE_CURVE((1.,0.5,1.,0.5,1.,0.5,1.)) REPRESENTATION_ITEM(
  '') );
#15076 = CARTESIAN_POINT('',(5.,7.1));
#15077 = CARTESIAN_POINT('',(8.637306695895,7.1));
#15078 = CARTESIAN_POINT('',(6.818653347947,3.95));
#15079 = CARTESIAN_POINT('',(5.,0.8));
#15080 = CARTESIAN_POINT('',(3.181346652053,3.95));
#15081 = CARTESIAN_POINT('',(1.362693304105,7.1));
#15082 = CARTESIAN_POINT('',(5.,7.1));
#15083 = ( GEOMETRIC_REPRESENTATION_CONTEXT(2) 
PARAMETRIC_REPRESENTATION_CONTEXT() REPRESENTATION_CONTEXT('2D SPACE',''
  ) );
#15084 = PCURVE('',#12759,#15085);
#15085 = DEFINITIONAL_REPRESENTATION('',(#15086),#15090);
#15086 = LINE('',#15087,#15088);
#15087 = CARTESIAN_POINT('',(0.,2.1));
#15088 = VECTOR('',#15089,1.);
#15089 = DIRECTION('',(1.,0.));
#15090 = ( GEOMETRIC_REPRESENTATION_CONTEXT(2) 
PARAMETRIC_REPRESENTATION_CONTEXT() REPRESENTATION_CONTEXT('2D SPACE',''
  ) );
#15091 = ORIENTED_EDGE('',*,*,#15092,.T.);
#15092 = EDGE_CURVE('',#15065,#12622,#15093,.T.);
#15093 = SURFACE_CURVE('',#15094,(#15099,#15110),.PCURVE_S1.);
#15094 = CIRCLE('',#15095,2.1);
#15095 = AXIS2_PLACEMENT_3D('',#15096,#15097,#15098);
#15096 = CARTESIAN_POINT('',(-93.,337.5,113.));
#15097 = DIRECTION('',(0.,-1.,2.22044604925E-16));
#15098 = DIRECTION('',(1.,0.,0.));
#15099 = PCURVE('',#12636,#15100);
#15100 = DEFINITIONAL_REPRESENTATION('',(#15101),#15109);
#15101 = ( BOUNDED_CURVE() B_SPLINE_CURVE(2,(#15102,#15103,#15104,#15105
    ,#15106,#15107,#15108),.UNSPECIFIED.,.T.,.F.) 
B_SPLINE_CURVE_WITH_KNOTS((1,2,2,2,2,1),(-2.094395102393,0.,
    2.094395102393,4.188790204786,6.28318530718,8.377580409573),
.UNSPECIFIED.) CURVE() GEOMETRIC_REPRESENTATION_ITEM() 
RATIONAL_B_SPLINE_CURVE((1.,0.5,1.,0.5,1.,0.5,1.)) REPRESENTATION_ITEM(
  '') );
#15102 = CARTESIAN_POINT('',(5.,7.1));
#15103 = CARTESIAN_POINT('',(8.637306695895,7.1));
#15104 = CARTESIAN_POINT('',(6.818653347947,3.95));
#15105 = CARTESIAN_POINT('',(5.,0.8));
#15106 = CARTESIAN_POINT('',(3.181346652053,3.95));
#15107 = CARTESIAN_POINT('',(1.362693304105,7.1));
#15108 = CARTESIAN_POINT('',(5.,7.1));
#15109 = ( GEOMETRIC_REPRESENTATION_CONTEXT(2) 
PARAMETRIC_REPRESENTATION_CONTEXT() REPRESENTATION_CONTEXT('2D SPACE',''
  ) );
#15110 = PCURVE('',#12759,#15111);
#15111 = DEFINITIONAL_REPRESENTATION('',(#15112),#15116);
#15112 = LINE('',#15113,#15114);
#15113 = CARTESIAN_POINT('',(0.,2.1));
#15114 = VECTOR('',#15115,1.);
#15115 = DIRECTION('',(1.,0.));
#15116 = ( GEOMETRIC_REPRESENTATION_CONTEXT(2) 
PARAMETRIC_REPRESENTATION_CONTEXT() REPRESENTATION_CONTEXT('2D SPACE',''
  ) );
#15117 = ORIENTED_EDGE('',*,*,#12621,.F.);
#15118 = ORIENTED_EDGE('',*,*,#15016,.T.);
#15119 = ORIENTED_EDGE('',*,*,#15120,.T.);
#15120 = EDGE_CURVE('',#14993,#15041,#15121,.T.);
#15121 = SURFACE_CURVE('',#15122,(#15126,#15133),.PCURVE_S1.);
#15122 = LINE('',#15123,#15124);
#15123 = CARTESIAN_POINT('',(-98.,337.5,118.));
#15124 = VECTOR('',#15125,1.);
#15125 = DIRECTION('',(1.,0.,-0.));
#15126 = PCURVE('',#12636,#15127);
#15127 = DEFINITIONAL_REPRESENTATION('',(#15128),#15132);
#15128 = LINE('',#15129,#15130);
#15129 = CARTESIAN_POINT('',(10.,0.));
#15130 = VECTOR('',#15131,1.);
#15131 = DIRECTION('',(0.,1.));
#15132 = ( GEOMETRIC_REPRESENTATION_CONTEXT(2) 
PARAMETRIC_REPRESENTATION_CONTEXT() REPRESENTATION_CONTEXT('2D SPACE',''
  ) );
#15133 = PCURVE('',#12882,#15134);
#15134 = DEFINITIONAL_REPRESENTATION('',(#15135),#15139);
#15135 = LINE('',#15136,#15137);
#15136 = CARTESIAN_POINT('',(0.,6.));
#15137 = VECTOR('',#15138,1.);
#15138 = DIRECTION('',(1.,0.));
#15139 = ( GEOMETRIC_REPRESENTATION_CONTEXT(2) 
PARAMETRIC_REPRESENTATION_CONTEXT() REPRESENTATION_CONTEXT('2D SPACE',''
  ) );
#15140 = ADVANCED_FACE('',(#15141),#12882,.T.);
#15141 = FACE_BOUND('',#15142,.T.);
#15142 = EDGE_LOOP('',(#15143,#15144,#15145,#15166));
#15143 = ORIENTED_EDGE('',*,*,#14992,.F.);
#15144 = ORIENTED_EDGE('',*,*,#12869,.T.);
#15145 = ORIENTED_EDGE('',*,*,#15146,.T.);
#15146 = EDGE_CURVE('',#12841,#15041,#15147,.T.);
#15147 = SURFACE_CURVE('',#15148,(#15152,#15159),.PCURVE_S1.);
#15148 = LINE('',#15149,#15150);
#15149 = CARTESIAN_POINT('',(-88.,331.5,118.));
#15150 = VECTOR('',#15151,1.);
#15151 = DIRECTION('',(-0.,1.,0.));
#15152 = PCURVE('',#12882,#15153);
#15153 = DEFINITIONAL_REPRESENTATION('',(#15154),#15158);
#15154 = LINE('',#15155,#15156);
#15155 = CARTESIAN_POINT('',(10.,0.));
#15156 = VECTOR('',#15157,1.);
#15157 = DIRECTION('',(0.,1.));
#15158 = ( GEOMETRIC_REPRESENTATION_CONTEXT(2) 
PARAMETRIC_REPRESENTATION_CONTEXT() REPRESENTATION_CONTEXT('2D SPACE',''
  ) );
#15159 = PCURVE('',#12857,#15160);
#15160 = DEFINITIONAL_REPRESENTATION('',(#15161),#15165);
#15161 = LINE('',#15162,#15163);
#15162 = CARTESIAN_POINT('',(10.,0.));
#15163 = VECTOR('',#15164,1.);
#15164 = DIRECTION('',(0.,-1.));
#15165 = ( GEOMETRIC_REPRESENTATION_CONTEXT(2) 
PARAMETRIC_REPRESENTATION_CONTEXT() REPRESENTATION_CONTEXT('2D SPACE',''
  ) );
#15166 = ORIENTED_EDGE('',*,*,#15120,.F.);
#15167 = ADVANCED_FACE('',(#15168),#12759,.F.);
#15168 = FACE_BOUND('',#15169,.F.);
#15169 = EDGE_LOOP('',(#15170,#15198,#15219,#15220,#15221,#15222));
#15170 = ORIENTED_EDGE('',*,*,#15171,.F.);
#15171 = EDGE_CURVE('',#15172,#15172,#15174,.T.);
#15172 = VERTEX_POINT('',#15173);
#15173 = CARTESIAN_POINT('',(-90.9,331.5,113.));
#15174 = SURFACE_CURVE('',#15175,(#15180,#15187),.PCURVE_S1.);
#15175 = CIRCLE('',#15176,2.1);
#15176 = AXIS2_PLACEMENT_3D('',#15177,#15178,#15179);
#15177 = CARTESIAN_POINT('',(-93.,331.5,113.));
#15178 = DIRECTION('',(0.,-1.,2.22044604925E-16));
#15179 = DIRECTION('',(1.,0.,0.));
#15180 = PCURVE('',#12759,#15181);
#15181 = DEFINITIONAL_REPRESENTATION('',(#15182),#15186);
#15182 = LINE('',#15183,#15184);
#15183 = CARTESIAN_POINT('',(0.,8.1));
#15184 = VECTOR('',#15185,1.);
#15185 = DIRECTION('',(1.,0.));
#15186 = ( GEOMETRIC_REPRESENTATION_CONTEXT(2) 
PARAMETRIC_REPRESENTATION_CONTEXT() REPRESENTATION_CONTEXT('2D SPACE',''
  ) );
#15187 = PCURVE('',#13647,#15188);
#15188 = DEFINITIONAL_REPRESENTATION('',(#15189),#15197);
#15189 = ( BOUNDED_CURVE() B_SPLINE_CURVE(2,(#15190,#15191,#15192,#15193
    ,#15194,#15195,#15196),.UNSPECIFIED.,.T.,.F.) 
B_SPLINE_CURVE_WITH_KNOTS((1,2,2,2,2,1),(-2.094395102393,0.,
    2.094395102393,4.188790204786,6.28318530718,8.377580409573),
.UNSPECIFIED.) CURVE() GEOMETRIC_REPRESENTATION_ITEM() 
RATIONAL_B_SPLINE_CURVE((1.,0.5,1.,0.5,1.,0.5,1.)) REPRESENTATION_ITEM(
  '') );
#15190 = CARTESIAN_POINT('',(5.,7.1));
#15191 = CARTESIAN_POINT('',(8.637306695895,7.1));
#15192 = CARTESIAN_POINT('',(6.818653347947,3.95));
#15193 = CARTESIAN_POINT('',(5.,0.8));
#15194 = CARTESIAN_POINT('',(3.181346652053,3.95));
#15195 = CARTESIAN_POINT('',(1.362693304105,7.1));
#15196 = CARTESIAN_POINT('',(5.,7.1));
#15197 = ( GEOMETRIC_REPRESENTATION_CONTEXT(2) 
PARAMETRIC_REPRESENTATION_CONTEXT() REPRESENTATION_CONTEXT('2D SPACE',''
  ) );
#15198 = ORIENTED_EDGE('',*,*,#15199,.F.);
#15199 = EDGE_CURVE('',#15065,#15172,#15200,.T.);
#15200 = SEAM_CURVE('',#15201,(#15205,#15212),.PCURVE_S1.);
#15201 = LINE('',#15202,#15203);
#15202 = CARTESIAN_POINT('',(-90.9,339.6,113.));
#15203 = VECTOR('',#15204,1.);
#15204 = DIRECTION('',(0.,-1.,2.22044604925E-16));
#15205 = PCURVE('',#12759,#15206);
#15206 = DEFINITIONAL_REPRESENTATION('',(#15207),#15211);
#15207 = LINE('',#15208,#15209);
#15208 = CARTESIAN_POINT('',(6.28318530718,-0.));
#15209 = VECTOR('',#15210,1.);
#15210 = DIRECTION('',(0.,1.));
#15211 = ( GEOMETRIC_REPRESENTATION_CONTEXT(2) 
PARAMETRIC_REPRESENTATION_CONTEXT() REPRESENTATION_CONTEXT('2D SPACE',''
  ) );
#15212 = PCURVE('',#12759,#15213);
#15213 = DEFINITIONAL_REPRESENTATION('',(#15214),#15218);
#15214 = LINE('',#15215,#15216);
#15215 = CARTESIAN_POINT('',(0.,-0.));
#15216 = VECTOR('',#15217,1.);
#15217 = DIRECTION('',(0.,1.));
#15218 = ( GEOMETRIC_REPRESENTATION_CONTEXT(2) 
PARAMETRIC_REPRESENTATION_CONTEXT() REPRESENTATION_CONTEXT('2D SPACE',''
  ) );
#15219 = ORIENTED_EDGE('',*,*,#15092,.T.);
#15220 = ORIENTED_EDGE('',*,*,#12647,.T.);
#15221 = ORIENTED_EDGE('',*,*,#15064,.T.);
#15222 = ORIENTED_EDGE('',*,*,#15199,.T.);
#15223 = ADVANCED_FACE('',(#15224),#12857,.T.);
#15224 = FACE_BOUND('',#15225,.T.);
#15225 = EDGE_LOOP('',(#15226,#15227,#15228));
#15226 = ORIENTED_EDGE('',*,*,#15146,.F.);
#15227 = ORIENTED_EDGE('',*,*,#12840,.F.);
#15228 = ORIENTED_EDGE('',*,*,#15040,.T.);
#15229 = ADVANCED_FACE('',(#15230),#12914,.F.);
#15230 = FACE_BOUND('',#15231,.F.);
#15231 = EDGE_LOOP('',(#15232,#15255,#15256));
#15232 = ORIENTED_EDGE('',*,*,#15233,.F.);
#15233 = EDGE_CURVE('',#12898,#15234,#15236,.T.);
#15234 = VERTEX_POINT('',#15235);
#15235 = CARTESIAN_POINT('',(88.,337.5,118.));
#15236 = SURFACE_CURVE('',#15237,(#15241,#15248),.PCURVE_S1.);
#15237 = LINE('',#15238,#15239);
#15238 = CARTESIAN_POINT('',(88.,331.5,118.));
#15239 = VECTOR('',#15240,1.);
#15240 = DIRECTION('',(-0.,1.,0.));
#15241 = PCURVE('',#12914,#15242);
#15242 = DEFINITIONAL_REPRESENTATION('',(#15243),#15247);
#15243 = LINE('',#15244,#15245);
#15244 = CARTESIAN_POINT('',(10.,0.));
#15245 = VECTOR('',#15246,1.);
#15246 = DIRECTION('',(0.,-1.));
#15247 = ( GEOMETRIC_REPRESENTATION_CONTEXT(2) 
PARAMETRIC_REPRESENTATION_CONTEXT() REPRESENTATION_CONTEXT('2D SPACE',''
  ) );
#15248 = PCURVE('',#13187,#15249);
#15249 = DEFINITIONAL_REPRESENTATION('',(#15250),#15254);
#15250 = LINE('',#15251,#15252);
#15251 = CARTESIAN_POINT('',(0.,0.));
#15252 = VECTOR('',#15253,1.);
#15253 = DIRECTION('',(0.,1.));
#15254 = ( GEOMETRIC_REPRESENTATION_CONTEXT(2) 
PARAMETRIC_REPRESENTATION_CONTEXT() REPRESENTATION_CONTEXT('2D SPACE',''
  ) );
#15255 = ORIENTED_EDGE('',*,*,#12895,.F.);
#15256 = ORIENTED_EDGE('',*,*,#15257,.T.);
#15257 = EDGE_CURVE('',#12896,#15234,#15258,.T.);
#15258 = SURFACE_CURVE('',#15259,(#15263,#15270),.PCURVE_S1.);
#15259 = LINE('',#15260,#15261);
#15260 = CARTESIAN_POINT('',(88.,337.5,108.));
#15261 = VECTOR('',#15262,1.);
#15262 = DIRECTION('',(0.,0.,1.));
#15263 = PCURVE('',#12914,#15264);
#15264 = DEFINITIONAL_REPRESENTATION('',(#15265),#15269);
#15265 = LINE('',#15266,#15267);
#15266 = CARTESIAN_POINT('',(0.,-6.));
#15267 = VECTOR('',#15268,1.);
#15268 = DIRECTION('',(1.,0.));
#15269 = ( GEOMETRIC_REPRESENTATION_CONTEXT(2) 
PARAMETRIC_REPRESENTATION_CONTEXT() REPRESENTATION_CONTEXT('2D SPACE',''
  ) );
#15270 = PCURVE('',#12941,#15271);
#15271 = DEFINITIONAL_REPRESENTATION('',(#15272),#15276);
#15272 = LINE('',#15273,#15274);
#15273 = CARTESIAN_POINT('',(0.,0.));
#15274 = VECTOR('',#15275,1.);
#15275 = DIRECTION('',(1.,0.));
#15276 = ( GEOMETRIC_REPRESENTATION_CONTEXT(2) 
PARAMETRIC_REPRESENTATION_CONTEXT() REPRESENTATION_CONTEXT('2D SPACE',''
  ) );
#15277 = ADVANCED_FACE('',(#15278),#13187,.T.);
#15278 = FACE_BOUND('',#15279,.T.);
#15279 = EDGE_LOOP('',(#15280,#15281,#15282,#15305));
#15280 = ORIENTED_EDGE('',*,*,#15233,.F.);
#15281 = ORIENTED_EDGE('',*,*,#13174,.T.);
#15282 = ORIENTED_EDGE('',*,*,#15283,.T.);
#15283 = EDGE_CURVE('',#13146,#15284,#15286,.T.);
#15284 = VERTEX_POINT('',#15285);
#15285 = CARTESIAN_POINT('',(98.,337.5,118.));
#15286 = SURFACE_CURVE('',#15287,(#15291,#15298),.PCURVE_S1.);
#15287 = LINE('',#15288,#15289);
#15288 = CARTESIAN_POINT('',(98.,331.5,118.));
#15289 = VECTOR('',#15290,1.);
#15290 = DIRECTION('',(-0.,1.,0.));
#15291 = PCURVE('',#13187,#15292);
#15292 = DEFINITIONAL_REPRESENTATION('',(#15293),#15297);
#15293 = LINE('',#15294,#15295);
#15294 = CARTESIAN_POINT('',(10.,0.));
#15295 = VECTOR('',#15296,1.);
#15296 = DIRECTION('',(0.,1.));
#15297 = ( GEOMETRIC_REPRESENTATION_CONTEXT(2) 
PARAMETRIC_REPRESENTATION_CONTEXT() REPRESENTATION_CONTEXT('2D SPACE',''
  ) );
#15298 = PCURVE('',#13162,#15299);
#15299 = DEFINITIONAL_REPRESENTATION('',(#15300),#15304);
#15300 = LINE('',#15301,#15302);
#15301 = CARTESIAN_POINT('',(10.,0.));
#15302 = VECTOR('',#15303,1.);
#15303 = DIRECTION('',(0.,-1.));
#15304 = ( GEOMETRIC_REPRESENTATION_CONTEXT(2) 
PARAMETRIC_REPRESENTATION_CONTEXT() REPRESENTATION_CONTEXT('2D SPACE',''
  ) );
#15305 = ORIENTED_EDGE('',*,*,#15306,.F.);
#15306 = EDGE_CURVE('',#15234,#15284,#15307,.T.);
#15307 = SURFACE_CURVE('',#15308,(#15312,#15319),.PCURVE_S1.);
#15308 = LINE('',#15309,#15310);
#15309 = CARTESIAN_POINT('',(88.,337.5,118.));
#15310 = VECTOR('',#15311,1.);
#15311 = DIRECTION('',(1.,0.,-0.));
#15312 = PCURVE('',#13187,#15313);
#15313 = DEFINITIONAL_REPRESENTATION('',(#15314),#15318);
#15314 = LINE('',#15315,#15316);
#15315 = CARTESIAN_POINT('',(0.,6.));
#15316 = VECTOR('',#15317,1.);
#15317 = DIRECTION('',(1.,0.));
#15318 = ( GEOMETRIC_REPRESENTATION_CONTEXT(2) 
PARAMETRIC_REPRESENTATION_CONTEXT() REPRESENTATION_CONTEXT('2D SPACE',''
  ) );
#15319 = PCURVE('',#12941,#15320);
#15320 = DEFINITIONAL_REPRESENTATION('',(#15321),#15325);
#15321 = LINE('',#15322,#15323);
#15322 = CARTESIAN_POINT('',(10.,0.));
#15323 = VECTOR('',#15324,1.);
#15324 = DIRECTION('',(0.,1.));
#15325 = ( GEOMETRIC_REPRESENTATION_CONTEXT(2) 
PARAMETRIC_REPRESENTATION_CONTEXT() REPRESENTATION_CONTEXT('2D SPACE',''
  ) );
#15326 = ADVANCED_FACE('',(#15327),#13162,.T.);
#15327 = FACE_BOUND('',#15328,.T.);
#15328 = EDGE_LOOP('',(#15329,#15330,#15331));
#15329 = ORIENTED_EDGE('',*,*,#15283,.F.);
#15330 = ORIENTED_EDGE('',*,*,#13145,.F.);
#15331 = ORIENTED_EDGE('',*,*,#15332,.T.);
#15332 = EDGE_CURVE('',#13125,#15284,#15333,.T.);
#15333 = SURFACE_CURVE('',#15334,(#15338,#15345),.PCURVE_S1.);
#15334 = LINE('',#15335,#15336);
#15335 = CARTESIAN_POINT('',(98.,337.5,108.));
#15336 = VECTOR('',#15337,1.);
#15337 = DIRECTION('',(0.,0.,1.));
#15338 = PCURVE('',#13162,#15339);
#15339 = DEFINITIONAL_REPRESENTATION('',(#15340),#15344);
#15340 = LINE('',#15341,#15342);
#15341 = CARTESIAN_POINT('',(0.,-6.));
#15342 = VECTOR('',#15343,1.);
#15343 = DIRECTION('',(1.,0.));
#15344 = ( GEOMETRIC_REPRESENTATION_CONTEXT(2) 
PARAMETRIC_REPRESENTATION_CONTEXT() REPRESENTATION_CONTEXT('2D SPACE',''
  ) );
#15345 = PCURVE('',#12941,#15346);
#15346 = DEFINITIONAL_REPRESENTATION('',(#15347),#15351);
#15347 = LINE('',#15348,#15349);
#15348 = CARTESIAN_POINT('',(0.,10.));
#15349 = VECTOR('',#15350,1.);
#15350 = DIRECTION('',(1.,0.));
#15351 = ( GEOMETRIC_REPRESENTATION_CONTEXT(2) 
PARAMETRIC_REPRESENTATION_CONTEXT() REPRESENTATION_CONTEXT('2D SPACE',''
  ) );
#15352 = ADVANCED_FACE('',(#15353),#12941,.T.);
#15353 = FACE_BOUND('',#15354,.T.);
#15354 = EDGE_LOOP('',(#15355,#15356,#15357,#15385,#15411,#15412,#15413)
  );
#15355 = ORIENTED_EDGE('',*,*,#15332,.F.);
#15356 = ORIENTED_EDGE('',*,*,#13124,.F.);
#15357 = ORIENTED_EDGE('',*,*,#15358,.T.);
#15358 = EDGE_CURVE('',#12953,#15359,#15361,.T.);
#15359 = VERTEX_POINT('',#15360);
#15360 = CARTESIAN_POINT('',(95.1,337.5,113.));
#15361 = SURFACE_CURVE('',#15362,(#15367,#15378),.PCURVE_S1.);
#15362 = CIRCLE('',#15363,2.1);
#15363 = AXIS2_PLACEMENT_3D('',#15364,#15365,#15366);
#15364 = CARTESIAN_POINT('',(93.,337.5,113.));
#15365 = DIRECTION('',(0.,-1.,2.22044604925E-16));
#15366 = DIRECTION('',(1.,0.,0.));
#15367 = PCURVE('',#12941,#15368);
#15368 = DEFINITIONAL_REPRESENTATION('',(#15369),#15377);
#15369 = ( BOUNDED_CURVE() B_SPLINE_CURVE(2,(#15370,#15371,#15372,#15373
    ,#15374,#15375,#15376),.UNSPECIFIED.,.T.,.F.) 
B_SPLINE_CURVE_WITH_KNOTS((1,2,2,2,2,1),(-2.094395102393,0.,
    2.094395102393,4.188790204786,6.28318530718,8.377580409573),
.UNSPECIFIED.) CURVE() GEOMETRIC_REPRESENTATION_ITEM() 
RATIONAL_B_SPLINE_CURVE((1.,0.5,1.,0.5,1.,0.5,1.)) REPRESENTATION_ITEM(
  '') );
#15370 = CARTESIAN_POINT('',(5.,7.1));
#15371 = CARTESIAN_POINT('',(8.637306695895,7.1));
#15372 = CARTESIAN_POINT('',(6.818653347947,3.95));
#15373 = CARTESIAN_POINT('',(5.,0.8));
#15374 = CARTESIAN_POINT('',(3.181346652053,3.95));
#15375 = CARTESIAN_POINT('',(1.362693304105,7.1));
#15376 = CARTESIAN_POINT('',(5.,7.1));
#15377 = ( GEOMETRIC_REPRESENTATION_CONTEXT(2) 
PARAMETRIC_REPRESENTATION_CONTEXT() REPRESENTATION_CONTEXT('2D SPACE',''
  ) );
#15378 = PCURVE('',#13064,#15379);
#15379 = DEFINITIONAL_REPRESENTATION('',(#15380),#15384);
#15380 = LINE('',#15381,#15382);
#15381 = CARTESIAN_POINT('',(0.,2.1));
#15382 = VECTOR('',#15383,1.);
#15383 = DIRECTION('',(1.,0.));
#15384 = ( GEOMETRIC_REPRESENTATION_CONTEXT(2) 
PARAMETRIC_REPRESENTATION_CONTEXT() REPRESENTATION_CONTEXT('2D SPACE',''
  ) );
#15385 = ORIENTED_EDGE('',*,*,#15386,.T.);
#15386 = EDGE_CURVE('',#15359,#12927,#15387,.T.);
#15387 = SURFACE_CURVE('',#15388,(#15393,#15404),.PCURVE_S1.);
#15388 = CIRCLE('',#15389,2.1);
#15389 = AXIS2_PLACEMENT_3D('',#15390,#15391,#15392);
#15390 = CARTESIAN_POINT('',(93.,337.5,113.));
#15391 = DIRECTION('',(0.,-1.,2.22044604925E-16));
#15392 = DIRECTION('',(1.,0.,0.));
#15393 = PCURVE('',#12941,#15394);
#15394 = DEFINITIONAL_REPRESENTATION('',(#15395),#15403);
#15395 = ( BOUNDED_CURVE() B_SPLINE_CURVE(2,(#15396,#15397,#15398,#15399
    ,#15400,#15401,#15402),.UNSPECIFIED.,.T.,.F.) 
B_SPLINE_CURVE_WITH_KNOTS((1,2,2,2,2,1),(-2.094395102393,0.,
    2.094395102393,4.188790204786,6.28318530718,8.377580409573),
.UNSPECIFIED.) CURVE() GEOMETRIC_REPRESENTATION_ITEM() 
RATIONAL_B_SPLINE_CURVE((1.,0.5,1.,0.5,1.,0.5,1.)) REPRESENTATION_ITEM(
  '') );
#15396 = CARTESIAN_POINT('',(5.,7.1));
#15397 = CARTESIAN_POINT('',(8.637306695895,7.1));
#15398 = CARTESIAN_POINT('',(6.818653347947,3.95));
#15399 = CARTESIAN_POINT('',(5.,0.8));
#15400 = CARTESIAN_POINT('',(3.181346652053,3.95));
#15401 = CARTESIAN_POINT('',(1.362693304105,7.1));
#15402 = CARTESIAN_POINT('',(5.,7.1));
#15403 = ( GEOMETRIC_REPRESENTATION_CONTEXT(2) 
PARAMETRIC_REPRESENTATION_CONTEXT() REPRESENTATION_CONTEXT('2D SPACE',''
  ) );
#15404 = PCURVE('',#13064,#15405);
#15405 = DEFINITIONAL_REPRESENTATION('',(#15406),#15410);
#15406 = LINE('',#15407,#15408);
#15407 = CARTESIAN_POINT('',(0.,2.1));
#15408 = VECTOR('',#15409,1.);
#15409 = DIRECTION('',(1.,0.));
#15410 = ( GEOMETRIC_REPRESENTATION_CONTEXT(2) 
PARAMETRIC_REPRESENTATION_CONTEXT() REPRESENTATION_CONTEXT('2D SPACE',''
  ) );
#15411 = ORIENTED_EDGE('',*,*,#12926,.F.);
#15412 = ORIENTED_EDGE('',*,*,#15257,.T.);
#15413 = ORIENTED_EDGE('',*,*,#15306,.T.);
#15414 = ADVANCED_FACE('',(#15415),#13064,.F.);
#15415 = FACE_BOUND('',#15416,.F.);
#15416 = EDGE_LOOP('',(#15417,#15445,#15466,#15467,#15468,#15469));
#15417 = ORIENTED_EDGE('',*,*,#15418,.F.);
#15418 = EDGE_CURVE('',#15419,#15419,#15421,.T.);
#15419 = VERTEX_POINT('',#15420);
#15420 = CARTESIAN_POINT('',(95.1,331.5,113.));
#15421 = SURFACE_CURVE('',#15422,(#15427,#15434),.PCURVE_S1.);
#15422 = CIRCLE('',#15423,2.1);
#15423 = AXIS2_PLACEMENT_3D('',#15424,#15425,#15426);
#15424 = CARTESIAN_POINT('',(93.,331.5,113.));
#15425 = DIRECTION('',(0.,-1.,2.22044604925E-16));
#15426 = DIRECTION('',(1.,0.,0.));
#15427 = PCURVE('',#13064,#15428);
#15428 = DEFINITIONAL_REPRESENTATION('',(#15429),#15433);
#15429 = LINE('',#15430,#15431);
#15430 = CARTESIAN_POINT('',(0.,8.1));
#15431 = VECTOR('',#15432,1.);
#15432 = DIRECTION('',(1.,0.));
#15433 = ( GEOMETRIC_REPRESENTATION_CONTEXT(2) 
PARAMETRIC_REPRESENTATION_CONTEXT() REPRESENTATION_CONTEXT('2D SPACE',''
  ) );
#15434 = PCURVE('',#13759,#15435);
#15435 = DEFINITIONAL_REPRESENTATION('',(#15436),#15444);
#15436 = ( BOUNDED_CURVE() B_SPLINE_CURVE(2,(#15437,#15438,#15439,#15440
    ,#15441,#15442,#15443),.UNSPECIFIED.,.T.,.F.) 
B_SPLINE_CURVE_WITH_KNOTS((1,2,2,2,2,1),(-2.094395102393,0.,
    2.094395102393,4.188790204786,6.28318530718,8.377580409573),
.UNSPECIFIED.) CURVE() GEOMETRIC_REPRESENTATION_ITEM() 
RATIONAL_B_SPLINE_CURVE((1.,0.5,1.,0.5,1.,0.5,1.)) REPRESENTATION_ITEM(
  '') );
#15437 = CARTESIAN_POINT('',(5.,7.1));
#15438 = CARTESIAN_POINT('',(8.637306695895,7.1));
#15439 = CARTESIAN_POINT('',(6.818653347947,3.95));
#15440 = CARTESIAN_POINT('',(5.,0.8));
#15441 = CARTESIAN_POINT('',(3.181346652053,3.95));
#15442 = CARTESIAN_POINT('',(1.362693304105,7.1));
#15443 = CARTESIAN_POINT('',(5.,7.1));
#15444 = ( GEOMETRIC_REPRESENTATION_CONTEXT(2) 
PARAMETRIC_REPRESENTATION_CONTEXT() REPRESENTATION_CONTEXT('2D SPACE',''
  ) );
#15445 = ORIENTED_EDGE('',*,*,#15446,.F.);
#15446 = EDGE_CURVE('',#15359,#15419,#15447,.T.);
#15447 = SEAM_CURVE('',#15448,(#15452,#15459),.PCURVE_S1.);
#15448 = LINE('',#15449,#15450);
#15449 = CARTESIAN_POINT('',(95.1,339.6,113.));
#15450 = VECTOR('',#15451,1.);
#15451 = DIRECTION('',(0.,-1.,2.22044604925E-16));
#15452 = PCURVE('',#13064,#15453);
#15453 = DEFINITIONAL_REPRESENTATION('',(#15454),#15458);
#15454 = LINE('',#15455,#15456);
#15455 = CARTESIAN_POINT('',(6.28318530718,-0.));
#15456 = VECTOR('',#15457,1.);
#15457 = DIRECTION('',(0.,1.));
#15458 = ( GEOMETRIC_REPRESENTATION_CONTEXT(2) 
PARAMETRIC_REPRESENTATION_CONTEXT() REPRESENTATION_CONTEXT('2D SPACE',''
  ) );
#15459 = PCURVE('',#13064,#15460);
#15460 = DEFINITIONAL_REPRESENTATION('',(#15461),#15465);
#15461 = LINE('',#15462,#15463);
#15462 = CARTESIAN_POINT('',(0.,-0.));
#15463 = VECTOR('',#15464,1.);
#15464 = DIRECTION('',(0.,1.));
#15465 = ( GEOMETRIC_REPRESENTATION_CONTEXT(2) 
PARAMETRIC_REPRESENTATION_CONTEXT() REPRESENTATION_CONTEXT('2D SPACE',''
  ) );
#15466 = ORIENTED_EDGE('',*,*,#15386,.T.);
#15467 = ORIENTED_EDGE('',*,*,#12952,.T.);
#15468 = ORIENTED_EDGE('',*,*,#15358,.T.);
#15469 = ORIENTED_EDGE('',*,*,#15446,.T.);
#15470 = ADVANCED_FACE('',(#15471),#13567,.F.);
#15471 = FACE_BOUND('',#15472,.F.);
#15472 = EDGE_LOOP('',(#15473,#15496,#15517));
#15473 = ORIENTED_EDGE('',*,*,#15474,.F.);
#15474 = EDGE_CURVE('',#15475,#13551,#15477,.T.);
#15475 = VERTEX_POINT('',#15476);
#15476 = CARTESIAN_POINT('',(-98.,331.5,108.));
#15477 = SURFACE_CURVE('',#15478,(#15482,#15489),.PCURVE_S1.);
#15478 = LINE('',#15479,#15480);
#15479 = CARTESIAN_POINT('',(-98.,331.5,108.));
#15480 = VECTOR('',#15481,1.);
#15481 = DIRECTION('',(0.,0.,1.));
#15482 = PCURVE('',#13567,#15483);
#15483 = DEFINITIONAL_REPRESENTATION('',(#15484),#15488);
#15484 = LINE('',#15485,#15486);
#15485 = CARTESIAN_POINT('',(0.,0.));
#15486 = VECTOR('',#15487,1.);
#15487 = DIRECTION('',(1.,0.));
#15488 = ( GEOMETRIC_REPRESENTATION_CONTEXT(2) 
PARAMETRIC_REPRESENTATION_CONTEXT() REPRESENTATION_CONTEXT('2D SPACE',''
  ) );
#15489 = PCURVE('',#13647,#15490);
#15490 = DEFINITIONAL_REPRESENTATION('',(#15491),#15495);
#15491 = LINE('',#15492,#15493);
#15492 = CARTESIAN_POINT('',(0.,0.));
#15493 = VECTOR('',#15494,1.);
#15494 = DIRECTION('',(1.,0.));
#15495 = ( GEOMETRIC_REPRESENTATION_CONTEXT(2) 
PARAMETRIC_REPRESENTATION_CONTEXT() REPRESENTATION_CONTEXT('2D SPACE',''
  ) );
#15496 = ORIENTED_EDGE('',*,*,#15497,.T.);
#15497 = EDGE_CURVE('',#15475,#13549,#15498,.T.);
#15498 = SURFACE_CURVE('',#15499,(#15503,#15510),.PCURVE_S1.);
#15499 = LINE('',#15500,#15501);
#15500 = CARTESIAN_POINT('',(-98.,331.5,108.));
#15501 = VECTOR('',#15502,1.);
#15502 = DIRECTION('',(-0.,1.,0.));
#15503 = PCURVE('',#13567,#15504);
#15504 = DEFINITIONAL_REPRESENTATION('',(#15505),#15509);
#15505 = LINE('',#15506,#15507);
#15506 = CARTESIAN_POINT('',(0.,0.));
#15507 = VECTOR('',#15508,1.);
#15508 = DIRECTION('',(0.,-1.));
#15509 = ( GEOMETRIC_REPRESENTATION_CONTEXT(2) 
PARAMETRIC_REPRESENTATION_CONTEXT() REPRESENTATION_CONTEXT('2D SPACE',''
  ) );
#15510 = PCURVE('',#13594,#15511);
#15511 = DEFINITIONAL_REPRESENTATION('',(#15512),#15516);
#15512 = LINE('',#15513,#15514);
#15513 = CARTESIAN_POINT('',(0.,0.));
#15514 = VECTOR('',#15515,1.);
#15515 = DIRECTION('',(0.,1.));
#15516 = ( GEOMETRIC_REPRESENTATION_CONTEXT(2) 
PARAMETRIC_REPRESENTATION_CONTEXT() REPRESENTATION_CONTEXT('2D SPACE',''
  ) );
#15517 = ORIENTED_EDGE('',*,*,#13548,.T.);
#15518 = ADVANCED_FACE('',(#15519),#13594,.F.);
#15519 = FACE_BOUND('',#15520,.F.);
#15520 = EDGE_LOOP('',(#15521,#15522,#15545,#15566));
#15521 = ORIENTED_EDGE('',*,*,#15497,.F.);
#15522 = ORIENTED_EDGE('',*,*,#15523,.T.);
#15523 = EDGE_CURVE('',#15475,#15524,#15526,.T.);
#15524 = VERTEX_POINT('',#15525);
#15525 = CARTESIAN_POINT('',(-88.,331.5,108.));
#15526 = SURFACE_CURVE('',#15527,(#15531,#15538),.PCURVE_S1.);
#15527 = LINE('',#15528,#15529);
#15528 = CARTESIAN_POINT('',(-98.,331.5,108.));
#15529 = VECTOR('',#15530,1.);
#15530 = DIRECTION('',(1.,0.,-0.));
#15531 = PCURVE('',#13594,#15532);
#15532 = DEFINITIONAL_REPRESENTATION('',(#15533),#15537);
#15533 = LINE('',#15534,#15535);
#15534 = CARTESIAN_POINT('',(0.,0.));
#15535 = VECTOR('',#15536,1.);
#15536 = DIRECTION('',(1.,0.));
#15537 = ( GEOMETRIC_REPRESENTATION_CONTEXT(2) 
PARAMETRIC_REPRESENTATION_CONTEXT() REPRESENTATION_CONTEXT('2D SPACE',''
  ) );
#15538 = PCURVE('',#13647,#15539);
#15539 = DEFINITIONAL_REPRESENTATION('',(#15540),#15544);
#15540 = LINE('',#15541,#15542);
#15541 = CARTESIAN_POINT('',(0.,0.));
#15542 = VECTOR('',#15543,1.);
#15543 = DIRECTION('',(0.,1.));
#15544 = ( GEOMETRIC_REPRESENTATION_CONTEXT(2) 
PARAMETRIC_REPRESENTATION_CONTEXT() REPRESENTATION_CONTEXT('2D SPACE',''
  ) );
#15545 = ORIENTED_EDGE('',*,*,#15546,.T.);
#15546 = EDGE_CURVE('',#15524,#13580,#15547,.T.);
#15547 = SURFACE_CURVE('',#15548,(#15552,#15559),.PCURVE_S1.);
#15548 = LINE('',#15549,#15550);
#15549 = CARTESIAN_POINT('',(-88.,331.5,108.));
#15550 = VECTOR('',#15551,1.);
#15551 = DIRECTION('',(-0.,1.,0.));
#15552 = PCURVE('',#13594,#15553);
#15553 = DEFINITIONAL_REPRESENTATION('',(#15554),#15558);
#15554 = LINE('',#15555,#15556);
#15555 = CARTESIAN_POINT('',(10.,0.));
#15556 = VECTOR('',#15557,1.);
#15557 = DIRECTION('',(0.,1.));
#15558 = ( GEOMETRIC_REPRESENTATION_CONTEXT(2) 
PARAMETRIC_REPRESENTATION_CONTEXT() REPRESENTATION_CONTEXT('2D SPACE',''
  ) );
#15559 = PCURVE('',#13622,#15560);
#15560 = DEFINITIONAL_REPRESENTATION('',(#15561),#15565);
#15561 = LINE('',#15562,#15563);
#15562 = CARTESIAN_POINT('',(0.,0.));
#15563 = VECTOR('',#15564,1.);
#15564 = DIRECTION('',(0.,-1.));
#15565 = ( GEOMETRIC_REPRESENTATION_CONTEXT(2) 
PARAMETRIC_REPRESENTATION_CONTEXT() REPRESENTATION_CONTEXT('2D SPACE',''
  ) );
#15566 = ORIENTED_EDGE('',*,*,#13579,.F.);
#15567 = ADVANCED_FACE('',(#15568,#15594),#13647,.F.);
#15568 = FACE_BOUND('',#15569,.F.);
#15569 = EDGE_LOOP('',(#15570,#15591,#15592,#15593));
#15570 = ORIENTED_EDGE('',*,*,#15571,.F.);
#15571 = EDGE_CURVE('',#15524,#13606,#15572,.T.);
#15572 = SURFACE_CURVE('',#15573,(#15577,#15584),.PCURVE_S1.);
#15573 = LINE('',#15574,#15575);
#15574 = CARTESIAN_POINT('',(-88.,331.5,108.));
#15575 = VECTOR('',#15576,1.);
#15576 = DIRECTION('',(0.,0.,1.));
#15577 = PCURVE('',#13647,#15578);
#15578 = DEFINITIONAL_REPRESENTATION('',(#15579),#15583);
#15579 = LINE('',#15580,#15581);
#15580 = CARTESIAN_POINT('',(0.,10.));
#15581 = VECTOR('',#15582,1.);
#15582 = DIRECTION('',(1.,0.));
#15583 = ( GEOMETRIC_REPRESENTATION_CONTEXT(2) 
PARAMETRIC_REPRESENTATION_CONTEXT() REPRESENTATION_CONTEXT('2D SPACE',''
  ) );
#15584 = PCURVE('',#13622,#15585);
#15585 = DEFINITIONAL_REPRESENTATION('',(#15586),#15590);
#15586 = LINE('',#15587,#15588);
#15587 = CARTESIAN_POINT('',(0.,0.));
#15588 = VECTOR('',#15589,1.);
#15589 = DIRECTION('',(1.,0.));
#15590 = ( GEOMETRIC_REPRESENTATION_CONTEXT(2) 
PARAMETRIC_REPRESENTATION_CONTEXT() REPRESENTATION_CONTEXT('2D SPACE',''
  ) );
#15591 = ORIENTED_EDGE('',*,*,#15523,.F.);
#15592 = ORIENTED_EDGE('',*,*,#15474,.T.);
#15593 = ORIENTED_EDGE('',*,*,#13634,.T.);
#15594 = FACE_BOUND('',#15595,.F.);
#15595 = EDGE_LOOP('',(#15596));
#15596 = ORIENTED_EDGE('',*,*,#15171,.T.);
#15597 = ADVANCED_FACE('',(#15598),#13622,.T.);
#15598 = FACE_BOUND('',#15599,.T.);
#15599 = EDGE_LOOP('',(#15600,#15601,#15602));
#15600 = ORIENTED_EDGE('',*,*,#15571,.F.);
#15601 = ORIENTED_EDGE('',*,*,#15546,.T.);
#15602 = ORIENTED_EDGE('',*,*,#13605,.T.);
#15603 = ADVANCED_FACE('',(#15604),#13679,.F.);
#15604 = FACE_BOUND('',#15605,.F.);
#15605 = EDGE_LOOP('',(#15606,#15629,#15650));
#15606 = ORIENTED_EDGE('',*,*,#15607,.F.);
#15607 = EDGE_CURVE('',#15608,#13663,#15610,.T.);
#15608 = VERTEX_POINT('',#15609);
#15609 = CARTESIAN_POINT('',(88.,331.5,108.));
#15610 = SURFACE_CURVE('',#15611,(#15615,#15622),.PCURVE_S1.);
#15611 = LINE('',#15612,#15613);
#15612 = CARTESIAN_POINT('',(88.,331.5,108.));
#15613 = VECTOR('',#15614,1.);
#15614 = DIRECTION('',(0.,0.,1.));
#15615 = PCURVE('',#13679,#15616);
#15616 = DEFINITIONAL_REPRESENTATION('',(#15617),#15621);
#15617 = LINE('',#15618,#15619);
#15618 = CARTESIAN_POINT('',(0.,0.));
#15619 = VECTOR('',#15620,1.);
#15620 = DIRECTION('',(1.,0.));
#15621 = ( GEOMETRIC_REPRESENTATION_CONTEXT(2) 
PARAMETRIC_REPRESENTATION_CONTEXT() REPRESENTATION_CONTEXT('2D SPACE',''
  ) );
#15622 = PCURVE('',#13759,#15623);
#15623 = DEFINITIONAL_REPRESENTATION('',(#15624),#15628);
#15624 = LINE('',#15625,#15626);
#15625 = CARTESIAN_POINT('',(0.,0.));
#15626 = VECTOR('',#15627,1.);
#15627 = DIRECTION('',(1.,0.));
#15628 = ( GEOMETRIC_REPRESENTATION_CONTEXT(2) 
PARAMETRIC_REPRESENTATION_CONTEXT() REPRESENTATION_CONTEXT('2D SPACE',''
  ) );
#15629 = ORIENTED_EDGE('',*,*,#15630,.T.);
#15630 = EDGE_CURVE('',#15608,#13661,#15631,.T.);
#15631 = SURFACE_CURVE('',#15632,(#15636,#15643),.PCURVE_S1.);
#15632 = LINE('',#15633,#15634);
#15633 = CARTESIAN_POINT('',(88.,331.5,108.));
#15634 = VECTOR('',#15635,1.);
#15635 = DIRECTION('',(-0.,1.,0.));
#15636 = PCURVE('',#13679,#15637);
#15637 = DEFINITIONAL_REPRESENTATION('',(#15638),#15642);
#15638 = LINE('',#15639,#15640);
#15639 = CARTESIAN_POINT('',(0.,0.));
#15640 = VECTOR('',#15641,1.);
#15641 = DIRECTION('',(0.,-1.));
#15642 = ( GEOMETRIC_REPRESENTATION_CONTEXT(2) 
PARAMETRIC_REPRESENTATION_CONTEXT() REPRESENTATION_CONTEXT('2D SPACE',''
  ) );
#15643 = PCURVE('',#13706,#15644);
#15644 = DEFINITIONAL_REPRESENTATION('',(#15645),#15649);
#15645 = LINE('',#15646,#15647);
#15646 = CARTESIAN_POINT('',(0.,0.));
#15647 = VECTOR('',#15648,1.);
#15648 = DIRECTION('',(0.,1.));
#15649 = ( GEOMETRIC_REPRESENTATION_CONTEXT(2) 
PARAMETRIC_REPRESENTATION_CONTEXT() REPRESENTATION_CONTEXT('2D SPACE',''
  ) );
#15650 = ORIENTED_EDGE('',*,*,#13660,.T.);
#15651 = ADVANCED_FACE('',(#15652,#15700),#13759,.F.);
#15652 = FACE_BOUND('',#15653,.F.);
#15653 = EDGE_LOOP('',(#15654,#15677,#15698,#15699));
#15654 = ORIENTED_EDGE('',*,*,#15655,.F.);
#15655 = EDGE_CURVE('',#15656,#13718,#15658,.T.);
#15656 = VERTEX_POINT('',#15657);
#15657 = CARTESIAN_POINT('',(98.,331.5,108.));
#15658 = SURFACE_CURVE('',#15659,(#15663,#15670),.PCURVE_S1.);
#15659 = LINE('',#15660,#15661);
#15660 = CARTESIAN_POINT('',(98.,331.5,108.));
#15661 = VECTOR('',#15662,1.);
#15662 = DIRECTION('',(0.,0.,1.));
#15663 = PCURVE('',#13759,#15664);
#15664 = DEFINITIONAL_REPRESENTATION('',(#15665),#15669);
#15665 = LINE('',#15666,#15667);
#15666 = CARTESIAN_POINT('',(0.,10.));
#15667 = VECTOR('',#15668,1.);
#15668 = DIRECTION('',(1.,0.));
#15669 = ( GEOMETRIC_REPRESENTATION_CONTEXT(2) 
PARAMETRIC_REPRESENTATION_CONTEXT() REPRESENTATION_CONTEXT('2D SPACE',''
  ) );
#15670 = PCURVE('',#13734,#15671);
#15671 = DEFINITIONAL_REPRESENTATION('',(#15672),#15676);
#15672 = LINE('',#15673,#15674);
#15673 = CARTESIAN_POINT('',(0.,0.));
#15674 = VECTOR('',#15675,1.);
#15675 = DIRECTION('',(1.,0.));
#15676 = ( GEOMETRIC_REPRESENTATION_CONTEXT(2) 
PARAMETRIC_REPRESENTATION_CONTEXT() REPRESENTATION_CONTEXT('2D SPACE',''
  ) );
#15677 = ORIENTED_EDGE('',*,*,#15678,.F.);
#15678 = EDGE_CURVE('',#15608,#15656,#15679,.T.);
#15679 = SURFACE_CURVE('',#15680,(#15684,#15691),.PCURVE_S1.);
#15680 = LINE('',#15681,#15682);
#15681 = CARTESIAN_POINT('',(88.,331.5,108.));
#15682 = VECTOR('',#15683,1.);
#15683 = DIRECTION('',(1.,0.,-0.));
#15684 = PCURVE('',#13759,#15685);
#15685 = DEFINITIONAL_REPRESENTATION('',(#15686),#15690);
#15686 = LINE('',#15687,#15688);
#15687 = CARTESIAN_POINT('',(0.,0.));
#15688 = VECTOR('',#15689,1.);
#15689 = DIRECTION('',(0.,1.));
#15690 = ( GEOMETRIC_REPRESENTATION_CONTEXT(2) 
PARAMETRIC_REPRESENTATION_CONTEXT() REPRESENTATION_CONTEXT('2D SPACE',''
  ) );
#15691 = PCURVE('',#13706,#15692);
#15692 = DEFINITIONAL_REPRESENTATION('',(#15693),#15697);
#15693 = LINE('',#15694,#15695);
#15694 = CARTESIAN_POINT('',(0.,0.));
#15695 = VECTOR('',#15696,1.);
#15696 = DIRECTION('',(1.,0.));
#15697 = ( GEOMETRIC_REPRESENTATION_CONTEXT(2) 
PARAMETRIC_REPRESENTATION_CONTEXT() REPRESENTATION_CONTEXT('2D SPACE',''
  ) );
#15698 = ORIENTED_EDGE('',*,*,#15607,.T.);
#15699 = ORIENTED_EDGE('',*,*,#13746,.T.);
#15700 = FACE_BOUND('',#15701,.F.);
#15701 = EDGE_LOOP('',(#15702));
#15702 = ORIENTED_EDGE('',*,*,#15418,.T.);
#15703 = ADVANCED_FACE('',(#15704),#13734,.T.);
#15704 = FACE_BOUND('',#15705,.T.);
#15705 = EDGE_LOOP('',(#15706,#15707,#15728));
#15706 = ORIENTED_EDGE('',*,*,#15655,.F.);
#15707 = ORIENTED_EDGE('',*,*,#15708,.T.);
#15708 = EDGE_CURVE('',#15656,#13692,#15709,.T.);
#15709 = SURFACE_CURVE('',#15710,(#15714,#15721),.PCURVE_S1.);
#15710 = LINE('',#15711,#15712);
#15711 = CARTESIAN_POINT('',(98.,331.5,108.));
#15712 = VECTOR('',#15713,1.);
#15713 = DIRECTION('',(-0.,1.,0.));
#15714 = PCURVE('',#13734,#15715);
#15715 = DEFINITIONAL_REPRESENTATION('',(#15716),#15720);
#15716 = LINE('',#15717,#15718);
#15717 = CARTESIAN_POINT('',(0.,0.));
#15718 = VECTOR('',#15719,1.);
#15719 = DIRECTION('',(0.,-1.));
#15720 = ( GEOMETRIC_REPRESENTATION_CONTEXT(2) 
PARAMETRIC_REPRESENTATION_CONTEXT() REPRESENTATION_CONTEXT('2D SPACE',''
  ) );
#15721 = PCURVE('',#13706,#15722);
#15722 = DEFINITIONAL_REPRESENTATION('',(#15723),#15727);
#15723 = LINE('',#15724,#15725);
#15724 = CARTESIAN_POINT('',(10.,0.));
#15725 = VECTOR('',#15726,1.);
#15726 = DIRECTION('',(0.,1.));
#15727 = ( GEOMETRIC_REPRESENTATION_CONTEXT(2) 
PARAMETRIC_REPRESENTATION_CONTEXT() REPRESENTATION_CONTEXT('2D SPACE',''
  ) );
#15728 = ORIENTED_EDGE('',*,*,#13717,.T.);
#15729 = ADVANCED_FACE('',(#15730),#13706,.F.);
#15730 = FACE_BOUND('',#15731,.F.);
#15731 = EDGE_LOOP('',(#15732,#15733,#15734,#15735));
#15732 = ORIENTED_EDGE('',*,*,#15630,.F.);
#15733 = ORIENTED_EDGE('',*,*,#15678,.T.);
#15734 = ORIENTED_EDGE('',*,*,#15708,.T.);
#15735 = ORIENTED_EDGE('',*,*,#13691,.F.);
#15736 = ADVANCED_FACE('',(#15737),#13990,.T.);
#15737 = FACE_BOUND('',#15738,.T.);
#15738 = EDGE_LOOP('',(#15739,#15760,#15761,#15762));
#15739 = ORIENTED_EDGE('',*,*,#15740,.F.);
#15740 = EDGE_CURVE('',#13950,#14280,#15741,.T.);
#15741 = SURFACE_CURVE('',#15742,(#15746,#15753),.PCURVE_S1.);
#15742 = LINE('',#15743,#15744);
#15743 = CARTESIAN_POINT('',(-85.,336.5,15.));
#15744 = VECTOR('',#15745,1.);
#15745 = DIRECTION('',(-0.,1.,0.));
#15746 = PCURVE('',#13990,#15747);
#15747 = DEFINITIONAL_REPRESENTATION('',(#15748),#15752);
#15748 = LINE('',#15749,#15750);
#15749 = CARTESIAN_POINT('',(0.,0.));
#15750 = VECTOR('',#15751,1.);
#15751 = DIRECTION('',(0.,1.));
#15752 = ( GEOMETRIC_REPRESENTATION_CONTEXT(2) 
PARAMETRIC_REPRESENTATION_CONTEXT() REPRESENTATION_CONTEXT('2D SPACE',''
  ) );
#15753 = PCURVE('',#13964,#15754);
#15754 = DEFINITIONAL_REPRESENTATION('',(#15755),#15759);
#15755 = LINE('',#15756,#15757);
#15756 = CARTESIAN_POINT('',(0.,0.));
#15757 = VECTOR('',#15758,1.);
#15758 = DIRECTION('',(0.,-1.));
#15759 = ( GEOMETRIC_REPRESENTATION_CONTEXT(2) 
PARAMETRIC_REPRESENTATION_CONTEXT() REPRESENTATION_CONTEXT('2D SPACE',''
  ) );
#15760 = ORIENTED_EDGE('',*,*,#13975,.T.);
#15761 = ORIENTED_EDGE('',*,*,#14966,.T.);
#15762 = ORIENTED_EDGE('',*,*,#14300,.F.);
#15763 = ADVANCED_FACE('',(#15764),#13964,.T.);
#15764 = FACE_BOUND('',#15765,.T.);
#15765 = EDGE_LOOP('',(#15766,#15767,#15768,#15769));
#15766 = ORIENTED_EDGE('',*,*,#13949,.T.);
#15767 = ORIENTED_EDGE('',*,*,#15740,.T.);
#15768 = ORIENTED_EDGE('',*,*,#14279,.F.);
#15769 = ORIENTED_EDGE('',*,*,#15770,.F.);
#15770 = EDGE_CURVE('',#13924,#14259,#15771,.T.);
#15771 = SURFACE_CURVE('',#15772,(#15776,#15782),.PCURVE_S1.);
#15772 = LINE('',#15773,#15774);
#15773 = CARTESIAN_POINT('',(-85.,336.5,33.));
#15774 = VECTOR('',#15775,1.);
#15775 = DIRECTION('',(-0.,1.,0.));
#15776 = PCURVE('',#13964,#15777);
#15777 = DEFINITIONAL_REPRESENTATION('',(#15778),#15781);
#15778 = B_SPLINE_CURVE_WITH_KNOTS('',1,(#15779,#15780),.UNSPECIFIED.,
  .F.,.F.,(2,2),(0.5,3.5),.PIECEWISE_BEZIER_KNOTS.);
#15779 = CARTESIAN_POINT('',(18.,-0.5));
#15780 = CARTESIAN_POINT('',(18.,-3.5));
#15781 = ( GEOMETRIC_REPRESENTATION_CONTEXT(2) 
PARAMETRIC_REPRESENTATION_CONTEXT() REPRESENTATION_CONTEXT('2D SPACE',''
  ) );
#15782 = PCURVE('',#13938,#15783);
#15783 = DEFINITIONAL_REPRESENTATION('',(#15784),#15787);
#15784 = B_SPLINE_CURVE_WITH_KNOTS('',1,(#15785,#15786),.UNSPECIFIED.,
  .F.,.F.,(2,2),(0.5,3.5),.PIECEWISE_BEZIER_KNOTS.);
#15785 = CARTESIAN_POINT('',(25.,0.5));
#15786 = CARTESIAN_POINT('',(25.,3.5));
#15787 = ( GEOMETRIC_REPRESENTATION_CONTEXT(2) 
PARAMETRIC_REPRESENTATION_CONTEXT() REPRESENTATION_CONTEXT('2D SPACE',''
  ) );
#15788 = ADVANCED_FACE('',(#15789),#13938,.T.);
#15789 = FACE_BOUND('',#15790,.T.);
#15790 = EDGE_LOOP('',(#15791,#15812,#15813,#15814));
#15791 = ORIENTED_EDGE('',*,*,#15792,.F.);
#15792 = EDGE_CURVE('',#13898,#14238,#15793,.T.);
#15793 = SURFACE_CURVE('',#15794,(#15798,#15805),.PCURVE_S1.);
#15794 = LINE('',#15795,#15796);
#15795 = CARTESIAN_POINT('',(-110.,336.5,33.));
#15796 = VECTOR('',#15797,1.);
#15797 = DIRECTION('',(-0.,1.,0.));
#15798 = PCURVE('',#13938,#15799);
#15799 = DEFINITIONAL_REPRESENTATION('',(#15800),#15804);
#15800 = LINE('',#15801,#15802);
#15801 = CARTESIAN_POINT('',(0.,0.));
#15802 = VECTOR('',#15803,1.);
#15803 = DIRECTION('',(0.,1.));
#15804 = ( GEOMETRIC_REPRESENTATION_CONTEXT(2) 
PARAMETRIC_REPRESENTATION_CONTEXT() REPRESENTATION_CONTEXT('2D SPACE',''
  ) );
#15805 = PCURVE('',#13912,#15806);
#15806 = DEFINITIONAL_REPRESENTATION('',(#15807),#15811);
#15807 = LINE('',#15808,#15809);
#15808 = CARTESIAN_POINT('',(0.,0.));
#15809 = VECTOR('',#15810,1.);
#15810 = DIRECTION('',(0.,-1.));
#15811 = ( GEOMETRIC_REPRESENTATION_CONTEXT(2) 
PARAMETRIC_REPRESENTATION_CONTEXT() REPRESENTATION_CONTEXT('2D SPACE',''
  ) );
#15812 = ORIENTED_EDGE('',*,*,#13923,.T.);
#15813 = ORIENTED_EDGE('',*,*,#15770,.T.);
#15814 = ORIENTED_EDGE('',*,*,#14258,.F.);
#15815 = ADVANCED_FACE('',(#15816),#13912,.T.);
#15816 = FACE_BOUND('',#15817,.T.);
#15817 = EDGE_LOOP('',(#15818,#15839,#15840,#15841));
#15818 = ORIENTED_EDGE('',*,*,#15819,.F.);
#15819 = EDGE_CURVE('',#13872,#14217,#15820,.T.);
#15820 = SURFACE_CURVE('',#15821,(#15825,#15832),.PCURVE_S1.);
#15821 = LINE('',#15822,#15823);
#15822 = CARTESIAN_POINT('',(-110.,336.5,47.));
#15823 = VECTOR('',#15824,1.);
#15824 = DIRECTION('',(-0.,1.,0.));
#15825 = PCURVE('',#13912,#15826);
#15826 = DEFINITIONAL_REPRESENTATION('',(#15827),#15831);
#15827 = LINE('',#15828,#15829);
#15828 = CARTESIAN_POINT('',(14.,0.));
#15829 = VECTOR('',#15830,1.);
#15830 = DIRECTION('',(0.,-1.));
#15831 = ( GEOMETRIC_REPRESENTATION_CONTEXT(2) 
PARAMETRIC_REPRESENTATION_CONTEXT() REPRESENTATION_CONTEXT('2D SPACE',''
  ) );
#15832 = PCURVE('',#13886,#15833);
#15833 = DEFINITIONAL_REPRESENTATION('',(#15834),#15838);
#15834 = LINE('',#15835,#15836);
#15835 = CARTESIAN_POINT('',(0.,0.));
#15836 = VECTOR('',#15837,1.);
#15837 = DIRECTION('',(0.,1.));
#15838 = ( GEOMETRIC_REPRESENTATION_CONTEXT(2) 
PARAMETRIC_REPRESENTATION_CONTEXT() REPRESENTATION_CONTEXT('2D SPACE',''
  ) );
#15839 = ORIENTED_EDGE('',*,*,#13897,.T.);
#15840 = ORIENTED_EDGE('',*,*,#15792,.T.);
#15841 = ORIENTED_EDGE('',*,*,#14237,.F.);
#15842 = ADVANCED_FACE('',(#15843),#13886,.F.);
#15843 = FACE_BOUND('',#15844,.F.);
#15844 = EDGE_LOOP('',(#15845,#15846,#15847,#15848));
#15845 = ORIENTED_EDGE('',*,*,#15819,.F.);
#15846 = ORIENTED_EDGE('',*,*,#13871,.T.);
#15847 = ORIENTED_EDGE('',*,*,#14912,.T.);
#15848 = ORIENTED_EDGE('',*,*,#14216,.F.);
#15849 = ADVANCED_FACE('',(#15850),#14089,.F.);
#15850 = FACE_BOUND('',#15851,.F.);
#15851 = EDGE_LOOP('',(#15852,#15853,#15874,#15875));
#15852 = ORIENTED_EDGE('',*,*,#14068,.F.);
#15853 = ORIENTED_EDGE('',*,*,#15854,.F.);
#15854 = EDGE_CURVE('',#14365,#14069,#15855,.T.);
#15855 = SEAM_CURVE('',#15856,(#15860,#15867),.PCURVE_S1.);
#15856 = LINE('',#15857,#15858);
#15857 = CARTESIAN_POINT('',(-124.5,343.5,40.));
#15858 = VECTOR('',#15859,1.);
#15859 = DIRECTION('',(0.,-1.,2.22044604925E-16));
#15860 = PCURVE('',#14089,#15861);
#15861 = DEFINITIONAL_REPRESENTATION('',(#15862),#15866);
#15862 = LINE('',#15863,#15864);
#15863 = CARTESIAN_POINT('',(6.28318530718,-0.));
#15864 = VECTOR('',#15865,1.);
#15865 = DIRECTION('',(0.,1.));
#15866 = ( GEOMETRIC_REPRESENTATION_CONTEXT(2) 
PARAMETRIC_REPRESENTATION_CONTEXT() REPRESENTATION_CONTEXT('2D SPACE',''
  ) );
#15867 = PCURVE('',#14089,#15868);
#15868 = DEFINITIONAL_REPRESENTATION('',(#15869),#15873);
#15869 = LINE('',#15870,#15871);
#15870 = CARTESIAN_POINT('',(0.,-0.));
#15871 = VECTOR('',#15872,1.);
#15872 = DIRECTION('',(0.,1.));
#15873 = ( GEOMETRIC_REPRESENTATION_CONTEXT(2) 
PARAMETRIC_REPRESENTATION_CONTEXT() REPRESENTATION_CONTEXT('2D SPACE',''
  ) );
#15874 = ORIENTED_EDGE('',*,*,#14364,.T.);
#15875 = ORIENTED_EDGE('',*,*,#15854,.T.);
#15876 = ADVANCED_FACE('',(#15877),#14124,.F.);
#15877 = FACE_BOUND('',#15878,.F.);
#15878 = EDGE_LOOP('',(#15879,#15880,#15901,#15902));
#15879 = ORIENTED_EDGE('',*,*,#14103,.F.);
#15880 = ORIENTED_EDGE('',*,*,#15881,.F.);
#15881 = EDGE_CURVE('',#14395,#14104,#15882,.T.);
#15882 = SEAM_CURVE('',#15883,(#15887,#15894),.PCURVE_S1.);
#15883 = LINE('',#15884,#15885);
#15884 = CARTESIAN_POINT('',(139.5,343.5,40.));
#15885 = VECTOR('',#15886,1.);
#15886 = DIRECTION('',(0.,-1.,2.22044604925E-16));
#15887 = PCURVE('',#14124,#15888);
#15888 = DEFINITIONAL_REPRESENTATION('',(#15889),#15893);
#15889 = LINE('',#15890,#15891);
#15890 = CARTESIAN_POINT('',(6.28318530718,-0.));
#15891 = VECTOR('',#15892,1.);
#15892 = DIRECTION('',(0.,1.));
#15893 = ( GEOMETRIC_REPRESENTATION_CONTEXT(2) 
PARAMETRIC_REPRESENTATION_CONTEXT() REPRESENTATION_CONTEXT('2D SPACE',''
  ) );
#15894 = PCURVE('',#14124,#15895);
#15895 = DEFINITIONAL_REPRESENTATION('',(#15896),#15900);
#15896 = LINE('',#15897,#15898);
#15897 = CARTESIAN_POINT('',(0.,-0.));
#15898 = VECTOR('',#15899,1.);
#15899 = DIRECTION('',(0.,1.));
#15900 = ( GEOMETRIC_REPRESENTATION_CONTEXT(2) 
PARAMETRIC_REPRESENTATION_CONTEXT() REPRESENTATION_CONTEXT('2D SPACE',''
  ) );
#15901 = ORIENTED_EDGE('',*,*,#14394,.T.);
#15902 = ORIENTED_EDGE('',*,*,#15881,.T.);
#15903 = ADVANCED_FACE('',(#15904),#14531,.T.);
#15904 = FACE_BOUND('',#15905,.F.);
#15905 = EDGE_LOOP('',(#15906));
#15906 = ORIENTED_EDGE('',*,*,#14516,.F.);
#15907 = ADVANCED_FACE('',(#15908),#14593,.T.);
#15908 = FACE_BOUND('',#15909,.F.);
#15909 = EDGE_LOOP('',(#15910));
#15910 = ORIENTED_EDGE('',*,*,#14578,.F.);
#15911 = ADVANCED_FACE('',(#15912),#14629,.F.);
#15912 = FACE_BOUND('',#15913,.F.);
#15913 = EDGE_LOOP('',(#15914,#15915,#15938,#15965));
#15914 = ORIENTED_EDGE('',*,*,#14612,.F.);
#15915 = ORIENTED_EDGE('',*,*,#15916,.F.);
#15916 = EDGE_CURVE('',#15917,#14613,#15919,.T.);
#15917 = VERTEX_POINT('',#15918);
#15918 = CARTESIAN_POINT('',(-117.75,254.5,2.6));
#15919 = SEAM_CURVE('',#15920,(#15924,#15931),.PCURVE_S1.);
#15920 = LINE('',#15921,#15922);
#15921 = CARTESIAN_POINT('',(-117.75,254.5,2.6));
#15922 = VECTOR('',#15923,1.);
#15923 = DIRECTION('',(0.,0.,1.));
#15924 = PCURVE('',#14629,#15925);
#15925 = DEFINITIONAL_REPRESENTATION('',(#15926),#15930);
#15926 = LINE('',#15927,#15928);
#15927 = CARTESIAN_POINT('',(6.28318530718,-0.));
#15928 = VECTOR('',#15929,1.);
#15929 = DIRECTION('',(0.,1.));
#15930 = ( GEOMETRIC_REPRESENTATION_CONTEXT(2) 
PARAMETRIC_REPRESENTATION_CONTEXT() REPRESENTATION_CONTEXT('2D SPACE',''
  ) );
#15931 = PCURVE('',#14629,#15932);
#15932 = DEFINITIONAL_REPRESENTATION('',(#15933),#15937);
#15933 = LINE('',#15934,#15935);
#15934 = CARTESIAN_POINT('',(0.,-0.));
#15935 = VECTOR('',#15936,1.);
#15936 = DIRECTION('',(0.,1.));
#15937 = ( GEOMETRIC_REPRESENTATION_CONTEXT(2) 
PARAMETRIC_REPRESENTATION_CONTEXT() REPRESENTATION_CONTEXT('2D SPACE',''
  ) );
#15938 = ORIENTED_EDGE('',*,*,#15939,.T.);
#15939 = EDGE_CURVE('',#15917,#15917,#15940,.T.);
#15940 = SURFACE_CURVE('',#15941,(#15946,#15953),.PCURVE_S1.);
#15941 = CIRCLE('',#15942,1.25);
#15942 = AXIS2_PLACEMENT_3D('',#15943,#15944,#15945);
#15943 = CARTESIAN_POINT('',(-119.,254.5,2.6));
#15944 = DIRECTION('',(0.,0.,1.));
#15945 = DIRECTION('',(1.,0.,-0.));
#15946 = PCURVE('',#14629,#15947);
#15947 = DEFINITIONAL_REPRESENTATION('',(#15948),#15952);
#15948 = LINE('',#15949,#15950);
#15949 = CARTESIAN_POINT('',(0.,0.));
#15950 = VECTOR('',#15951,1.);
#15951 = DIRECTION('',(1.,0.));
#15952 = ( GEOMETRIC_REPRESENTATION_CONTEXT(2) 
PARAMETRIC_REPRESENTATION_CONTEXT() REPRESENTATION_CONTEXT('2D SPACE',''
  ) );
#15953 = PCURVE('',#15954,#15959);
#15954 = PLANE('',#15955);
#15955 = AXIS2_PLACEMENT_3D('',#15956,#15957,#15958);
#15956 = CARTESIAN_POINT('',(-119.,254.5,2.6));
#15957 = DIRECTION('',(0.,0.,1.));
#15958 = DIRECTION('',(1.,0.,-0.));
#15959 = DEFINITIONAL_REPRESENTATION('',(#15960),#15964);
#15960 = CIRCLE('',#15961,1.25);
#15961 = AXIS2_PLACEMENT_2D('',#15962,#15963);
#15962 = CARTESIAN_POINT('',(0.,0.));
#15963 = DIRECTION('',(1.,0.));
#15964 = ( GEOMETRIC_REPRESENTATION_CONTEXT(2) 
PARAMETRIC_REPRESENTATION_CONTEXT() REPRESENTATION_CONTEXT('2D SPACE',''
  ) );
#15965 = ORIENTED_EDGE('',*,*,#15916,.T.);
#15966 = ADVANCED_FACE('',(#15967),#14664,.F.);
#15967 = FACE_BOUND('',#15968,.F.);
#15968 = EDGE_LOOP('',(#15969,#15970,#15993,#16020));
#15969 = ORIENTED_EDGE('',*,*,#14647,.F.);
#15970 = ORIENTED_EDGE('',*,*,#15971,.F.);
#15971 = EDGE_CURVE('',#15972,#14648,#15974,.T.);
#15972 = VERTEX_POINT('',#15973);
#15973 = CARTESIAN_POINT('',(-117.75,269.5,2.6));
#15974 = SEAM_CURVE('',#15975,(#15979,#15986),.PCURVE_S1.);
#15975 = LINE('',#15976,#15977);
#15976 = CARTESIAN_POINT('',(-117.75,269.5,2.6));
#15977 = VECTOR('',#15978,1.);
#15978 = DIRECTION('',(0.,0.,1.));
#15979 = PCURVE('',#14664,#15980);
#15980 = DEFINITIONAL_REPRESENTATION('',(#15981),#15985);
#15981 = LINE('',#15982,#15983);
#15982 = CARTESIAN_POINT('',(6.28318530718,-0.));
#15983 = VECTOR('',#15984,1.);
#15984 = DIRECTION('',(0.,1.));
#15985 = ( GEOMETRIC_REPRESENTATION_CONTEXT(2) 
PARAMETRIC_REPRESENTATION_CONTEXT() REPRESENTATION_CONTEXT('2D SPACE',''
  ) );
#15986 = PCURVE('',#14664,#15987);
#15987 = DEFINITIONAL_REPRESENTATION('',(#15988),#15992);
#15988 = LINE('',#15989,#15990);
#15989 = CARTESIAN_POINT('',(0.,-0.));
#15990 = VECTOR('',#15991,1.);
#15991 = DIRECTION('',(0.,1.));
#15992 = ( GEOMETRIC_REPRESENTATION_CONTEXT(2) 
PARAMETRIC_REPRESENTATION_CONTEXT() REPRESENTATION_CONTEXT('2D SPACE',''
  ) );
#15993 = ORIENTED_EDGE('',*,*,#15994,.T.);
#15994 = EDGE_CURVE('',#15972,#15972,#15995,.T.);
#15995 = SURFACE_CURVE('',#15996,(#16001,#16008),.PCURVE_S1.);
#15996 = CIRCLE('',#15997,1.25);
#15997 = AXIS2_PLACEMENT_3D('',#15998,#15999,#16000);
#15998 = CARTESIAN_POINT('',(-119.,269.5,2.6));
#15999 = DIRECTION('',(0.,0.,1.));
#16000 = DIRECTION('',(1.,0.,-0.));
#16001 = PCURVE('',#14664,#16002);
#16002 = DEFINITIONAL_REPRESENTATION('',(#16003),#16007);
#16003 = LINE('',#16004,#16005);
#16004 = CARTESIAN_POINT('',(0.,0.));
#16005 = VECTOR('',#16006,1.);
#16006 = DIRECTION('',(1.,0.));
#16007 = ( GEOMETRIC_REPRESENTATION_CONTEXT(2) 
PARAMETRIC_REPRESENTATION_CONTEXT() REPRESENTATION_CONTEXT('2D SPACE',''
  ) );
#16008 = PCURVE('',#16009,#16014);
#16009 = PLANE('',#16010);
#16010 = AXIS2_PLACEMENT_3D('',#16011,#16012,#16013);
#16011 = CARTESIAN_POINT('',(-119.,269.5,2.6));
#16012 = DIRECTION('',(0.,0.,1.));
#16013 = DIRECTION('',(1.,0.,-0.));
#16014 = DEFINITIONAL_REPRESENTATION('',(#16015),#16019);
#16015 = CIRCLE('',#16016,1.25);
#16016 = AXIS2_PLACEMENT_2D('',#16017,#16018);
#16017 = CARTESIAN_POINT('',(0.,0.));
#16018 = DIRECTION('',(1.,0.));
#16019 = ( GEOMETRIC_REPRESENTATION_CONTEXT(2) 
PARAMETRIC_REPRESENTATION_CONTEXT() REPRESENTATION_CONTEXT('2D SPACE',''
  ) );
#16020 = ORIENTED_EDGE('',*,*,#15971,.T.);
#16021 = ADVANCED_FACE('',(#16022),#14699,.F.);
#16022 = FACE_BOUND('',#16023,.F.);
#16023 = EDGE_LOOP('',(#16024,#16025,#16048,#16075));
#16024 = ORIENTED_EDGE('',*,*,#14682,.F.);
#16025 = ORIENTED_EDGE('',*,*,#16026,.F.);
#16026 = EDGE_CURVE('',#16027,#14683,#16029,.T.);
#16027 = VERTEX_POINT('',#16028);
#16028 = CARTESIAN_POINT('',(-115.25,288.5,2.6));
#16029 = SEAM_CURVE('',#16030,(#16034,#16041),.PCURVE_S1.);
#16030 = LINE('',#16031,#16032);
#16031 = CARTESIAN_POINT('',(-115.25,288.5,2.6));
#16032 = VECTOR('',#16033,1.);
#16033 = DIRECTION('',(0.,0.,1.));
#16034 = PCURVE('',#14699,#16035);
#16035 = DEFINITIONAL_REPRESENTATION('',(#16036),#16040);
#16036 = LINE('',#16037,#16038);
#16037 = CARTESIAN_POINT('',(6.28318530718,-0.));
#16038 = VECTOR('',#16039,1.);
#16039 = DIRECTION('',(0.,1.));
#16040 = ( GEOMETRIC_REPRESENTATION_CONTEXT(2) 
PARAMETRIC_REPRESENTATION_CONTEXT() REPRESENTATION_CONTEXT('2D SPACE',''
  ) );
#16041 = PCURVE('',#14699,#16042);
#16042 = DEFINITIONAL_REPRESENTATION('',(#16043),#16047);
#16043 = LINE('',#16044,#16045);
#16044 = CARTESIAN_POINT('',(0.,-0.));
#16045 = VECTOR('',#16046,1.);
#16046 = DIRECTION('',(0.,1.));
#16047 = ( GEOMETRIC_REPRESENTATION_CONTEXT(2) 
PARAMETRIC_REPRESENTATION_CONTEXT() REPRESENTATION_CONTEXT('2D SPACE',''
  ) );
#16048 = ORIENTED_EDGE('',*,*,#16049,.T.);
#16049 = EDGE_CURVE('',#16027,#16027,#16050,.T.);
#16050 = SURFACE_CURVE('',#16051,(#16056,#16063),.PCURVE_S1.);
#16051 = CIRCLE('',#16052,1.25);
#16052 = AXIS2_PLACEMENT_3D('',#16053,#16054,#16055);
#16053 = CARTESIAN_POINT('',(-116.5,288.5,2.6));
#16054 = DIRECTION('',(0.,0.,1.));
#16055 = DIRECTION('',(1.,0.,-0.));
#16056 = PCURVE('',#14699,#16057);
#16057 = DEFINITIONAL_REPRESENTATION('',(#16058),#16062);
#16058 = LINE('',#16059,#16060);
#16059 = CARTESIAN_POINT('',(0.,0.));
#16060 = VECTOR('',#16061,1.);
#16061 = DIRECTION('',(1.,0.));
#16062 = ( GEOMETRIC_REPRESENTATION_CONTEXT(2) 
PARAMETRIC_REPRESENTATION_CONTEXT() REPRESENTATION_CONTEXT('2D SPACE',''
  ) );
#16063 = PCURVE('',#16064,#16069);
#16064 = PLANE('',#16065);
#16065 = AXIS2_PLACEMENT_3D('',#16066,#16067,#16068);
#16066 = CARTESIAN_POINT('',(-116.5,288.5,2.6));
#16067 = DIRECTION('',(0.,0.,1.));
#16068 = DIRECTION('',(1.,0.,-0.));
#16069 = DEFINITIONAL_REPRESENTATION('',(#16070),#16074);
#16070 = CIRCLE('',#16071,1.25);
#16071 = AXIS2_PLACEMENT_2D('',#16072,#16073);
#16072 = CARTESIAN_POINT('',(0.,0.));
#16073 = DIRECTION('',(1.,0.));
#16074 = ( GEOMETRIC_REPRESENTATION_CONTEXT(2) 
PARAMETRIC_REPRESENTATION_CONTEXT() REPRESENTATION_CONTEXT('2D SPACE',''
  ) );
#16075 = ORIENTED_EDGE('',*,*,#16026,.T.);
#16076 = ADVANCED_FACE('',(#16077),#14734,.F.);
#16077 = FACE_BOUND('',#16078,.F.);
#16078 = EDGE_LOOP('',(#16079,#16080,#16103,#16130));
#16079 = ORIENTED_EDGE('',*,*,#14717,.F.);
#16080 = ORIENTED_EDGE('',*,*,#16081,.F.);
#16081 = EDGE_CURVE('',#16082,#14718,#16084,.T.);
#16082 = VERTEX_POINT('',#16083);
#16083 = CARTESIAN_POINT('',(-115.25,311.5,2.6));
#16084 = SEAM_CURVE('',#16085,(#16089,#16096),.PCURVE_S1.);
#16085 = LINE('',#16086,#16087);
#16086 = CARTESIAN_POINT('',(-115.25,311.5,2.6));
#16087 = VECTOR('',#16088,1.);
#16088 = DIRECTION('',(0.,0.,1.));
#16089 = PCURVE('',#14734,#16090);
#16090 = DEFINITIONAL_REPRESENTATION('',(#16091),#16095);
#16091 = LINE('',#16092,#16093);
#16092 = CARTESIAN_POINT('',(6.28318530718,-0.));
#16093 = VECTOR('',#16094,1.);
#16094 = DIRECTION('',(0.,1.));
#16095 = ( GEOMETRIC_REPRESENTATION_CONTEXT(2) 
PARAMETRIC_REPRESENTATION_CONTEXT() REPRESENTATION_CONTEXT('2D SPACE',''
  ) );
#16096 = PCURVE('',#14734,#16097);
#16097 = DEFINITIONAL_REPRESENTATION('',(#16098),#16102);
#16098 = LINE('',#16099,#16100);
#16099 = CARTESIAN_POINT('',(0.,-0.));
#16100 = VECTOR('',#16101,1.);
#16101 = DIRECTION('',(0.,1.));
#16102 = ( GEOMETRIC_REPRESENTATION_CONTEXT(2) 
PARAMETRIC_REPRESENTATION_CONTEXT() REPRESENTATION_CONTEXT('2D SPACE',''
  ) );
#16103 = ORIENTED_EDGE('',*,*,#16104,.T.);
#16104 = EDGE_CURVE('',#16082,#16082,#16105,.T.);
#16105 = SURFACE_CURVE('',#16106,(#16111,#16118),.PCURVE_S1.);
#16106 = CIRCLE('',#16107,1.25);
#16107 = AXIS2_PLACEMENT_3D('',#16108,#16109,#16110);
#16108 = CARTESIAN_POINT('',(-116.5,311.5,2.6));
#16109 = DIRECTION('',(0.,0.,1.));
#16110 = DIRECTION('',(1.,0.,-0.));
#16111 = PCURVE('',#14734,#16112);
#16112 = DEFINITIONAL_REPRESENTATION('',(#16113),#16117);
#16113 = LINE('',#16114,#16115);
#16114 = CARTESIAN_POINT('',(0.,0.));
#16115 = VECTOR('',#16116,1.);
#16116 = DIRECTION('',(1.,0.));
#16117 = ( GEOMETRIC_REPRESENTATION_CONTEXT(2) 
PARAMETRIC_REPRESENTATION_CONTEXT() REPRESENTATION_CONTEXT('2D SPACE',''
  ) );
#16118 = PCURVE('',#16119,#16124);
#16119 = PLANE('',#16120);
#16120 = AXIS2_PLACEMENT_3D('',#16121,#16122,#16123);
#16121 = CARTESIAN_POINT('',(-116.5,311.5,2.6));
#16122 = DIRECTION('',(0.,0.,1.));
#16123 = DIRECTION('',(1.,0.,-0.));
#16124 = DEFINITIONAL_REPRESENTATION('',(#16125),#16129);
#16125 = CIRCLE('',#16126,1.25);
#16126 = AXIS2_PLACEMENT_2D('',#16127,#16128);
#16127 = CARTESIAN_POINT('',(0.,0.));
#16128 = DIRECTION('',(1.,0.));
#16129 = ( GEOMETRIC_REPRESENTATION_CONTEXT(2) 
PARAMETRIC_REPRESENTATION_CONTEXT() REPRESENTATION_CONTEXT('2D SPACE',''
  ) );
#16130 = ORIENTED_EDGE('',*,*,#16081,.T.);
#16131 = ADVANCED_FACE('',(#16132),#14769,.F.);
#16132 = FACE_BOUND('',#16133,.F.);
#16133 = EDGE_LOOP('',(#16134,#16135,#16158,#16185));
#16134 = ORIENTED_EDGE('',*,*,#14752,.F.);
#16135 = ORIENTED_EDGE('',*,*,#16136,.F.);
#16136 = EDGE_CURVE('',#16137,#14753,#16139,.T.);
#16137 = VERTEX_POINT('',#16138);
#16138 = CARTESIAN_POINT('',(-79.75,254.5,2.6));
#16139 = SEAM_CURVE('',#16140,(#16144,#16151),.PCURVE_S1.);
#16140 = LINE('',#16141,#16142);
#16141 = CARTESIAN_POINT('',(-79.75,254.5,2.6));
#16142 = VECTOR('',#16143,1.);
#16143 = DIRECTION('',(0.,0.,1.));
#16144 = PCURVE('',#14769,#16145);
#16145 = DEFINITIONAL_REPRESENTATION('',(#16146),#16150);
#16146 = LINE('',#16147,#16148);
#16147 = CARTESIAN_POINT('',(6.28318530718,-0.));
#16148 = VECTOR('',#16149,1.);
#16149 = DIRECTION('',(0.,1.));
#16150 = ( GEOMETRIC_REPRESENTATION_CONTEXT(2) 
PARAMETRIC_REPRESENTATION_CONTEXT() REPRESENTATION_CONTEXT('2D SPACE',''
  ) );
#16151 = PCURVE('',#14769,#16152);
#16152 = DEFINITIONAL_REPRESENTATION('',(#16153),#16157);
#16153 = LINE('',#16154,#16155);
#16154 = CARTESIAN_POINT('',(0.,-0.));
#16155 = VECTOR('',#16156,1.);
#16156 = DIRECTION('',(0.,1.));
#16157 = ( GEOMETRIC_REPRESENTATION_CONTEXT(2) 
PARAMETRIC_REPRESENTATION_CONTEXT() REPRESENTATION_CONTEXT('2D SPACE',''
  ) );
#16158 = ORIENTED_EDGE('',*,*,#16159,.T.);
#16159 = EDGE_CURVE('',#16137,#16137,#16160,.T.);
#16160 = SURFACE_CURVE('',#16161,(#16166,#16173),.PCURVE_S1.);
#16161 = CIRCLE('',#16162,1.25);
#16162 = AXIS2_PLACEMENT_3D('',#16163,#16164,#16165);
#16163 = CARTESIAN_POINT('',(-81.,254.5,2.6));
#16164 = DIRECTION('',(0.,0.,1.));
#16165 = DIRECTION('',(1.,0.,-0.));
#16166 = PCURVE('',#14769,#16167);
#16167 = DEFINITIONAL_REPRESENTATION('',(#16168),#16172);
#16168 = LINE('',#16169,#16170);
#16169 = CARTESIAN_POINT('',(0.,0.));
#16170 = VECTOR('',#16171,1.);
#16171 = DIRECTION('',(1.,0.));
#16172 = ( GEOMETRIC_REPRESENTATION_CONTEXT(2) 
PARAMETRIC_REPRESENTATION_CONTEXT() REPRESENTATION_CONTEXT('2D SPACE',''
  ) );
#16173 = PCURVE('',#16174,#16179);
#16174 = PLANE('',#16175);
#16175 = AXIS2_PLACEMENT_3D('',#16176,#16177,#16178);
#16176 = CARTESIAN_POINT('',(-81.,254.5,2.6));
#16177 = DIRECTION('',(0.,0.,1.));
#16178 = DIRECTION('',(1.,0.,-0.));
#16179 = DEFINITIONAL_REPRESENTATION('',(#16180),#16184);
#16180 = CIRCLE('',#16181,1.25);
#16181 = AXIS2_PLACEMENT_2D('',#16182,#16183);
#16182 = CARTESIAN_POINT('',(0.,0.));
#16183 = DIRECTION('',(1.,0.));
#16184 = ( GEOMETRIC_REPRESENTATION_CONTEXT(2) 
PARAMETRIC_REPRESENTATION_CONTEXT() REPRESENTATION_CONTEXT('2D SPACE',''
  ) );
#16185 = ORIENTED_EDGE('',*,*,#16136,.T.);
#16186 = ADVANCED_FACE('',(#16187),#14804,.F.);
#16187 = FACE_BOUND('',#16188,.F.);
#16188 = EDGE_LOOP('',(#16189,#16190,#16213,#16240));
#16189 = ORIENTED_EDGE('',*,*,#14787,.F.);
#16190 = ORIENTED_EDGE('',*,*,#16191,.F.);
#16191 = EDGE_CURVE('',#16192,#14788,#16194,.T.);
#16192 = VERTEX_POINT('',#16193);
#16193 = CARTESIAN_POINT('',(-79.75,269.5,2.6));
#16194 = SEAM_CURVE('',#16195,(#16199,#16206),.PCURVE_S1.);
#16195 = LINE('',#16196,#16197);
#16196 = CARTESIAN_POINT('',(-79.75,269.5,2.6));
#16197 = VECTOR('',#16198,1.);
#16198 = DIRECTION('',(0.,0.,1.));
#16199 = PCURVE('',#14804,#16200);
#16200 = DEFINITIONAL_REPRESENTATION('',(#16201),#16205);
#16201 = LINE('',#16202,#16203);
#16202 = CARTESIAN_POINT('',(6.28318530718,-0.));
#16203 = VECTOR('',#16204,1.);
#16204 = DIRECTION('',(0.,1.));
#16205 = ( GEOMETRIC_REPRESENTATION_CONTEXT(2) 
PARAMETRIC_REPRESENTATION_CONTEXT() REPRESENTATION_CONTEXT('2D SPACE',''
  ) );
#16206 = PCURVE('',#14804,#16207);
#16207 = DEFINITIONAL_REPRESENTATION('',(#16208),#16212);
#16208 = LINE('',#16209,#16210);
#16209 = CARTESIAN_POINT('',(0.,-0.));
#16210 = VECTOR('',#16211,1.);
#16211 = DIRECTION('',(0.,1.));
#16212 = ( GEOMETRIC_REPRESENTATION_CONTEXT(2) 
PARAMETRIC_REPRESENTATION_CONTEXT() REPRESENTATION_CONTEXT('2D SPACE',''
  ) );
#16213 = ORIENTED_EDGE('',*,*,#16214,.T.);
#16214 = EDGE_CURVE('',#16192,#16192,#16215,.T.);
#16215 = SURFACE_CURVE('',#16216,(#16221,#16228),.PCURVE_S1.);
#16216 = CIRCLE('',#16217,1.25);
#16217 = AXIS2_PLACEMENT_3D('',#16218,#16219,#16220);
#16218 = CARTESIAN_POINT('',(-81.,269.5,2.6));
#16219 = DIRECTION('',(0.,0.,1.));
#16220 = DIRECTION('',(1.,0.,-0.));
#16221 = PCURVE('',#14804,#16222);
#16222 = DEFINITIONAL_REPRESENTATION('',(#16223),#16227);
#16223 = LINE('',#16224,#16225);
#16224 = CARTESIAN_POINT('',(0.,0.));
#16225 = VECTOR('',#16226,1.);
#16226 = DIRECTION('',(1.,0.));
#16227 = ( GEOMETRIC_REPRESENTATION_CONTEXT(2) 
PARAMETRIC_REPRESENTATION_CONTEXT() REPRESENTATION_CONTEXT('2D SPACE',''
  ) );
#16228 = PCURVE('',#16229,#16234);
#16229 = PLANE('',#16230);
#16230 = AXIS2_PLACEMENT_3D('',#16231,#16232,#16233);
#16231 = CARTESIAN_POINT('',(-81.,269.5,2.6));
#16232 = DIRECTION('',(0.,0.,1.));
#16233 = DIRECTION('',(1.,0.,-0.));
#16234 = DEFINITIONAL_REPRESENTATION('',(#16235),#16239);
#16235 = CIRCLE('',#16236,1.25);
#16236 = AXIS2_PLACEMENT_2D('',#16237,#16238);
#16237 = CARTESIAN_POINT('',(0.,0.));
#16238 = DIRECTION('',(1.,0.));
#16239 = ( GEOMETRIC_REPRESENTATION_CONTEXT(2) 
PARAMETRIC_REPRESENTATION_CONTEXT() REPRESENTATION_CONTEXT('2D SPACE',''
  ) );
#16240 = ORIENTED_EDGE('',*,*,#16191,.T.);
#16241 = ADVANCED_FACE('',(#16242),#14839,.F.);
#16242 = FACE_BOUND('',#16243,.F.);
#16243 = EDGE_LOOP('',(#16244,#16245,#16268,#16295));
#16244 = ORIENTED_EDGE('',*,*,#14822,.F.);
#16245 = ORIENTED_EDGE('',*,*,#16246,.F.);
#16246 = EDGE_CURVE('',#16247,#14823,#16249,.T.);
#16247 = VERTEX_POINT('',#16248);
#16248 = CARTESIAN_POINT('',(-82.25,288.5,2.6));
#16249 = SEAM_CURVE('',#16250,(#16254,#16261),.PCURVE_S1.);
#16250 = LINE('',#16251,#16252);
#16251 = CARTESIAN_POINT('',(-82.25,288.5,2.6));
#16252 = VECTOR('',#16253,1.);
#16253 = DIRECTION('',(0.,0.,1.));
#16254 = PCURVE('',#14839,#16255);
#16255 = DEFINITIONAL_REPRESENTATION('',(#16256),#16260);
#16256 = LINE('',#16257,#16258);
#16257 = CARTESIAN_POINT('',(6.28318530718,-0.));
#16258 = VECTOR('',#16259,1.);
#16259 = DIRECTION('',(0.,1.));
#16260 = ( GEOMETRIC_REPRESENTATION_CONTEXT(2) 
PARAMETRIC_REPRESENTATION_CONTEXT() REPRESENTATION_CONTEXT('2D SPACE',''
  ) );
#16261 = PCURVE('',#14839,#16262);
#16262 = DEFINITIONAL_REPRESENTATION('',(#16263),#16267);
#16263 = LINE('',#16264,#16265);
#16264 = CARTESIAN_POINT('',(0.,-0.));
#16265 = VECTOR('',#16266,1.);
#16266 = DIRECTION('',(0.,1.));
#16267 = ( GEOMETRIC_REPRESENTATION_CONTEXT(2) 
PARAMETRIC_REPRESENTATION_CONTEXT() REPRESENTATION_CONTEXT('2D SPACE',''
  ) );
#16268 = ORIENTED_EDGE('',*,*,#16269,.T.);
#16269 = EDGE_CURVE('',#16247,#16247,#16270,.T.);
#16270 = SURFACE_CURVE('',#16271,(#16276,#16283),.PCURVE_S1.);
#16271 = CIRCLE('',#16272,1.25);
#16272 = AXIS2_PLACEMENT_3D('',#16273,#16274,#16275);
#16273 = CARTESIAN_POINT('',(-83.5,288.5,2.6));
#16274 = DIRECTION('',(0.,0.,1.));
#16275 = DIRECTION('',(1.,0.,-0.));
#16276 = PCURVE('',#14839,#16277);
#16277 = DEFINITIONAL_REPRESENTATION('',(#16278),#16282);
#16278 = LINE('',#16279,#16280);
#16279 = CARTESIAN_POINT('',(0.,0.));
#16280 = VECTOR('',#16281,1.);
#16281 = DIRECTION('',(1.,0.));
#16282 = ( GEOMETRIC_REPRESENTATION_CONTEXT(2) 
PARAMETRIC_REPRESENTATION_CONTEXT() REPRESENTATION_CONTEXT('2D SPACE',''
  ) );
#16283 = PCURVE('',#16284,#16289);
#16284 = PLANE('',#16285);
#16285 = AXIS2_PLACEMENT_3D('',#16286,#16287,#16288);
#16286 = CARTESIAN_POINT('',(-83.5,288.5,2.6));
#16287 = DIRECTION('',(0.,0.,1.));
#16288 = DIRECTION('',(1.,0.,-0.));
#16289 = DEFINITIONAL_REPRESENTATION('',(#16290),#16294);
#16290 = CIRCLE('',#16291,1.25);
#16291 = AXIS2_PLACEMENT_2D('',#16292,#16293);
#16292 = CARTESIAN_POINT('',(0.,0.));
#16293 = DIRECTION('',(1.,0.));
#16294 = ( GEOMETRIC_REPRESENTATION_CONTEXT(2) 
PARAMETRIC_REPRESENTATION_CONTEXT() REPRESENTATION_CONTEXT('2D SPACE',''
  ) );
#16295 = ORIENTED_EDGE('',*,*,#16246,.T.);
#16296 = ADVANCED_FACE('',(#16297),#14874,.F.);
#16297 = FACE_BOUND('',#16298,.F.);
#16298 = EDGE_LOOP('',(#16299,#16300,#16323,#16350));
#16299 = ORIENTED_EDGE('',*,*,#14857,.F.);
#16300 = ORIENTED_EDGE('',*,*,#16301,.F.);
#16301 = EDGE_CURVE('',#16302,#14858,#16304,.T.);
#16302 = VERTEX_POINT('',#16303);
#16303 = CARTESIAN_POINT('',(-82.25,311.5,2.6));
#16304 = SEAM_CURVE('',#16305,(#16309,#16316),.PCURVE_S1.);
#16305 = LINE('',#16306,#16307);
#16306 = CARTESIAN_POINT('',(-82.25,311.5,2.6));
#16307 = VECTOR('',#16308,1.);
#16308 = DIRECTION('',(0.,0.,1.));
#16309 = PCURVE('',#14874,#16310);
#16310 = DEFINITIONAL_REPRESENTATION('',(#16311),#16315);
#16311 = LINE('',#16312,#16313);
#16312 = CARTESIAN_POINT('',(6.28318530718,-0.));
#16313 = VECTOR('',#16314,1.);
#16314 = DIRECTION('',(0.,1.));
#16315 = ( GEOMETRIC_REPRESENTATION_CONTEXT(2) 
PARAMETRIC_REPRESENTATION_CONTEXT() REPRESENTATION_CONTEXT('2D SPACE',''
  ) );
#16316 = PCURVE('',#14874,#16317);
#16317 = DEFINITIONAL_REPRESENTATION('',(#16318),#16322);
#16318 = LINE('',#16319,#16320);
#16319 = CARTESIAN_POINT('',(0.,-0.));
#16320 = VECTOR('',#16321,1.);
#16321 = DIRECTION('',(0.,1.));
#16322 = ( GEOMETRIC_REPRESENTATION_CONTEXT(2) 
PARAMETRIC_REPRESENTATION_CONTEXT() REPRESENTATION_CONTEXT('2D SPACE',''
  ) );
#16323 = ORIENTED_EDGE('',*,*,#16324,.T.);
#16324 = EDGE_CURVE('',#16302,#16302,#16325,.T.);
#16325 = SURFACE_CURVE('',#16326,(#16331,#16338),.PCURVE_S1.);
#16326 = CIRCLE('',#16327,1.25);
#16327 = AXIS2_PLACEMENT_3D('',#16328,#16329,#16330);
#16328 = CARTESIAN_POINT('',(-83.5,311.5,2.6));
#16329 = DIRECTION('',(0.,0.,1.));
#16330 = DIRECTION('',(1.,0.,-0.));
#16331 = PCURVE('',#14874,#16332);
#16332 = DEFINITIONAL_REPRESENTATION('',(#16333),#16337);
#16333 = LINE('',#16334,#16335);
#16334 = CARTESIAN_POINT('',(0.,0.));
#16335 = VECTOR('',#16336,1.);
#16336 = DIRECTION('',(1.,0.));
#16337 = ( GEOMETRIC_REPRESENTATION_CONTEXT(2) 
PARAMETRIC_REPRESENTATION_CONTEXT() REPRESENTATION_CONTEXT('2D SPACE',''
  ) );
#16338 = PCURVE('',#16339,#16344);
#16339 = PLANE('',#16340);
#16340 = AXIS2_PLACEMENT_3D('',#16341,#16342,#16343);
#16341 = CARTESIAN_POINT('',(-83.5,311.5,2.6));
#16342 = DIRECTION('',(0.,0.,1.));
#16343 = DIRECTION('',(1.,0.,-0.));
#16344 = DEFINITIONAL_REPRESENTATION('',(#16345),#16349);
#16345 = CIRCLE('',#16346,1.25);
#16346 = AXIS2_PLACEMENT_2D('',#16347,#16348);
#16347 = CARTESIAN_POINT('',(0.,0.));
#16348 = DIRECTION('',(1.,0.));
#16349 = ( GEOMETRIC_REPRESENTATION_CONTEXT(2) 
PARAMETRIC_REPRESENTATION_CONTEXT() REPRESENTATION_CONTEXT('2D SPACE',''
  ) );
#16350 = ORIENTED_EDGE('',*,*,#16301,.T.);
#16351 = ADVANCED_FACE('',(#16352),#15954,.T.);
#16352 = FACE_BOUND('',#16353,.F.);
#16353 = EDGE_LOOP('',(#16354));
#16354 = ORIENTED_EDGE('',*,*,#15939,.F.);
#16355 = ADVANCED_FACE('',(#16356),#16009,.T.);
#16356 = FACE_BOUND('',#16357,.F.);
#16357 = EDGE_LOOP('',(#16358));
#16358 = ORIENTED_EDGE('',*,*,#15994,.F.);
#16359 = ADVANCED_FACE('',(#16360),#16064,.T.);
#16360 = FACE_BOUND('',#16361,.F.);
#16361 = EDGE_LOOP('',(#16362));
#16362 = ORIENTED_EDGE('',*,*,#16049,.F.);
#16363 = ADVANCED_FACE('',(#16364),#16119,.T.);
#16364 = FACE_BOUND('',#16365,.F.);
#16365 = EDGE_LOOP('',(#16366));
#16366 = ORIENTED_EDGE('',*,*,#16104,.F.);
#16367 = ADVANCED_FACE('',(#16368),#16174,.T.);
#16368 = FACE_BOUND('',#16369,.F.);
#16369 = EDGE_LOOP('',(#16370));
#16370 = ORIENTED_EDGE('',*,*,#16159,.F.);
#16371 = ADVANCED_FACE('',(#16372),#16229,.T.);
#16372 = FACE_BOUND('',#16373,.F.);
#16373 = EDGE_LOOP('',(#16374));
#16374 = ORIENTED_EDGE('',*,*,#16214,.F.);
#16375 = ADVANCED_FACE('',(#16376),#16284,.T.);
#16376 = FACE_BOUND('',#16377,.F.);
#16377 = EDGE_LOOP('',(#16378));
#16378 = ORIENTED_EDGE('',*,*,#16269,.F.);
#16379 = ADVANCED_FACE('',(#16380),#16339,.T.);
#16380 = FACE_BOUND('',#16381,.F.);
#16381 = EDGE_LOOP('',(#16382));
#16382 = ORIENTED_EDGE('',*,*,#16324,.F.);
#16383 = ( GEOMETRIC_REPRESENTATION_CONTEXT(3) 
GLOBAL_UNCERTAINTY_ASSIGNED_CONTEXT((#16387)) 
GLOBAL_UNIT_ASSIGNED_CONTEXT((#16384,#16385,#16386)) 
REPRESENTATION_CONTEXT('Context #1',
  '3D Context with UNIT and UNCERTAINTY') );
#16384 = ( LENGTH_UNIT() NAMED_UNIT(*) SI_UNIT(.MILLI.,.METRE.) );
#16385 = ( NAMED_UNIT(*) PLANE_ANGLE_UNIT() SI_UNIT($,.RADIAN.) );
#16386 = ( NAMED_UNIT(*) SI_UNIT($,.STERADIAN.) SOLID_ANGLE_UNIT() );
#16387 = UNCERTAINTY_MEASURE_WITH_UNIT(LENGTH_MEASURE(2.E-03),#16384,
  'distance_accuracy_value','confusion accuracy');
#16388 = PRODUCT_RELATED_PRODUCT_CATEGORY('part',$,(#7));
ENDSEC;
END-ISO-10303-21;
