ISO-10303-21;
HEADER;
FILE_DESCRIPTION(('Open CASCADE Model'),'2;1');
FILE_NAME('Open CASCADE Shape Model','2026-08-25T10:03:05',('Author'),(
    'Open CASCADE'),'Open CASCADE STEP processor 7.9','build123d',
  'Unknown');
FILE_SCHEMA(('AUTOMOTIVE_DESIGN { 1 0 10303 214 1 1 1 1 }'));
ENDSEC;
DATA;
#1 = APPLICATION_PROTOCOL_DEFINITION('international standard',
  'automotive_design',2000,#2);
#2 = APPLICATION_CONTEXT(
  'core data for automotive mechanical design processes');
#3 = SHAPE_DEFINITION_REPRESENTATION(#4,#10);
#4 = PRODUCT_DEFINITION_SHAPE('','',#5);
#5 = PRODUCT_DEFINITION('design','',#6,#9);
#6 = PRODUCT_DEFINITION_FORMATION('','',#7);
#7 = PRODUCT('SOLID','SOLID','',(#8));
#8 = PRODUCT_CONTEXT('',#2,'mechanical');
#9 = PRODUCT_DEFINITION_CONTEXT('part definition',#2,'design');
#10 = ADVANCED_BREP_SHAPE_REPRESENTATION('',(#11,#15),#5110);
#11 = AXIS2_PLACEMENT_3D('',#12,#13,#14);
#12 = CARTESIAN_POINT('',(0.,0.,0.));
#13 = DIRECTION('',(0.,0.,1.));
#14 = DIRECTION('',(1.,0.,-0.));
#15 = MANIFOLD_SOLID_BREP('',#16);
#16 = CLOSED_SHELL('',(#17,#137,#224,#303,#1239,#1289,#1343,#1396,#1942,
    #1968,#2017,#2067,#2117,#2144,#2194,#2244,#2434,#2481,#2507,#2670,
    #2716,#2742,#2855,#2902,#2973,#3086,#3133,#3182,#3232,#3282,#3308,
    #3334,#3360,#3386,#3393,#3420,#3447,#3474,#3549,#3602,#3655,#3709,
    #3763,#3816,#3869,#3902,#3929,#3956,#4287,#4294,#4371,#4418,#4465,
    #4515,#4565,#4612,#4659,#4687,#4755,#4808,#4856,#4909,#4956,#5009,
    #5057,#5089));
#17 = ADVANCED_FACE('',(#18),#32,.T.);
#18 = FACE_BOUND('',#19,.T.);
#19 = EDGE_LOOP('',(#20,#55,#83,#111));
#20 = ORIENTED_EDGE('',*,*,#21,.T.);
#21 = EDGE_CURVE('',#22,#24,#26,.T.);
#22 = VERTEX_POINT('',#23);
#23 = CARTESIAN_POINT('',(-158.,-89.,0.));
#24 = VERTEX_POINT('',#25);
#25 = CARTESIAN_POINT('',(-158.,-89.,1.7));
#26 = SURFACE_CURVE('',#27,(#31,#43),.PCURVE_S1.);
#27 = LINE('',#28,#29);
#28 = CARTESIAN_POINT('',(-158.,-89.,0.));
#29 = VECTOR('',#30,1.);
#30 = DIRECTION('',(0.,0.,1.));
#31 = PCURVE('',#32,#37);
#32 = PLANE('',#33);
#33 = AXIS2_PLACEMENT_3D('',#34,#35,#36);
#34 = CARTESIAN_POINT('',(-158.,-89.,0.));
#35 = DIRECTION('',(-1.,0.,0.));
#36 = DIRECTION('',(0.,1.,0.));
#37 = DEFINITIONAL_REPRESENTATION('',(#38),#42);
#38 = LINE('',#39,#40);
#39 = CARTESIAN_POINT('',(0.,0.));
#40 = VECTOR('',#41,1.);
#41 = DIRECTION('',(0.,-1.));
#42 = ( GEOMETRIC_REPRESENTATION_CONTEXT(2) 
PARAMETRIC_REPRESENTATION_CONTEXT() REPRESENTATION_CONTEXT('2D SPACE',''
  ) );
#43 = PCURVE('',#44,#49);
#44 = CYLINDRICAL_SURFACE('',#45,16.);
#45 = AXIS2_PLACEMENT_3D('',#46,#47,#48);
#46 = CARTESIAN_POINT('',(-142.,-89.,0.));
#47 = DIRECTION('',(0.,0.,-1.));
#48 = DIRECTION('',(-1.,0.,0.));
#49 = DEFINITIONAL_REPRESENTATION('',(#50),#54);
#50 = LINE('',#51,#52);
#51 = CARTESIAN_POINT('',(6.28318530718,0.));
#52 = VECTOR('',#53,1.);
#53 = DIRECTION('',(0.,-1.));
#54 = ( GEOMETRIC_REPRESENTATION_CONTEXT(2) 
PARAMETRIC_REPRESENTATION_CONTEXT() REPRESENTATION_CONTEXT('2D SPACE',''
  ) );
#55 = ORIENTED_EDGE('',*,*,#56,.T.);
#56 = EDGE_CURVE('',#24,#57,#59,.T.);
#57 = VERTEX_POINT('',#58);
#58 = CARTESIAN_POINT('',(-158.,88.999999982786,1.7));
#59 = SURFACE_CURVE('',#60,(#64,#71),.PCURVE_S1.);
#60 = LINE('',#61,#62);
#61 = CARTESIAN_POINT('',(-158.,-89.,1.7));
#62 = VECTOR('',#63,1.);
#63 = DIRECTION('',(0.,1.,0.));
#64 = PCURVE('',#32,#65);
#65 = DEFINITIONAL_REPRESENTATION('',(#66),#70);
#66 = LINE('',#67,#68);
#67 = CARTESIAN_POINT('',(0.,-1.7));
#68 = VECTOR('',#69,1.);
#69 = DIRECTION('',(1.,0.));
#70 = ( GEOMETRIC_REPRESENTATION_CONTEXT(2) 
PARAMETRIC_REPRESENTATION_CONTEXT() REPRESENTATION_CONTEXT('2D SPACE',''
  ) );
#71 = PCURVE('',#72,#77);
#72 = CYLINDRICAL_SURFACE('',#73,0.8);
#73 = AXIS2_PLACEMENT_3D('',#74,#75,#76);
#74 = CARTESIAN_POINT('',(-157.2,-89.,1.7));
#75 = DIRECTION('',(0.,1.,0.));
#76 = DIRECTION('',(-1.,0.,0.));
#77 = DEFINITIONAL_REPRESENTATION('',(#78),#82);
#78 = LINE('',#79,#80);
#79 = CARTESIAN_POINT('',(0.,0.));
#80 = VECTOR('',#81,1.);
#81 = DIRECTION('',(0.,1.));
#82 = ( GEOMETRIC_REPRESENTATION_CONTEXT(2) 
PARAMETRIC_REPRESENTATION_CONTEXT() REPRESENTATION_CONTEXT('2D SPACE',''
  ) );
#83 = ORIENTED_EDGE('',*,*,#84,.F.);
#84 = EDGE_CURVE('',#85,#57,#87,.T.);
#85 = VERTEX_POINT('',#86);
#86 = CARTESIAN_POINT('',(-158.,88.999999982786,0.));
#87 = SURFACE_CURVE('',#88,(#92,#99),.PCURVE_S1.);
#88 = LINE('',#89,#90);
#89 = CARTESIAN_POINT('',(-158.,88.999999982786,0.));
#90 = VECTOR('',#91,1.);
#91 = DIRECTION('',(0.,0.,1.));
#92 = PCURVE('',#32,#93);
#93 = DEFINITIONAL_REPRESENTATION('',(#94),#98);
#94 = LINE('',#95,#96);
#95 = CARTESIAN_POINT('',(177.99999998278,0.));
#96 = VECTOR('',#97,1.);
#97 = DIRECTION('',(0.,-1.));
#98 = ( GEOMETRIC_REPRESENTATION_CONTEXT(2) 
PARAMETRIC_REPRESENTATION_CONTEXT() REPRESENTATION_CONTEXT('2D SPACE',''
  ) );
#99 = PCURVE('',#100,#105);
#100 = CYLINDRICAL_SURFACE('',#101,16.);
#101 = AXIS2_PLACEMENT_3D('',#102,#103,#104);
#102 = CARTESIAN_POINT('',(-142.,88.999999982786,0.));
#103 = DIRECTION('',(0.,0.,-1.));
#104 = DIRECTION('',(-1.,0.,0.));
#105 = DEFINITIONAL_REPRESENTATION('',(#106),#110);
#106 = LINE('',#107,#108);
#107 = CARTESIAN_POINT('',(0.,0.));
#108 = VECTOR('',#109,1.);
#109 = DIRECTION('',(0.,-1.));
#110 = ( GEOMETRIC_REPRESENTATION_CONTEXT(2) 
PARAMETRIC_REPRESENTATION_CONTEXT() REPRESENTATION_CONTEXT('2D SPACE',''
  ) );
#111 = ORIENTED_EDGE('',*,*,#112,.F.);
#112 = EDGE_CURVE('',#22,#85,#113,.T.);
#113 = SURFACE_CURVE('',#114,(#118,#125),.PCURVE_S1.);
#114 = LINE('',#115,#116);
#115 = CARTESIAN_POINT('',(-158.,1.428190898878E-12,0.));
#116 = VECTOR('',#117,1.);
#117 = DIRECTION('',(0.,1.,0.));
#118 = PCURVE('',#32,#119);
#119 = DEFINITIONAL_REPRESENTATION('',(#120),#124);
#120 = LINE('',#121,#122);
#121 = CARTESIAN_POINT('',(89.000000000003,0.));
#122 = VECTOR('',#123,1.);
#123 = DIRECTION('',(1.,0.));
#124 = ( GEOMETRIC_REPRESENTATION_CONTEXT(2) 
PARAMETRIC_REPRESENTATION_CONTEXT() REPRESENTATION_CONTEXT('2D SPACE',''
  ) );
#125 = PCURVE('',#126,#131);
#126 = PLANE('',#127);
#127 = AXIS2_PLACEMENT_3D('',#128,#129,#130);
#128 = CARTESIAN_POINT('',(4.332465411246E-15,-3.829512524041E-09,0.));
#129 = DIRECTION('',(0.,0.,1.));
#130 = DIRECTION('',(1.,0.,0.));
#131 = DEFINITIONAL_REPRESENTATION('',(#132),#136);
#132 = LINE('',#133,#134);
#133 = CARTESIAN_POINT('',(-158.,3.83094071494E-09));
#134 = VECTOR('',#135,1.);
#135 = DIRECTION('',(0.,1.));
#136 = ( GEOMETRIC_REPRESENTATION_CONTEXT(2) 
PARAMETRIC_REPRESENTATION_CONTEXT() REPRESENTATION_CONTEXT('2D SPACE',''
  ) );
#137 = ADVANCED_FACE('',(#138),#44,.T.);
#138 = FACE_BOUND('',#139,.T.);
#139 = EDGE_LOOP('',(#140,#170,#197,#198));
#140 = ORIENTED_EDGE('',*,*,#141,.T.);
#141 = EDGE_CURVE('',#142,#144,#146,.T.);
#142 = VERTEX_POINT('',#143);
#143 = CARTESIAN_POINT('',(-142.,-105.,0.));
#144 = VERTEX_POINT('',#145);
#145 = CARTESIAN_POINT('',(-142.,-104.9999999999,1.7));
#146 = SURFACE_CURVE('',#147,(#151,#158),.PCURVE_S1.);
#147 = LINE('',#148,#149);
#148 = CARTESIAN_POINT('',(-142.,-105.,0.));
#149 = VECTOR('',#150,1.);
#150 = DIRECTION('',(0.,0.,1.));
#151 = PCURVE('',#44,#152);
#152 = DEFINITIONAL_REPRESENTATION('',(#153),#157);
#153 = LINE('',#154,#155);
#154 = CARTESIAN_POINT('',(4.712388980385,0.));
#155 = VECTOR('',#156,1.);
#156 = DIRECTION('',(0.,-1.));
#157 = ( GEOMETRIC_REPRESENTATION_CONTEXT(2) 
PARAMETRIC_REPRESENTATION_CONTEXT() REPRESENTATION_CONTEXT('2D SPACE',''
  ) );
#158 = PCURVE('',#159,#164);
#159 = PLANE('',#160);
#160 = AXIS2_PLACEMENT_3D('',#161,#162,#163);
#161 = CARTESIAN_POINT('',(-142.,-104.9999999999,0.));
#162 = DIRECTION('',(0.,1.,0.));
#163 = DIRECTION('',(1.,0.,0.));
#164 = DEFINITIONAL_REPRESENTATION('',(#165),#169);
#165 = LINE('',#166,#167);
#166 = CARTESIAN_POINT('',(0.,0.));
#167 = VECTOR('',#168,1.);
#168 = DIRECTION('',(0.,-1.));
#169 = ( GEOMETRIC_REPRESENTATION_CONTEXT(2) 
PARAMETRIC_REPRESENTATION_CONTEXT() REPRESENTATION_CONTEXT('2D SPACE',''
  ) );
#170 = ORIENTED_EDGE('',*,*,#171,.T.);
#171 = EDGE_CURVE('',#144,#24,#172,.T.);
#172 = SURFACE_CURVE('',#173,(#178,#185),.PCURVE_S1.);
#173 = CIRCLE('',#174,16.);
#174 = AXIS2_PLACEMENT_3D('',#175,#176,#177);
#175 = CARTESIAN_POINT('',(-142.,-89.,1.7));
#176 = DIRECTION('',(-0.,-0.,-1.));
#177 = DIRECTION('',(0.,-1.,0.));
#178 = PCURVE('',#44,#179);
#179 = DEFINITIONAL_REPRESENTATION('',(#180),#184);
#180 = LINE('',#181,#182);
#181 = CARTESIAN_POINT('',(4.712388980385,-1.7));
#182 = VECTOR('',#183,1.);
#183 = DIRECTION('',(1.,0.));
#184 = ( GEOMETRIC_REPRESENTATION_CONTEXT(2) 
PARAMETRIC_REPRESENTATION_CONTEXT() REPRESENTATION_CONTEXT('2D SPACE',''
  ) );
#185 = PCURVE('',#186,#191);
#186 = TOROIDAL_SURFACE('',#187,15.2,0.8);
#187 = AXIS2_PLACEMENT_3D('',#188,#189,#190);
#188 = CARTESIAN_POINT('',(-142.,-89.,1.7));
#189 = DIRECTION('',(0.,0.,1.));
#190 = DIRECTION('',(0.,-1.,0.));
#191 = DEFINITIONAL_REPRESENTATION('',(#192),#196);
#192 = LINE('',#193,#194);
#193 = CARTESIAN_POINT('',(-0.,0.));
#194 = VECTOR('',#195,1.);
#195 = DIRECTION('',(-1.,0.));
#196 = ( GEOMETRIC_REPRESENTATION_CONTEXT(2) 
PARAMETRIC_REPRESENTATION_CONTEXT() REPRESENTATION_CONTEXT('2D SPACE',''
  ) );
#197 = ORIENTED_EDGE('',*,*,#21,.F.);
#198 = ORIENTED_EDGE('',*,*,#199,.F.);
#199 = EDGE_CURVE('',#142,#22,#200,.T.);
#200 = SURFACE_CURVE('',#201,(#206,#213),.PCURVE_S1.);
#201 = CIRCLE('',#202,16.);
#202 = AXIS2_PLACEMENT_3D('',#203,#204,#205);
#203 = CARTESIAN_POINT('',(-142.,-89.,0.));
#204 = DIRECTION('',(0.,0.,-1.));
#205 = DIRECTION('',(-1.,0.,0.));
#206 = PCURVE('',#44,#207);
#207 = DEFINITIONAL_REPRESENTATION('',(#208),#212);
#208 = LINE('',#209,#210);
#209 = CARTESIAN_POINT('',(0.,0.));
#210 = VECTOR('',#211,1.);
#211 = DIRECTION('',(1.,0.));
#212 = ( GEOMETRIC_REPRESENTATION_CONTEXT(2) 
PARAMETRIC_REPRESENTATION_CONTEXT() REPRESENTATION_CONTEXT('2D SPACE',''
  ) );
#213 = PCURVE('',#126,#214);
#214 = DEFINITIONAL_REPRESENTATION('',(#215),#223);
#215 = ( BOUNDED_CURVE() B_SPLINE_CURVE(2,(#216,#217,#218,#219,#220,#221
,#222),.UNSPECIFIED.,.T.,.F.) B_SPLINE_CURVE_WITH_KNOTS((1,2,2,2,2,1),(
    -2.094395102393,0.,2.094395102393,4.188790204786,6.28318530718,
8.377580409573),.UNSPECIFIED.) CURVE() GEOMETRIC_REPRESENTATION_ITEM() 
RATIONAL_B_SPLINE_CURVE((1.,0.5,1.,0.5,1.,0.5,1.)) REPRESENTATION_ITEM(
  '') );
#216 = CARTESIAN_POINT('',(-158.,-88.99999999617));
#217 = CARTESIAN_POINT('',(-158.,-61.28718707507));
#218 = CARTESIAN_POINT('',(-134.,-75.14359353562));
#219 = CARTESIAN_POINT('',(-110.,-88.99999999617));
#220 = CARTESIAN_POINT('',(-134.,-102.8564064567));
#221 = CARTESIAN_POINT('',(-158.,-116.7128129172));
#222 = CARTESIAN_POINT('',(-158.,-88.99999999617));
#223 = ( GEOMETRIC_REPRESENTATION_CONTEXT(2) 
PARAMETRIC_REPRESENTATION_CONTEXT() REPRESENTATION_CONTEXT('2D SPACE',''
  ) );
#224 = ADVANCED_FACE('',(#225),#72,.T.);
#225 = FACE_BOUND('',#226,.T.);
#226 = EDGE_LOOP('',(#227,#249,#277,#302));
#227 = ORIENTED_EDGE('',*,*,#228,.T.);
#228 = EDGE_CURVE('',#24,#229,#231,.T.);
#229 = VERTEX_POINT('',#230);
#230 = CARTESIAN_POINT('',(-157.2,-89.,2.5));
#231 = SURFACE_CURVE('',#232,(#237,#243),.PCURVE_S1.);
#232 = CIRCLE('',#233,0.8);
#233 = AXIS2_PLACEMENT_3D('',#234,#235,#236);
#234 = CARTESIAN_POINT('',(-157.2,-89.,1.7));
#235 = DIRECTION('',(0.,1.,0.));
#236 = DIRECTION('',(-1.,0.,0.));
#237 = PCURVE('',#72,#238);
#238 = DEFINITIONAL_REPRESENTATION('',(#239),#242);
#239 = B_SPLINE_CURVE_WITH_KNOTS('',1,(#240,#241),.UNSPECIFIED.,.F.,.F.,
  (2,2),(0.,1.570796326795),.PIECEWISE_BEZIER_KNOTS.);
#240 = CARTESIAN_POINT('',(0.,0.));
#241 = CARTESIAN_POINT('',(1.570796326795,0.));
#242 = ( GEOMETRIC_REPRESENTATION_CONTEXT(2) 
PARAMETRIC_REPRESENTATION_CONTEXT() REPRESENTATION_CONTEXT('2D SPACE',''
  ) );
#243 = PCURVE('',#186,#244);
#244 = DEFINITIONAL_REPRESENTATION('',(#245),#248);
#245 = B_SPLINE_CURVE_WITH_KNOTS('',1,(#246,#247),.UNSPECIFIED.,.F.,.F.,
  (2,2),(0.,1.570796326795),.PIECEWISE_BEZIER_KNOTS.);
#246 = CARTESIAN_POINT('',(-1.570796326795,0.));
#247 = CARTESIAN_POINT('',(-1.570796326795,1.570796326795));
#248 = ( GEOMETRIC_REPRESENTATION_CONTEXT(2) 
PARAMETRIC_REPRESENTATION_CONTEXT() REPRESENTATION_CONTEXT('2D SPACE',''
  ) );
#249 = ORIENTED_EDGE('',*,*,#250,.T.);
#250 = EDGE_CURVE('',#229,#251,#253,.T.);
#251 = VERTEX_POINT('',#252);
#252 = CARTESIAN_POINT('',(-157.2,88.999999982786,2.5));
#253 = SURFACE_CURVE('',#254,(#258,#265),.PCURVE_S1.);
#254 = LINE('',#255,#256);
#255 = CARTESIAN_POINT('',(-157.2,-89.,2.5));
#256 = VECTOR('',#257,1.);
#257 = DIRECTION('',(0.,1.,0.));
#258 = PCURVE('',#72,#259);
#259 = DEFINITIONAL_REPRESENTATION('',(#260),#264);
#260 = LINE('',#261,#262);
#261 = CARTESIAN_POINT('',(1.570796326795,0.));
#262 = VECTOR('',#263,1.);
#263 = DIRECTION('',(0.,1.));
#264 = ( GEOMETRIC_REPRESENTATION_CONTEXT(2) 
PARAMETRIC_REPRESENTATION_CONTEXT() REPRESENTATION_CONTEXT('2D SPACE',''
  ) );
#265 = PCURVE('',#266,#271);
#266 = PLANE('',#267);
#267 = AXIS2_PLACEMENT_3D('',#268,#269,#270);
#268 = CARTESIAN_POINT('',(4.332465411246E-15,-3.829512524041E-09,2.5));
#269 = DIRECTION('',(0.,0.,1.));
#270 = DIRECTION('',(1.,0.,0.));
#271 = DEFINITIONAL_REPRESENTATION('',(#272),#276);
#272 = LINE('',#273,#274);
#273 = CARTESIAN_POINT('',(-157.2,-88.99999999617));
#274 = VECTOR('',#275,1.);
#275 = DIRECTION('',(0.,1.));
#276 = ( GEOMETRIC_REPRESENTATION_CONTEXT(2) 
PARAMETRIC_REPRESENTATION_CONTEXT() REPRESENTATION_CONTEXT('2D SPACE',''
  ) );
#277 = ORIENTED_EDGE('',*,*,#278,.F.);
#278 = EDGE_CURVE('',#57,#251,#279,.T.);
#279 = SURFACE_CURVE('',#280,(#285,#291),.PCURVE_S1.);
#280 = CIRCLE('',#281,0.8);
#281 = AXIS2_PLACEMENT_3D('',#282,#283,#284);
#282 = CARTESIAN_POINT('',(-157.2,88.999999982786,1.7));
#283 = DIRECTION('',(0.,1.,0.));
#284 = DIRECTION('',(-1.,0.,0.));
#285 = PCURVE('',#72,#286);
#286 = DEFINITIONAL_REPRESENTATION('',(#287),#290);
#287 = B_SPLINE_CURVE_WITH_KNOTS('',1,(#288,#289),.UNSPECIFIED.,.F.,.F.,
  (2,2),(0.,1.570796326795),.PIECEWISE_BEZIER_KNOTS.);
#288 = CARTESIAN_POINT('',(0.,177.99999998278));
#289 = CARTESIAN_POINT('',(1.570796326795,177.99999998278));
#290 = ( GEOMETRIC_REPRESENTATION_CONTEXT(2) 
PARAMETRIC_REPRESENTATION_CONTEXT() REPRESENTATION_CONTEXT('2D SPACE',''
  ) );
#291 = PCURVE('',#292,#297);
#292 = TOROIDAL_SURFACE('',#293,15.2,0.8);
#293 = AXIS2_PLACEMENT_3D('',#294,#295,#296);
#294 = CARTESIAN_POINT('',(-142.,88.999999982786,1.7));
#295 = DIRECTION('',(0.,0.,1.));
#296 = DIRECTION('',(-1.,0.,0.));
#297 = DEFINITIONAL_REPRESENTATION('',(#298),#301);
#298 = B_SPLINE_CURVE_WITH_KNOTS('',1,(#299,#300),.UNSPECIFIED.,.F.,.F.,
  (2,2),(0.,1.570796326795),.PIECEWISE_BEZIER_KNOTS.);
#299 = CARTESIAN_POINT('',(0.,0.));
#300 = CARTESIAN_POINT('',(0.,1.570796326795));
#301 = ( GEOMETRIC_REPRESENTATION_CONTEXT(2) 
PARAMETRIC_REPRESENTATION_CONTEXT() REPRESENTATION_CONTEXT('2D SPACE',''
  ) );
#302 = ORIENTED_EDGE('',*,*,#56,.F.);
#303 = ADVANCED_FACE('',(#304,#479,#510,#541,#1177,#1208),#126,.F.);
#304 = FACE_BOUND('',#305,.F.);
#305 = EDGE_LOOP('',(#306,#307,#308,#331,#364,#392,#425,#453));
#306 = ORIENTED_EDGE('',*,*,#112,.F.);
#307 = ORIENTED_EDGE('',*,*,#199,.F.);
#308 = ORIENTED_EDGE('',*,*,#309,.T.);
#309 = EDGE_CURVE('',#142,#310,#312,.T.);
#310 = VERTEX_POINT('',#311);
#311 = CARTESIAN_POINT('',(142.,-105.,0.));
#312 = SURFACE_CURVE('',#313,(#317,#324),.PCURVE_S1.);
#313 = LINE('',#314,#315);
#314 = CARTESIAN_POINT('',(0.,-104.9999999999,0.));
#315 = VECTOR('',#316,1.);
#316 = DIRECTION('',(1.,0.,0.));
#317 = PCURVE('',#126,#318);
#318 = DEFINITIONAL_REPRESENTATION('',(#319),#323);
#319 = LINE('',#320,#321);
#320 = CARTESIAN_POINT('',(-4.332465411246E-15,-104.9999999961));
#321 = VECTOR('',#322,1.);
#322 = DIRECTION('',(1.,0.));
#323 = ( GEOMETRIC_REPRESENTATION_CONTEXT(2) 
PARAMETRIC_REPRESENTATION_CONTEXT() REPRESENTATION_CONTEXT('2D SPACE',''
  ) );
#324 = PCURVE('',#159,#325);
#325 = DEFINITIONAL_REPRESENTATION('',(#326),#330);
#326 = LINE('',#327,#328);
#327 = CARTESIAN_POINT('',(142.,0.));
#328 = VECTOR('',#329,1.);
#329 = DIRECTION('',(1.,0.));
#330 = ( GEOMETRIC_REPRESENTATION_CONTEXT(2) 
PARAMETRIC_REPRESENTATION_CONTEXT() REPRESENTATION_CONTEXT('2D SPACE',''
  ) );
#331 = ORIENTED_EDGE('',*,*,#332,.F.);
#332 = EDGE_CURVE('',#333,#310,#335,.T.);
#333 = VERTEX_POINT('',#334);
#334 = CARTESIAN_POINT('',(158.,-89.,0.));
#335 = SURFACE_CURVE('',#336,(#341,#352),.PCURVE_S1.);
#336 = CIRCLE('',#337,16.);
#337 = AXIS2_PLACEMENT_3D('',#338,#339,#340);
#338 = CARTESIAN_POINT('',(142.,-89.,0.));
#339 = DIRECTION('',(0.,0.,-1.));
#340 = DIRECTION('',(-1.,0.,0.));
#341 = PCURVE('',#126,#342);
#342 = DEFINITIONAL_REPRESENTATION('',(#343),#351);
#343 = ( BOUNDED_CURVE() B_SPLINE_CURVE(2,(#344,#345,#346,#347,#348,#349
,#350),.UNSPECIFIED.,.T.,.F.) B_SPLINE_CURVE_WITH_KNOTS((1,2,2,2,2,1),(
    -2.094395102393,0.,2.094395102393,4.188790204786,6.28318530718,
8.377580409573),.UNSPECIFIED.) CURVE() GEOMETRIC_REPRESENTATION_ITEM() 
RATIONAL_B_SPLINE_CURVE((1.,0.5,1.,0.5,1.,0.5,1.)) REPRESENTATION_ITEM(
  '') );
#344 = CARTESIAN_POINT('',(126.,-88.99999999617));
#345 = CARTESIAN_POINT('',(126.,-61.28718707507));
#346 = CARTESIAN_POINT('',(150.,-75.14359353562));
#347 = CARTESIAN_POINT('',(174.,-88.99999999617));
#348 = CARTESIAN_POINT('',(150.,-102.8564064567));
#349 = CARTESIAN_POINT('',(126.,-116.7128129172));
#350 = CARTESIAN_POINT('',(126.,-88.99999999617));
#351 = ( GEOMETRIC_REPRESENTATION_CONTEXT(2) 
PARAMETRIC_REPRESENTATION_CONTEXT() REPRESENTATION_CONTEXT('2D SPACE',''
  ) );
#352 = PCURVE('',#353,#358);
#353 = CYLINDRICAL_SURFACE('',#354,16.);
#354 = AXIS2_PLACEMENT_3D('',#355,#356,#357);
#355 = CARTESIAN_POINT('',(142.,-89.,0.));
#356 = DIRECTION('',(0.,0.,-1.));
#357 = DIRECTION('',(-1.,0.,0.));
#358 = DEFINITIONAL_REPRESENTATION('',(#359),#363);
#359 = LINE('',#360,#361);
#360 = CARTESIAN_POINT('',(0.,0.));
#361 = VECTOR('',#362,1.);
#362 = DIRECTION('',(1.,0.));
#363 = ( GEOMETRIC_REPRESENTATION_CONTEXT(2) 
PARAMETRIC_REPRESENTATION_CONTEXT() REPRESENTATION_CONTEXT('2D SPACE',''
  ) );
#364 = ORIENTED_EDGE('',*,*,#365,.T.);
#365 = EDGE_CURVE('',#333,#366,#368,.T.);
#366 = VERTEX_POINT('',#367);
#367 = CARTESIAN_POINT('',(158.,88.999999982786,0.));
#368 = SURFACE_CURVE('',#369,(#373,#380),.PCURVE_S1.);
#369 = LINE('',#370,#371);
#370 = CARTESIAN_POINT('',(158.,1.428190898878E-12,0.));
#371 = VECTOR('',#372,1.);
#372 = DIRECTION('',(0.,1.,0.));
#373 = PCURVE('',#126,#374);
#374 = DEFINITIONAL_REPRESENTATION('',(#375),#379);
#375 = LINE('',#376,#377);
#376 = CARTESIAN_POINT('',(158.,3.83094071494E-09));
#377 = VECTOR('',#378,1.);
#378 = DIRECTION('',(0.,1.));
#379 = ( GEOMETRIC_REPRESENTATION_CONTEXT(2) 
PARAMETRIC_REPRESENTATION_CONTEXT() REPRESENTATION_CONTEXT('2D SPACE',''
  ) );
#380 = PCURVE('',#381,#386);
#381 = PLANE('',#382);
#382 = AXIS2_PLACEMENT_3D('',#383,#384,#385);
#383 = CARTESIAN_POINT('',(158.,-89.,0.));
#384 = DIRECTION('',(-1.,0.,0.));
#385 = DIRECTION('',(0.,1.,0.));
#386 = DEFINITIONAL_REPRESENTATION('',(#387),#391);
#387 = LINE('',#388,#389);
#388 = CARTESIAN_POINT('',(89.000000000003,0.));
#389 = VECTOR('',#390,1.);
#390 = DIRECTION('',(1.,0.));
#391 = ( GEOMETRIC_REPRESENTATION_CONTEXT(2) 
PARAMETRIC_REPRESENTATION_CONTEXT() REPRESENTATION_CONTEXT('2D SPACE',''
  ) );
#392 = ORIENTED_EDGE('',*,*,#393,.F.);
#393 = EDGE_CURVE('',#394,#366,#396,.T.);
#394 = VERTEX_POINT('',#395);
#395 = CARTESIAN_POINT('',(142.,104.99999999139,0.));
#396 = SURFACE_CURVE('',#397,(#402,#413),.PCURVE_S1.);
#397 = CIRCLE('',#398,16.);
#398 = AXIS2_PLACEMENT_3D('',#399,#400,#401);
#399 = CARTESIAN_POINT('',(142.,88.999999982786,0.));
#400 = DIRECTION('',(0.,0.,-1.));
#401 = DIRECTION('',(-1.,0.,0.));
#402 = PCURVE('',#126,#403);
#403 = DEFINITIONAL_REPRESENTATION('',(#404),#412);
#404 = ( BOUNDED_CURVE() B_SPLINE_CURVE(2,(#405,#406,#407,#408,#409,#410
,#411),.UNSPECIFIED.,.T.,.F.) B_SPLINE_CURVE_WITH_KNOTS((1,2,2,2,2,1),(
    -2.094395102393,0.,2.094395102393,4.188790204786,6.28318530718,
8.377580409573),.UNSPECIFIED.) CURVE() GEOMETRIC_REPRESENTATION_ITEM() 
RATIONAL_B_SPLINE_CURVE((1.,0.5,1.,0.5,1.,0.5,1.)) REPRESENTATION_ITEM(
  '') );
#405 = CARTESIAN_POINT('',(126.,88.999999986615));
#406 = CARTESIAN_POINT('',(126.,116.71281290771));
#407 = CARTESIAN_POINT('',(150.,102.85640644716));
#408 = CARTESIAN_POINT('',(174.,88.999999986615));
#409 = CARTESIAN_POINT('',(150.,75.143593526064));
#410 = CARTESIAN_POINT('',(126.,61.287187065513));
#411 = CARTESIAN_POINT('',(126.,88.999999986615));
#412 = ( GEOMETRIC_REPRESENTATION_CONTEXT(2) 
PARAMETRIC_REPRESENTATION_CONTEXT() REPRESENTATION_CONTEXT('2D SPACE',''
  ) );
#413 = PCURVE('',#414,#419);
#414 = CYLINDRICAL_SURFACE('',#415,16.);
#415 = AXIS2_PLACEMENT_3D('',#416,#417,#418);
#416 = CARTESIAN_POINT('',(142.,88.999999982786,0.));
#417 = DIRECTION('',(0.,0.,-1.));
#418 = DIRECTION('',(-1.,0.,0.));
#419 = DEFINITIONAL_REPRESENTATION('',(#420),#424);
#420 = LINE('',#421,#422);
#421 = CARTESIAN_POINT('',(0.,0.));
#422 = VECTOR('',#423,1.);
#423 = DIRECTION('',(1.,0.));
#424 = ( GEOMETRIC_REPRESENTATION_CONTEXT(2) 
PARAMETRIC_REPRESENTATION_CONTEXT() REPRESENTATION_CONTEXT('2D SPACE',''
  ) );
#425 = ORIENTED_EDGE('',*,*,#426,.F.);
#426 = EDGE_CURVE('',#427,#394,#429,.T.);
#427 = VERTEX_POINT('',#428);
#428 = CARTESIAN_POINT('',(-142.,104.99999999139,0.));
#429 = SURFACE_CURVE('',#430,(#434,#441),.PCURVE_S1.);
#430 = LINE('',#431,#432);
#431 = CARTESIAN_POINT('',(0.,105.,0.));
#432 = VECTOR('',#433,1.);
#433 = DIRECTION('',(1.,0.,0.));
#434 = PCURVE('',#126,#435);
#435 = DEFINITIONAL_REPRESENTATION('',(#436),#440);
#436 = LINE('',#437,#438);
#437 = CARTESIAN_POINT('',(-4.332465411246E-15,105.00000000383));
#438 = VECTOR('',#439,1.);
#439 = DIRECTION('',(1.,0.));
#440 = ( GEOMETRIC_REPRESENTATION_CONTEXT(2) 
PARAMETRIC_REPRESENTATION_CONTEXT() REPRESENTATION_CONTEXT('2D SPACE',''
  ) );
#441 = PCURVE('',#442,#447);
#442 = PLANE('',#443);
#443 = AXIS2_PLACEMENT_3D('',#444,#445,#446);
#444 = CARTESIAN_POINT('',(-142.,105.,0.));
#445 = DIRECTION('',(0.,1.,0.));
#446 = DIRECTION('',(1.,0.,0.));
#447 = DEFINITIONAL_REPRESENTATION('',(#448),#452);
#448 = LINE('',#449,#450);
#449 = CARTESIAN_POINT('',(142.,0.));
#450 = VECTOR('',#451,1.);
#451 = DIRECTION('',(1.,0.));
#452 = ( GEOMETRIC_REPRESENTATION_CONTEXT(2) 
PARAMETRIC_REPRESENTATION_CONTEXT() REPRESENTATION_CONTEXT('2D SPACE',''
  ) );
#453 = ORIENTED_EDGE('',*,*,#454,.F.);
#454 = EDGE_CURVE('',#85,#427,#455,.T.);
#455 = SURFACE_CURVE('',#456,(#461,#472),.PCURVE_S1.);
#456 = CIRCLE('',#457,16.);
#457 = AXIS2_PLACEMENT_3D('',#458,#459,#460);
#458 = CARTESIAN_POINT('',(-142.,88.999999982786,0.));
#459 = DIRECTION('',(0.,0.,-1.));
#460 = DIRECTION('',(-1.,0.,0.));
#461 = PCURVE('',#126,#462);
#462 = DEFINITIONAL_REPRESENTATION('',(#463),#471);
#463 = ( BOUNDED_CURVE() B_SPLINE_CURVE(2,(#464,#465,#466,#467,#468,#469
,#470),.UNSPECIFIED.,.T.,.F.) B_SPLINE_CURVE_WITH_KNOTS((1,2,2,2,2,1),(
    -2.094395102393,0.,2.094395102393,4.188790204786,6.28318530718,
8.377580409573),.UNSPECIFIED.) CURVE() GEOMETRIC_REPRESENTATION_ITEM() 
RATIONAL_B_SPLINE_CURVE((1.,0.5,1.,0.5,1.,0.5,1.)) REPRESENTATION_ITEM(
  '') );
#464 = CARTESIAN_POINT('',(-158.,88.999999986615));
#465 = CARTESIAN_POINT('',(-158.,116.71281290771));
#466 = CARTESIAN_POINT('',(-134.,102.85640644716));
#467 = CARTESIAN_POINT('',(-110.,88.999999986615));
#468 = CARTESIAN_POINT('',(-134.,75.143593526064));
#469 = CARTESIAN_POINT('',(-158.,61.287187065513));
#470 = CARTESIAN_POINT('',(-158.,88.999999986615));
#471 = ( GEOMETRIC_REPRESENTATION_CONTEXT(2) 
PARAMETRIC_REPRESENTATION_CONTEXT() REPRESENTATION_CONTEXT('2D SPACE',''
  ) );
#472 = PCURVE('',#100,#473);
#473 = DEFINITIONAL_REPRESENTATION('',(#474),#478);
#474 = LINE('',#475,#476);
#475 = CARTESIAN_POINT('',(0.,0.));
#476 = VECTOR('',#477,1.);
#477 = DIRECTION('',(1.,0.));
#478 = ( GEOMETRIC_REPRESENTATION_CONTEXT(2) 
PARAMETRIC_REPRESENTATION_CONTEXT() REPRESENTATION_CONTEXT('2D SPACE',''
  ) );
#479 = FACE_BOUND('',#480,.F.);
#480 = EDGE_LOOP('',(#481));
#481 = ORIENTED_EDGE('',*,*,#482,.F.);
#482 = EDGE_CURVE('',#483,#483,#485,.T.);
#483 = VERTEX_POINT('',#484);
#484 = CARTESIAN_POINT('',(-152.3,-55.,0.));
#485 = SURFACE_CURVE('',#486,(#491,#498),.PCURVE_S1.);
#486 = CIRCLE('',#487,1.7);
#487 = AXIS2_PLACEMENT_3D('',#488,#489,#490);
#488 = CARTESIAN_POINT('',(-154.,-55.,0.));
#489 = DIRECTION('',(0.,0.,1.));
#490 = DIRECTION('',(1.,0.,-0.));
#491 = PCURVE('',#126,#492);
#492 = DEFINITIONAL_REPRESENTATION('',(#493),#497);
#493 = CIRCLE('',#494,1.7);
#494 = AXIS2_PLACEMENT_2D('',#495,#496);
#495 = CARTESIAN_POINT('',(-154.,-54.99999999617));
#496 = DIRECTION('',(1.,0.));
#497 = ( GEOMETRIC_REPRESENTATION_CONTEXT(2) 
PARAMETRIC_REPRESENTATION_CONTEXT() REPRESENTATION_CONTEXT('2D SPACE',''
  ) );
#498 = PCURVE('',#499,#504);
#499 = CYLINDRICAL_SURFACE('',#500,1.7);
#500 = AXIS2_PLACEMENT_3D('',#501,#502,#503);
#501 = CARTESIAN_POINT('',(-154.,-55.,-1.));
#502 = DIRECTION('',(0.,0.,1.));
#503 = DIRECTION('',(1.,0.,-0.));
#504 = DEFINITIONAL_REPRESENTATION('',(#505),#509);
#505 = LINE('',#506,#507);
#506 = CARTESIAN_POINT('',(0.,1.));
#507 = VECTOR('',#508,1.);
#508 = DIRECTION('',(1.,0.));
#509 = ( GEOMETRIC_REPRESENTATION_CONTEXT(2) 
PARAMETRIC_REPRESENTATION_CONTEXT() REPRESENTATION_CONTEXT('2D SPACE',''
  ) );
#510 = FACE_BOUND('',#511,.F.);
#511 = EDGE_LOOP('',(#512));
#512 = ORIENTED_EDGE('',*,*,#513,.F.);
#513 = EDGE_CURVE('',#514,#514,#516,.T.);
#514 = VERTEX_POINT('',#515);
#515 = CARTESIAN_POINT('',(155.7,-55.,0.));
#516 = SURFACE_CURVE('',#517,(#522,#529),.PCURVE_S1.);
#517 = CIRCLE('',#518,1.7);
#518 = AXIS2_PLACEMENT_3D('',#519,#520,#521);
#519 = CARTESIAN_POINT('',(154.,-55.,0.));
#520 = DIRECTION('',(0.,0.,1.));
#521 = DIRECTION('',(1.,0.,-0.));
#522 = PCURVE('',#126,#523);
#523 = DEFINITIONAL_REPRESENTATION('',(#524),#528);
#524 = CIRCLE('',#525,1.7);
#525 = AXIS2_PLACEMENT_2D('',#526,#527);
#526 = CARTESIAN_POINT('',(154.,-54.99999999617));
#527 = DIRECTION('',(1.,0.));
#528 = ( GEOMETRIC_REPRESENTATION_CONTEXT(2) 
PARAMETRIC_REPRESENTATION_CONTEXT() REPRESENTATION_CONTEXT('2D SPACE',''
  ) );
#529 = PCURVE('',#530,#535);
#530 = CYLINDRICAL_SURFACE('',#531,1.7);
#531 = AXIS2_PLACEMENT_3D('',#532,#533,#534);
#532 = CARTESIAN_POINT('',(154.,-55.,-1.));
#533 = DIRECTION('',(0.,0.,1.));
#534 = DIRECTION('',(1.,0.,-0.));
#535 = DEFINITIONAL_REPRESENTATION('',(#536),#540);
#536 = LINE('',#537,#538);
#537 = CARTESIAN_POINT('',(0.,1.));
#538 = VECTOR('',#539,1.);
#539 = DIRECTION('',(1.,0.));
#540 = ( GEOMETRIC_REPRESENTATION_CONTEXT(2) 
PARAMETRIC_REPRESENTATION_CONTEXT() REPRESENTATION_CONTEXT('2D SPACE',''
  ) );
#541 = FACE_BOUND('',#542,.F.);
#542 = EDGE_LOOP('',(#543,#644,#677,#705,#738,#837,#862,#961,#994,#1022,
    #1055,#1154));
#543 = ORIENTED_EDGE('',*,*,#544,.T.);
#544 = EDGE_CURVE('',#545,#547,#549,.T.);
#545 = VERTEX_POINT('',#546);
#546 = CARTESIAN_POINT('',(-136.1956521739,-99.47826086956,
    3.330669073875E-16));
#547 = VERTEX_POINT('',#548);
#548 = CARTESIAN_POINT('',(-143.8751468364,-96.83526084947,0.));
#549 = SURFACE_CURVE('',#550,(#573,#599),.PCURVE_S1.);
#550 = B_SPLINE_CURVE_WITH_KNOTS('',6,(#551,#552,#553,#554,#555,#556,
    #557,#558,#559,#560,#561,#562,#563,#564,#565,#566,#567,#568,#569,
    #570,#571,#572),.UNSPECIFIED.,.F.,.F.,(7,5,5,5,7),(0.,0.25199987188,
    0.500999935546,0.749999999273,1.),.UNSPECIFIED.);
#551 = CARTESIAN_POINT('',(-136.1956521739,-99.47826086956,0.));
#552 = CARTESIAN_POINT('',(-137.0188724447,-99.47826086956,0.));
#553 = CARTESIAN_POINT('',(-137.84214211,-99.41308900757,0.));
#554 = CARTESIAN_POINT('',(-138.658902659,-99.28273130181,0.));
#555 = CARTESIAN_POINT('',(-139.4627692151,-99.08807908962,0.));
#556 = CARTESIAN_POINT('',(-140.2475068801,-98.83077173108,0.));
#557 = CARTESIAN_POINT('',(-141.7575908716,-98.19970917471,0.));
#558 = CARTESIAN_POINT('',(-142.4836203893,-97.82734011818,0.));
#559 = CARTESIAN_POINT('',(-143.1793177582,-97.39867043563,0.));
#560 = CARTESIAN_POINT('',(-143.8393256151,-96.91685911238,0.));
#561 = CARTESIAN_POINT('',(-144.4586929455,-96.38567017823,0.));
#562 = CARTESIAN_POINT('',(-145.6072351007,-95.23351409173,0.));
#563 = CARTESIAN_POINT('',(-146.1364756169,-94.61248104108,0.));
#564 = CARTESIAN_POINT('',(-146.6162110904,-93.95096278861,0.));
#565 = CARTESIAN_POINT('',(-147.0426930639,-93.25392214959,0.));
#566 = CARTESIAN_POINT('',(-147.4127793977,-92.52672638462,0.));
#567 = CARTESIAN_POINT('',(-148.0365946783,-91.02070308229,0.));
#568 = CARTESIAN_POINT('',(-148.2898864877,-90.24159276427,0.));
#569 = CARTESIAN_POINT('',(-148.481475041,-89.44380210522,0.));
#570 = CARTESIAN_POINT('',(-148.6097714868,-88.63342186479,0.));
#571 = CARTESIAN_POINT('',(-148.6739130434,-87.81668719454,0.));
#572 = CARTESIAN_POINT('',(-148.6739130434,-87.,0.));
#573 = PCURVE('',#126,#574);
#574 = DEFINITIONAL_REPRESENTATION('',(#575),#598);
#575 = B_SPLINE_CURVE_WITH_KNOTS('',6,(#576,#577,#578,#579,#580,#581,
    #582,#583,#584,#585,#586,#587,#588,#589,#590,#591,#592,#593,#594,
    #595,#596,#597),.UNSPECIFIED.,.F.,.F.,(7,5,5,5,7),(0.,0.25199987188,
    0.500999935546,0.749999999273,1.),.UNSPECIFIED.);
#576 = CARTESIAN_POINT('',(-136.1956521739,-99.47826086573));
#577 = CARTESIAN_POINT('',(-137.0188724447,-99.47826086573));
#578 = CARTESIAN_POINT('',(-137.84214211,-99.41308900374));
#579 = CARTESIAN_POINT('',(-138.658902659,-99.28273129798));
#580 = CARTESIAN_POINT('',(-139.4627692151,-99.08807908579));
#581 = CARTESIAN_POINT('',(-140.2475068801,-98.83077172725));
#582 = CARTESIAN_POINT('',(-141.7575908716,-98.19970917088));
#583 = CARTESIAN_POINT('',(-142.4836203893,-97.82734011435));
#584 = CARTESIAN_POINT('',(-143.1793177582,-97.3986704318));
#585 = CARTESIAN_POINT('',(-143.8393256151,-96.91685910855));
#586 = CARTESIAN_POINT('',(-144.4586929455,-96.3856701744));
#587 = CARTESIAN_POINT('',(-145.6072351007,-95.2335140879));
#588 = CARTESIAN_POINT('',(-146.1364756169,-94.61248103725));
#589 = CARTESIAN_POINT('',(-146.6162110904,-93.95096278478));
#590 = CARTESIAN_POINT('',(-147.0426930639,-93.25392214576));
#591 = CARTESIAN_POINT('',(-147.4127793977,-92.52672638079));
#592 = CARTESIAN_POINT('',(-148.0365946783,-91.02070307846));
#593 = CARTESIAN_POINT('',(-148.2898864877,-90.24159276044));
#594 = CARTESIAN_POINT('',(-148.481475041,-89.44380210139));
#595 = CARTESIAN_POINT('',(-148.6097714868,-88.63342186096));
#596 = CARTESIAN_POINT('',(-148.6739130434,-87.81668719071));
#597 = CARTESIAN_POINT('',(-148.6739130434,-86.99999999617));
#598 = ( GEOMETRIC_REPRESENTATION_CONTEXT(2) 
PARAMETRIC_REPRESENTATION_CONTEXT() REPRESENTATION_CONTEXT('2D SPACE',''
  ) );
#599 = PCURVE('',#600,#619);
#600 = B_SPLINE_SURFACE_WITH_KNOTS('',8,1,(
    (#601,#602)
    ,(#603,#604)
    ,(#605,#606)
    ,(#607,#608)
    ,(#609,#610)
    ,(#611,#612)
    ,(#613,#614)
    ,(#615,#616)
    ,(#617,#618
    )),.UNSPECIFIED.,.F.,.F.,.F.,(9,9),(2,2),(0.,1.570796326795),(0.,1.)
  ,.PIECEWISE_BEZIER_KNOTS.);
#601 = CARTESIAN_POINT('',(-149.5,-87.,0.5));
#602 = CARTESIAN_POINT('',(-130.5,-87.,-11.));
#603 = CARTESIAN_POINT('',(-149.5,-89.45436926061,0.5));
#604 = CARTESIAN_POINT('',(-130.5,-89.35619449019,-11.));
#605 = CARTESIAN_POINT('',(-148.9492401379,-91.9087392938,0.5));
#606 = CARTESIAN_POINT('',(-129.9712705324,-91.71238972205,-11.));
#607 = CARTESIAN_POINT('',(-147.8477258234,-94.21891542919,0.5));
#608 = CARTESIAN_POINT('',(-128.9138167904,-93.93015881202,-11.));
#609 = CARTESIAN_POINT('',(-146.2407344472,-96.24073444724,0.5));
#610 = CARTESIAN_POINT('',(-127.3711050693,-95.87110506935,-11.));
#611 = CARTESIAN_POINT('',(-144.2189154291,-97.84772582339,0.5));
#612 = CARTESIAN_POINT('',(-125.430158812,-97.41381679046,-11.));
#613 = CARTESIAN_POINT('',(-141.9087392937,-98.94924013798,0.5));
#614 = CARTESIAN_POINT('',(-123.212389722,-98.47127053246,-11.));
#615 = CARTESIAN_POINT('',(-139.4543692606,-99.5,0.5));
#616 = CARTESIAN_POINT('',(-120.8561944901,-99.,-11.));
#617 = CARTESIAN_POINT('',(-137.,-99.5,0.5));
#618 = CARTESIAN_POINT('',(-118.5,-99.,-11.));
#619 = DEFINITIONAL_REPRESENTATION('',(#620),#643);
#620 = B_SPLINE_CURVE_WITH_KNOTS('',6,(#621,#622,#623,#624,#625,#626,
    #627,#628,#629,#630,#631,#632,#633,#634,#635,#636,#637,#638,#639,
    #640,#641,#642),.UNSPECIFIED.,.F.,.F.,(7,5,5,5,7),(0.,0.25199987188,
    0.500999935546,0.749999999273,1.),.UNSPECIFIED.);
#621 = CARTESIAN_POINT('',(1.570796326795,4.347826086957E-02));
#622 = CARTESIAN_POINT('',(1.504823970597,4.347826086957E-02));
#623 = CARTESIAN_POINT('',(1.438847700147,4.347826086957E-02));
#624 = CARTESIAN_POINT('',(1.372875990793,4.347826086956E-02));
#625 = CARTESIAN_POINT('',(1.306904286911,4.347826086957E-02));
#626 = CARTESIAN_POINT('',(1.240928009361,4.347826086957E-02));
#627 = CARTESIAN_POINT('',(1.109768630917,4.347826086957E-02));
#628 = CARTESIAN_POINT('',(1.04457791658,4.347826086957E-02));
#629 = CARTESIAN_POINT('',(0.979391513905,4.347826086957E-02));
#630 = CARTESIAN_POINT('',(0.91420510858,4.347826086957E-02));
#631 = CARTESIAN_POINT('',(0.84901439071,4.347826086957E-02));
#632 = CARTESIAN_POINT('',(0.718640343416,4.347826086957E-02));
#633 = CARTESIAN_POINT('',(0.653449625573,4.347826086957E-02));
#634 = CARTESIAN_POINT('',(0.588263220318,4.347826086957E-02));
#635 = CARTESIAN_POINT('',(0.523076817686,4.347826086957E-02));
#636 = CARTESIAN_POINT('',(0.457886103304,4.347826086957E-02));
#637 = CARTESIAN_POINT('',(0.327250281386,4.347826086957E-02));
#638 = CARTESIAN_POINT('',(0.26179771215,4.347826086957E-02));
#639 = CARTESIAN_POINT('',(0.196349539511,4.347826086957E-02));
#640 = CARTESIAN_POINT('',(0.130901361704,4.347826086957E-02));
#641 = CARTESIAN_POINT('',(6.544879956249E-02,4.347826086957E-02));
#642 = CARTESIAN_POINT('',(0.,4.347826086957E-02));
#643 = ( GEOMETRIC_REPRESENTATION_CONTEXT(2) 
PARAMETRIC_REPRESENTATION_CONTEXT() REPRESENTATION_CONTEXT('2D SPACE',''
  ) );
#644 = ORIENTED_EDGE('',*,*,#645,.T.);
#645 = EDGE_CURVE('',#547,#646,#648,.T.);
#646 = VERTEX_POINT('',#647);
#647 = CARTESIAN_POINT('',(-149.,-87.,0.));
#648 = SURFACE_CURVE('',#649,(#654,#665),.PCURVE_S1.);
#649 = CIRCLE('',#650,12.);
#650 = AXIS2_PLACEMENT_3D('',#651,#652,#653);
#651 = CARTESIAN_POINT('',(-137.,-87.,0.));
#652 = DIRECTION('',(0.,0.,-1.));
#653 = DIRECTION('',(-1.,0.,0.));
#654 = PCURVE('',#126,#655);
#655 = DEFINITIONAL_REPRESENTATION('',(#656),#664);
#656 = ( BOUNDED_CURVE() B_SPLINE_CURVE(2,(#657,#658,#659,#660,#661,#662
,#663),.UNSPECIFIED.,.T.,.F.) B_SPLINE_CURVE_WITH_KNOTS((1,2,2,2,2,1),(
    -2.094395102393,0.,2.094395102393,4.188790204786,6.28318530718,
8.377580409573),.UNSPECIFIED.) CURVE() GEOMETRIC_REPRESENTATION_ITEM() 
RATIONAL_B_SPLINE_CURVE((1.,0.5,1.,0.5,1.,0.5,1.)) REPRESENTATION_ITEM(
  '') );
#657 = CARTESIAN_POINT('',(-149.,-86.99999999617));
#658 = CARTESIAN_POINT('',(-149.,-66.21539030534));
#659 = CARTESIAN_POINT('',(-131.,-76.60769515075));
#660 = CARTESIAN_POINT('',(-113.,-86.99999999617));
#661 = CARTESIAN_POINT('',(-131.,-97.39230484158));
#662 = CARTESIAN_POINT('',(-149.,-107.7846096869));
#663 = CARTESIAN_POINT('',(-149.,-86.99999999617));
#664 = ( GEOMETRIC_REPRESENTATION_CONTEXT(2) 
PARAMETRIC_REPRESENTATION_CONTEXT() REPRESENTATION_CONTEXT('2D SPACE',''
  ) );
#665 = PCURVE('',#666,#671);
#666 = CYLINDRICAL_SURFACE('',#667,12.);
#667 = AXIS2_PLACEMENT_3D('',#668,#669,#670);
#668 = CARTESIAN_POINT('',(-137.,-87.,0.));
#669 = DIRECTION('',(0.,0.,-1.));
#670 = DIRECTION('',(-1.,0.,0.));
#671 = DEFINITIONAL_REPRESENTATION('',(#672),#676);
#672 = LINE('',#673,#674);
#673 = CARTESIAN_POINT('',(0.,0.));
#674 = VECTOR('',#675,1.);
#675 = DIRECTION('',(1.,0.));
#676 = ( GEOMETRIC_REPRESENTATION_CONTEXT(2) 
PARAMETRIC_REPRESENTATION_CONTEXT() REPRESENTATION_CONTEXT('2D SPACE',''
  ) );
#677 = ORIENTED_EDGE('',*,*,#678,.T.);
#678 = EDGE_CURVE('',#646,#679,#681,.T.);
#679 = VERTEX_POINT('',#680);
#680 = CARTESIAN_POINT('',(-149.,86.999999979879,0.));
#681 = SURFACE_CURVE('',#682,(#686,#693),.PCURVE_S1.);
#682 = LINE('',#683,#684);
#683 = CARTESIAN_POINT('',(-149.,2.195577053499E-12,0.));
#684 = VECTOR('',#685,1.);
#685 = DIRECTION('',(0.,1.,0.));
#686 = PCURVE('',#126,#687);
#687 = DEFINITIONAL_REPRESENTATION('',(#688),#692);
#688 = LINE('',#689,#690);
#689 = CARTESIAN_POINT('',(-149.,3.831708101095E-09));
#690 = VECTOR('',#691,1.);
#691 = DIRECTION('',(0.,1.));
#692 = ( GEOMETRIC_REPRESENTATION_CONTEXT(2) 
PARAMETRIC_REPRESENTATION_CONTEXT() REPRESENTATION_CONTEXT('2D SPACE',''
  ) );
#693 = PCURVE('',#694,#699);
#694 = PLANE('',#695);
#695 = AXIS2_PLACEMENT_3D('',#696,#697,#698);
#696 = CARTESIAN_POINT('',(-149.,-87.,0.));
#697 = DIRECTION('',(-1.,0.,0.));
#698 = DIRECTION('',(0.,1.,0.));
#699 = DEFINITIONAL_REPRESENTATION('',(#700),#704);
#700 = LINE('',#701,#702);
#701 = CARTESIAN_POINT('',(87.000000000004,0.));
#702 = VECTOR('',#703,1.);
#703 = DIRECTION('',(1.,0.));
#704 = ( GEOMETRIC_REPRESENTATION_CONTEXT(2) 
PARAMETRIC_REPRESENTATION_CONTEXT() REPRESENTATION_CONTEXT('2D SPACE',''
  ) );
#705 = ORIENTED_EDGE('',*,*,#706,.T.);
#706 = EDGE_CURVE('',#679,#707,#709,.T.);
#707 = VERTEX_POINT('',#708);
#708 = CARTESIAN_POINT('',(-143.8751468426,96.835260825034,0.));
#709 = SURFACE_CURVE('',#710,(#715,#726),.PCURVE_S1.);
#710 = CIRCLE('',#711,12.);
#711 = AXIS2_PLACEMENT_3D('',#712,#713,#714);
#712 = CARTESIAN_POINT('',(-137.,86.999999979879,0.));
#713 = DIRECTION('',(0.,0.,-1.));
#714 = DIRECTION('',(-1.,0.,0.));
#715 = PCURVE('',#126,#716);
#716 = DEFINITIONAL_REPRESENTATION('',(#717),#725);
#717 = ( BOUNDED_CURVE() B_SPLINE_CURVE(2,(#718,#719,#720,#721,#722,#723
,#724),.UNSPECIFIED.,.T.,.F.) B_SPLINE_CURVE_WITH_KNOTS((1,2,2,2,2,1),(
    -2.094395102393,0.,2.094395102393,4.188790204786,6.28318530718,
8.377580409573),.UNSPECIFIED.) CURVE() GEOMETRIC_REPRESENTATION_ITEM() 
RATIONAL_B_SPLINE_CURVE((1.,0.5,1.,0.5,1.,0.5,1.)) REPRESENTATION_ITEM(
  '') );
#718 = CARTESIAN_POINT('',(-149.,86.999999983709));
#719 = CARTESIAN_POINT('',(-149.,107.78460967453));
#720 = CARTESIAN_POINT('',(-131.,97.392304829122));
#721 = CARTESIAN_POINT('',(-113.,86.999999983709));
#722 = CARTESIAN_POINT('',(-131.,76.607695138295));
#723 = CARTESIAN_POINT('',(-149.,66.215390292882));
#724 = CARTESIAN_POINT('',(-149.,86.999999983709));
#725 = ( GEOMETRIC_REPRESENTATION_CONTEXT(2) 
PARAMETRIC_REPRESENTATION_CONTEXT() REPRESENTATION_CONTEXT('2D SPACE',''
  ) );
#726 = PCURVE('',#727,#732);
#727 = CYLINDRICAL_SURFACE('',#728,12.);
#728 = AXIS2_PLACEMENT_3D('',#729,#730,#731);
#729 = CARTESIAN_POINT('',(-137.,86.999999979879,0.));
#730 = DIRECTION('',(0.,0.,-1.));
#731 = DIRECTION('',(-1.,0.,0.));
#732 = DEFINITIONAL_REPRESENTATION('',(#733),#737);
#733 = LINE('',#734,#735);
#734 = CARTESIAN_POINT('',(0.,0.));
#735 = VECTOR('',#736,1.);
#736 = DIRECTION('',(1.,0.));
#737 = ( GEOMETRIC_REPRESENTATION_CONTEXT(2) 
PARAMETRIC_REPRESENTATION_CONTEXT() REPRESENTATION_CONTEXT('2D SPACE',''
  ) );
#738 = ORIENTED_EDGE('',*,*,#739,.T.);
#739 = EDGE_CURVE('',#707,#740,#742,.T.);
#740 = VERTEX_POINT('',#741);
#741 = CARTESIAN_POINT('',(-136.1956521739,99.478260869567,
    3.330669073875E-16));
#742 = SURFACE_CURVE('',#743,(#766,#792),.PCURVE_S1.);
#743 = B_SPLINE_CURVE_WITH_KNOTS('',6,(#744,#745,#746,#747,#748,#749,
    #750,#751,#752,#753,#754,#755,#756,#757,#758,#759,#760,#761,#762,
    #763,#764,#765),.UNSPECIFIED.,.F.,.F.,(7,5,5,5,7),(0.,0.25199987188,
    0.500999935546,0.749999999273,1.),.UNSPECIFIED.);
#744 = CARTESIAN_POINT('',(-148.6739130434,86.999999980385,0.));
#745 = CARTESIAN_POINT('',(-148.6739130434,87.823220251205,0.));
#746 = CARTESIAN_POINT('',(-148.6087411814,88.646489916563,0.));
#747 = CARTESIAN_POINT('',(-148.4783834757,89.463250465535,0.));
#748 = CARTESIAN_POINT('',(-148.2837312635,90.267117021643,0.));
#749 = CARTESIAN_POINT('',(-148.0264239049,91.051854686633,0.));
#750 = CARTESIAN_POINT('',(-147.3953613486,92.561938678118,0.));
#751 = CARTESIAN_POINT('',(-147.022992292,93.28796819578,0.));
#752 = CARTESIAN_POINT('',(-146.5943226095,93.983665564695,0.));
#753 = CARTESIAN_POINT('',(-146.1125112862,94.64367342163,0.));
#754 = CARTESIAN_POINT('',(-145.5813223521,95.263040752059,0.));
#755 = CARTESIAN_POINT('',(-144.4291662656,96.411582907192,0.));
#756 = CARTESIAN_POINT('',(-143.8081332149,96.940823423467,0.));
#757 = CARTESIAN_POINT('',(-143.1466149625,97.420558896886,0.));
#758 = CARTESIAN_POINT('',(-142.4495743235,97.847040870405,0.));
#759 = CARTESIAN_POINT('',(-141.7223785585,98.217127204231,0.));
#760 = CARTESIAN_POINT('',(-140.2163552562,98.840942484805,0.));
#761 = CARTESIAN_POINT('',(-139.4372449381,99.094234294214,0.));
#762 = CARTESIAN_POINT('',(-138.6394542791,99.285822847527,0.));
#763 = CARTESIAN_POINT('',(-137.8290740387,99.414119293312,0.));
#764 = CARTESIAN_POINT('',(-137.0123393684,99.478260849949,0.));
#765 = CARTESIAN_POINT('',(-136.1956521739,99.47826084995,0.));
#766 = PCURVE('',#126,#767);
#767 = DEFINITIONAL_REPRESENTATION('',(#768),#791);
#768 = B_SPLINE_CURVE_WITH_KNOTS('',6,(#769,#770,#771,#772,#773,#774,
    #775,#776,#777,#778,#779,#780,#781,#782,#783,#784,#785,#786,#787,
    #788,#789,#790),.UNSPECIFIED.,.F.,.F.,(7,5,5,5,7),(0.,0.25199987188,
    0.500999935546,0.749999999273,1.),.UNSPECIFIED.);
#769 = CARTESIAN_POINT('',(-148.6739130434,86.999999984214));
#770 = CARTESIAN_POINT('',(-148.6739130434,87.823220255034));
#771 = CARTESIAN_POINT('',(-148.6087411814,88.646489920393));
#772 = CARTESIAN_POINT('',(-148.4783834757,89.463250469365));
#773 = CARTESIAN_POINT('',(-148.2837312635,90.267117025472));
#774 = CARTESIAN_POINT('',(-148.0264239049,91.051854690462));
#775 = CARTESIAN_POINT('',(-147.3953613486,92.561938681948));
#776 = CARTESIAN_POINT('',(-147.022992292,93.28796819961));
#777 = CARTESIAN_POINT('',(-146.5943226095,93.983665568524));
#778 = CARTESIAN_POINT('',(-146.1125112862,94.643673425459));
#779 = CARTESIAN_POINT('',(-145.5813223521,95.263040755888));
#780 = CARTESIAN_POINT('',(-144.4291662656,96.411582911022));
#781 = CARTESIAN_POINT('',(-143.8081332149,96.940823427296));
#782 = CARTESIAN_POINT('',(-143.1466149625,97.420558900716));
#783 = CARTESIAN_POINT('',(-142.4495743235,97.847040874235));
#784 = CARTESIAN_POINT('',(-141.7223785585,98.217127208061));
#785 = CARTESIAN_POINT('',(-140.2163552562,98.840942488635));
#786 = CARTESIAN_POINT('',(-139.4372449381,99.094234298044));
#787 = CARTESIAN_POINT('',(-138.6394542791,99.285822851357));
#788 = CARTESIAN_POINT('',(-137.8290740387,99.414119297142));
#789 = CARTESIAN_POINT('',(-137.0123393684,99.478260853779));
#790 = CARTESIAN_POINT('',(-136.1956521739,99.478260853779));
#791 = ( GEOMETRIC_REPRESENTATION_CONTEXT(2) 
PARAMETRIC_REPRESENTATION_CONTEXT() REPRESENTATION_CONTEXT('2D SPACE',''
  ) );
#792 = PCURVE('',#793,#812);
#793 = B_SPLINE_SURFACE_WITH_KNOTS('',8,1,(
    (#794,#795)
    ,(#796,#797)
    ,(#798,#799)
    ,(#800,#801)
    ,(#802,#803)
    ,(#804,#805)
    ,(#806,#807)
    ,(#808,#809)
    ,(#810,#811
    )),.UNSPECIFIED.,.F.,.F.,.F.,(9,9),(2,2),(4.712388980385,
    6.28318530718),(0.,1.),.PIECEWISE_BEZIER_KNOTS.);
#794 = CARTESIAN_POINT('',(-137.,99.499999980407,0.5));
#795 = CARTESIAN_POINT('',(-118.5,98.999999979879,-11.));
#796 = CARTESIAN_POINT('',(-139.4543692606,99.499999980406,0.5));
#797 = CARTESIAN_POINT('',(-120.8561944901,98.999999979878,-11.));
#798 = CARTESIAN_POINT('',(-141.9087392938,98.949240118397,0.5));
#799 = CARTESIAN_POINT('',(-123.212389722,98.47127051235,-11.));
#800 = CARTESIAN_POINT('',(-144.2189154291,97.847725803792,0.5));
#801 = CARTESIAN_POINT('',(-125.430158812,97.413816770327,
    -10.99999999999));
#802 = CARTESIAN_POINT('',(-146.2407344472,96.240734427665,0.5));
#803 = CARTESIAN_POINT('',(-127.3711050693,95.871105049248,-11.));
#804 = CARTESIAN_POINT('',(-147.8477258233,94.218915409589,0.5));
#805 = CARTESIAN_POINT('',(-128.9138167904,93.930158791892,-11.));
#806 = CARTESIAN_POINT('',(-148.9492401379,91.908739274214,0.5));
#807 = CARTESIAN_POINT('',(-129.9712705324,91.712389701934,-11.));
#808 = CARTESIAN_POINT('',(-149.4999999999,89.454369241024,0.5));
#809 = CARTESIAN_POINT('',(-130.4999999999,89.35619447007,-11.));
#810 = CARTESIAN_POINT('',(-149.5,86.999999980408,0.5));
#811 = CARTESIAN_POINT('',(-130.5,86.999999979879,-11.));
#812 = DEFINITIONAL_REPRESENTATION('',(#813),#836);
#813 = B_SPLINE_CURVE_WITH_KNOTS('',6,(#814,#815,#816,#817,#818,#819,
    #820,#821,#822,#823,#824,#825,#826,#827,#828,#829,#830,#831,#832,
    #833,#834,#835),.UNSPECIFIED.,.F.,.F.,(7,5,5,5,7),(0.,0.25199987188,
    0.500999935546,0.749999999273,1.),.UNSPECIFIED.);
#814 = CARTESIAN_POINT('',(6.28318530718,4.347826086957E-02));
#815 = CARTESIAN_POINT('',(6.217212950981,4.347826086957E-02));
#816 = CARTESIAN_POINT('',(6.151236680531,4.347826086957E-02));
#817 = CARTESIAN_POINT('',(6.085264971178,4.347826086957E-02));
#818 = CARTESIAN_POINT('',(6.019293267296,4.347826086957E-02));
#819 = CARTESIAN_POINT('',(5.953316989745,4.347826086957E-02));
#820 = CARTESIAN_POINT('',(5.822157611301,4.347826086957E-02));
#821 = CARTESIAN_POINT('',(5.756966896965,4.347826086957E-02));
#822 = CARTESIAN_POINT('',(5.691780494289,4.347826086957E-02));
#823 = CARTESIAN_POINT('',(5.626594088965,4.347826086957E-02));
#824 = CARTESIAN_POINT('',(5.561403371094,4.347826086957E-02));
#825 = CARTESIAN_POINT('',(5.431029323801,4.347826086957E-02));
#826 = CARTESIAN_POINT('',(5.365838605958,4.347826086957E-02));
#827 = CARTESIAN_POINT('',(5.300652200702,4.347826086957E-02));
#828 = CARTESIAN_POINT('',(5.23546579807,4.347826086957E-02));
#829 = CARTESIAN_POINT('',(5.170275083688,4.347826086957E-02));
#830 = CARTESIAN_POINT('',(5.039639261771,4.347826086957E-02));
#831 = CARTESIAN_POINT('',(4.974186692535,4.347826086957E-02));
#832 = CARTESIAN_POINT('',(4.908738519896,4.347826086956E-02));
#833 = CARTESIAN_POINT('',(4.843290342089,4.347826086957E-02));
#834 = CARTESIAN_POINT('',(4.777837779947,4.347826086957E-02));
#835 = CARTESIAN_POINT('',(4.712388980385,4.347826086957E-02));
#836 = ( GEOMETRIC_REPRESENTATION_CONTEXT(2) 
PARAMETRIC_REPRESENTATION_CONTEXT() REPRESENTATION_CONTEXT('2D SPACE',''
  ) );
#837 = ORIENTED_EDGE('',*,*,#838,.T.);
#838 = EDGE_CURVE('',#740,#839,#841,.T.);
#839 = VERTEX_POINT('',#840);
#840 = CARTESIAN_POINT('',(136.19565217391,99.47826084995,
    2.775557561563E-16));
#841 = SURFACE_CURVE('',#842,(#845,#851),.PCURVE_S1.);
#842 = B_SPLINE_CURVE_WITH_KNOTS('',1,(#843,#844),.UNSPECIFIED.,.F.,.F.,
  (2,2),(0.,1.),.PIECEWISE_BEZIER_KNOTS.);
#843 = CARTESIAN_POINT('',(-136.1956521739,99.478260869567,0.));
#844 = CARTESIAN_POINT('',(136.19565217391,99.478260869567,0.));
#845 = PCURVE('',#126,#846);
#846 = DEFINITIONAL_REPRESENTATION('',(#847),#850);
#847 = B_SPLINE_CURVE_WITH_KNOTS('',1,(#848,#849),.UNSPECIFIED.,.F.,.F.,
  (2,2),(0.,1.),.PIECEWISE_BEZIER_KNOTS.);
#848 = CARTESIAN_POINT('',(-136.1956521739,99.478260873397));
#849 = CARTESIAN_POINT('',(136.19565217391,99.478260873397));
#850 = ( GEOMETRIC_REPRESENTATION_CONTEXT(2) 
PARAMETRIC_REPRESENTATION_CONTEXT() REPRESENTATION_CONTEXT('2D SPACE',''
  ) );
#851 = PCURVE('',#852,#857);
#852 = B_SPLINE_SURFACE_WITH_KNOTS('',1,1,(
    (#853,#854)
    ,(#855,#856
    )),.UNSPECIFIED.,.F.,.F.,.F.,(2,2),(2,2),(-137.,137.),(0.,1.),
  .PIECEWISE_BEZIER_KNOTS.);
#853 = CARTESIAN_POINT('',(137.,99.500000000002,0.5));
#854 = CARTESIAN_POINT('',(118.5,99.000000000002,-11.));
#855 = CARTESIAN_POINT('',(-137.,99.500000000002,0.5));
#856 = CARTESIAN_POINT('',(-118.5,99.000000000002,-11.));
#857 = DEFINITIONAL_REPRESENTATION('',(#858),#861);
#858 = B_SPLINE_CURVE_WITH_KNOTS('',1,(#859,#860),.UNSPECIFIED.,.F.,.F.,
  (2,2),(0.,1.),.PIECEWISE_BEZIER_KNOTS.);
#859 = CARTESIAN_POINT('',(137.,4.347826086957E-02));
#860 = CARTESIAN_POINT('',(-137.,4.347826086957E-02));
#861 = ( GEOMETRIC_REPRESENTATION_CONTEXT(2) 
PARAMETRIC_REPRESENTATION_CONTEXT() REPRESENTATION_CONTEXT('2D SPACE',''
  ) );
#862 = ORIENTED_EDGE('',*,*,#863,.T.);
#863 = EDGE_CURVE('',#839,#864,#866,.T.);
#864 = VERTEX_POINT('',#865);
#865 = CARTESIAN_POINT('',(143.87514684263,96.835260825033,0.));
#866 = SURFACE_CURVE('',#867,(#890,#916),.PCURVE_S1.);
#867 = B_SPLINE_CURVE_WITH_KNOTS('',6,(#868,#869,#870,#871,#872,#873,
    #874,#875,#876,#877,#878,#879,#880,#881,#882,#883,#884,#885,#886,
    #887,#888,#889),.UNSPECIFIED.,.F.,.F.,(7,5,5,5,7),(0.,0.25199987188,
    0.500999935546,0.749999999273,1.),.UNSPECIFIED.);
#868 = CARTESIAN_POINT('',(136.19565217391,99.47826084995,0.));
#869 = CARTESIAN_POINT('',(137.01887244473,99.47826084995,0.));
#870 = CARTESIAN_POINT('',(137.84214211009,99.413088987958,0.));
#871 = CARTESIAN_POINT('',(138.65890265906,99.282731282194,0.));
#872 = CARTESIAN_POINT('',(139.46276921517,99.088079070006,0.));
#873 = CARTESIAN_POINT('',(140.24750688016,98.830771711469,0.));
#874 = CARTESIAN_POINT('',(141.75759087164,98.199709155095,0.));
#875 = CARTESIAN_POINT('',(142.48362038931,97.827340098569,0.));
#876 = CARTESIAN_POINT('',(143.17931775822,97.398670416022,0.));
#877 = CARTESIAN_POINT('',(143.83932561515,96.916859092767,0.));
#878 = CARTESIAN_POINT('',(144.45869294558,96.385670158617,0.));
#879 = CARTESIAN_POINT('',(145.60723510072,95.233514072121,0.));
#880 = CARTESIAN_POINT('',(146.13647561699,94.612481021466,0.));
#881 = CARTESIAN_POINT('',(146.61621109041,93.950962768995,0.));
#882 = CARTESIAN_POINT('',(147.04269306393,93.253922129976,0.));
#883 = CARTESIAN_POINT('',(147.41277939776,92.526726365005,0.));
#884 = CARTESIAN_POINT('',(148.03659467833,91.02070306268,0.));
#885 = CARTESIAN_POINT('',(148.28988648774,90.241592744664,0.));
#886 = CARTESIAN_POINT('',(148.48147504105,89.443802085598,0.));
#887 = CARTESIAN_POINT('',(148.60977148684,88.633421845182,0.));
#888 = CARTESIAN_POINT('',(148.67391304347,87.816687174924,0.));
#889 = CARTESIAN_POINT('',(148.67391304347,86.999999980385,0.));
#890 = PCURVE('',#126,#891);
#891 = DEFINITIONAL_REPRESENTATION('',(#892),#915);
#892 = B_SPLINE_CURVE_WITH_KNOTS('',6,(#893,#894,#895,#896,#897,#898,
    #899,#900,#901,#902,#903,#904,#905,#906,#907,#908,#909,#910,#911,
    #912,#913,#914),.UNSPECIFIED.,.F.,.F.,(7,5,5,5,7),(0.,0.25199987188,
    0.500999935546,0.749999999273,1.),.UNSPECIFIED.);
#893 = CARTESIAN_POINT('',(136.19565217391,99.478260853779));
#894 = CARTESIAN_POINT('',(137.01887244473,99.478260853779));
#895 = CARTESIAN_POINT('',(137.84214211009,99.413088991787));
#896 = CARTESIAN_POINT('',(138.65890265906,99.282731286023));
#897 = CARTESIAN_POINT('',(139.46276921517,99.088079073835));
#898 = CARTESIAN_POINT('',(140.24750688016,98.830771715299));
#899 = CARTESIAN_POINT('',(141.75759087164,98.199709158924));
#900 = CARTESIAN_POINT('',(142.48362038931,97.827340102398));
#901 = CARTESIAN_POINT('',(143.17931775822,97.398670419852));
#902 = CARTESIAN_POINT('',(143.83932561515,96.916859096597));
#903 = CARTESIAN_POINT('',(144.45869294558,96.385670162446));
#904 = CARTESIAN_POINT('',(145.60723510072,95.23351407595));
#905 = CARTESIAN_POINT('',(146.13647561699,94.612481025295));
#906 = CARTESIAN_POINT('',(146.61621109041,93.950962772825));
#907 = CARTESIAN_POINT('',(147.04269306393,93.253922133806));
#908 = CARTESIAN_POINT('',(147.41277939776,92.526726368835));
#909 = CARTESIAN_POINT('',(148.03659467833,91.02070306651));
#910 = CARTESIAN_POINT('',(148.28988648774,90.241592748494));
#911 = CARTESIAN_POINT('',(148.48147504105,89.443802089427));
#912 = CARTESIAN_POINT('',(148.60977148684,88.633421849012));
#913 = CARTESIAN_POINT('',(148.67391304347,87.816687178754));
#914 = CARTESIAN_POINT('',(148.67391304347,86.999999984214));
#915 = ( GEOMETRIC_REPRESENTATION_CONTEXT(2) 
PARAMETRIC_REPRESENTATION_CONTEXT() REPRESENTATION_CONTEXT('2D SPACE',''
  ) );
#916 = PCURVE('',#917,#936);
#917 = B_SPLINE_SURFACE_WITH_KNOTS('',8,1,(
    (#918,#919)
    ,(#920,#921)
    ,(#922,#923)
    ,(#924,#925)
    ,(#926,#927)
    ,(#928,#929)
    ,(#930,#931)
    ,(#932,#933)
    ,(#934,#935
    )),.UNSPECIFIED.,.F.,.F.,.F.,(9,9),(2,2),(3.14159265359,
    4.712388980385),(0.,1.),.PIECEWISE_BEZIER_KNOTS.);
#918 = CARTESIAN_POINT('',(149.5,86.999999980408,0.5));
#919 = CARTESIAN_POINT('',(130.5,86.999999979879,-11.));
#920 = CARTESIAN_POINT('',(149.49999999999,89.454369241024,0.5));
#921 = CARTESIAN_POINT('',(130.49999999999,89.356194470071,-11.));
#922 = CARTESIAN_POINT('',(148.94924013798,91.908739274213,0.5));
#923 = CARTESIAN_POINT('',(129.97127053247,91.712389701932,-11.));
#924 = CARTESIAN_POINT('',(147.84772582338,94.218915409591,0.5));
#925 = CARTESIAN_POINT('',(128.91381679044,93.930158791896,-11.));
#926 = CARTESIAN_POINT('',(146.24073444725,96.240734427661,0.5));
#927 = CARTESIAN_POINT('',(127.37110506937,95.871105049241,-11.));
#928 = CARTESIAN_POINT('',(144.21891542918,97.847725803797,0.5));
#929 = CARTESIAN_POINT('',(125.43015881201,97.413816770335,-11.));
#930 = CARTESIAN_POINT('',(141.9087392938,98.949240118394,0.5));
#931 = CARTESIAN_POINT('',(123.21238972205,98.471270512346,-11.));
#932 = CARTESIAN_POINT('',(139.45436926061,99.499999980407,0.5));
#933 = CARTESIAN_POINT('',(120.85619449019,98.999999979879,-11.));
#934 = CARTESIAN_POINT('',(137.,99.499999980408,0.5));
#935 = CARTESIAN_POINT('',(118.5,98.999999979879,-11.));
#936 = DEFINITIONAL_REPRESENTATION('',(#937),#960);
#937 = B_SPLINE_CURVE_WITH_KNOTS('',6,(#938,#939,#940,#941,#942,#943,
    #944,#945,#946,#947,#948,#949,#950,#951,#952,#953,#954,#955,#956,
    #957,#958,#959),.UNSPECIFIED.,.F.,.F.,(7,5,5,5,7),(0.,0.25199987188,
    0.500999935546,0.749999999273,1.),.UNSPECIFIED.);
#938 = CARTESIAN_POINT('',(4.712388980385,4.347826086957E-02));
#939 = CARTESIAN_POINT('',(4.646416624187,4.347826086957E-02));
#940 = CARTESIAN_POINT('',(4.580440353736,4.347826086957E-02));
#941 = CARTESIAN_POINT('',(4.514468644383,4.347826086957E-02));
#942 = CARTESIAN_POINT('',(4.448496940501,4.347826086957E-02));
#943 = CARTESIAN_POINT('',(4.382520662951,4.347826086957E-02));
#944 = CARTESIAN_POINT('',(4.251361284506,4.347826086957E-02));
#945 = CARTESIAN_POINT('',(4.186170570169,4.347826086957E-02));
#946 = CARTESIAN_POINT('',(4.120984167495,4.347826086957E-02));
#947 = CARTESIAN_POINT('',(4.05579776217,4.347826086957E-02));
#948 = CARTESIAN_POINT('',(3.990607044299,4.347826086957E-02));
#949 = CARTESIAN_POINT('',(3.860232997006,4.347826086957E-02));
#950 = CARTESIAN_POINT('',(3.795042279163,4.347826086957E-02));
#951 = CARTESIAN_POINT('',(3.729855873907,4.347826086957E-02));
#952 = CARTESIAN_POINT('',(3.664669471276,4.347826086957E-02));
#953 = CARTESIAN_POINT('',(3.599478756893,4.347826086957E-02));
#954 = CARTESIAN_POINT('',(3.468842934976,4.347826086957E-02));
#955 = CARTESIAN_POINT('',(3.40339036574,4.347826086957E-02));
#956 = CARTESIAN_POINT('',(3.337942193101,4.347826086957E-02));
#957 = CARTESIAN_POINT('',(3.272494015294,4.347826086957E-02));
#958 = CARTESIAN_POINT('',(3.207041453152,4.347826086957E-02));
#959 = CARTESIAN_POINT('',(3.14159265359,4.347826086957E-02));
#960 = ( GEOMETRIC_REPRESENTATION_CONTEXT(2) 
PARAMETRIC_REPRESENTATION_CONTEXT() REPRESENTATION_CONTEXT('2D SPACE',''
  ) );
#961 = ORIENTED_EDGE('',*,*,#962,.T.);
#962 = EDGE_CURVE('',#864,#963,#965,.T.);
#963 = VERTEX_POINT('',#964);
#964 = CARTESIAN_POINT('',(149.,86.999999979879,0.));
#965 = SURFACE_CURVE('',#966,(#971,#982),.PCURVE_S1.);
#966 = CIRCLE('',#967,12.);
#967 = AXIS2_PLACEMENT_3D('',#968,#969,#970);
#968 = CARTESIAN_POINT('',(137.,86.999999979879,0.));
#969 = DIRECTION('',(0.,0.,-1.));
#970 = DIRECTION('',(-1.,0.,0.));
#971 = PCURVE('',#126,#972);
#972 = DEFINITIONAL_REPRESENTATION('',(#973),#981);
#973 = ( BOUNDED_CURVE() B_SPLINE_CURVE(2,(#974,#975,#976,#977,#978,#979
,#980),.UNSPECIFIED.,.T.,.F.) B_SPLINE_CURVE_WITH_KNOTS((1,2,2,2,2,1),(
    -2.094395102393,0.,2.094395102393,4.188790204786,6.28318530718,
8.377580409573),.UNSPECIFIED.) CURVE() GEOMETRIC_REPRESENTATION_ITEM() 
RATIONAL_B_SPLINE_CURVE((1.,0.5,1.,0.5,1.,0.5,1.)) REPRESENTATION_ITEM(
  '') );
#974 = CARTESIAN_POINT('',(125.,86.999999983709));
#975 = CARTESIAN_POINT('',(125.,107.78460967453));
#976 = CARTESIAN_POINT('',(143.,97.392304829122));
#977 = CARTESIAN_POINT('',(161.,86.999999983709));
#978 = CARTESIAN_POINT('',(143.,76.607695138295));
#979 = CARTESIAN_POINT('',(125.,66.215390292882));
#980 = CARTESIAN_POINT('',(125.,86.999999983709));
#981 = ( GEOMETRIC_REPRESENTATION_CONTEXT(2) 
PARAMETRIC_REPRESENTATION_CONTEXT() REPRESENTATION_CONTEXT('2D SPACE',''
  ) );
#982 = PCURVE('',#983,#988);
#983 = CYLINDRICAL_SURFACE('',#984,12.);
#984 = AXIS2_PLACEMENT_3D('',#985,#986,#987);
#985 = CARTESIAN_POINT('',(137.,86.999999979879,0.));
#986 = DIRECTION('',(0.,0.,-1.));
#987 = DIRECTION('',(-1.,0.,0.));
#988 = DEFINITIONAL_REPRESENTATION('',(#989),#993);
#989 = LINE('',#990,#991);
#990 = CARTESIAN_POINT('',(0.,0.));
#991 = VECTOR('',#992,1.);
#992 = DIRECTION('',(1.,0.));
#993 = ( GEOMETRIC_REPRESENTATION_CONTEXT(2) 
PARAMETRIC_REPRESENTATION_CONTEXT() REPRESENTATION_CONTEXT('2D SPACE',''
  ) );
#994 = ORIENTED_EDGE('',*,*,#995,.F.);
#995 = EDGE_CURVE('',#996,#963,#998,.T.);
#996 = VERTEX_POINT('',#997);
#997 = CARTESIAN_POINT('',(149.,-87.,0.));
#998 = SURFACE_CURVE('',#999,(#1003,#1010),.PCURVE_S1.);
#999 = LINE('',#1000,#1001);
#1000 = CARTESIAN_POINT('',(149.,2.195577053499E-12,0.));
#1001 = VECTOR('',#1002,1.);
#1002 = DIRECTION('',(0.,1.,0.));
#1003 = PCURVE('',#126,#1004);
#1004 = DEFINITIONAL_REPRESENTATION('',(#1005),#1009);
#1005 = LINE('',#1006,#1007);
#1006 = CARTESIAN_POINT('',(149.,3.831708101095E-09));
#1007 = VECTOR('',#1008,1.);
#1008 = DIRECTION('',(0.,1.));
#1009 = ( GEOMETRIC_REPRESENTATION_CONTEXT(2) 
PARAMETRIC_REPRESENTATION_CONTEXT() REPRESENTATION_CONTEXT('2D SPACE',''
  ) );
#1010 = PCURVE('',#1011,#1016);
#1011 = PLANE('',#1012);
#1012 = AXIS2_PLACEMENT_3D('',#1013,#1014,#1015);
#1013 = CARTESIAN_POINT('',(149.,-87.,0.));
#1014 = DIRECTION('',(-1.,0.,0.));
#1015 = DIRECTION('',(0.,1.,0.));
#1016 = DEFINITIONAL_REPRESENTATION('',(#1017),#1021);
#1017 = LINE('',#1018,#1019);
#1018 = CARTESIAN_POINT('',(87.000000000004,0.));
#1019 = VECTOR('',#1020,1.);
#1020 = DIRECTION('',(1.,0.));
#1021 = ( GEOMETRIC_REPRESENTATION_CONTEXT(2) 
PARAMETRIC_REPRESENTATION_CONTEXT() REPRESENTATION_CONTEXT('2D SPACE',''
  ) );
#1022 = ORIENTED_EDGE('',*,*,#1023,.T.);
#1023 = EDGE_CURVE('',#996,#1024,#1026,.T.);
#1024 = VERTEX_POINT('',#1025);
#1025 = CARTESIAN_POINT('',(143.87514683645,-96.83526084947,0.));
#1026 = SURFACE_CURVE('',#1027,(#1032,#1043),.PCURVE_S1.);
#1027 = CIRCLE('',#1028,12.);
#1028 = AXIS2_PLACEMENT_3D('',#1029,#1030,#1031);
#1029 = CARTESIAN_POINT('',(137.,-87.,0.));
#1030 = DIRECTION('',(0.,0.,-1.));
#1031 = DIRECTION('',(-1.,0.,0.));
#1032 = PCURVE('',#126,#1033);
#1033 = DEFINITIONAL_REPRESENTATION('',(#1034),#1042);
#1034 = ( BOUNDED_CURVE() B_SPLINE_CURVE(2,(#1035,#1036,#1037,#1038,
#1039,#1040,#1041),.UNSPECIFIED.,.T.,.F.) B_SPLINE_CURVE_WITH_KNOTS((1,2
    ,2,2,2,1),(-2.094395102393,0.,2.094395102393,4.188790204786,
6.28318530718,8.377580409573),.UNSPECIFIED.) CURVE() 
GEOMETRIC_REPRESENTATION_ITEM() RATIONAL_B_SPLINE_CURVE((1.,0.5,1.,0.5,
1.,0.5,1.)) REPRESENTATION_ITEM('') );
#1035 = CARTESIAN_POINT('',(125.,-86.99999999617));
#1036 = CARTESIAN_POINT('',(125.,-66.21539030534));
#1037 = CARTESIAN_POINT('',(143.,-76.60769515075));
#1038 = CARTESIAN_POINT('',(161.,-86.99999999617));
#1039 = CARTESIAN_POINT('',(143.,-97.39230484158));
#1040 = CARTESIAN_POINT('',(125.,-107.7846096869));
#1041 = CARTESIAN_POINT('',(125.,-86.99999999617));
#1042 = ( GEOMETRIC_REPRESENTATION_CONTEXT(2) 
PARAMETRIC_REPRESENTATION_CONTEXT() REPRESENTATION_CONTEXT('2D SPACE',''
  ) );
#1043 = PCURVE('',#1044,#1049);
#1044 = CYLINDRICAL_SURFACE('',#1045,12.);
#1045 = AXIS2_PLACEMENT_3D('',#1046,#1047,#1048);
#1046 = CARTESIAN_POINT('',(137.,-87.,0.));
#1047 = DIRECTION('',(0.,0.,-1.));
#1048 = DIRECTION('',(-1.,0.,0.));
#1049 = DEFINITIONAL_REPRESENTATION('',(#1050),#1054);
#1050 = LINE('',#1051,#1052);
#1051 = CARTESIAN_POINT('',(0.,0.));
#1052 = VECTOR('',#1053,1.);
#1053 = DIRECTION('',(1.,0.));
#1054 = ( GEOMETRIC_REPRESENTATION_CONTEXT(2) 
PARAMETRIC_REPRESENTATION_CONTEXT() REPRESENTATION_CONTEXT('2D SPACE',''
  ) );
#1055 = ORIENTED_EDGE('',*,*,#1056,.T.);
#1056 = EDGE_CURVE('',#1024,#1057,#1059,.T.);
#1057 = VERTEX_POINT('',#1058);
#1058 = CARTESIAN_POINT('',(136.19565217391,-99.47826086956,
    3.330669073875E-16));
#1059 = SURFACE_CURVE('',#1060,(#1083,#1109),.PCURVE_S1.);
#1060 = B_SPLINE_CURVE_WITH_KNOTS('',6,(#1061,#1062,#1063,#1064,#1065,
    #1066,#1067,#1068,#1069,#1070,#1071,#1072,#1073,#1074,#1075,#1076,
    #1077,#1078,#1079,#1080,#1081,#1082),.UNSPECIFIED.,.F.,.F.,(7,5,5,5,
    7),(0.,0.25199987188,0.500999935546,0.749999999272,1.),
  .UNSPECIFIED.);
#1061 = CARTESIAN_POINT('',(148.67391304347,-87.,0.));
#1062 = CARTESIAN_POINT('',(148.67391304347,-87.82322027082,0.));
#1063 = CARTESIAN_POINT('',(148.60874118148,-88.64648993617,0.));
#1064 = CARTESIAN_POINT('',(148.47838347572,-89.46325048515,0.));
#1065 = CARTESIAN_POINT('',(148.28373126353,-90.26711704125,0.));
#1066 = CARTESIAN_POINT('',(148.02642390499,-91.05185470625,0.));
#1067 = CARTESIAN_POINT('',(147.39536134862,-92.56193869773,0.));
#1068 = CARTESIAN_POINT('',(147.02299229209,-93.28796821539,0.));
#1069 = CARTESIAN_POINT('',(146.59432260955,-93.98366558431,0.));
#1070 = CARTESIAN_POINT('',(146.11251128629,-94.64367344124,0.));
#1071 = CARTESIAN_POINT('',(145.58132235214,-95.26304077167,0.));
#1072 = CARTESIAN_POINT('',(144.42916626564,-96.41158292681,0.));
#1073 = CARTESIAN_POINT('',(143.80813321499,-96.94082344308,0.));
#1074 = CARTESIAN_POINT('',(143.14661496252,-97.4205589165,0.));
#1075 = CARTESIAN_POINT('',(142.4495743235,-97.84704089002,0.));
#1076 = CARTESIAN_POINT('',(141.72237855853,-98.21712722384,0.));
#1077 = CARTESIAN_POINT('',(140.2163552562,-98.84094250442,0.));
#1078 = CARTESIAN_POINT('',(139.43724493819,-99.09423431383,0.));
#1079 = CARTESIAN_POINT('',(138.63945427912,-99.28582286714,0.));
#1080 = CARTESIAN_POINT('',(137.82907403871,-99.41411931293,0.));
#1081 = CARTESIAN_POINT('',(137.01233936845,-99.47826086956,0.));
#1082 = CARTESIAN_POINT('',(136.19565217391,-99.47826086956,0.));
#1083 = PCURVE('',#126,#1084);
#1084 = DEFINITIONAL_REPRESENTATION('',(#1085),#1108);
#1085 = B_SPLINE_CURVE_WITH_KNOTS('',6,(#1086,#1087,#1088,#1089,#1090,
    #1091,#1092,#1093,#1094,#1095,#1096,#1097,#1098,#1099,#1100,#1101,
    #1102,#1103,#1104,#1105,#1106,#1107),.UNSPECIFIED.,.F.,.F.,(7,5,5,5,
    7),(0.,0.25199987188,0.500999935546,0.749999999272,1.),
  .UNSPECIFIED.);
#1086 = CARTESIAN_POINT('',(148.67391304347,-86.99999999617));
#1087 = CARTESIAN_POINT('',(148.67391304347,-87.82322026699));
#1088 = CARTESIAN_POINT('',(148.60874118148,-88.64648993234));
#1089 = CARTESIAN_POINT('',(148.47838347572,-89.46325048132));
#1090 = CARTESIAN_POINT('',(148.28373126353,-90.26711703742));
#1091 = CARTESIAN_POINT('',(148.02642390499,-91.05185470242));
#1092 = CARTESIAN_POINT('',(147.39536134862,-92.5619386939));
#1093 = CARTESIAN_POINT('',(147.02299229209,-93.28796821157));
#1094 = CARTESIAN_POINT('',(146.59432260955,-93.98366558048));
#1095 = CARTESIAN_POINT('',(146.11251128629,-94.64367343741));
#1096 = CARTESIAN_POINT('',(145.58132235214,-95.26304076784));
#1097 = CARTESIAN_POINT('',(144.42916626564,-96.41158292298));
#1098 = CARTESIAN_POINT('',(143.80813321499,-96.94082343925));
#1099 = CARTESIAN_POINT('',(143.14661496252,-97.42055891267));
#1100 = CARTESIAN_POINT('',(142.4495743235,-97.84704088619));
#1101 = CARTESIAN_POINT('',(141.72237855853,-98.21712722001));
#1102 = CARTESIAN_POINT('',(140.2163552562,-98.84094250059));
#1103 = CARTESIAN_POINT('',(139.43724493819,-99.09423431));
#1104 = CARTESIAN_POINT('',(138.63945427912,-99.28582286331));
#1105 = CARTESIAN_POINT('',(137.82907403871,-99.4141193091));
#1106 = CARTESIAN_POINT('',(137.01233936845,-99.47826086573));
#1107 = CARTESIAN_POINT('',(136.19565217391,-99.47826086573));
#1108 = ( GEOMETRIC_REPRESENTATION_CONTEXT(2) 
PARAMETRIC_REPRESENTATION_CONTEXT() REPRESENTATION_CONTEXT('2D SPACE',''
  ) );
#1109 = PCURVE('',#1110,#1129);
#1110 = B_SPLINE_SURFACE_WITH_KNOTS('',8,1,(
    (#1111,#1112)
    ,(#1113,#1114)
    ,(#1115,#1116)
    ,(#1117,#1118)
    ,(#1119,#1120)
    ,(#1121,#1122)
    ,(#1123,#1124)
    ,(#1125,#1126)
    ,(#1127,#1128
    )),.UNSPECIFIED.,.F.,.F.,.F.,(9,9),(2,2),(1.570796326795,
    3.14159265359),(0.,1.),.PIECEWISE_BEZIER_KNOTS.);
#1111 = CARTESIAN_POINT('',(137.,-99.5,0.5));
#1112 = CARTESIAN_POINT('',(118.5,-99.,-11.));
#1113 = CARTESIAN_POINT('',(139.45436926061,-99.5,0.5));
#1114 = CARTESIAN_POINT('',(120.85619449019,-99.,-11.));
#1115 = CARTESIAN_POINT('',(141.9087392938,-98.94924013798,0.5));
#1116 = CARTESIAN_POINT('',(123.21238972205,-98.47127053247,-11.));
#1117 = CARTESIAN_POINT('',(144.21891542918,-97.84772582339,0.5));
#1118 = CARTESIAN_POINT('',(125.43015881201,-97.41381679045,-11.));
#1119 = CARTESIAN_POINT('',(146.24073444724,-96.24073444725,0.5));
#1120 = CARTESIAN_POINT('',(127.37110506936,-95.87110506936,-11.));
#1121 = CARTESIAN_POINT('',(147.84772582339,-94.21891542919,0.5));
#1122 = CARTESIAN_POINT('',(128.91381679045,-93.93015881202,-11.));
#1123 = CARTESIAN_POINT('',(148.94924013798,-91.9087392938,0.5));
#1124 = CARTESIAN_POINT('',(129.97127053246,-91.71238972205,-11.));
#1125 = CARTESIAN_POINT('',(149.5,-89.45436926061,0.5));
#1126 = CARTESIAN_POINT('',(130.5,-89.35619449019,-11.));
#1127 = CARTESIAN_POINT('',(149.5,-87.,0.5));
#1128 = CARTESIAN_POINT('',(130.5,-87.,-11.));
#1129 = DEFINITIONAL_REPRESENTATION('',(#1130),#1153);
#1130 = B_SPLINE_CURVE_WITH_KNOTS('',6,(#1131,#1132,#1133,#1134,#1135,
    #1136,#1137,#1138,#1139,#1140,#1141,#1142,#1143,#1144,#1145,#1146,
    #1147,#1148,#1149,#1150,#1151,#1152),.UNSPECIFIED.,.F.,.F.,(7,5,5,5,
    7),(0.,0.25199987188,0.500999935546,0.749999999272,1.),
  .UNSPECIFIED.);
#1131 = CARTESIAN_POINT('',(3.14159265359,4.347826086957E-02));
#1132 = CARTESIAN_POINT('',(3.075620297392,4.347826086957E-02));
#1133 = CARTESIAN_POINT('',(3.009644026942,4.347826086957E-02));
#1134 = CARTESIAN_POINT('',(2.943672317588,4.347826086957E-02));
#1135 = CARTESIAN_POINT('',(2.877700613706,4.347826086957E-02));
#1136 = CARTESIAN_POINT('',(2.811724336156,4.347826086957E-02));
#1137 = CARTESIAN_POINT('',(2.680564957712,4.347826086957E-02));
#1138 = CARTESIAN_POINT('',(2.615374243375,4.347826086957E-02));
#1139 = CARTESIAN_POINT('',(2.5501878407,4.347826086957E-02));
#1140 = CARTESIAN_POINT('',(2.485001435375,4.347826086957E-02));
#1141 = CARTESIAN_POINT('',(2.419810717504,4.347826086957E-02));
#1142 = CARTESIAN_POINT('',(2.289436670211,4.347826086957E-02));
#1143 = CARTESIAN_POINT('',(2.224245952368,4.347826086956E-02));
#1144 = CARTESIAN_POINT('',(2.159059547112,4.347826086957E-02));
#1145 = CARTESIAN_POINT('',(2.093873144481,4.347826086956E-02));
#1146 = CARTESIAN_POINT('',(2.028682430098,4.347826086957E-02));
#1147 = CARTESIAN_POINT('',(1.898046608181,4.347826086957E-02));
#1148 = CARTESIAN_POINT('',(1.832594038945,4.347826086957E-02));
#1149 = CARTESIAN_POINT('',(1.767145866306,4.347826086957E-02));
#1150 = CARTESIAN_POINT('',(1.701697688499,4.347826086956E-02));
#1151 = CARTESIAN_POINT('',(1.636245126357,4.347826086957E-02));
#1152 = CARTESIAN_POINT('',(1.570796326795,4.347826086957E-02));
#1153 = ( GEOMETRIC_REPRESENTATION_CONTEXT(2) 
PARAMETRIC_REPRESENTATION_CONTEXT() REPRESENTATION_CONTEXT('2D SPACE',''
  ) );
#1154 = ORIENTED_EDGE('',*,*,#1155,.T.);
#1155 = EDGE_CURVE('',#1057,#545,#1156,.T.);
#1156 = SURFACE_CURVE('',#1157,(#1160,#1166),.PCURVE_S1.);
#1157 = B_SPLINE_CURVE_WITH_KNOTS('',1,(#1158,#1159),.UNSPECIFIED.,.F.,
  .F.,(2,2),(0.,1.),.PIECEWISE_BEZIER_KNOTS.);
#1158 = CARTESIAN_POINT('',(136.19565217391,-99.47826086956,0.));
#1159 = CARTESIAN_POINT('',(-136.1956521739,-99.47826086956,0.));
#1160 = PCURVE('',#126,#1161);
#1161 = DEFINITIONAL_REPRESENTATION('',(#1162),#1165);
#1162 = B_SPLINE_CURVE_WITH_KNOTS('',1,(#1163,#1164),.UNSPECIFIED.,.F.,
  .F.,(2,2),(0.,1.),.PIECEWISE_BEZIER_KNOTS.);
#1163 = CARTESIAN_POINT('',(136.19565217391,-99.47826086573));
#1164 = CARTESIAN_POINT('',(-136.1956521739,-99.47826086573));
#1165 = ( GEOMETRIC_REPRESENTATION_CONTEXT(2) 
PARAMETRIC_REPRESENTATION_CONTEXT() REPRESENTATION_CONTEXT('2D SPACE',''
  ) );
#1166 = PCURVE('',#1167,#1172);
#1167 = B_SPLINE_SURFACE_WITH_KNOTS('',1,1,(
    (#1168,#1169)
    ,(#1170,#1171
    )),.UNSPECIFIED.,.F.,.F.,.F.,(2,2),(2,2),(-137.,137.),(0.,1.),
  .PIECEWISE_BEZIER_KNOTS.);
#1168 = CARTESIAN_POINT('',(-137.,-99.49999999999,0.5));
#1169 = CARTESIAN_POINT('',(-118.5,-98.99999999999,-11.));
#1170 = CARTESIAN_POINT('',(137.,-99.49999999999,0.5));
#1171 = CARTESIAN_POINT('',(118.5,-98.99999999999,-11.));
#1172 = DEFINITIONAL_REPRESENTATION('',(#1173),#1176);
#1173 = B_SPLINE_CURVE_WITH_KNOTS('',1,(#1174,#1175),.UNSPECIFIED.,.F.,
  .F.,(2,2),(0.,1.),.PIECEWISE_BEZIER_KNOTS.);
#1174 = CARTESIAN_POINT('',(137.,4.347826086957E-02));
#1175 = CARTESIAN_POINT('',(-137.,4.347826086957E-02));
#1176 = ( GEOMETRIC_REPRESENTATION_CONTEXT(2) 
PARAMETRIC_REPRESENTATION_CONTEXT() REPRESENTATION_CONTEXT('2D SPACE',''
  ) );
#1177 = FACE_BOUND('',#1178,.F.);
#1178 = EDGE_LOOP('',(#1179));
#1179 = ORIENTED_EDGE('',*,*,#1180,.F.);
#1180 = EDGE_CURVE('',#1181,#1181,#1183,.T.);
#1181 = VERTEX_POINT('',#1182);
#1182 = CARTESIAN_POINT('',(-152.3,55.,0.));
#1183 = SURFACE_CURVE('',#1184,(#1189,#1196),.PCURVE_S1.);
#1184 = CIRCLE('',#1185,1.7);
#1185 = AXIS2_PLACEMENT_3D('',#1186,#1187,#1188);
#1186 = CARTESIAN_POINT('',(-154.,55.,0.));
#1187 = DIRECTION('',(0.,0.,1.));
#1188 = DIRECTION('',(1.,0.,-0.));
#1189 = PCURVE('',#126,#1190);
#1190 = DEFINITIONAL_REPRESENTATION('',(#1191),#1195);
#1191 = CIRCLE('',#1192,1.7);
#1192 = AXIS2_PLACEMENT_2D('',#1193,#1194);
#1193 = CARTESIAN_POINT('',(-154.,55.00000000383));
#1194 = DIRECTION('',(1.,0.));
#1195 = ( GEOMETRIC_REPRESENTATION_CONTEXT(2) 
PARAMETRIC_REPRESENTATION_CONTEXT() REPRESENTATION_CONTEXT('2D SPACE',''
  ) );
#1196 = PCURVE('',#1197,#1202);
#1197 = CYLINDRICAL_SURFACE('',#1198,1.7);
#1198 = AXIS2_PLACEMENT_3D('',#1199,#1200,#1201);
#1199 = CARTESIAN_POINT('',(-154.,55.,-1.));
#1200 = DIRECTION('',(0.,0.,1.));
#1201 = DIRECTION('',(1.,0.,-0.));
#1202 = DEFINITIONAL_REPRESENTATION('',(#1203),#1207);
#1203 = LINE('',#1204,#1205);
#1204 = CARTESIAN_POINT('',(0.,1.));
#1205 = VECTOR('',#1206,1.);
#1206 = DIRECTION('',(1.,0.));
#1207 = ( GEOMETRIC_REPRESENTATION_CONTEXT(2) 
PARAMETRIC_REPRESENTATION_CONTEXT() REPRESENTATION_CONTEXT('2D SPACE',''
  ) );
#1208 = FACE_BOUND('',#1209,.F.);
#1209 = EDGE_LOOP('',(#1210));
#1210 = ORIENTED_EDGE('',*,*,#1211,.F.);
#1211 = EDGE_CURVE('',#1212,#1212,#1214,.T.);
#1212 = VERTEX_POINT('',#1213);
#1213 = CARTESIAN_POINT('',(155.7,55.,0.));
#1214 = SURFACE_CURVE('',#1215,(#1220,#1227),.PCURVE_S1.);
#1215 = CIRCLE('',#1216,1.7);
#1216 = AXIS2_PLACEMENT_3D('',#1217,#1218,#1219);
#1217 = CARTESIAN_POINT('',(154.,55.,0.));
#1218 = DIRECTION('',(0.,0.,1.));
#1219 = DIRECTION('',(1.,0.,-0.));
#1220 = PCURVE('',#126,#1221);
#1221 = DEFINITIONAL_REPRESENTATION('',(#1222),#1226);
#1222 = CIRCLE('',#1223,1.7);
#1223 = AXIS2_PLACEMENT_2D('',#1224,#1225);
#1224 = CARTESIAN_POINT('',(154.,55.00000000383));
#1225 = DIRECTION('',(1.,0.));
#1226 = ( GEOMETRIC_REPRESENTATION_CONTEXT(2) 
PARAMETRIC_REPRESENTATION_CONTEXT() REPRESENTATION_CONTEXT('2D SPACE',''
  ) );
#1227 = PCURVE('',#1228,#1233);
#1228 = CYLINDRICAL_SURFACE('',#1229,1.7);
#1229 = AXIS2_PLACEMENT_3D('',#1230,#1231,#1232);
#1230 = CARTESIAN_POINT('',(154.,55.,-1.));
#1231 = DIRECTION('',(0.,0.,1.));
#1232 = DIRECTION('',(1.,0.,-0.));
#1233 = DEFINITIONAL_REPRESENTATION('',(#1234),#1238);
#1234 = LINE('',#1235,#1236);
#1235 = CARTESIAN_POINT('',(0.,1.));
#1236 = VECTOR('',#1237,1.);
#1237 = DIRECTION('',(1.,0.));
#1238 = ( GEOMETRIC_REPRESENTATION_CONTEXT(2) 
PARAMETRIC_REPRESENTATION_CONTEXT() REPRESENTATION_CONTEXT('2D SPACE',''
  ) );
#1239 = ADVANCED_FACE('',(#1240),#100,.T.);
#1240 = FACE_BOUND('',#1241,.T.);
#1241 = EDGE_LOOP('',(#1242,#1243,#1267,#1288));
#1242 = ORIENTED_EDGE('',*,*,#84,.T.);
#1243 = ORIENTED_EDGE('',*,*,#1244,.T.);
#1244 = EDGE_CURVE('',#57,#1245,#1247,.T.);
#1245 = VERTEX_POINT('',#1246);
#1246 = CARTESIAN_POINT('',(-142.,104.99999998278,1.7));
#1247 = SURFACE_CURVE('',#1248,(#1253,#1260),.PCURVE_S1.);
#1248 = CIRCLE('',#1249,16.);
#1249 = AXIS2_PLACEMENT_3D('',#1250,#1251,#1252);
#1250 = CARTESIAN_POINT('',(-142.,88.999999982786,1.7));
#1251 = DIRECTION('',(-0.,0.,-1.));
#1252 = DIRECTION('',(-1.,0.,0.));
#1253 = PCURVE('',#100,#1254);
#1254 = DEFINITIONAL_REPRESENTATION('',(#1255),#1259);
#1255 = LINE('',#1256,#1257);
#1256 = CARTESIAN_POINT('',(0.,-1.7));
#1257 = VECTOR('',#1258,1.);
#1258 = DIRECTION('',(1.,0.));
#1259 = ( GEOMETRIC_REPRESENTATION_CONTEXT(2) 
PARAMETRIC_REPRESENTATION_CONTEXT() REPRESENTATION_CONTEXT('2D SPACE',''
  ) );
#1260 = PCURVE('',#292,#1261);
#1261 = DEFINITIONAL_REPRESENTATION('',(#1262),#1266);
#1262 = LINE('',#1263,#1264);
#1263 = CARTESIAN_POINT('',(-0.,0.));
#1264 = VECTOR('',#1265,1.);
#1265 = DIRECTION('',(-1.,0.));
#1266 = ( GEOMETRIC_REPRESENTATION_CONTEXT(2) 
PARAMETRIC_REPRESENTATION_CONTEXT() REPRESENTATION_CONTEXT('2D SPACE',''
  ) );
#1267 = ORIENTED_EDGE('',*,*,#1268,.F.);
#1268 = EDGE_CURVE('',#427,#1245,#1269,.T.);
#1269 = SURFACE_CURVE('',#1270,(#1274,#1281),.PCURVE_S1.);
#1270 = LINE('',#1271,#1272);
#1271 = CARTESIAN_POINT('',(-142.,104.99999999139,0.));
#1272 = VECTOR('',#1273,1.);
#1273 = DIRECTION('',(0.,0.,1.));
#1274 = PCURVE('',#100,#1275);
#1275 = DEFINITIONAL_REPRESENTATION('',(#1276),#1280);
#1276 = LINE('',#1277,#1278);
#1277 = CARTESIAN_POINT('',(1.570796326795,0.));
#1278 = VECTOR('',#1279,1.);
#1279 = DIRECTION('',(0.,-1.));
#1280 = ( GEOMETRIC_REPRESENTATION_CONTEXT(2) 
PARAMETRIC_REPRESENTATION_CONTEXT() REPRESENTATION_CONTEXT('2D SPACE',''
  ) );
#1281 = PCURVE('',#442,#1282);
#1282 = DEFINITIONAL_REPRESENTATION('',(#1283),#1287);
#1283 = LINE('',#1284,#1285);
#1284 = CARTESIAN_POINT('',(0.,0.));
#1285 = VECTOR('',#1286,1.);
#1286 = DIRECTION('',(0.,-1.));
#1287 = ( GEOMETRIC_REPRESENTATION_CONTEXT(2) 
PARAMETRIC_REPRESENTATION_CONTEXT() REPRESENTATION_CONTEXT('2D SPACE',''
  ) );
#1288 = ORIENTED_EDGE('',*,*,#454,.F.);
#1289 = ADVANCED_FACE('',(#1290),#159,.F.);
#1290 = FACE_BOUND('',#1291,.F.);
#1291 = EDGE_LOOP('',(#1292,#1293,#1321,#1342));
#1292 = ORIENTED_EDGE('',*,*,#141,.T.);
#1293 = ORIENTED_EDGE('',*,*,#1294,.F.);
#1294 = EDGE_CURVE('',#1295,#144,#1297,.T.);
#1295 = VERTEX_POINT('',#1296);
#1296 = CARTESIAN_POINT('',(142.,-105.,1.7));
#1297 = SURFACE_CURVE('',#1298,(#1302,#1309),.PCURVE_S1.);
#1298 = LINE('',#1299,#1300);
#1299 = CARTESIAN_POINT('',(142.,-104.9999999999,1.7));
#1300 = VECTOR('',#1301,1.);
#1301 = DIRECTION('',(-1.,-0.,-0.));
#1302 = PCURVE('',#159,#1303);
#1303 = DEFINITIONAL_REPRESENTATION('',(#1304),#1308);
#1304 = LINE('',#1305,#1306);
#1305 = CARTESIAN_POINT('',(284.,-1.7));
#1306 = VECTOR('',#1307,1.);
#1307 = DIRECTION('',(-1.,0.));
#1308 = ( GEOMETRIC_REPRESENTATION_CONTEXT(2) 
PARAMETRIC_REPRESENTATION_CONTEXT() REPRESENTATION_CONTEXT('2D SPACE',''
  ) );
#1309 = PCURVE('',#1310,#1315);
#1310 = CYLINDRICAL_SURFACE('',#1311,0.8);
#1311 = AXIS2_PLACEMENT_3D('',#1312,#1313,#1314);
#1312 = CARTESIAN_POINT('',(142.,-104.1999999999,1.7));
#1313 = DIRECTION('',(-1.,-0.,-0.));
#1314 = DIRECTION('',(0.,-1.,0.));
#1315 = DEFINITIONAL_REPRESENTATION('',(#1316),#1320);
#1316 = LINE('',#1317,#1318);
#1317 = CARTESIAN_POINT('',(0.,0.));
#1318 = VECTOR('',#1319,1.);
#1319 = DIRECTION('',(0.,1.));
#1320 = ( GEOMETRIC_REPRESENTATION_CONTEXT(2) 
PARAMETRIC_REPRESENTATION_CONTEXT() REPRESENTATION_CONTEXT('2D SPACE',''
  ) );
#1321 = ORIENTED_EDGE('',*,*,#1322,.F.);
#1322 = EDGE_CURVE('',#310,#1295,#1323,.T.);
#1323 = SURFACE_CURVE('',#1324,(#1328,#1335),.PCURVE_S1.);
#1324 = LINE('',#1325,#1326);
#1325 = CARTESIAN_POINT('',(142.,-105.,0.));
#1326 = VECTOR('',#1327,1.);
#1327 = DIRECTION('',(0.,0.,1.));
#1328 = PCURVE('',#159,#1329);
#1329 = DEFINITIONAL_REPRESENTATION('',(#1330),#1334);
#1330 = LINE('',#1331,#1332);
#1331 = CARTESIAN_POINT('',(284.,0.));
#1332 = VECTOR('',#1333,1.);
#1333 = DIRECTION('',(0.,-1.));
#1334 = ( GEOMETRIC_REPRESENTATION_CONTEXT(2) 
PARAMETRIC_REPRESENTATION_CONTEXT() REPRESENTATION_CONTEXT('2D SPACE',''
  ) );
#1335 = PCURVE('',#353,#1336);
#1336 = DEFINITIONAL_REPRESENTATION('',(#1337),#1341);
#1337 = LINE('',#1338,#1339);
#1338 = CARTESIAN_POINT('',(4.712388980385,0.));
#1339 = VECTOR('',#1340,1.);
#1340 = DIRECTION('',(0.,-1.));
#1341 = ( GEOMETRIC_REPRESENTATION_CONTEXT(2) 
PARAMETRIC_REPRESENTATION_CONTEXT() REPRESENTATION_CONTEXT('2D SPACE',''
  ) );
#1342 = ORIENTED_EDGE('',*,*,#309,.F.);
#1343 = ADVANCED_FACE('',(#1344),#186,.T.);
#1344 = FACE_BOUND('',#1345,.F.);
#1345 = EDGE_LOOP('',(#1346,#1368,#1369,#1370));
#1346 = ORIENTED_EDGE('',*,*,#1347,.F.);
#1347 = EDGE_CURVE('',#144,#1348,#1350,.T.);
#1348 = VERTEX_POINT('',#1349);
#1349 = CARTESIAN_POINT('',(-142.,-104.1999999999,2.5));
#1350 = SURFACE_CURVE('',#1351,(#1356,#1362),.PCURVE_S1.);
#1351 = CIRCLE('',#1352,0.8);
#1352 = AXIS2_PLACEMENT_3D('',#1353,#1354,#1355);
#1353 = CARTESIAN_POINT('',(-142.,-104.1999999999,1.7));
#1354 = DIRECTION('',(-1.,-0.,0.));
#1355 = DIRECTION('',(0.,-1.,0.));
#1356 = PCURVE('',#186,#1357);
#1357 = DEFINITIONAL_REPRESENTATION('',(#1358),#1361);
#1358 = B_SPLINE_CURVE_WITH_KNOTS('',1,(#1359,#1360),.UNSPECIFIED.,.F.,
  .F.,(2,2),(0.,1.570796326795),.PIECEWISE_BEZIER_KNOTS.);
#1359 = CARTESIAN_POINT('',(0.,0.));
#1360 = CARTESIAN_POINT('',(0.,1.570796326795));
#1361 = ( GEOMETRIC_REPRESENTATION_CONTEXT(2) 
PARAMETRIC_REPRESENTATION_CONTEXT() REPRESENTATION_CONTEXT('2D SPACE',''
  ) );
#1362 = PCURVE('',#1310,#1363);
#1363 = DEFINITIONAL_REPRESENTATION('',(#1364),#1367);
#1364 = B_SPLINE_CURVE_WITH_KNOTS('',1,(#1365,#1366),.UNSPECIFIED.,.F.,
  .F.,(2,2),(0.,1.570796326795),.PIECEWISE_BEZIER_KNOTS.);
#1365 = CARTESIAN_POINT('',(0.,284.));
#1366 = CARTESIAN_POINT('',(1.570796326795,284.));
#1367 = ( GEOMETRIC_REPRESENTATION_CONTEXT(2) 
PARAMETRIC_REPRESENTATION_CONTEXT() REPRESENTATION_CONTEXT('2D SPACE',''
  ) );
#1368 = ORIENTED_EDGE('',*,*,#171,.T.);
#1369 = ORIENTED_EDGE('',*,*,#228,.T.);
#1370 = ORIENTED_EDGE('',*,*,#1371,.F.);
#1371 = EDGE_CURVE('',#1348,#229,#1372,.T.);
#1372 = SURFACE_CURVE('',#1373,(#1378,#1385),.PCURVE_S1.);
#1373 = CIRCLE('',#1374,15.2);
#1374 = AXIS2_PLACEMENT_3D('',#1375,#1376,#1377);
#1375 = CARTESIAN_POINT('',(-142.,-89.,2.5));
#1376 = DIRECTION('',(-0.,-0.,-1.));
#1377 = DIRECTION('',(0.,-1.,0.));
#1378 = PCURVE('',#186,#1379);
#1379 = DEFINITIONAL_REPRESENTATION('',(#1380),#1384);
#1380 = LINE('',#1381,#1382);
#1381 = CARTESIAN_POINT('',(-0.,1.570796326795));
#1382 = VECTOR('',#1383,1.);
#1383 = DIRECTION('',(-1.,0.));
#1384 = ( GEOMETRIC_REPRESENTATION_CONTEXT(2) 
PARAMETRIC_REPRESENTATION_CONTEXT() REPRESENTATION_CONTEXT('2D SPACE',''
  ) );
#1385 = PCURVE('',#266,#1386);
#1386 = DEFINITIONAL_REPRESENTATION('',(#1387),#1395);
#1387 = ( BOUNDED_CURVE() B_SPLINE_CURVE(2,(#1388,#1389,#1390,#1391,
#1392,#1393,#1394),.UNSPECIFIED.,.T.,.F.) B_SPLINE_CURVE_WITH_KNOTS((1,2
    ,2,2,2,1),(-2.094395102393,0.,2.094395102393,4.188790204786,
6.28318530718,8.377580409573),.UNSPECIFIED.) CURVE() 
GEOMETRIC_REPRESENTATION_ITEM() RATIONAL_B_SPLINE_CURVE((1.,0.5,1.,0.5,
1.,0.5,1.)) REPRESENTATION_ITEM('') );
#1388 = CARTESIAN_POINT('',(-142.,-104.1999999961));
#1389 = CARTESIAN_POINT('',(-168.327172275,-104.1999999961));
#1390 = CARTESIAN_POINT('',(-155.1635861375,-81.39999999617));
#1391 = CARTESIAN_POINT('',(-142.,-58.59999999617));
#1392 = CARTESIAN_POINT('',(-128.8364138624,-81.39999999617));
#1393 = CARTESIAN_POINT('',(-115.6728277249,-104.1999999961));
#1394 = CARTESIAN_POINT('',(-142.,-104.1999999961));
#1395 = ( GEOMETRIC_REPRESENTATION_CONTEXT(2) 
PARAMETRIC_REPRESENTATION_CONTEXT() REPRESENTATION_CONTEXT('2D SPACE',''
  ) );
#1396 = ADVANCED_FACE('',(#1397,#1572,#1603,#1634,#1665,#1911),#266,.T.
  );
#1397 = FACE_BOUND('',#1398,.T.);
#1398 = EDGE_LOOP('',(#1399,#1400,#1401,#1424,#1457,#1485,#1518,#1546));
#1399 = ORIENTED_EDGE('',*,*,#250,.F.);
#1400 = ORIENTED_EDGE('',*,*,#1371,.F.);
#1401 = ORIENTED_EDGE('',*,*,#1402,.F.);
#1402 = EDGE_CURVE('',#1403,#1348,#1405,.T.);
#1403 = VERTEX_POINT('',#1404);
#1404 = CARTESIAN_POINT('',(142.,-104.2,2.5));
#1405 = SURFACE_CURVE('',#1406,(#1410,#1417),.PCURVE_S1.);
#1406 = LINE('',#1407,#1408);
#1407 = CARTESIAN_POINT('',(142.,-104.1999999999,2.5));
#1408 = VECTOR('',#1409,1.);
#1409 = DIRECTION('',(-1.,-0.,-0.));
#1410 = PCURVE('',#266,#1411);
#1411 = DEFINITIONAL_REPRESENTATION('',(#1412),#1416);
#1412 = LINE('',#1413,#1414);
#1413 = CARTESIAN_POINT('',(142.,-104.1999999961));
#1414 = VECTOR('',#1415,1.);
#1415 = DIRECTION('',(-1.,-0.));
#1416 = ( GEOMETRIC_REPRESENTATION_CONTEXT(2) 
PARAMETRIC_REPRESENTATION_CONTEXT() REPRESENTATION_CONTEXT('2D SPACE',''
  ) );
#1417 = PCURVE('',#1310,#1418);
#1418 = DEFINITIONAL_REPRESENTATION('',(#1419),#1423);
#1419 = LINE('',#1420,#1421);
#1420 = CARTESIAN_POINT('',(1.570796326795,0.));
#1421 = VECTOR('',#1422,1.);
#1422 = DIRECTION('',(0.,1.));
#1423 = ( GEOMETRIC_REPRESENTATION_CONTEXT(2) 
PARAMETRIC_REPRESENTATION_CONTEXT() REPRESENTATION_CONTEXT('2D SPACE',''
  ) );
#1424 = ORIENTED_EDGE('',*,*,#1425,.F.);
#1425 = EDGE_CURVE('',#1426,#1403,#1428,.T.);
#1426 = VERTEX_POINT('',#1427);
#1427 = CARTESIAN_POINT('',(157.2,-89.,2.5));
#1428 = SURFACE_CURVE('',#1429,(#1434,#1445),.PCURVE_S1.);
#1429 = CIRCLE('',#1430,15.2);
#1430 = AXIS2_PLACEMENT_3D('',#1431,#1432,#1433);
#1431 = CARTESIAN_POINT('',(142.,-89.,2.5));
#1432 = DIRECTION('',(0.,-0.,-1.));
#1433 = DIRECTION('',(1.,0.,-0.));
#1434 = PCURVE('',#266,#1435);
#1435 = DEFINITIONAL_REPRESENTATION('',(#1436),#1444);
#1436 = ( BOUNDED_CURVE() B_SPLINE_CURVE(2,(#1437,#1438,#1439,#1440,
#1441,#1442,#1443),.UNSPECIFIED.,.T.,.F.) B_SPLINE_CURVE_WITH_KNOTS((1,2
    ,2,2,2,1),(-2.094395102393,0.,2.094395102393,4.188790204786,
6.28318530718,8.377580409573),.UNSPECIFIED.) CURVE() 
GEOMETRIC_REPRESENTATION_ITEM() RATIONAL_B_SPLINE_CURVE((1.,0.5,1.,0.5,
1.,0.5,1.)) REPRESENTATION_ITEM('') );
#1437 = CARTESIAN_POINT('',(157.2,-88.99999999617));
#1438 = CARTESIAN_POINT('',(157.2,-115.3271722712));
#1439 = CARTESIAN_POINT('',(134.4,-102.1635861336));
#1440 = CARTESIAN_POINT('',(111.6,-88.99999999617));
#1441 = CARTESIAN_POINT('',(134.4,-75.83641385864));
#1442 = CARTESIAN_POINT('',(157.2,-62.67282772112));
#1443 = CARTESIAN_POINT('',(157.2,-88.99999999617));
#1444 = ( GEOMETRIC_REPRESENTATION_CONTEXT(2) 
PARAMETRIC_REPRESENTATION_CONTEXT() REPRESENTATION_CONTEXT('2D SPACE',''
  ) );
#1445 = PCURVE('',#1446,#1451);
#1446 = TOROIDAL_SURFACE('',#1447,15.2,0.8);
#1447 = AXIS2_PLACEMENT_3D('',#1448,#1449,#1450);
#1448 = CARTESIAN_POINT('',(142.,-89.,1.7));
#1449 = DIRECTION('',(0.,0.,1.));
#1450 = DIRECTION('',(1.,0.,-0.));
#1451 = DEFINITIONAL_REPRESENTATION('',(#1452),#1456);
#1452 = LINE('',#1453,#1454);
#1453 = CARTESIAN_POINT('',(-0.,1.570796326795));
#1454 = VECTOR('',#1455,1.);
#1455 = DIRECTION('',(-1.,0.));
#1456 = ( GEOMETRIC_REPRESENTATION_CONTEXT(2) 
PARAMETRIC_REPRESENTATION_CONTEXT() REPRESENTATION_CONTEXT('2D SPACE',''
  ) );
#1457 = ORIENTED_EDGE('',*,*,#1458,.F.);
#1458 = EDGE_CURVE('',#1459,#1426,#1461,.T.);
#1459 = VERTEX_POINT('',#1460);
#1460 = CARTESIAN_POINT('',(157.2,88.999999982786,2.5));
#1461 = SURFACE_CURVE('',#1462,(#1466,#1473),.PCURVE_S1.);
#1462 = LINE('',#1463,#1464);
#1463 = CARTESIAN_POINT('',(157.2,88.999999982786,2.5));
#1464 = VECTOR('',#1465,1.);
#1465 = DIRECTION('',(-0.,-1.,-0.));
#1466 = PCURVE('',#266,#1467);
#1467 = DEFINITIONAL_REPRESENTATION('',(#1468),#1472);
#1468 = LINE('',#1469,#1470);
#1469 = CARTESIAN_POINT('',(157.2,88.999999986615));
#1470 = VECTOR('',#1471,1.);
#1471 = DIRECTION('',(-0.,-1.));
#1472 = ( GEOMETRIC_REPRESENTATION_CONTEXT(2) 
PARAMETRIC_REPRESENTATION_CONTEXT() REPRESENTATION_CONTEXT('2D SPACE',''
  ) );
#1473 = PCURVE('',#1474,#1479);
#1474 = CYLINDRICAL_SURFACE('',#1475,0.8);
#1475 = AXIS2_PLACEMENT_3D('',#1476,#1477,#1478);
#1476 = CARTESIAN_POINT('',(157.2,88.999999982786,1.7));
#1477 = DIRECTION('',(-0.,-1.,-0.));
#1478 = DIRECTION('',(1.,-0.,0.));
#1479 = DEFINITIONAL_REPRESENTATION('',(#1480),#1484);
#1480 = LINE('',#1481,#1482);
#1481 = CARTESIAN_POINT('',(1.570796326795,0.));
#1482 = VECTOR('',#1483,1.);
#1483 = DIRECTION('',(0.,1.));
#1484 = ( GEOMETRIC_REPRESENTATION_CONTEXT(2) 
PARAMETRIC_REPRESENTATION_CONTEXT() REPRESENTATION_CONTEXT('2D SPACE',''
  ) );
#1485 = ORIENTED_EDGE('',*,*,#1486,.F.);
#1486 = EDGE_CURVE('',#1487,#1459,#1489,.T.);
#1487 = VERTEX_POINT('',#1488);
#1488 = CARTESIAN_POINT('',(142.,104.2,2.5));
#1489 = SURFACE_CURVE('',#1490,(#1495,#1506),.PCURVE_S1.);
#1490 = CIRCLE('',#1491,15.2);
#1491 = AXIS2_PLACEMENT_3D('',#1492,#1493,#1494);
#1492 = CARTESIAN_POINT('',(142.,88.999999982786,2.5));
#1493 = DIRECTION('',(0.,-0.,-1.));
#1494 = DIRECTION('',(0.,1.,-0.));
#1495 = PCURVE('',#266,#1496);
#1496 = DEFINITIONAL_REPRESENTATION('',(#1497),#1505);
#1497 = ( BOUNDED_CURVE() B_SPLINE_CURVE(2,(#1498,#1499,#1500,#1501,
#1502,#1503,#1504),.UNSPECIFIED.,.T.,.F.) B_SPLINE_CURVE_WITH_KNOTS((1,2
    ,2,2,2,1),(-2.094395102393,0.,2.094395102393,4.188790204786,
6.28318530718,8.377580409573),.UNSPECIFIED.) CURVE() 
GEOMETRIC_REPRESENTATION_ITEM() RATIONAL_B_SPLINE_CURVE((1.,0.5,1.,0.5,
1.,0.5,1.)) REPRESENTATION_ITEM('') );
#1498 = CARTESIAN_POINT('',(142.,104.19999998661));
#1499 = CARTESIAN_POINT('',(168.32717227504,104.19999998661));
#1500 = CARTESIAN_POINT('',(155.16358613752,81.399999986615));
#1501 = CARTESIAN_POINT('',(142.,58.599999986615));
#1502 = CARTESIAN_POINT('',(128.83641386247,81.399999986615));
#1503 = CARTESIAN_POINT('',(115.67282772495,104.19999998661));
#1504 = CARTESIAN_POINT('',(142.,104.19999998661));
#1505 = ( GEOMETRIC_REPRESENTATION_CONTEXT(2) 
PARAMETRIC_REPRESENTATION_CONTEXT() REPRESENTATION_CONTEXT('2D SPACE',''
  ) );
#1506 = PCURVE('',#1507,#1512);
#1507 = TOROIDAL_SURFACE('',#1508,15.2,0.8);
#1508 = AXIS2_PLACEMENT_3D('',#1509,#1510,#1511);
#1509 = CARTESIAN_POINT('',(142.,88.999999982786,1.7));
#1510 = DIRECTION('',(0.,0.,1.));
#1511 = DIRECTION('',(0.,1.,-0.));
#1512 = DEFINITIONAL_REPRESENTATION('',(#1513),#1517);
#1513 = LINE('',#1514,#1515);
#1514 = CARTESIAN_POINT('',(-0.,1.570796326795));
#1515 = VECTOR('',#1516,1.);
#1516 = DIRECTION('',(-1.,0.));
#1517 = ( GEOMETRIC_REPRESENTATION_CONTEXT(2) 
PARAMETRIC_REPRESENTATION_CONTEXT() REPRESENTATION_CONTEXT('2D SPACE',''
  ) );
#1518 = ORIENTED_EDGE('',*,*,#1519,.F.);
#1519 = EDGE_CURVE('',#1520,#1487,#1522,.T.);
#1520 = VERTEX_POINT('',#1521);
#1521 = CARTESIAN_POINT('',(-142.,104.19999998278,2.5));
#1522 = SURFACE_CURVE('',#1523,(#1527,#1534),.PCURVE_S1.);
#1523 = LINE('',#1524,#1525);
#1524 = CARTESIAN_POINT('',(-142.,104.2,2.5));
#1525 = VECTOR('',#1526,1.);
#1526 = DIRECTION('',(1.,0.,0.));
#1527 = PCURVE('',#266,#1528);
#1528 = DEFINITIONAL_REPRESENTATION('',(#1529),#1533);
#1529 = LINE('',#1530,#1531);
#1530 = CARTESIAN_POINT('',(-142.,104.20000000383));
#1531 = VECTOR('',#1532,1.);
#1532 = DIRECTION('',(1.,0.));
#1533 = ( GEOMETRIC_REPRESENTATION_CONTEXT(2) 
PARAMETRIC_REPRESENTATION_CONTEXT() REPRESENTATION_CONTEXT('2D SPACE',''
  ) );
#1534 = PCURVE('',#1535,#1540);
#1535 = CYLINDRICAL_SURFACE('',#1536,0.8);
#1536 = AXIS2_PLACEMENT_3D('',#1537,#1538,#1539);
#1537 = CARTESIAN_POINT('',(-142.,104.2,1.7));
#1538 = DIRECTION('',(1.,0.,0.));
#1539 = DIRECTION('',(-0.,1.,0.));
#1540 = DEFINITIONAL_REPRESENTATION('',(#1541),#1545);
#1541 = LINE('',#1542,#1543);
#1542 = CARTESIAN_POINT('',(1.570796326795,0.));
#1543 = VECTOR('',#1544,1.);
#1544 = DIRECTION('',(0.,1.));
#1545 = ( GEOMETRIC_REPRESENTATION_CONTEXT(2) 
PARAMETRIC_REPRESENTATION_CONTEXT() REPRESENTATION_CONTEXT('2D SPACE',''
  ) );
#1546 = ORIENTED_EDGE('',*,*,#1547,.F.);
#1547 = EDGE_CURVE('',#251,#1520,#1548,.T.);
#1548 = SURFACE_CURVE('',#1549,(#1554,#1565),.PCURVE_S1.);
#1549 = CIRCLE('',#1550,15.2);
#1550 = AXIS2_PLACEMENT_3D('',#1551,#1552,#1553);
#1551 = CARTESIAN_POINT('',(-142.,88.999999982786,2.5));
#1552 = DIRECTION('',(-0.,0.,-1.));
#1553 = DIRECTION('',(-1.,0.,0.));
#1554 = PCURVE('',#266,#1555);
#1555 = DEFINITIONAL_REPRESENTATION('',(#1556),#1564);
#1556 = ( BOUNDED_CURVE() B_SPLINE_CURVE(2,(#1557,#1558,#1559,#1560,
#1561,#1562,#1563),.UNSPECIFIED.,.T.,.F.) B_SPLINE_CURVE_WITH_KNOTS((1,2
    ,2,2,2,1),(-2.094395102393,0.,2.094395102393,4.188790204786,
6.28318530718,8.377580409573),.UNSPECIFIED.) CURVE() 
GEOMETRIC_REPRESENTATION_ITEM() RATIONAL_B_SPLINE_CURVE((1.,0.5,1.,0.5,
1.,0.5,1.)) REPRESENTATION_ITEM('') );
#1557 = CARTESIAN_POINT('',(-157.2,88.999999986615));
#1558 = CARTESIAN_POINT('',(-157.2,115.32717226166));
#1559 = CARTESIAN_POINT('',(-134.4,102.16358612413));
#1560 = CARTESIAN_POINT('',(-111.6,88.999999986615));
#1561 = CARTESIAN_POINT('',(-134.4,75.836413849092));
#1562 = CARTESIAN_POINT('',(-157.2,62.672827711568));
#1563 = CARTESIAN_POINT('',(-157.2,88.999999986615));
#1564 = ( GEOMETRIC_REPRESENTATION_CONTEXT(2) 
PARAMETRIC_REPRESENTATION_CONTEXT() REPRESENTATION_CONTEXT('2D SPACE',''
  ) );
#1565 = PCURVE('',#292,#1566);
#1566 = DEFINITIONAL_REPRESENTATION('',(#1567),#1571);
#1567 = LINE('',#1568,#1569);
#1568 = CARTESIAN_POINT('',(-0.,1.570796326795));
#1569 = VECTOR('',#1570,1.);
#1570 = DIRECTION('',(-1.,0.));
#1571 = ( GEOMETRIC_REPRESENTATION_CONTEXT(2) 
PARAMETRIC_REPRESENTATION_CONTEXT() REPRESENTATION_CONTEXT('2D SPACE',''
  ) );
#1572 = FACE_BOUND('',#1573,.T.);
#1573 = EDGE_LOOP('',(#1574));
#1574 = ORIENTED_EDGE('',*,*,#1575,.F.);
#1575 = EDGE_CURVE('',#1576,#1576,#1578,.T.);
#1576 = VERTEX_POINT('',#1577);
#1577 = CARTESIAN_POINT('',(-150.95,-55.,2.5));
#1578 = SURFACE_CURVE('',#1579,(#1584,#1591),.PCURVE_S1.);
#1579 = CIRCLE('',#1580,3.05);
#1580 = AXIS2_PLACEMENT_3D('',#1581,#1582,#1583);
#1581 = CARTESIAN_POINT('',(-154.,-55.,2.5));
#1582 = DIRECTION('',(0.,0.,1.));
#1583 = DIRECTION('',(1.,0.,-0.));
#1584 = PCURVE('',#266,#1585);
#1585 = DEFINITIONAL_REPRESENTATION('',(#1586),#1590);
#1586 = CIRCLE('',#1587,3.05);
#1587 = AXIS2_PLACEMENT_2D('',#1588,#1589);
#1588 = CARTESIAN_POINT('',(-154.,-54.99999999617));
#1589 = DIRECTION('',(1.,0.));
#1590 = ( GEOMETRIC_REPRESENTATION_CONTEXT(2) 
PARAMETRIC_REPRESENTATION_CONTEXT() REPRESENTATION_CONTEXT('2D SPACE',''
  ) );
#1591 = PCURVE('',#1592,#1597);
#1592 = CONICAL_SURFACE('',#1593,1.7,0.643501108793);
#1593 = AXIS2_PLACEMENT_3D('',#1594,#1595,#1596);
#1594 = CARTESIAN_POINT('',(-154.,-55.,0.7));
#1595 = DIRECTION('',(0.,0.,1.));
#1596 = DIRECTION('',(1.,0.,-0.));
#1597 = DEFINITIONAL_REPRESENTATION('',(#1598),#1602);
#1598 = LINE('',#1599,#1600);
#1599 = CARTESIAN_POINT('',(0.,1.8));
#1600 = VECTOR('',#1601,1.);
#1601 = DIRECTION('',(1.,0.));
#1602 = ( GEOMETRIC_REPRESENTATION_CONTEXT(2) 
PARAMETRIC_REPRESENTATION_CONTEXT() REPRESENTATION_CONTEXT('2D SPACE',''
  ) );
#1603 = FACE_BOUND('',#1604,.T.);
#1604 = EDGE_LOOP('',(#1605));
#1605 = ORIENTED_EDGE('',*,*,#1606,.F.);
#1606 = EDGE_CURVE('',#1607,#1607,#1609,.T.);
#1607 = VERTEX_POINT('',#1608);
#1608 = CARTESIAN_POINT('',(157.05,-55.,2.5));
#1609 = SURFACE_CURVE('',#1610,(#1615,#1622),.PCURVE_S1.);
#1610 = CIRCLE('',#1611,3.05);
#1611 = AXIS2_PLACEMENT_3D('',#1612,#1613,#1614);
#1612 = CARTESIAN_POINT('',(154.,-55.,2.5));
#1613 = DIRECTION('',(0.,0.,1.));
#1614 = DIRECTION('',(1.,0.,-0.));
#1615 = PCURVE('',#266,#1616);
#1616 = DEFINITIONAL_REPRESENTATION('',(#1617),#1621);
#1617 = CIRCLE('',#1618,3.05);
#1618 = AXIS2_PLACEMENT_2D('',#1619,#1620);
#1619 = CARTESIAN_POINT('',(154.,-54.99999999617));
#1620 = DIRECTION('',(1.,0.));
#1621 = ( GEOMETRIC_REPRESENTATION_CONTEXT(2) 
PARAMETRIC_REPRESENTATION_CONTEXT() REPRESENTATION_CONTEXT('2D SPACE',''
  ) );
#1622 = PCURVE('',#1623,#1628);
#1623 = CONICAL_SURFACE('',#1624,1.7,0.643501108793);
#1624 = AXIS2_PLACEMENT_3D('',#1625,#1626,#1627);
#1625 = CARTESIAN_POINT('',(154.,-55.,0.7));
#1626 = DIRECTION('',(0.,0.,1.));
#1627 = DIRECTION('',(1.,0.,-0.));
#1628 = DEFINITIONAL_REPRESENTATION('',(#1629),#1633);
#1629 = LINE('',#1630,#1631);
#1630 = CARTESIAN_POINT('',(0.,1.8));
#1631 = VECTOR('',#1632,1.);
#1632 = DIRECTION('',(1.,0.));
#1633 = ( GEOMETRIC_REPRESENTATION_CONTEXT(2) 
PARAMETRIC_REPRESENTATION_CONTEXT() REPRESENTATION_CONTEXT('2D SPACE',''
  ) );
#1634 = FACE_BOUND('',#1635,.T.);
#1635 = EDGE_LOOP('',(#1636));
#1636 = ORIENTED_EDGE('',*,*,#1637,.F.);
#1637 = EDGE_CURVE('',#1638,#1638,#1640,.T.);
#1638 = VERTEX_POINT('',#1639);
#1639 = CARTESIAN_POINT('',(-150.95,55.,2.5));
#1640 = SURFACE_CURVE('',#1641,(#1646,#1653),.PCURVE_S1.);
#1641 = CIRCLE('',#1642,3.05);
#1642 = AXIS2_PLACEMENT_3D('',#1643,#1644,#1645);
#1643 = CARTESIAN_POINT('',(-154.,55.,2.5));
#1644 = DIRECTION('',(0.,0.,1.));
#1645 = DIRECTION('',(1.,0.,-0.));
#1646 = PCURVE('',#266,#1647);
#1647 = DEFINITIONAL_REPRESENTATION('',(#1648),#1652);
#1648 = CIRCLE('',#1649,3.05);
#1649 = AXIS2_PLACEMENT_2D('',#1650,#1651);
#1650 = CARTESIAN_POINT('',(-154.,55.00000000383));
#1651 = DIRECTION('',(1.,0.));
#1652 = ( GEOMETRIC_REPRESENTATION_CONTEXT(2) 
PARAMETRIC_REPRESENTATION_CONTEXT() REPRESENTATION_CONTEXT('2D SPACE',''
  ) );
#1653 = PCURVE('',#1654,#1659);
#1654 = CONICAL_SURFACE('',#1655,1.7,0.643501108793);
#1655 = AXIS2_PLACEMENT_3D('',#1656,#1657,#1658);
#1656 = CARTESIAN_POINT('',(-154.,55.,0.7));
#1657 = DIRECTION('',(0.,0.,1.));
#1658 = DIRECTION('',(1.,0.,-0.));
#1659 = DEFINITIONAL_REPRESENTATION('',(#1660),#1664);
#1660 = LINE('',#1661,#1662);
#1661 = CARTESIAN_POINT('',(0.,1.8));
#1662 = VECTOR('',#1663,1.);
#1663 = DIRECTION('',(1.,0.));
#1664 = ( GEOMETRIC_REPRESENTATION_CONTEXT(2) 
PARAMETRIC_REPRESENTATION_CONTEXT() REPRESENTATION_CONTEXT('2D SPACE',''
  ) );
#1665 = FACE_BOUND('',#1666,.T.);
#1666 = EDGE_LOOP('',(#1667,#1702,#1730,#1763,#1791,#1824,#1852,#1885));
#1667 = ORIENTED_EDGE('',*,*,#1668,.T.);
#1668 = EDGE_CURVE('',#1669,#1671,#1673,.T.);
#1669 = VERTEX_POINT('',#1670);
#1670 = CARTESIAN_POINT('',(-137.,-99.8,2.5));
#1671 = VERTEX_POINT('',#1672);
#1672 = CARTESIAN_POINT('',(-149.8,-87.,2.5));
#1673 = SURFACE_CURVE('',#1674,(#1679,#1690),.PCURVE_S1.);
#1674 = CIRCLE('',#1675,12.8);
#1675 = AXIS2_PLACEMENT_3D('',#1676,#1677,#1678);
#1676 = CARTESIAN_POINT('',(-137.,-87.,2.5));
#1677 = DIRECTION('',(-0.,-0.,-1.));
#1678 = DIRECTION('',(0.,-1.,0.));
#1679 = PCURVE('',#266,#1680);
#1680 = DEFINITIONAL_REPRESENTATION('',(#1681),#1689);
#1681 = ( BOUNDED_CURVE() B_SPLINE_CURVE(2,(#1682,#1683,#1684,#1685,
#1686,#1687,#1688),.UNSPECIFIED.,.T.,.F.) B_SPLINE_CURVE_WITH_KNOTS((1,2
    ,2,2,2,1),(-2.094395102393,0.,2.094395102393,4.188790204786,
6.28318530718,8.377580409573),.UNSPECIFIED.) CURVE() 
GEOMETRIC_REPRESENTATION_ITEM() RATIONAL_B_SPLINE_CURVE((1.,0.5,1.,0.5,
1.,0.5,1.)) REPRESENTATION_ITEM('') );
#1682 = CARTESIAN_POINT('',(-137.,-99.79999999617));
#1683 = CARTESIAN_POINT('',(-159.1702503368,-99.79999999617));
#1684 = CARTESIAN_POINT('',(-148.0851251684,-80.59999999617));
#1685 = CARTESIAN_POINT('',(-137.,-61.39999999617));
#1686 = CARTESIAN_POINT('',(-125.9148748315,-80.59999999617));
#1687 = CARTESIAN_POINT('',(-114.8297496631,-99.79999999617));
#1688 = CARTESIAN_POINT('',(-137.,-99.79999999617));
#1689 = ( GEOMETRIC_REPRESENTATION_CONTEXT(2) 
PARAMETRIC_REPRESENTATION_CONTEXT() REPRESENTATION_CONTEXT('2D SPACE',''
  ) );
#1690 = PCURVE('',#1691,#1696);
#1691 = TOROIDAL_SURFACE('',#1692,12.8,0.8);
#1692 = AXIS2_PLACEMENT_3D('',#1693,#1694,#1695);
#1693 = CARTESIAN_POINT('',(-137.,-87.,1.7));
#1694 = DIRECTION('',(0.,0.,1.));
#1695 = DIRECTION('',(0.,-1.,0.));
#1696 = DEFINITIONAL_REPRESENTATION('',(#1697),#1701);
#1697 = LINE('',#1698,#1699);
#1698 = CARTESIAN_POINT('',(-0.,1.570796326795));
#1699 = VECTOR('',#1700,1.);
#1700 = DIRECTION('',(-1.,0.));
#1701 = ( GEOMETRIC_REPRESENTATION_CONTEXT(2) 
PARAMETRIC_REPRESENTATION_CONTEXT() REPRESENTATION_CONTEXT('2D SPACE',''
  ) );
#1702 = ORIENTED_EDGE('',*,*,#1703,.T.);
#1703 = EDGE_CURVE('',#1671,#1704,#1706,.T.);
#1704 = VERTEX_POINT('',#1705);
#1705 = CARTESIAN_POINT('',(-149.8,86.999999979879,2.5));
#1706 = SURFACE_CURVE('',#1707,(#1711,#1718),.PCURVE_S1.);
#1707 = LINE('',#1708,#1709);
#1708 = CARTESIAN_POINT('',(-149.8,-87.,2.5));
#1709 = VECTOR('',#1710,1.);
#1710 = DIRECTION('',(0.,1.,0.));
#1711 = PCURVE('',#266,#1712);
#1712 = DEFINITIONAL_REPRESENTATION('',(#1713),#1717);
#1713 = LINE('',#1714,#1715);
#1714 = CARTESIAN_POINT('',(-149.8,-86.99999999617));
#1715 = VECTOR('',#1716,1.);
#1716 = DIRECTION('',(0.,1.));
#1717 = ( GEOMETRIC_REPRESENTATION_CONTEXT(2) 
PARAMETRIC_REPRESENTATION_CONTEXT() REPRESENTATION_CONTEXT('2D SPACE',''
  ) );
#1718 = PCURVE('',#1719,#1724);
#1719 = CYLINDRICAL_SURFACE('',#1720,0.8);
#1720 = AXIS2_PLACEMENT_3D('',#1721,#1722,#1723);
#1721 = CARTESIAN_POINT('',(-149.8,-87.,1.7));
#1722 = DIRECTION('',(0.,1.,0.));
#1723 = DIRECTION('',(0.,-0.,1.));
#1724 = DEFINITIONAL_REPRESENTATION('',(#1725),#1729);
#1725 = LINE('',#1726,#1727);
#1726 = CARTESIAN_POINT('',(0.,0.));
#1727 = VECTOR('',#1728,1.);
#1728 = DIRECTION('',(0.,1.));
#1729 = ( GEOMETRIC_REPRESENTATION_CONTEXT(2) 
PARAMETRIC_REPRESENTATION_CONTEXT() REPRESENTATION_CONTEXT('2D SPACE',''
  ) );
#1730 = ORIENTED_EDGE('',*,*,#1731,.T.);
#1731 = EDGE_CURVE('',#1704,#1732,#1734,.T.);
#1732 = VERTEX_POINT('',#1733);
#1733 = CARTESIAN_POINT('',(-137.,99.799999979879,2.5));
#1734 = SURFACE_CURVE('',#1735,(#1740,#1751),.PCURVE_S1.);
#1735 = CIRCLE('',#1736,12.8);
#1736 = AXIS2_PLACEMENT_3D('',#1737,#1738,#1739);
#1737 = CARTESIAN_POINT('',(-137.,86.999999979879,2.5));
#1738 = DIRECTION('',(-0.,0.,-1.));
#1739 = DIRECTION('',(-1.,0.,0.));
#1740 = PCURVE('',#266,#1741);
#1741 = DEFINITIONAL_REPRESENTATION('',(#1742),#1750);
#1742 = ( BOUNDED_CURVE() B_SPLINE_CURVE(2,(#1743,#1744,#1745,#1746,
#1747,#1748,#1749),.UNSPECIFIED.,.T.,.F.) B_SPLINE_CURVE_WITH_KNOTS((1,2
    ,2,2,2,1),(-2.094395102393,0.,2.094395102393,4.188790204786,
6.28318530718,8.377580409573),.UNSPECIFIED.) CURVE() 
GEOMETRIC_REPRESENTATION_ITEM() RATIONAL_B_SPLINE_CURVE((1.,0.5,1.,0.5,
1.,0.5,1.)) REPRESENTATION_ITEM('') );
#1743 = CARTESIAN_POINT('',(-149.8,86.999999983709));
#1744 = CARTESIAN_POINT('',(-149.8,109.17025032059));
#1745 = CARTESIAN_POINT('',(-130.6,98.085125152149));
#1746 = CARTESIAN_POINT('',(-111.4,86.999999983709));
#1747 = CARTESIAN_POINT('',(-130.6,75.914874815268));
#1748 = CARTESIAN_POINT('',(-149.8,64.829749646827));
#1749 = CARTESIAN_POINT('',(-149.8,86.999999983709));
#1750 = ( GEOMETRIC_REPRESENTATION_CONTEXT(2) 
PARAMETRIC_REPRESENTATION_CONTEXT() REPRESENTATION_CONTEXT('2D SPACE',''
  ) );
#1751 = PCURVE('',#1752,#1757);
#1752 = TOROIDAL_SURFACE('',#1753,12.8,0.8);
#1753 = AXIS2_PLACEMENT_3D('',#1754,#1755,#1756);
#1754 = CARTESIAN_POINT('',(-137.,86.999999979879,1.7));
#1755 = DIRECTION('',(0.,0.,1.));
#1756 = DIRECTION('',(-1.,0.,0.));
#1757 = DEFINITIONAL_REPRESENTATION('',(#1758),#1762);
#1758 = LINE('',#1759,#1760);
#1759 = CARTESIAN_POINT('',(-0.,1.570796326795));
#1760 = VECTOR('',#1761,1.);
#1761 = DIRECTION('',(-1.,0.));
#1762 = ( GEOMETRIC_REPRESENTATION_CONTEXT(2) 
PARAMETRIC_REPRESENTATION_CONTEXT() REPRESENTATION_CONTEXT('2D SPACE',''
  ) );
#1763 = ORIENTED_EDGE('',*,*,#1764,.T.);
#1764 = EDGE_CURVE('',#1732,#1765,#1767,.T.);
#1765 = VERTEX_POINT('',#1766);
#1766 = CARTESIAN_POINT('',(137.,99.800000000002,2.5));
#1767 = SURFACE_CURVE('',#1768,(#1772,#1779),.PCURVE_S1.);
#1768 = LINE('',#1769,#1770);
#1769 = CARTESIAN_POINT('',(-137.,99.800000000002,2.5));
#1770 = VECTOR('',#1771,1.);
#1771 = DIRECTION('',(1.,0.,0.));
#1772 = PCURVE('',#266,#1773);
#1773 = DEFINITIONAL_REPRESENTATION('',(#1774),#1778);
#1774 = LINE('',#1775,#1776);
#1775 = CARTESIAN_POINT('',(-137.,99.800000003832));
#1776 = VECTOR('',#1777,1.);
#1777 = DIRECTION('',(1.,0.));
#1778 = ( GEOMETRIC_REPRESENTATION_CONTEXT(2) 
PARAMETRIC_REPRESENTATION_CONTEXT() REPRESENTATION_CONTEXT('2D SPACE',''
  ) );
#1779 = PCURVE('',#1780,#1785);
#1780 = CYLINDRICAL_SURFACE('',#1781,0.8);
#1781 = AXIS2_PLACEMENT_3D('',#1782,#1783,#1784);
#1782 = CARTESIAN_POINT('',(-137.,99.800000000002,1.7));
#1783 = DIRECTION('',(1.,0.,0.));
#1784 = DIRECTION('',(0.,0.,1.));
#1785 = DEFINITIONAL_REPRESENTATION('',(#1786),#1790);
#1786 = LINE('',#1787,#1788);
#1787 = CARTESIAN_POINT('',(0.,0.));
#1788 = VECTOR('',#1789,1.);
#1789 = DIRECTION('',(0.,1.));
#1790 = ( GEOMETRIC_REPRESENTATION_CONTEXT(2) 
PARAMETRIC_REPRESENTATION_CONTEXT() REPRESENTATION_CONTEXT('2D SPACE',''
  ) );
#1791 = ORIENTED_EDGE('',*,*,#1792,.T.);
#1792 = EDGE_CURVE('',#1765,#1793,#1795,.T.);
#1793 = VERTEX_POINT('',#1794);
#1794 = CARTESIAN_POINT('',(149.8,86.999999979879,2.5));
#1795 = SURFACE_CURVE('',#1796,(#1801,#1812),.PCURVE_S1.);
#1796 = CIRCLE('',#1797,12.8);
#1797 = AXIS2_PLACEMENT_3D('',#1798,#1799,#1800);
#1798 = CARTESIAN_POINT('',(137.,86.999999979879,2.5));
#1799 = DIRECTION('',(0.,-0.,-1.));
#1800 = DIRECTION('',(0.,1.,-0.));
#1801 = PCURVE('',#266,#1802);
#1802 = DEFINITIONAL_REPRESENTATION('',(#1803),#1811);
#1803 = ( BOUNDED_CURVE() B_SPLINE_CURVE(2,(#1804,#1805,#1806,#1807,
#1808,#1809,#1810),.UNSPECIFIED.,.T.,.F.) B_SPLINE_CURVE_WITH_KNOTS((1,2
    ,2,2,2,1),(-2.094395102393,0.,2.094395102393,4.188790204786,
6.28318530718,8.377580409573),.UNSPECIFIED.) CURVE() 
GEOMETRIC_REPRESENTATION_ITEM() RATIONAL_B_SPLINE_CURVE((1.,0.5,1.,0.5,
1.,0.5,1.)) REPRESENTATION_ITEM('') );
#1804 = CARTESIAN_POINT('',(137.,99.799999983709));
#1805 = CARTESIAN_POINT('',(159.17025033688,99.799999983709));
#1806 = CARTESIAN_POINT('',(148.08512516844,80.599999983709));
#1807 = CARTESIAN_POINT('',(137.,61.399999983709));
#1808 = CARTESIAN_POINT('',(125.91487483155,80.599999983709));
#1809 = CARTESIAN_POINT('',(114.82974966311,99.799999983709));
#1810 = CARTESIAN_POINT('',(137.,99.799999983709));
#1811 = ( GEOMETRIC_REPRESENTATION_CONTEXT(2) 
PARAMETRIC_REPRESENTATION_CONTEXT() REPRESENTATION_CONTEXT('2D SPACE',''
  ) );
#1812 = PCURVE('',#1813,#1818);
#1813 = TOROIDAL_SURFACE('',#1814,12.8,0.8);
#1814 = AXIS2_PLACEMENT_3D('',#1815,#1816,#1817);
#1815 = CARTESIAN_POINT('',(137.,86.999999979879,1.7));
#1816 = DIRECTION('',(0.,0.,1.));
#1817 = DIRECTION('',(0.,1.,-0.));
#1818 = DEFINITIONAL_REPRESENTATION('',(#1819),#1823);
#1819 = LINE('',#1820,#1821);
#1820 = CARTESIAN_POINT('',(-0.,1.570796326795));
#1821 = VECTOR('',#1822,1.);
#1822 = DIRECTION('',(-1.,0.));
#1823 = ( GEOMETRIC_REPRESENTATION_CONTEXT(2) 
PARAMETRIC_REPRESENTATION_CONTEXT() REPRESENTATION_CONTEXT('2D SPACE',''
  ) );
#1824 = ORIENTED_EDGE('',*,*,#1825,.T.);
#1825 = EDGE_CURVE('',#1793,#1826,#1828,.T.);
#1826 = VERTEX_POINT('',#1827);
#1827 = CARTESIAN_POINT('',(149.8,-87.,2.5));
#1828 = SURFACE_CURVE('',#1829,(#1833,#1840),.PCURVE_S1.);
#1829 = LINE('',#1830,#1831);
#1830 = CARTESIAN_POINT('',(149.8,86.999999979879,2.5));
#1831 = VECTOR('',#1832,1.);
#1832 = DIRECTION('',(-0.,-1.,-0.));
#1833 = PCURVE('',#266,#1834);
#1834 = DEFINITIONAL_REPRESENTATION('',(#1835),#1839);
#1835 = LINE('',#1836,#1837);
#1836 = CARTESIAN_POINT('',(149.8,86.999999983709));
#1837 = VECTOR('',#1838,1.);
#1838 = DIRECTION('',(-0.,-1.));
#1839 = ( GEOMETRIC_REPRESENTATION_CONTEXT(2) 
PARAMETRIC_REPRESENTATION_CONTEXT() REPRESENTATION_CONTEXT('2D SPACE',''
  ) );
#1840 = PCURVE('',#1841,#1846);
#1841 = CYLINDRICAL_SURFACE('',#1842,0.8);
#1842 = AXIS2_PLACEMENT_3D('',#1843,#1844,#1845);
#1843 = CARTESIAN_POINT('',(149.8,86.999999979879,1.7));
#1844 = DIRECTION('',(-0.,-1.,-0.));
#1845 = DIRECTION('',(0.,0.,1.));
#1846 = DEFINITIONAL_REPRESENTATION('',(#1847),#1851);
#1847 = LINE('',#1848,#1849);
#1848 = CARTESIAN_POINT('',(0.,0.));
#1849 = VECTOR('',#1850,1.);
#1850 = DIRECTION('',(0.,1.));
#1851 = ( GEOMETRIC_REPRESENTATION_CONTEXT(2) 
PARAMETRIC_REPRESENTATION_CONTEXT() REPRESENTATION_CONTEXT('2D SPACE',''
  ) );
#1852 = ORIENTED_EDGE('',*,*,#1853,.T.);
#1853 = EDGE_CURVE('',#1826,#1854,#1856,.T.);
#1854 = VERTEX_POINT('',#1855);
#1855 = CARTESIAN_POINT('',(137.,-99.8,2.5));
#1856 = SURFACE_CURVE('',#1857,(#1862,#1873),.PCURVE_S1.);
#1857 = CIRCLE('',#1858,12.8);
#1858 = AXIS2_PLACEMENT_3D('',#1859,#1860,#1861);
#1859 = CARTESIAN_POINT('',(137.,-87.,2.5));
#1860 = DIRECTION('',(0.,-0.,-1.));
#1861 = DIRECTION('',(1.,0.,-0.));
#1862 = PCURVE('',#266,#1863);
#1863 = DEFINITIONAL_REPRESENTATION('',(#1864),#1872);
#1864 = ( BOUNDED_CURVE() B_SPLINE_CURVE(2,(#1865,#1866,#1867,#1868,
#1869,#1870,#1871),.UNSPECIFIED.,.T.,.F.) B_SPLINE_CURVE_WITH_KNOTS((1,2
    ,2,2,2,1),(-2.094395102393,0.,2.094395102393,4.188790204786,
6.28318530718,8.377580409573),.UNSPECIFIED.) CURVE() 
GEOMETRIC_REPRESENTATION_ITEM() RATIONAL_B_SPLINE_CURVE((1.,0.5,1.,0.5,
1.,0.5,1.)) REPRESENTATION_ITEM('') );
#1865 = CARTESIAN_POINT('',(149.8,-86.99999999617));
#1866 = CARTESIAN_POINT('',(149.8,-109.170250333));
#1867 = CARTESIAN_POINT('',(130.6,-98.08512516461));
#1868 = CARTESIAN_POINT('',(111.4,-86.99999999617));
#1869 = CARTESIAN_POINT('',(130.6,-75.91487482773));
#1870 = CARTESIAN_POINT('',(149.8,-64.82974965929));
#1871 = CARTESIAN_POINT('',(149.8,-86.99999999617));
#1872 = ( GEOMETRIC_REPRESENTATION_CONTEXT(2) 
PARAMETRIC_REPRESENTATION_CONTEXT() REPRESENTATION_CONTEXT('2D SPACE',''
  ) );
#1873 = PCURVE('',#1874,#1879);
#1874 = TOROIDAL_SURFACE('',#1875,12.8,0.8);
#1875 = AXIS2_PLACEMENT_3D('',#1876,#1877,#1878);
#1876 = CARTESIAN_POINT('',(137.,-87.,1.7));
#1877 = DIRECTION('',(0.,0.,1.));
#1878 = DIRECTION('',(1.,0.,-0.));
#1879 = DEFINITIONAL_REPRESENTATION('',(#1880),#1884);
#1880 = LINE('',#1881,#1882);
#1881 = CARTESIAN_POINT('',(-0.,1.570796326795));
#1882 = VECTOR('',#1883,1.);
#1883 = DIRECTION('',(-1.,0.));
#1884 = ( GEOMETRIC_REPRESENTATION_CONTEXT(2) 
PARAMETRIC_REPRESENTATION_CONTEXT() REPRESENTATION_CONTEXT('2D SPACE',''
  ) );
#1885 = ORIENTED_EDGE('',*,*,#1886,.T.);
#1886 = EDGE_CURVE('',#1854,#1669,#1887,.T.);
#1887 = SURFACE_CURVE('',#1888,(#1892,#1899),.PCURVE_S1.);
#1888 = LINE('',#1889,#1890);
#1889 = CARTESIAN_POINT('',(137.,-99.79999999999,2.5));
#1890 = VECTOR('',#1891,1.);
#1891 = DIRECTION('',(-1.,-0.,-0.));
#1892 = PCURVE('',#266,#1893);
#1893 = DEFINITIONAL_REPRESENTATION('',(#1894),#1898);
#1894 = LINE('',#1895,#1896);
#1895 = CARTESIAN_POINT('',(137.,-99.79999999616));
#1896 = VECTOR('',#1897,1.);
#1897 = DIRECTION('',(-1.,-0.));
#1898 = ( GEOMETRIC_REPRESENTATION_CONTEXT(2) 
PARAMETRIC_REPRESENTATION_CONTEXT() REPRESENTATION_CONTEXT('2D SPACE',''
  ) );
#1899 = PCURVE('',#1900,#1905);
#1900 = CYLINDRICAL_SURFACE('',#1901,0.8);
#1901 = AXIS2_PLACEMENT_3D('',#1902,#1903,#1904);
#1902 = CARTESIAN_POINT('',(137.,-99.79999999999,1.7));
#1903 = DIRECTION('',(-1.,-0.,-0.));
#1904 = DIRECTION('',(-0.,0.,1.));
#1905 = DEFINITIONAL_REPRESENTATION('',(#1906),#1910);
#1906 = LINE('',#1907,#1908);
#1907 = CARTESIAN_POINT('',(0.,0.));
#1908 = VECTOR('',#1909,1.);
#1909 = DIRECTION('',(0.,1.));
#1910 = ( GEOMETRIC_REPRESENTATION_CONTEXT(2) 
PARAMETRIC_REPRESENTATION_CONTEXT() REPRESENTATION_CONTEXT('2D SPACE',''
  ) );
#1911 = FACE_BOUND('',#1912,.T.);
#1912 = EDGE_LOOP('',(#1913));
#1913 = ORIENTED_EDGE('',*,*,#1914,.F.);
#1914 = EDGE_CURVE('',#1915,#1915,#1917,.T.);
#1915 = VERTEX_POINT('',#1916);
#1916 = CARTESIAN_POINT('',(157.05,55.,2.5));
#1917 = SURFACE_CURVE('',#1918,(#1923,#1930),.PCURVE_S1.);
#1918 = CIRCLE('',#1919,3.05);
#1919 = AXIS2_PLACEMENT_3D('',#1920,#1921,#1922);
#1920 = CARTESIAN_POINT('',(154.,55.,2.5));
#1921 = DIRECTION('',(0.,0.,1.));
#1922 = DIRECTION('',(1.,0.,-0.));
#1923 = PCURVE('',#266,#1924);
#1924 = DEFINITIONAL_REPRESENTATION('',(#1925),#1929);
#1925 = CIRCLE('',#1926,3.05);
#1926 = AXIS2_PLACEMENT_2D('',#1927,#1928);
#1927 = CARTESIAN_POINT('',(154.,55.00000000383));
#1928 = DIRECTION('',(1.,0.));
#1929 = ( GEOMETRIC_REPRESENTATION_CONTEXT(2) 
PARAMETRIC_REPRESENTATION_CONTEXT() REPRESENTATION_CONTEXT('2D SPACE',''
  ) );
#1930 = PCURVE('',#1931,#1936);
#1931 = CONICAL_SURFACE('',#1932,1.7,0.643501108793);
#1932 = AXIS2_PLACEMENT_3D('',#1933,#1934,#1935);
#1933 = CARTESIAN_POINT('',(154.,55.,0.7));
#1934 = DIRECTION('',(0.,0.,1.));
#1935 = DIRECTION('',(1.,0.,-0.));
#1936 = DEFINITIONAL_REPRESENTATION('',(#1937),#1941);
#1937 = LINE('',#1938,#1939);
#1938 = CARTESIAN_POINT('',(0.,1.8));
#1939 = VECTOR('',#1940,1.);
#1940 = DIRECTION('',(1.,0.));
#1941 = ( GEOMETRIC_REPRESENTATION_CONTEXT(2) 
PARAMETRIC_REPRESENTATION_CONTEXT() REPRESENTATION_CONTEXT('2D SPACE',''
  ) );
#1942 = ADVANCED_FACE('',(#1943),#292,.T.);
#1943 = FACE_BOUND('',#1944,.F.);
#1944 = EDGE_LOOP('',(#1945,#1946,#1947,#1967));
#1945 = ORIENTED_EDGE('',*,*,#278,.F.);
#1946 = ORIENTED_EDGE('',*,*,#1244,.T.);
#1947 = ORIENTED_EDGE('',*,*,#1948,.T.);
#1948 = EDGE_CURVE('',#1245,#1520,#1949,.T.);
#1949 = SURFACE_CURVE('',#1950,(#1955,#1961),.PCURVE_S1.);
#1950 = CIRCLE('',#1951,0.8);
#1951 = AXIS2_PLACEMENT_3D('',#1952,#1953,#1954);
#1952 = CARTESIAN_POINT('',(-142.,104.19999998278,1.7));
#1953 = DIRECTION('',(1.,6.123233995737E-17,-0.));
#1954 = DIRECTION('',(-6.123233995737E-17,1.,0.));
#1955 = PCURVE('',#292,#1956);
#1956 = DEFINITIONAL_REPRESENTATION('',(#1957),#1960);
#1957 = B_SPLINE_CURVE_WITH_KNOTS('',1,(#1958,#1959),.UNSPECIFIED.,.F.,
  .F.,(2,2),(0.,1.570796326795),.PIECEWISE_BEZIER_KNOTS.);
#1958 = CARTESIAN_POINT('',(-1.570796326795,0.));
#1959 = CARTESIAN_POINT('',(-1.570796326795,1.570796326795));
#1960 = ( GEOMETRIC_REPRESENTATION_CONTEXT(2) 
PARAMETRIC_REPRESENTATION_CONTEXT() REPRESENTATION_CONTEXT('2D SPACE',''
  ) );
#1961 = PCURVE('',#1535,#1962);
#1962 = DEFINITIONAL_REPRESENTATION('',(#1963),#1966);
#1963 = B_SPLINE_CURVE_WITH_KNOTS('',1,(#1964,#1965),.UNSPECIFIED.,.F.,
  .F.,(2,2),(0.,1.570796326795),.PIECEWISE_BEZIER_KNOTS.);
#1964 = CARTESIAN_POINT('',(0.,0.));
#1965 = CARTESIAN_POINT('',(1.570796326795,0.));
#1966 = ( GEOMETRIC_REPRESENTATION_CONTEXT(2) 
PARAMETRIC_REPRESENTATION_CONTEXT() REPRESENTATION_CONTEXT('2D SPACE',''
  ) );
#1967 = ORIENTED_EDGE('',*,*,#1547,.F.);
#1968 = ADVANCED_FACE('',(#1969),#442,.T.);
#1969 = FACE_BOUND('',#1970,.T.);
#1970 = EDGE_LOOP('',(#1971,#1972,#1995,#2016));
#1971 = ORIENTED_EDGE('',*,*,#1268,.T.);
#1972 = ORIENTED_EDGE('',*,*,#1973,.T.);
#1973 = EDGE_CURVE('',#1245,#1974,#1976,.T.);
#1974 = VERTEX_POINT('',#1975);
#1975 = CARTESIAN_POINT('',(142.,105.,1.7));
#1976 = SURFACE_CURVE('',#1977,(#1981,#1988),.PCURVE_S1.);
#1977 = LINE('',#1978,#1979);
#1978 = CARTESIAN_POINT('',(-142.,105.,1.7));
#1979 = VECTOR('',#1980,1.);
#1980 = DIRECTION('',(1.,0.,0.));
#1981 = PCURVE('',#442,#1982);
#1982 = DEFINITIONAL_REPRESENTATION('',(#1983),#1987);
#1983 = LINE('',#1984,#1985);
#1984 = CARTESIAN_POINT('',(0.,-1.7));
#1985 = VECTOR('',#1986,1.);
#1986 = DIRECTION('',(1.,0.));
#1987 = ( GEOMETRIC_REPRESENTATION_CONTEXT(2) 
PARAMETRIC_REPRESENTATION_CONTEXT() REPRESENTATION_CONTEXT('2D SPACE',''
  ) );
#1988 = PCURVE('',#1535,#1989);
#1989 = DEFINITIONAL_REPRESENTATION('',(#1990),#1994);
#1990 = LINE('',#1991,#1992);
#1991 = CARTESIAN_POINT('',(0.,0.));
#1992 = VECTOR('',#1993,1.);
#1993 = DIRECTION('',(0.,1.));
#1994 = ( GEOMETRIC_REPRESENTATION_CONTEXT(2) 
PARAMETRIC_REPRESENTATION_CONTEXT() REPRESENTATION_CONTEXT('2D SPACE',''
  ) );
#1995 = ORIENTED_EDGE('',*,*,#1996,.F.);
#1996 = EDGE_CURVE('',#394,#1974,#1997,.T.);
#1997 = SURFACE_CURVE('',#1998,(#2002,#2009),.PCURVE_S1.);
#1998 = LINE('',#1999,#2000);
#1999 = CARTESIAN_POINT('',(142.,104.99999999139,0.));
#2000 = VECTOR('',#2001,1.);
#2001 = DIRECTION('',(0.,0.,1.));
#2002 = PCURVE('',#442,#2003);
#2003 = DEFINITIONAL_REPRESENTATION('',(#2004),#2008);
#2004 = LINE('',#2005,#2006);
#2005 = CARTESIAN_POINT('',(284.,0.));
#2006 = VECTOR('',#2007,1.);
#2007 = DIRECTION('',(0.,-1.));
#2008 = ( GEOMETRIC_REPRESENTATION_CONTEXT(2) 
PARAMETRIC_REPRESENTATION_CONTEXT() REPRESENTATION_CONTEXT('2D SPACE',''
  ) );
#2009 = PCURVE('',#414,#2010);
#2010 = DEFINITIONAL_REPRESENTATION('',(#2011),#2015);
#2011 = LINE('',#2012,#2013);
#2012 = CARTESIAN_POINT('',(1.570796326795,0.));
#2013 = VECTOR('',#2014,1.);
#2014 = DIRECTION('',(0.,-1.));
#2015 = ( GEOMETRIC_REPRESENTATION_CONTEXT(2) 
PARAMETRIC_REPRESENTATION_CONTEXT() REPRESENTATION_CONTEXT('2D SPACE',''
  ) );
#2016 = ORIENTED_EDGE('',*,*,#426,.F.);
#2017 = ADVANCED_FACE('',(#2018),#353,.T.);
#2018 = FACE_BOUND('',#2019,.T.);
#2019 = EDGE_LOOP('',(#2020,#2043,#2065,#2066));
#2020 = ORIENTED_EDGE('',*,*,#2021,.T.);
#2021 = EDGE_CURVE('',#333,#2022,#2024,.T.);
#2022 = VERTEX_POINT('',#2023);
#2023 = CARTESIAN_POINT('',(158.,-89.,1.7));
#2024 = SURFACE_CURVE('',#2025,(#2029,#2036),.PCURVE_S1.);
#2025 = LINE('',#2026,#2027);
#2026 = CARTESIAN_POINT('',(158.,-89.,0.));
#2027 = VECTOR('',#2028,1.);
#2028 = DIRECTION('',(0.,0.,1.));
#2029 = PCURVE('',#353,#2030);
#2030 = DEFINITIONAL_REPRESENTATION('',(#2031),#2035);
#2031 = LINE('',#2032,#2033);
#2032 = CARTESIAN_POINT('',(3.14159265359,0.));
#2033 = VECTOR('',#2034,1.);
#2034 = DIRECTION('',(0.,-1.));
#2035 = ( GEOMETRIC_REPRESENTATION_CONTEXT(2) 
PARAMETRIC_REPRESENTATION_CONTEXT() REPRESENTATION_CONTEXT('2D SPACE',''
  ) );
#2036 = PCURVE('',#381,#2037);
#2037 = DEFINITIONAL_REPRESENTATION('',(#2038),#2042);
#2038 = LINE('',#2039,#2040);
#2039 = CARTESIAN_POINT('',(0.,0.));
#2040 = VECTOR('',#2041,1.);
#2041 = DIRECTION('',(0.,-1.));
#2042 = ( GEOMETRIC_REPRESENTATION_CONTEXT(2) 
PARAMETRIC_REPRESENTATION_CONTEXT() REPRESENTATION_CONTEXT('2D SPACE',''
  ) );
#2043 = ORIENTED_EDGE('',*,*,#2044,.T.);
#2044 = EDGE_CURVE('',#2022,#1295,#2045,.T.);
#2045 = SURFACE_CURVE('',#2046,(#2051,#2058),.PCURVE_S1.);
#2046 = CIRCLE('',#2047,16.);
#2047 = AXIS2_PLACEMENT_3D('',#2048,#2049,#2050);
#2048 = CARTESIAN_POINT('',(142.,-89.,1.7));
#2049 = DIRECTION('',(0.,-0.,-1.));
#2050 = DIRECTION('',(1.,0.,-0.));
#2051 = PCURVE('',#353,#2052);
#2052 = DEFINITIONAL_REPRESENTATION('',(#2053),#2057);
#2053 = LINE('',#2054,#2055);
#2054 = CARTESIAN_POINT('',(3.14159265359,-1.7));
#2055 = VECTOR('',#2056,1.);
#2056 = DIRECTION('',(1.,0.));
#2057 = ( GEOMETRIC_REPRESENTATION_CONTEXT(2) 
PARAMETRIC_REPRESENTATION_CONTEXT() REPRESENTATION_CONTEXT('2D SPACE',''
  ) );
#2058 = PCURVE('',#1446,#2059);
#2059 = DEFINITIONAL_REPRESENTATION('',(#2060),#2064);
#2060 = LINE('',#2061,#2062);
#2061 = CARTESIAN_POINT('',(-0.,0.));
#2062 = VECTOR('',#2063,1.);
#2063 = DIRECTION('',(-1.,0.));
#2064 = ( GEOMETRIC_REPRESENTATION_CONTEXT(2) 
PARAMETRIC_REPRESENTATION_CONTEXT() REPRESENTATION_CONTEXT('2D SPACE',''
  ) );
#2065 = ORIENTED_EDGE('',*,*,#1322,.F.);
#2066 = ORIENTED_EDGE('',*,*,#332,.F.);
#2067 = ADVANCED_FACE('',(#2068),#414,.T.);
#2068 = FACE_BOUND('',#2069,.T.);
#2069 = EDGE_LOOP('',(#2070,#2071,#2095,#2116));
#2070 = ORIENTED_EDGE('',*,*,#1996,.T.);
#2071 = ORIENTED_EDGE('',*,*,#2072,.T.);
#2072 = EDGE_CURVE('',#1974,#2073,#2075,.T.);
#2073 = VERTEX_POINT('',#2074);
#2074 = CARTESIAN_POINT('',(158.,88.999999982786,1.7));
#2075 = SURFACE_CURVE('',#2076,(#2081,#2088),.PCURVE_S1.);
#2076 = CIRCLE('',#2077,16.);
#2077 = AXIS2_PLACEMENT_3D('',#2078,#2079,#2080);
#2078 = CARTESIAN_POINT('',(142.,88.999999982786,1.7));
#2079 = DIRECTION('',(0.,-0.,-1.));
#2080 = DIRECTION('',(0.,1.,-0.));
#2081 = PCURVE('',#414,#2082);
#2082 = DEFINITIONAL_REPRESENTATION('',(#2083),#2087);
#2083 = LINE('',#2084,#2085);
#2084 = CARTESIAN_POINT('',(1.570796326795,-1.7));
#2085 = VECTOR('',#2086,1.);
#2086 = DIRECTION('',(1.,0.));
#2087 = ( GEOMETRIC_REPRESENTATION_CONTEXT(2) 
PARAMETRIC_REPRESENTATION_CONTEXT() REPRESENTATION_CONTEXT('2D SPACE',''
  ) );
#2088 = PCURVE('',#1507,#2089);
#2089 = DEFINITIONAL_REPRESENTATION('',(#2090),#2094);
#2090 = LINE('',#2091,#2092);
#2091 = CARTESIAN_POINT('',(-0.,0.));
#2092 = VECTOR('',#2093,1.);
#2093 = DIRECTION('',(-1.,0.));
#2094 = ( GEOMETRIC_REPRESENTATION_CONTEXT(2) 
PARAMETRIC_REPRESENTATION_CONTEXT() REPRESENTATION_CONTEXT('2D SPACE',''
  ) );
#2095 = ORIENTED_EDGE('',*,*,#2096,.F.);
#2096 = EDGE_CURVE('',#366,#2073,#2097,.T.);
#2097 = SURFACE_CURVE('',#2098,(#2102,#2109),.PCURVE_S1.);
#2098 = LINE('',#2099,#2100);
#2099 = CARTESIAN_POINT('',(158.,88.999999982786,0.));
#2100 = VECTOR('',#2101,1.);
#2101 = DIRECTION('',(0.,0.,1.));
#2102 = PCURVE('',#414,#2103);
#2103 = DEFINITIONAL_REPRESENTATION('',(#2104),#2108);
#2104 = LINE('',#2105,#2106);
#2105 = CARTESIAN_POINT('',(3.14159265359,0.));
#2106 = VECTOR('',#2107,1.);
#2107 = DIRECTION('',(0.,-1.));
#2108 = ( GEOMETRIC_REPRESENTATION_CONTEXT(2) 
PARAMETRIC_REPRESENTATION_CONTEXT() REPRESENTATION_CONTEXT('2D SPACE',''
  ) );
#2109 = PCURVE('',#381,#2110);
#2110 = DEFINITIONAL_REPRESENTATION('',(#2111),#2115);
#2111 = LINE('',#2112,#2113);
#2112 = CARTESIAN_POINT('',(177.99999998278,0.));
#2113 = VECTOR('',#2114,1.);
#2114 = DIRECTION('',(0.,-1.));
#2115 = ( GEOMETRIC_REPRESENTATION_CONTEXT(2) 
PARAMETRIC_REPRESENTATION_CONTEXT() REPRESENTATION_CONTEXT('2D SPACE',''
  ) );
#2116 = ORIENTED_EDGE('',*,*,#393,.F.);
#2117 = ADVANCED_FACE('',(#2118),#381,.F.);
#2118 = FACE_BOUND('',#2119,.F.);
#2119 = EDGE_LOOP('',(#2120,#2121,#2142,#2143));
#2120 = ORIENTED_EDGE('',*,*,#2021,.T.);
#2121 = ORIENTED_EDGE('',*,*,#2122,.F.);
#2122 = EDGE_CURVE('',#2073,#2022,#2123,.T.);
#2123 = SURFACE_CURVE('',#2124,(#2128,#2135),.PCURVE_S1.);
#2124 = LINE('',#2125,#2126);
#2125 = CARTESIAN_POINT('',(158.,88.999999982786,1.7));
#2126 = VECTOR('',#2127,1.);
#2127 = DIRECTION('',(-0.,-1.,-0.));
#2128 = PCURVE('',#381,#2129);
#2129 = DEFINITIONAL_REPRESENTATION('',(#2130),#2134);
#2130 = LINE('',#2131,#2132);
#2131 = CARTESIAN_POINT('',(177.99999998278,-1.7));
#2132 = VECTOR('',#2133,1.);
#2133 = DIRECTION('',(-1.,0.));
#2134 = ( GEOMETRIC_REPRESENTATION_CONTEXT(2) 
PARAMETRIC_REPRESENTATION_CONTEXT() REPRESENTATION_CONTEXT('2D SPACE',''
  ) );
#2135 = PCURVE('',#1474,#2136);
#2136 = DEFINITIONAL_REPRESENTATION('',(#2137),#2141);
#2137 = LINE('',#2138,#2139);
#2138 = CARTESIAN_POINT('',(0.,0.));
#2139 = VECTOR('',#2140,1.);
#2140 = DIRECTION('',(0.,1.));
#2141 = ( GEOMETRIC_REPRESENTATION_CONTEXT(2) 
PARAMETRIC_REPRESENTATION_CONTEXT() REPRESENTATION_CONTEXT('2D SPACE',''
  ) );
#2142 = ORIENTED_EDGE('',*,*,#2096,.F.);
#2143 = ORIENTED_EDGE('',*,*,#365,.F.);
#2144 = ADVANCED_FACE('',(#2145),#499,.F.);
#2145 = FACE_BOUND('',#2146,.F.);
#2146 = EDGE_LOOP('',(#2147,#2171,#2192,#2193));
#2147 = ORIENTED_EDGE('',*,*,#2148,.F.);
#2148 = EDGE_CURVE('',#2149,#2149,#2151,.T.);
#2149 = VERTEX_POINT('',#2150);
#2150 = CARTESIAN_POINT('',(-152.3,-55.,0.7));
#2151 = SURFACE_CURVE('',#2152,(#2157,#2164),.PCURVE_S1.);
#2152 = CIRCLE('',#2153,1.7);
#2153 = AXIS2_PLACEMENT_3D('',#2154,#2155,#2156);
#2154 = CARTESIAN_POINT('',(-154.,-55.,0.7));
#2155 = DIRECTION('',(0.,0.,1.));
#2156 = DIRECTION('',(1.,0.,-0.));
#2157 = PCURVE('',#499,#2158);
#2158 = DEFINITIONAL_REPRESENTATION('',(#2159),#2163);
#2159 = LINE('',#2160,#2161);
#2160 = CARTESIAN_POINT('',(0.,1.7));
#2161 = VECTOR('',#2162,1.);
#2162 = DIRECTION('',(1.,0.));
#2163 = ( GEOMETRIC_REPRESENTATION_CONTEXT(2) 
PARAMETRIC_REPRESENTATION_CONTEXT() REPRESENTATION_CONTEXT('2D SPACE',''
  ) );
#2164 = PCURVE('',#1592,#2165);
#2165 = DEFINITIONAL_REPRESENTATION('',(#2166),#2170);
#2166 = LINE('',#2167,#2168);
#2167 = CARTESIAN_POINT('',(0.,0.));
#2168 = VECTOR('',#2169,1.);
#2169 = DIRECTION('',(1.,0.));
#2170 = ( GEOMETRIC_REPRESENTATION_CONTEXT(2) 
PARAMETRIC_REPRESENTATION_CONTEXT() REPRESENTATION_CONTEXT('2D SPACE',''
  ) );
#2171 = ORIENTED_EDGE('',*,*,#2172,.F.);
#2172 = EDGE_CURVE('',#483,#2149,#2173,.T.);
#2173 = SEAM_CURVE('',#2174,(#2178,#2185),.PCURVE_S1.);
#2174 = LINE('',#2175,#2176);
#2175 = CARTESIAN_POINT('',(-152.3,-55.,-1.));
#2176 = VECTOR('',#2177,1.);
#2177 = DIRECTION('',(0.,0.,1.));
#2178 = PCURVE('',#499,#2179);
#2179 = DEFINITIONAL_REPRESENTATION('',(#2180),#2184);
#2180 = LINE('',#2181,#2182);
#2181 = CARTESIAN_POINT('',(6.28318530718,-0.));
#2182 = VECTOR('',#2183,1.);
#2183 = DIRECTION('',(0.,1.));
#2184 = ( GEOMETRIC_REPRESENTATION_CONTEXT(2) 
PARAMETRIC_REPRESENTATION_CONTEXT() REPRESENTATION_CONTEXT('2D SPACE',''
  ) );
#2185 = PCURVE('',#499,#2186);
#2186 = DEFINITIONAL_REPRESENTATION('',(#2187),#2191);
#2187 = LINE('',#2188,#2189);
#2188 = CARTESIAN_POINT('',(0.,-0.));
#2189 = VECTOR('',#2190,1.);
#2190 = DIRECTION('',(0.,1.));
#2191 = ( GEOMETRIC_REPRESENTATION_CONTEXT(2) 
PARAMETRIC_REPRESENTATION_CONTEXT() REPRESENTATION_CONTEXT('2D SPACE',''
  ) );
#2192 = ORIENTED_EDGE('',*,*,#482,.T.);
#2193 = ORIENTED_EDGE('',*,*,#2172,.T.);
#2194 = ADVANCED_FACE('',(#2195),#530,.F.);
#2195 = FACE_BOUND('',#2196,.F.);
#2196 = EDGE_LOOP('',(#2197,#2221,#2242,#2243));
#2197 = ORIENTED_EDGE('',*,*,#2198,.F.);
#2198 = EDGE_CURVE('',#2199,#2199,#2201,.T.);
#2199 = VERTEX_POINT('',#2200);
#2200 = CARTESIAN_POINT('',(155.7,-55.,0.7));
#2201 = SURFACE_CURVE('',#2202,(#2207,#2214),.PCURVE_S1.);
#2202 = CIRCLE('',#2203,1.7);
#2203 = AXIS2_PLACEMENT_3D('',#2204,#2205,#2206);
#2204 = CARTESIAN_POINT('',(154.,-55.,0.7));
#2205 = DIRECTION('',(0.,0.,1.));
#2206 = DIRECTION('',(1.,0.,-0.));
#2207 = PCURVE('',#530,#2208);
#2208 = DEFINITIONAL_REPRESENTATION('',(#2209),#2213);
#2209 = LINE('',#2210,#2211);
#2210 = CARTESIAN_POINT('',(0.,1.7));
#2211 = VECTOR('',#2212,1.);
#2212 = DIRECTION('',(1.,0.));
#2213 = ( GEOMETRIC_REPRESENTATION_CONTEXT(2) 
PARAMETRIC_REPRESENTATION_CONTEXT() REPRESENTATION_CONTEXT('2D SPACE',''
  ) );
#2214 = PCURVE('',#1623,#2215);
#2215 = DEFINITIONAL_REPRESENTATION('',(#2216),#2220);
#2216 = LINE('',#2217,#2218);
#2217 = CARTESIAN_POINT('',(0.,0.));
#2218 = VECTOR('',#2219,1.);
#2219 = DIRECTION('',(1.,0.));
#2220 = ( GEOMETRIC_REPRESENTATION_CONTEXT(2) 
PARAMETRIC_REPRESENTATION_CONTEXT() REPRESENTATION_CONTEXT('2D SPACE',''
  ) );
#2221 = ORIENTED_EDGE('',*,*,#2222,.F.);
#2222 = EDGE_CURVE('',#514,#2199,#2223,.T.);
#2223 = SEAM_CURVE('',#2224,(#2228,#2235),.PCURVE_S1.);
#2224 = LINE('',#2225,#2226);
#2225 = CARTESIAN_POINT('',(155.7,-55.,-1.));
#2226 = VECTOR('',#2227,1.);
#2227 = DIRECTION('',(0.,0.,1.));
#2228 = PCURVE('',#530,#2229);
#2229 = DEFINITIONAL_REPRESENTATION('',(#2230),#2234);
#2230 = LINE('',#2231,#2232);
#2231 = CARTESIAN_POINT('',(6.28318530718,-0.));
#2232 = VECTOR('',#2233,1.);
#2233 = DIRECTION('',(0.,1.));
#2234 = ( GEOMETRIC_REPRESENTATION_CONTEXT(2) 
PARAMETRIC_REPRESENTATION_CONTEXT() REPRESENTATION_CONTEXT('2D SPACE',''
  ) );
#2235 = PCURVE('',#530,#2236);
#2236 = DEFINITIONAL_REPRESENTATION('',(#2237),#2241);
#2237 = LINE('',#2238,#2239);
#2238 = CARTESIAN_POINT('',(0.,-0.));
#2239 = VECTOR('',#2240,1.);
#2240 = DIRECTION('',(0.,1.));
#2241 = ( GEOMETRIC_REPRESENTATION_CONTEXT(2) 
PARAMETRIC_REPRESENTATION_CONTEXT() REPRESENTATION_CONTEXT('2D SPACE',''
  ) );
#2242 = ORIENTED_EDGE('',*,*,#513,.T.);
#2243 = ORIENTED_EDGE('',*,*,#2222,.T.);
#2244 = ADVANCED_FACE('',(#2245),#600,.F.);
#2245 = FACE_BOUND('',#2246,.F.);
#2246 = EDGE_LOOP('',(#2247,#2248,#2270,#2299,#2326));
#2247 = ORIENTED_EDGE('',*,*,#544,.F.);
#2248 = ORIENTED_EDGE('',*,*,#2249,.T.);
#2249 = EDGE_CURVE('',#545,#2250,#2252,.T.);
#2250 = VERTEX_POINT('',#2251);
#2251 = CARTESIAN_POINT('',(-118.5,-99.,-11.));
#2252 = SURFACE_CURVE('',#2253,(#2256,#2263),.PCURVE_S1.);
#2253 = B_SPLINE_CURVE_WITH_KNOTS('',1,(#2254,#2255),.UNSPECIFIED.,.F.,
  .F.,(2,2),(0.,1.),.PIECEWISE_BEZIER_KNOTS.);
#2254 = CARTESIAN_POINT('',(-137.,-99.5,0.5));
#2255 = CARTESIAN_POINT('',(-118.5,-99.,-11.));
#2256 = PCURVE('',#600,#2257);
#2257 = DEFINITIONAL_REPRESENTATION('',(#2258),#2262);
#2258 = LINE('',#2259,#2260);
#2259 = CARTESIAN_POINT('',(1.570796326795,0.));
#2260 = VECTOR('',#2261,1.);
#2261 = DIRECTION('',(0.,1.));
#2262 = ( GEOMETRIC_REPRESENTATION_CONTEXT(2) 
PARAMETRIC_REPRESENTATION_CONTEXT() REPRESENTATION_CONTEXT('2D SPACE',''
  ) );
#2263 = PCURVE('',#1167,#2264);
#2264 = DEFINITIONAL_REPRESENTATION('',(#2265),#2269);
#2265 = LINE('',#2266,#2267);
#2266 = CARTESIAN_POINT('',(-137.,0.));
#2267 = VECTOR('',#2268,1.);
#2268 = DIRECTION('',(0.,1.));
#2269 = ( GEOMETRIC_REPRESENTATION_CONTEXT(2) 
PARAMETRIC_REPRESENTATION_CONTEXT() REPRESENTATION_CONTEXT('2D SPACE',''
  ) );
#2270 = ORIENTED_EDGE('',*,*,#2271,.T.);
#2271 = EDGE_CURVE('',#2250,#2272,#2274,.T.);
#2272 = VERTEX_POINT('',#2273);
#2273 = CARTESIAN_POINT('',(-130.5,-87.,-11.));
#2274 = SURFACE_CURVE('',#2275,(#2280,#2287),.PCURVE_S1.);
#2275 = CIRCLE('',#2276,12.);
#2276 = AXIS2_PLACEMENT_3D('',#2277,#2278,#2279);
#2277 = CARTESIAN_POINT('',(-118.5,-87.,-11.));
#2278 = DIRECTION('',(0.,0.,-1.));
#2279 = DIRECTION('',(-1.,0.,0.));
#2280 = PCURVE('',#600,#2281);
#2281 = DEFINITIONAL_REPRESENTATION('',(#2282),#2286);
#2282 = LINE('',#2283,#2284);
#2283 = CARTESIAN_POINT('',(6.28318530718,1.));
#2284 = VECTOR('',#2285,1.);
#2285 = DIRECTION('',(-1.,0.));
#2286 = ( GEOMETRIC_REPRESENTATION_CONTEXT(2) 
PARAMETRIC_REPRESENTATION_CONTEXT() REPRESENTATION_CONTEXT('2D SPACE',''
  ) );
#2287 = PCURVE('',#2288,#2293);
#2288 = PLANE('',#2289);
#2289 = AXIS2_PLACEMENT_3D('',#2290,#2291,#2292);
#2290 = CARTESIAN_POINT('',(-118.5,-87.,-11.));
#2291 = DIRECTION('',(0.,0.,-1.));
#2292 = DIRECTION('',(-1.,0.,0.));
#2293 = DEFINITIONAL_REPRESENTATION('',(#2294),#2298);
#2294 = CIRCLE('',#2295,12.);
#2295 = AXIS2_PLACEMENT_2D('',#2296,#2297);
#2296 = CARTESIAN_POINT('',(0.,0.));
#2297 = DIRECTION('',(1.,0.));
#2298 = ( GEOMETRIC_REPRESENTATION_CONTEXT(2) 
PARAMETRIC_REPRESENTATION_CONTEXT() REPRESENTATION_CONTEXT('2D SPACE',''
  ) );
#2299 = ORIENTED_EDGE('',*,*,#2300,.F.);
#2300 = EDGE_CURVE('',#2301,#2272,#2303,.T.);
#2301 = VERTEX_POINT('',#2302);
#2302 = CARTESIAN_POINT('',(-149.,-87.,0.197368421052));
#2303 = SURFACE_CURVE('',#2304,(#2307,#2314),.PCURVE_S1.);
#2304 = B_SPLINE_CURVE_WITH_KNOTS('',1,(#2305,#2306),.UNSPECIFIED.,.F.,
  .F.,(2,2),(0.,1.),.PIECEWISE_BEZIER_KNOTS.);
#2305 = CARTESIAN_POINT('',(-149.5,-87.,0.5));
#2306 = CARTESIAN_POINT('',(-130.5,-87.,-11.));
#2307 = PCURVE('',#600,#2308);
#2308 = DEFINITIONAL_REPRESENTATION('',(#2309),#2313);
#2309 = LINE('',#2310,#2311);
#2310 = CARTESIAN_POINT('',(0.,0.));
#2311 = VECTOR('',#2312,1.);
#2312 = DIRECTION('',(0.,1.));
#2313 = ( GEOMETRIC_REPRESENTATION_CONTEXT(2) 
PARAMETRIC_REPRESENTATION_CONTEXT() REPRESENTATION_CONTEXT('2D SPACE',''
  ) );
#2314 = PCURVE('',#2315,#2320);
#2315 = B_SPLINE_SURFACE_WITH_KNOTS('',1,1,(
    (#2316,#2317)
    ,(#2318,#2319
    )),.UNSPECIFIED.,.F.,.F.,.F.,(2,2),(2,2),(-86.9999999804,
    87.000000000004),(0.,1.),.PIECEWISE_BEZIER_KNOTS.);
#2316 = CARTESIAN_POINT('',(-149.5,86.999999980408,0.5));
#2317 = CARTESIAN_POINT('',(-130.5,86.999999979879,-11.));
#2318 = CARTESIAN_POINT('',(-149.5,-87.,0.5));
#2319 = CARTESIAN_POINT('',(-130.5,-87.,-11.));
#2320 = DEFINITIONAL_REPRESENTATION('',(#2321),#2325);
#2321 = LINE('',#2322,#2323);
#2322 = CARTESIAN_POINT('',(87.000000000004,0.));
#2323 = VECTOR('',#2324,1.);
#2324 = DIRECTION('',(0.,1.));
#2325 = ( GEOMETRIC_REPRESENTATION_CONTEXT(2) 
PARAMETRIC_REPRESENTATION_CONTEXT() REPRESENTATION_CONTEXT('2D SPACE',''
  ) );
#2326 = ORIENTED_EDGE('',*,*,#2327,.F.);
#2327 = EDGE_CURVE('',#547,#2301,#2328,.T.);
#2328 = SURFACE_CURVE('',#2329,(#2362,#2398),.PCURVE_S1.);
#2329 = B_SPLINE_CURVE_WITH_KNOTS('',7,(#2330,#2331,#2332,#2333,#2334,
    #2335,#2336,#2337,#2338,#2339,#2340,#2341,#2342,#2343,#2344,#2345,
    #2346,#2347,#2348,#2349,#2350,#2351,#2352,#2353,#2354,#2355,#2356,
    #2357,#2358,#2359,#2360,#2361),.UNSPECIFIED.,.F.,.F.,(8,6,6,6,6,8),(
    0.,9.436084513001E-02,0.195372190658,0.303802991504,0.418111856992,
    1.),.UNSPECIFIED.);
#2330 = CARTESIAN_POINT('',(-143.8751372163,-96.8352675742,
    -5.99999999509E-07));
#2331 = CARTESIAN_POINT('',(-144.0022747749,-96.74639473429,
    7.928917848551E-03));
#2332 = CARTESIAN_POINT('',(-144.1280991611,-96.6555855458,
    1.549782359056E-02));
#2333 = CARTESIAN_POINT('',(-144.2525712195,-96.5628651929,
    2.273071402381E-02));
#2334 = CARTESIAN_POINT('',(-144.3756530161,-96.4682596215,
    2.96495578721E-02));
#2335 = CARTESIAN_POINT('',(-144.4973077714,-96.37179549512,
    3.627403821283E-02));
#2336 = CARTESIAN_POINT('',(-144.6174997929,-96.2735001507,
    4.262189490459E-02));
#2337 = CARTESIAN_POINT('',(-144.8632545544,-96.06624806426,
    5.522567375873E-02));
#2338 = CARTESIAN_POINT('',(-144.9885987185,-95.9570282036,
    6.14437204783E-02));
#2339 = CARTESIAN_POINT('',(-145.1121843902,-95.84577635486,
    6.738281233374E-02));
#2340 = CARTESIAN_POINT('',(-145.2339702473,-95.73252776906,
    7.306065014613E-02));
#2341 = CARTESIAN_POINT('',(-145.3539161557,-95.61731856592,
    7.849323039738E-02));
#2342 = CARTESIAN_POINT('',(-145.4719831695,-95.50018573379,
    8.36948452302E-02));
#2343 = CARTESIAN_POINT('',(-145.7128153339,-95.25340640647,
    9.402734692454E-02));
#2344 = CARTESIAN_POINT('',(-145.8352885482,-95.12347268,
    9.912524764142E-02));
#2345 = CARTESIAN_POINT('',(-145.9555064213,-94.99141279133,
    0.10398745112));
#2346 = CARTESIAN_POINT('',(-146.0734236656,-94.85727464495,
    0.108628239745));
#2347 = CARTESIAN_POINT('',(-146.1889964587,-94.72110720877,
    0.113060511768));
#2348 = CARTESIAN_POINT('',(-146.302182443,-94.58296051411,
    0.117295781303));
#2349 = CARTESIAN_POINT('',(-146.5297032474,-94.29521729936,
    0.125612040112));
#2350 = CARTESIAN_POINT('',(-146.6437677356,-94.14540599514,
    0.129672426873));
#2351 = CARTESIAN_POINT('',(-146.7550862521,-93.99351162016,
    0.133537290049));
#2352 = CARTESIAN_POINT('',(-146.8636126746,-93.83959521488,
    0.137217524793));
#2353 = CARTESIAN_POINT('',(-146.9693026965,-93.68371898312,
    0.140722969985));
#2354 = CARTESIAN_POINT('',(-147.0721138273,-93.5259462921,
    0.144062408221));
#2355 = CARTESIAN_POINT('',(-147.6805024127,-92.55387594309,
    0.163437216962));
#2356 = CARTESIAN_POINT('',(-148.1134391055,-91.69378684839,
    0.175534672778));
#2357 = CARTESIAN_POINT('',(-148.4652362192,-90.79481671599,
    0.184569421691));
#2358 = CARTESIAN_POINT('',(-148.7318916122,-89.86619425875,
    0.191040584609));
#2359 = CARTESIAN_POINT('',(-148.9106498755,-88.91749873026,
    0.195260196098));
#2360 = CARTESIAN_POINT('',(-149.,-87.95865812108,0.197368421052));
#2361 = CARTESIAN_POINT('',(-149.,-87.,0.197368421053));
#2362 = PCURVE('',#600,#2363);
#2363 = DEFINITIONAL_REPRESENTATION('',(#2364),#2397);
#2364 = B_SPLINE_CURVE_WITH_KNOTS('',7,(#2365,#2366,#2367,#2368,#2369,
    #2370,#2371,#2372,#2373,#2374,#2375,#2376,#2377,#2378,#2379,#2380,
    #2381,#2382,#2383,#2384,#2385,#2386,#2387,#2388,#2389,#2390,#2391,
    #2392,#2393,#2394,#2395,#2396),.UNSPECIFIED.,.F.,.F.,(8,6,6,6,6,8),(
    0.,9.436084513001E-02,0.195372190658,0.303802991504,0.418111856992,
    1.),.UNSPECIFIED.);
#2365 = CARTESIAN_POINT('',(0.907865948774,4.347831304348E-02));
#2366 = CARTESIAN_POINT('',(0.89625780483,4.27887897523E-02));
#2367 = CARTESIAN_POINT('',(0.884601212281,4.21306240356E-02));
#2368 = CARTESIAN_POINT('',(0.872899774267,4.150167704141E-02));
#2369 = CARTESIAN_POINT('',(0.861156698858,4.09000384459E-02));
#2370 = CARTESIAN_POINT('',(0.849374850293,4.032399667715E-02));
#2371 = CARTESIAN_POINT('',(0.837556800228,3.977200913873E-02));
#2372 = CARTESIAN_POINT('',(0.813017640844,3.867602836881E-02));
#2373 = CARTESIAN_POINT('',(0.800291614133,3.813532865406E-02));
#2374 = CARTESIAN_POINT('',(0.787529602734,3.761888588402E-02));
#2375 = CARTESIAN_POINT('',(0.774734163744,3.712516085686E-02));
#2376 = CARTESIAN_POINT('',(0.761907607468,3.665276257414E-02));
#2377 = CARTESIAN_POINT('',(0.749051997419,3.620044824085E-02));
#2378 = CARTESIAN_POINT('',(0.722340036164,3.530196983265E-02));
#2379 = CARTESIAN_POINT('',(0.708479578197,3.485867411814E-02));
#2380 = CARTESIAN_POINT('',(0.694590039812,3.443587381567E-02));
#2381 = CARTESIAN_POINT('',(0.68067349106,3.403232697866E-02));
#2382 = CARTESIAN_POINT('',(0.666731808649,3.364691202015E-02));
#2383 = CARTESIAN_POINT('',(0.652766675948,3.327862771279E-02));
#2384 = CARTESIAN_POINT('',(0.624034245717,3.255547477291E-02));
#2385 = CARTESIAN_POINT('',(0.609264531833,3.220239766318E-02));
#2386 = CARTESIAN_POINT('',(0.594472199982,3.186632260447E-02));
#2387 = CARTESIAN_POINT('',(0.579658867299,3.154630219189E-02));
#2388 = CARTESIAN_POINT('',(0.564826009397,3.124148087091E-02));
#2389 = CARTESIAN_POINT('',(0.549974960377,3.095109493728E-02));
#2390 = CARTESIAN_POINT('',(0.459421264574,2.92663289598E-02));
#2391 = CARTESIAN_POINT('',(0.383281356464,2.821437628019E-02));
#2392 = CARTESIAN_POINT('',(0.306872656283,2.742874593989E-02));
#2393 = CARTESIAN_POINT('',(0.230278509218,2.6866036121E-02));
#2394 = CARTESIAN_POINT('',(0.153561565229,2.64991133828E-02));
#2395 = CARTESIAN_POINT('',(7.677346385896E-02,2.631578947371E-02));
#2396 = CARTESIAN_POINT('',(0.,2.631578947369E-02));
#2397 = ( GEOMETRIC_REPRESENTATION_CONTEXT(2) 
PARAMETRIC_REPRESENTATION_CONTEXT() REPRESENTATION_CONTEXT('2D SPACE',''
  ) );
#2398 = PCURVE('',#666,#2399);
#2399 = DEFINITIONAL_REPRESENTATION('',(#2400),#2433);
#2400 = B_SPLINE_CURVE_WITH_KNOTS('',7,(#2401,#2402,#2403,#2404,#2405,
    #2406,#2407,#2408,#2409,#2410,#2411,#2412,#2413,#2414,#2415,#2416,
    #2417,#2418,#2419,#2420,#2421,#2422,#2423,#2424,#2425,#2426,#2427,
    #2428,#2429,#2430,#2431,#2432),.UNSPECIFIED.,.F.,.F.,(8,6,6,6,6,8),(
    0.,9.436084513001E-02,0.195372190658,0.303802991504,0.418111856992,
    1.),.UNSPECIFIED.);
#2401 = CARTESIAN_POINT('',(5.322462966816,5.999999999895E-07));
#2402 = CARTESIAN_POINT('',(5.335389667347,-7.928917848551E-03));
#2403 = CARTESIAN_POINT('',(5.34831912657,-1.549782359056E-02));
#2404 = CARTESIAN_POINT('',(5.361250996076,-2.273071402382E-02));
#2405 = CARTESIAN_POINT('',(5.374184980733,-2.96495578721E-02));
#2406 = CARTESIAN_POINT('',(5.387120832349,-3.627403821283E-02));
#2407 = CARTESIAN_POINT('',(5.400058343327,-4.262189490459E-02));
#2408 = CARTESIAN_POINT('',(5.426848270713,-5.522567375873E-02));
#2409 = CARTESIAN_POINT('',(5.440700896405,-6.14437204783E-02));
#2410 = CARTESIAN_POINT('',(5.45455500789,-6.738281233374E-02));
#2411 = CARTESIAN_POINT('',(5.468410422417,-7.306065014613E-02));
#2412 = CARTESIAN_POINT('',(5.482266984005,-7.849323039738E-02));
#2413 = CARTESIAN_POINT('',(5.496124563437,-8.36948452302E-02));
#2414 = CARTESIAN_POINT('',(5.52485948313,-9.402734692454E-02));
#2415 = CARTESIAN_POINT('',(5.539736957181,-9.912524764142E-02));
#2416 = CARTESIAN_POINT('',(5.554615349933,-0.10398745112));
#2417 = CARTESIAN_POINT('',(5.56949454748,-0.108628239745));
#2418 = CARTESIAN_POINT('',(5.584374452494,-0.113060511768));
#2419 = CARTESIAN_POINT('',(5.599254984225,-0.117295781303));
#2420 = CARTESIAN_POINT('',(5.629823881142,-0.125612040112));
#2421 = CARTESIAN_POINT('',(5.645512307355,-0.129672426873));
#2422 = CARTESIAN_POINT('',(5.661201279713,-0.133537290049));
#2423 = CARTESIAN_POINT('',(5.676890730438,-0.137217524793));
#2424 = CARTESIAN_POINT('',(5.692580601396,-0.140722969985));
#2425 = CARTESIAN_POINT('',(5.7082708441,-0.144062408221));
#2426 = CARTESIAN_POINT('',(5.803834138798,-0.163437216962));
#2427 = CARTESIAN_POINT('',(5.883730349746,-0.175534672778));
#2428 = CARTESIAN_POINT('',(5.96361810484,-0.184569421691));
#2429 = CARTESIAN_POINT('',(6.043503037773,-0.191040584608));
#2430 = CARTESIAN_POINT('',(6.123393740052,-0.195260196098));
#2431 = CARTESIAN_POINT('',(6.203297130423,-0.197368421052));
#2432 = CARTESIAN_POINT('',(6.28318530718,-0.197368421053));
#2433 = ( GEOMETRIC_REPRESENTATION_CONTEXT(2) 
PARAMETRIC_REPRESENTATION_CONTEXT() REPRESENTATION_CONTEXT('2D SPACE',''
  ) );
#2434 = ADVANCED_FACE('',(#2435),#1167,.F.);
#2435 = FACE_BOUND('',#2436,.F.);
#2436 = EDGE_LOOP('',(#2437,#2438,#2439,#2461));
#2437 = ORIENTED_EDGE('',*,*,#2249,.F.);
#2438 = ORIENTED_EDGE('',*,*,#1155,.F.);
#2439 = ORIENTED_EDGE('',*,*,#2440,.T.);
#2440 = EDGE_CURVE('',#1057,#2441,#2443,.T.);
#2441 = VERTEX_POINT('',#2442);
#2442 = CARTESIAN_POINT('',(118.5,-99.,-11.));
#2443 = SURFACE_CURVE('',#2444,(#2447,#2454),.PCURVE_S1.);
#2444 = B_SPLINE_CURVE_WITH_KNOTS('',1,(#2445,#2446),.UNSPECIFIED.,.F.,
  .F.,(2,2),(0.,1.),.PIECEWISE_BEZIER_KNOTS.);
#2445 = CARTESIAN_POINT('',(137.,-99.49999999999,0.5));
#2446 = CARTESIAN_POINT('',(118.5,-98.99999999999,-11.));
#2447 = PCURVE('',#1167,#2448);
#2448 = DEFINITIONAL_REPRESENTATION('',(#2449),#2453);
#2449 = LINE('',#2450,#2451);
#2450 = CARTESIAN_POINT('',(137.,0.));
#2451 = VECTOR('',#2452,1.);
#2452 = DIRECTION('',(0.,1.));
#2453 = ( GEOMETRIC_REPRESENTATION_CONTEXT(2) 
PARAMETRIC_REPRESENTATION_CONTEXT() REPRESENTATION_CONTEXT('2D SPACE',''
  ) );
#2454 = PCURVE('',#1110,#2455);
#2455 = DEFINITIONAL_REPRESENTATION('',(#2456),#2460);
#2456 = LINE('',#2457,#2458);
#2457 = CARTESIAN_POINT('',(1.570796326795,0.));
#2458 = VECTOR('',#2459,1.);
#2459 = DIRECTION('',(0.,1.));
#2460 = ( GEOMETRIC_REPRESENTATION_CONTEXT(2) 
PARAMETRIC_REPRESENTATION_CONTEXT() REPRESENTATION_CONTEXT('2D SPACE',''
  ) );
#2461 = ORIENTED_EDGE('',*,*,#2462,.F.);
#2462 = EDGE_CURVE('',#2250,#2441,#2463,.T.);
#2463 = SURFACE_CURVE('',#2464,(#2468,#2474),.PCURVE_S1.);
#2464 = LINE('',#2465,#2466);
#2465 = CARTESIAN_POINT('',(0.,-98.99999999999,-11.));
#2466 = VECTOR('',#2467,1.);
#2467 = DIRECTION('',(1.,0.,0.));
#2468 = PCURVE('',#1167,#2469);
#2469 = DEFINITIONAL_REPRESENTATION('',(#2470),#2473);
#2470 = B_SPLINE_CURVE_WITH_KNOTS('',1,(#2471,#2472),.UNSPECIFIED.,.F.,
  .F.,(2,2),(-118.5,118.5),.PIECEWISE_BEZIER_KNOTS.);
#2471 = CARTESIAN_POINT('',(-137.,1.));
#2472 = CARTESIAN_POINT('',(137.,1.));
#2473 = ( GEOMETRIC_REPRESENTATION_CONTEXT(2) 
PARAMETRIC_REPRESENTATION_CONTEXT() REPRESENTATION_CONTEXT('2D SPACE',''
  ) );
#2474 = PCURVE('',#2288,#2475);
#2475 = DEFINITIONAL_REPRESENTATION('',(#2476),#2480);
#2476 = LINE('',#2477,#2478);
#2477 = CARTESIAN_POINT('',(-118.5,-11.99999999999));
#2478 = VECTOR('',#2479,1.);
#2479 = DIRECTION('',(-1.,0.));
#2480 = ( GEOMETRIC_REPRESENTATION_CONTEXT(2) 
PARAMETRIC_REPRESENTATION_CONTEXT() REPRESENTATION_CONTEXT('2D SPACE',''
  ) );
#2481 = ADVANCED_FACE('',(#2482),#666,.F.);
#2482 = FACE_BOUND('',#2483,.F.);
#2483 = EDGE_LOOP('',(#2484,#2485,#2486));
#2484 = ORIENTED_EDGE('',*,*,#645,.F.);
#2485 = ORIENTED_EDGE('',*,*,#2327,.T.);
#2486 = ORIENTED_EDGE('',*,*,#2487,.F.);
#2487 = EDGE_CURVE('',#646,#2301,#2488,.T.);
#2488 = SURFACE_CURVE('',#2489,(#2493,#2500),.PCURVE_S1.);
#2489 = LINE('',#2490,#2491);
#2490 = CARTESIAN_POINT('',(-149.,-87.,0.));
#2491 = VECTOR('',#2492,1.);
#2492 = DIRECTION('',(0.,0.,1.));
#2493 = PCURVE('',#666,#2494);
#2494 = DEFINITIONAL_REPRESENTATION('',(#2495),#2499);
#2495 = LINE('',#2496,#2497);
#2496 = CARTESIAN_POINT('',(6.28318530718,0.));
#2497 = VECTOR('',#2498,1.);
#2498 = DIRECTION('',(0.,-1.));
#2499 = ( GEOMETRIC_REPRESENTATION_CONTEXT(2) 
PARAMETRIC_REPRESENTATION_CONTEXT() REPRESENTATION_CONTEXT('2D SPACE',''
  ) );
#2500 = PCURVE('',#694,#2501);
#2501 = DEFINITIONAL_REPRESENTATION('',(#2502),#2506);
#2502 = LINE('',#2503,#2504);
#2503 = CARTESIAN_POINT('',(0.,0.));
#2504 = VECTOR('',#2505,1.);
#2505 = DIRECTION('',(0.,-1.));
#2506 = ( GEOMETRIC_REPRESENTATION_CONTEXT(2) 
PARAMETRIC_REPRESENTATION_CONTEXT() REPRESENTATION_CONTEXT('2D SPACE',''
  ) );
#2507 = ADVANCED_FACE('',(#2508),#1110,.F.);
#2508 = FACE_BOUND('',#2509,.F.);
#2509 = EDGE_LOOP('',(#2510,#2620,#2646,#2668,#2669));
#2510 = ORIENTED_EDGE('',*,*,#2511,.F.);
#2511 = EDGE_CURVE('',#2512,#1024,#2514,.T.);
#2512 = VERTEX_POINT('',#2513);
#2513 = CARTESIAN_POINT('',(149.,-87.,0.197368421052));
#2514 = SURFACE_CURVE('',#2515,(#2548,#2584),.PCURVE_S1.);
#2515 = B_SPLINE_CURVE_WITH_KNOTS('',7,(#2516,#2517,#2518,#2519,#2520,
    #2521,#2522,#2523,#2524,#2525,#2526,#2527,#2528,#2529,#2530,#2531,
    #2532,#2533,#2534,#2535,#2536,#2537,#2538,#2539,#2540,#2541,#2542,
    #2543,#2544,#2545,#2546,#2547),.UNSPECIFIED.,.F.,.F.,(8,6,6,6,6,8),(
    0.,0.581843631427,0.696151875294,0.804581721604,0.905591585399,1.),
  .UNSPECIFIED.);
#2516 = CARTESIAN_POINT('',(149.,-87.,0.197368421053));
#2517 = CARTESIAN_POINT('',(149.,-87.95858480289,0.197368421053));
#2518 = CARTESIAN_POINT('',(148.91066354218,-88.9173520235,
    0.195260518434));
#2519 = CARTESIAN_POINT('',(148.73193263865,-89.86597651462,
    0.191041553463));
#2520 = CARTESIAN_POINT('',(148.46531781987,-90.79453254933,
    0.184571401338));
#2521 = CARTESIAN_POINT('',(148.11357365985,-91.69344300887,
    0.175538128888));
#2522 = CARTESIAN_POINT('',(147.68070110197,-92.5534811896,
    0.163442768567));
#2523 = CARTESIAN_POINT('',(147.07239349681,-93.52551460221,
    0.144071466782));
#2524 = CARTESIAN_POINT('',(146.96958968247,-93.68329085321,
    0.140732432589));
#2525 = CARTESIAN_POINT('',(146.86390692609,-93.8391707897,
    0.137227409967));
#2526 = CARTESIAN_POINT('',(146.75538771461,-93.99309104377,
    0.13354761792));
#2527 = CARTESIAN_POINT('',(146.64407635092,-94.14498941075,
    0.129683219392));
#2528 = CARTESIAN_POINT('',(146.53001895393,-94.29480484931,
    0.125623321267));
#2529 = CARTESIAN_POINT('',(146.3025122126,-94.58255592415,
    0.117308079369));
#2530 = CARTESIAN_POINT('',(146.18933322302,-94.72070634338,
    0.113073336785));
#2531 = CARTESIAN_POINT('',(146.07376737878,-94.85687764395,
    0.108641618644));
#2532 = CARTESIAN_POINT('',(145.95585703381,-94.99101979413,
    0.10400141317));
#2533 = CARTESIAN_POINT('',(145.83564600698,-95.1230838255,
    9.913982478886E-02));
#2534 = CARTESIAN_POINT('',(145.71317958208,-95.253021833,
    9.404257412477E-02));
#2535 = CARTESIAN_POINT('',(145.47236109625,-95.49980899717,
    8.371143126099E-02));
#2536 = CARTESIAN_POINT('',(145.35430100204,-95.61694538907,
    7.851052277715E-02));
#2537 = CARTESIAN_POINT('',(145.23436197943,-95.7321582937,
    7.307868764074E-02));
#2538 = CARTESIAN_POINT('',(145.11258297058,-95.84541072276,
    6.740163709295E-02));
#2539 = CARTESIAN_POINT('',(144.98900410557,-95.95666655654,
    6.14633785245E-02));
#2540 = CARTESIAN_POINT('',(144.86366670243,-96.06589054387,
    5.524621547555E-02));
#2541 = CARTESIAN_POINT('',(144.61786334561,-96.2732028188,
    4.264109494217E-02));
#2542 = CARTESIAN_POINT('',(144.49761442007,-96.37155233554,
    3.629073562584E-02));
#2543 = CARTESIAN_POINT('',(144.37590121351,-96.46806884261,
    2.966350950858E-02));
#2544 = CARTESIAN_POINT('',(144.25275947073,-96.56272496067,
    2.274165283267E-02));
#2545 = CARTESIAN_POINT('',(144.1282260258,-96.65549398512,
    1.550545501405E-02));
#2546 = CARTESIAN_POINT('',(144.00233886942,-96.74634993039,
    7.932915395547E-03));
#2547 = CARTESIAN_POINT('',(143.87513721636,-96.8352675742,
    -5.999999999531E-07));
#2548 = PCURVE('',#1110,#2549);
#2549 = DEFINITIONAL_REPRESENTATION('',(#2550),#2583);
#2550 = B_SPLINE_CURVE_WITH_KNOTS('',7,(#2551,#2552,#2553,#2554,#2555,
    #2556,#2557,#2558,#2559,#2560,#2561,#2562,#2563,#2564,#2565,#2566,
    #2567,#2568,#2569,#2570,#2571,#2572,#2573,#2574,#2575,#2576,#2577,
    #2578,#2579,#2580,#2581,#2582),.UNSPECIFIED.,.F.,.F.,(8,6,6,6,6,8),(
    0.,0.581843631427,0.696151875294,0.804581721604,0.905591585399,1.),
  .UNSPECIFIED.);
#2551 = CARTESIAN_POINT('',(3.14159265359,2.631578947368E-02));
#2552 = CARTESIAN_POINT('',(3.064825061367,2.631578947368E-02));
#2553 = CARTESIAN_POINT('',(2.988042837291,2.649908535355E-02));
#2554 = CARTESIAN_POINT('',(2.91133175228,2.686595187277E-02));
#2555 = CARTESIAN_POINT('',(2.834743435898,2.742857379665E-02));
#2556 = CARTESIAN_POINT('',(2.758340522039,2.82140757489E-02));
#2557 = CARTESIAN_POINT('',(2.682206334313,2.926584621158E-02));
#2558 = CARTESIAN_POINT('',(2.591658266072,3.095030723632E-02));
#2559 = CARTESIAN_POINT('',(2.576807255464,3.124065803577E-02));
#2560 = CARTESIAN_POINT('',(2.56197443323,3.15454426116E-02));
#2561 = CARTESIAN_POINT('',(2.547161133255,3.18654245287E-02));
#2562 = CARTESIAN_POINT('',(2.532368830907,3.220145918327E-02));
#2563 = CARTESIAN_POINT('',(2.517599143042,3.255449380288E-02));
#2564 = CARTESIAN_POINT('',(2.488866803185,3.327755831577E-02));
#2565 = CARTESIAN_POINT('',(2.474901735062,3.364579680128E-02));
#2566 = CARTESIAN_POINT('',(2.460960113384,3.40311635962E-02));
#2567 = CARTESIAN_POINT('',(2.447043621191,3.443465972436E-02));
#2568 = CARTESIAN_POINT('',(2.433154134818,3.48574065401E-02));
#2569 = CARTESIAN_POINT('',(2.41929372389,3.530064572828E-02));
#2570 = CARTESIAN_POINT('',(2.392581918537,3.61990059773E-02));
#2571 = CARTESIAN_POINT('',(2.37972641774,3.665125888894E-02));
#2572 = CARTESIAN_POINT('',(2.366899965246,3.712359237907E-02));
#2573 = CARTESIAN_POINT('',(2.35410462408,3.761724894844E-02));
#2574 = CARTESIAN_POINT('',(2.341342703988,3.813361925874E-02));
#2575 = CARTESIAN_POINT('',(2.328616761432,3.867424213256E-02));
#2576 = CARTESIAN_POINT('',(2.304071600874,3.977033957025E-02));
#2577 = CARTESIAN_POINT('',(2.292247501626,4.032254472819E-02));
#2578 = CARTESIAN_POINT('',(2.280459635191,4.089882526012E-02));
#2579 = CARTESIAN_POINT('',(2.268710576676,4.150072584064E-02));
#2580 = CARTESIAN_POINT('',(2.257003194313,4.212996043356E-02));
#2581 = CARTESIAN_POINT('',(2.245340700831,4.278844213952E-02));
#2582 = CARTESIAN_POINT('',(2.233726704815,4.347831304348E-02));
#2583 = ( GEOMETRIC_REPRESENTATION_CONTEXT(2) 
PARAMETRIC_REPRESENTATION_CONTEXT() REPRESENTATION_CONTEXT('2D SPACE',''
  ) );
#2584 = PCURVE('',#1044,#2585);
#2585 = DEFINITIONAL_REPRESENTATION('',(#2586),#2619);
#2586 = B_SPLINE_CURVE_WITH_KNOTS('',7,(#2587,#2588,#2589,#2590,#2591,
    #2592,#2593,#2594,#2595,#2596,#2597,#2598,#2599,#2600,#2601,#2602,
    #2603,#2604,#2605,#2606,#2607,#2608,#2609,#2610,#2611,#2612,#2613,
    #2614,#2615,#2616,#2617,#2618),.UNSPECIFIED.,.F.,.F.,(8,6,6,6,6,8),(
    0.,0.581843631427,0.696151875294,0.804581721604,0.905591585399,1.),
  .UNSPECIFIED.);
#2587 = CARTESIAN_POINT('',(3.14159265359,-0.197368421053));
#2588 = CARTESIAN_POINT('',(3.221474720497,-0.197368421053));
#2589 = CARTESIAN_POINT('',(3.301371995152,-0.195260518434));
#2590 = CARTESIAN_POINT('',(3.381256586604,-0.191041553463));
#2591 = CARTESIAN_POINT('',(3.461135410404,-0.184571401338));
#2592 = CARTESIAN_POINT('',(3.541017055368,-0.175538128888));
#2593 = CARTESIAN_POINT('',(3.620907152747,-0.163442768567));
#2594 = CARTESIAN_POINT('',(3.716464258191,-0.144071466782));
#2595 = CARTESIAN_POINT('',(3.732154416627,-0.140732432589));
#2596 = CARTESIAN_POINT('',(3.747844203412,-0.137227409967));
#2597 = CARTESIAN_POINT('',(3.763533570071,-0.13354761792));
#2598 = CARTESIAN_POINT('',(3.779222458486,-0.129683219392));
#2599 = CARTESIAN_POINT('',(3.794910800897,-0.125623321267));
#2600 = CARTESIAN_POINT('',(3.825479484766,-0.117308079369));
#2601 = CARTESIAN_POINT('',(3.840359887239,-0.113073336785));
#2602 = CARTESIAN_POINT('',(3.855239663166,-0.108641618644));
#2603 = CARTESIAN_POINT('',(3.870118731823,-0.10400141317));
#2604 = CARTESIAN_POINT('',(3.884996995912,-9.913982478886E-02));
#2605 = CARTESIAN_POINT('',(3.899874341565,-9.404257412477E-02));
#2606 = CARTESIAN_POINT('',(3.928608932546,-8.371143126099E-02));
#2607 = CARTESIAN_POINT('',(3.942466311639,-7.851052277715E-02));
#2608 = CARTESIAN_POINT('',(3.956322673201,-7.307868764074E-02));
#2609 = CARTESIAN_POINT('',(3.970177888063,-6.740163709295E-02));
#2610 = CARTESIAN_POINT('',(3.984031800297,-6.14633785245E-02));
#2611 = CARTESIAN_POINT('',(3.997884227222,-5.524621547555E-02));
#2612 = CARTESIAN_POINT('',(4.0246804839,-4.264109494217E-02));
#2613 = CARTESIAN_POINT('',(4.037624521318,-3.629073562584E-02));
#2614 = CARTESIAN_POINT('',(4.050566898122,-2.966350950858E-02));
#2615 = CARTESIAN_POINT('',(4.063507406462,-2.274165283267E-02));
#2616 = CARTESIAN_POINT('',(4.076445797812,-1.550545501405E-02));
#2617 = CARTESIAN_POINT('',(4.089381776622,-7.932915395547E-03));
#2618 = CARTESIAN_POINT('',(4.102314993954,5.999999999895E-07));
#2619 = ( GEOMETRIC_REPRESENTATION_CONTEXT(2) 
PARAMETRIC_REPRESENTATION_CONTEXT() REPRESENTATION_CONTEXT('2D SPACE',''
  ) );
#2620 = ORIENTED_EDGE('',*,*,#2621,.T.);
#2621 = EDGE_CURVE('',#2512,#2622,#2624,.T.);
#2622 = VERTEX_POINT('',#2623);
#2623 = CARTESIAN_POINT('',(130.5,-87.,-11.));
#2624 = SURFACE_CURVE('',#2625,(#2628,#2635),.PCURVE_S1.);
#2625 = B_SPLINE_CURVE_WITH_KNOTS('',1,(#2626,#2627),.UNSPECIFIED.,.F.,
  .F.,(2,2),(0.,1.),.PIECEWISE_BEZIER_KNOTS.);
#2626 = CARTESIAN_POINT('',(149.5,-87.,0.5));
#2627 = CARTESIAN_POINT('',(130.5,-87.,-11.));
#2628 = PCURVE('',#1110,#2629);
#2629 = DEFINITIONAL_REPRESENTATION('',(#2630),#2634);
#2630 = LINE('',#2631,#2632);
#2631 = CARTESIAN_POINT('',(3.14159265359,0.));
#2632 = VECTOR('',#2633,1.);
#2633 = DIRECTION('',(0.,1.));
#2634 = ( GEOMETRIC_REPRESENTATION_CONTEXT(2) 
PARAMETRIC_REPRESENTATION_CONTEXT() REPRESENTATION_CONTEXT('2D SPACE',''
  ) );
#2635 = PCURVE('',#2636,#2641);
#2636 = PLANE('',#2637);
#2637 = AXIS2_PLACEMENT_3D('',#2638,#2639,#2640);
#2638 = CARTESIAN_POINT('',(130.5,2.195577053499E-12,-11.));
#2639 = DIRECTION('',(-0.517802679406,0.,0.855500079018));
#2640 = DIRECTION('',(0.,1.,0.));
#2641 = DEFINITIONAL_REPRESENTATION('',(#2642),#2645);
#2642 = B_SPLINE_CURVE_WITH_KNOTS('',1,(#2643,#2644),.UNSPECIFIED.,.F.,
  .F.,(2,2),(0.,1.),.PIECEWISE_BEZIER_KNOTS.);
#2643 = CARTESIAN_POINT('',(-87.,-22.20923231451));
#2644 = CARTESIAN_POINT('',(-87.,0.));
#2645 = ( GEOMETRIC_REPRESENTATION_CONTEXT(2) 
PARAMETRIC_REPRESENTATION_CONTEXT() REPRESENTATION_CONTEXT('2D SPACE',''
  ) );
#2646 = ORIENTED_EDGE('',*,*,#2647,.T.);
#2647 = EDGE_CURVE('',#2622,#2441,#2648,.T.);
#2648 = SURFACE_CURVE('',#2649,(#2654,#2661),.PCURVE_S1.);
#2649 = CIRCLE('',#2650,12.);
#2650 = AXIS2_PLACEMENT_3D('',#2651,#2652,#2653);
#2651 = CARTESIAN_POINT('',(118.5,-87.,-11.));
#2652 = DIRECTION('',(0.,0.,-1.));
#2653 = DIRECTION('',(-1.,0.,0.));
#2654 = PCURVE('',#1110,#2655);
#2655 = DEFINITIONAL_REPRESENTATION('',(#2656),#2660);
#2656 = LINE('',#2657,#2658);
#2657 = CARTESIAN_POINT('',(6.28318530718,1.));
#2658 = VECTOR('',#2659,1.);
#2659 = DIRECTION('',(-1.,0.));
#2660 = ( GEOMETRIC_REPRESENTATION_CONTEXT(2) 
PARAMETRIC_REPRESENTATION_CONTEXT() REPRESENTATION_CONTEXT('2D SPACE',''
  ) );
#2661 = PCURVE('',#2288,#2662);
#2662 = DEFINITIONAL_REPRESENTATION('',(#2663),#2667);
#2663 = CIRCLE('',#2664,12.);
#2664 = AXIS2_PLACEMENT_2D('',#2665,#2666);
#2665 = CARTESIAN_POINT('',(-237.,0.));
#2666 = DIRECTION('',(1.,0.));
#2667 = ( GEOMETRIC_REPRESENTATION_CONTEXT(2) 
PARAMETRIC_REPRESENTATION_CONTEXT() REPRESENTATION_CONTEXT('2D SPACE',''
  ) );
#2668 = ORIENTED_EDGE('',*,*,#2440,.F.);
#2669 = ORIENTED_EDGE('',*,*,#1056,.F.);
#2670 = ADVANCED_FACE('',(#2671),#694,.F.);
#2671 = FACE_BOUND('',#2672,.F.);
#2672 = EDGE_LOOP('',(#2673,#2674,#2675,#2695));
#2673 = ORIENTED_EDGE('',*,*,#678,.F.);
#2674 = ORIENTED_EDGE('',*,*,#2487,.T.);
#2675 = ORIENTED_EDGE('',*,*,#2676,.T.);
#2676 = EDGE_CURVE('',#2301,#2677,#2679,.T.);
#2677 = VERTEX_POINT('',#2678);
#2678 = CARTESIAN_POINT('',(-149.,86.999999980136,0.197368421054));
#2679 = SURFACE_CURVE('',#2680,(#2683,#2689),.PCURVE_S1.);
#2680 = B_SPLINE_CURVE_WITH_KNOTS('',1,(#2681,#2682),.UNSPECIFIED.,.F.,
  .F.,(2,2),(0.,1.),.PIECEWISE_BEZIER_KNOTS.);
#2681 = CARTESIAN_POINT('',(-149.,-87.,0.197368421053));
#2682 = CARTESIAN_POINT('',(-149.,86.999999980394,0.197368421053));
#2683 = PCURVE('',#694,#2684);
#2684 = DEFINITIONAL_REPRESENTATION('',(#2685),#2688);
#2685 = B_SPLINE_CURVE_WITH_KNOTS('',1,(#2686,#2687),.UNSPECIFIED.,.F.,
  .F.,(2,2),(0.,1.),.PIECEWISE_BEZIER_KNOTS.);
#2686 = CARTESIAN_POINT('',(5.684341886081E-14,-0.197368421053));
#2687 = CARTESIAN_POINT('',(173.99999998039,-0.197368421053));
#2688 = ( GEOMETRIC_REPRESENTATION_CONTEXT(2) 
PARAMETRIC_REPRESENTATION_CONTEXT() REPRESENTATION_CONTEXT('2D SPACE',''
  ) );
#2689 = PCURVE('',#2315,#2690);
#2690 = DEFINITIONAL_REPRESENTATION('',(#2691),#2694);
#2691 = B_SPLINE_CURVE_WITH_KNOTS('',1,(#2692,#2693),.UNSPECIFIED.,.F.,
  .F.,(2,2),(0.,1.),.PIECEWISE_BEZIER_KNOTS.);
#2692 = CARTESIAN_POINT('',(87.000000000004,2.631578947368E-02));
#2693 = CARTESIAN_POINT('',(-86.9999999804,2.631578947368E-02));
#2694 = ( GEOMETRIC_REPRESENTATION_CONTEXT(2) 
PARAMETRIC_REPRESENTATION_CONTEXT() REPRESENTATION_CONTEXT('2D SPACE',''
  ) );
#2695 = ORIENTED_EDGE('',*,*,#2696,.F.);
#2696 = EDGE_CURVE('',#679,#2677,#2697,.T.);
#2697 = SURFACE_CURVE('',#2698,(#2702,#2709),.PCURVE_S1.);
#2698 = LINE('',#2699,#2700);
#2699 = CARTESIAN_POINT('',(-149.,86.999999979879,0.));
#2700 = VECTOR('',#2701,1.);
#2701 = DIRECTION('',(0.,0.,1.));
#2702 = PCURVE('',#694,#2703);
#2703 = DEFINITIONAL_REPRESENTATION('',(#2704),#2708);
#2704 = LINE('',#2705,#2706);
#2705 = CARTESIAN_POINT('',(173.99999997988,0.));
#2706 = VECTOR('',#2707,1.);
#2707 = DIRECTION('',(0.,-1.));
#2708 = ( GEOMETRIC_REPRESENTATION_CONTEXT(2) 
PARAMETRIC_REPRESENTATION_CONTEXT() REPRESENTATION_CONTEXT('2D SPACE',''
  ) );
#2709 = PCURVE('',#727,#2710);
#2710 = DEFINITIONAL_REPRESENTATION('',(#2711),#2715);
#2711 = LINE('',#2712,#2713);
#2712 = CARTESIAN_POINT('',(0.,0.));
#2713 = VECTOR('',#2714,1.);
#2714 = DIRECTION('',(0.,-1.));
#2715 = ( GEOMETRIC_REPRESENTATION_CONTEXT(2) 
PARAMETRIC_REPRESENTATION_CONTEXT() REPRESENTATION_CONTEXT('2D SPACE',''
  ) );
#2716 = ADVANCED_FACE('',(#2717),#1044,.F.);
#2717 = FACE_BOUND('',#2718,.F.);
#2718 = EDGE_LOOP('',(#2719,#2720,#2741));
#2719 = ORIENTED_EDGE('',*,*,#1023,.F.);
#2720 = ORIENTED_EDGE('',*,*,#2721,.T.);
#2721 = EDGE_CURVE('',#996,#2512,#2722,.T.);
#2722 = SURFACE_CURVE('',#2723,(#2727,#2734),.PCURVE_S1.);
#2723 = LINE('',#2724,#2725);
#2724 = CARTESIAN_POINT('',(149.,-87.,0.));
#2725 = VECTOR('',#2726,1.);
#2726 = DIRECTION('',(0.,0.,1.));
#2727 = PCURVE('',#1044,#2728);
#2728 = DEFINITIONAL_REPRESENTATION('',(#2729),#2733);
#2729 = LINE('',#2730,#2731);
#2730 = CARTESIAN_POINT('',(3.14159265359,0.));
#2731 = VECTOR('',#2732,1.);
#2732 = DIRECTION('',(0.,-1.));
#2733 = ( GEOMETRIC_REPRESENTATION_CONTEXT(2) 
PARAMETRIC_REPRESENTATION_CONTEXT() REPRESENTATION_CONTEXT('2D SPACE',''
  ) );
#2734 = PCURVE('',#1011,#2735);
#2735 = DEFINITIONAL_REPRESENTATION('',(#2736),#2740);
#2736 = LINE('',#2737,#2738);
#2737 = CARTESIAN_POINT('',(0.,0.));
#2738 = VECTOR('',#2739,1.);
#2739 = DIRECTION('',(0.,-1.));
#2740 = ( GEOMETRIC_REPRESENTATION_CONTEXT(2) 
PARAMETRIC_REPRESENTATION_CONTEXT() REPRESENTATION_CONTEXT('2D SPACE',''
  ) );
#2741 = ORIENTED_EDGE('',*,*,#2511,.T.);
#2742 = ADVANCED_FACE('',(#2743),#727,.F.);
#2743 = FACE_BOUND('',#2744,.F.);
#2744 = EDGE_LOOP('',(#2745,#2746,#2747));
#2745 = ORIENTED_EDGE('',*,*,#706,.F.);
#2746 = ORIENTED_EDGE('',*,*,#2696,.T.);
#2747 = ORIENTED_EDGE('',*,*,#2748,.T.);
#2748 = EDGE_CURVE('',#2677,#707,#2749,.T.);
#2749 = SURFACE_CURVE('',#2750,(#2783,#2819),.PCURVE_S1.);
#2750 = B_SPLINE_CURVE_WITH_KNOTS('',7,(#2751,#2752,#2753,#2754,#2755,
    #2756,#2757,#2758,#2759,#2760,#2761,#2762,#2763,#2764,#2765,#2766,
    #2767,#2768,#2769,#2770,#2771,#2772,#2773,#2774,#2775,#2776,#2777,
    #2778,#2779,#2780,#2781,#2782),.UNSPECIFIED.,.F.,.F.,(8,6,6,6,6,8),(
    0.,0.581843633781,0.696151877747,0.804581724161,0.905591588063,1.),
  .UNSPECIFIED.);
#2751 = CARTESIAN_POINT('',(-149.,86.999999980394,0.197368421053));
#2752 = CARTESIAN_POINT('',(-148.9999999999,87.958584786479,
    0.19736842104));
#2753 = CARTESIAN_POINT('',(-148.9106635414,88.917352010303,
    0.195260518337));
#2754 = CARTESIAN_POINT('',(-148.7319326368,89.865976504537,
    0.191041553388));
#2755 = CARTESIAN_POINT('',(-148.465317816,90.794532542141,
    0.184571401122));
#2756 = CARTESIAN_POINT('',(-148.1135736537,91.693443004252,
    0.175538128616));
#2757 = CARTESIAN_POINT('',(-147.680701093,92.553481187207,
    0.163442768165));
#2758 = CARTESIAN_POINT('',(-147.0723934843,93.525514601395,
    0.144071466188));
#2759 = CARTESIAN_POINT('',(-146.9695896696,93.683290852223,
    0.14073243197));
#2760 = CARTESIAN_POINT('',(-146.8639069129,93.839170788544,
    0.137227409323));
#2761 = CARTESIAN_POINT('',(-146.7553877011,93.993091042425,
    0.133547617251));
#2762 = CARTESIAN_POINT('',(-146.6440763371,94.144989409224,
    0.129683218696));
#2763 = CARTESIAN_POINT('',(-146.5300189398,94.294804847586,
    0.125623320542));
#2764 = CARTESIAN_POINT('',(-146.3025121979,94.582555922049,
    0.117308078586));
#2765 = CARTESIAN_POINT('',(-146.189333208,94.720706341089,
    0.113073335973));
#2766 = CARTESIAN_POINT('',(-146.0737673635,94.856877641473,
    0.108641617801));
#2767 = CARTESIAN_POINT('',(-145.9558570182,94.991019791452,
    0.104001412295));
#2768 = CARTESIAN_POINT('',(-145.8356459911,95.12308382262,
    9.913982388035E-02));
#2769 = CARTESIAN_POINT('',(-145.7131795659,95.253021829913,
    9.40425731809E-02));
#2770 = CARTESIAN_POINT('',(-145.4723610795,95.49980899369,
    8.37114302448E-02));
#2771 = CARTESIAN_POINT('',(-145.354300985,95.616945385394,
    7.851052172418E-02));
#2772 = CARTESIAN_POINT('',(-145.2343619622,95.73215828983,
    7.307868654924E-02));
#2773 = CARTESIAN_POINT('',(-145.112582953,95.845410718693,
    6.740163596104E-02));
#2774 = CARTESIAN_POINT('',(-144.9890040878,95.956666552259,
    6.146337735011E-02));
#2775 = CARTESIAN_POINT('',(-144.8636666844,96.065890539387,
    5.524621425643E-02));
#2776 = CARTESIAN_POINT('',(-144.6178633305,96.27320281096,
    4.264109381018E-02));
#2777 = CARTESIAN_POINT('',(-144.4976144083,96.371552324663,
    3.629073464127E-02));
#2778 = CARTESIAN_POINT('',(-144.3759012052,96.468068828806,
    2.966350868581E-02));
#2779 = CARTESIAN_POINT('',(-144.2527594659,96.562724944043,
    2.27416521875E-02));
#2780 = CARTESIAN_POINT('',(-144.1282260245,96.655493965779,
    1.55054545639E-02));
#2781 = CARTESIAN_POINT('',(-144.0023388718,96.746349908442,
    7.932915159704E-03));
#2782 = CARTESIAN_POINT('',(-143.8751372225,96.835267549758,
    -5.999999999531E-07));
#2783 = PCURVE('',#727,#2784);
#2784 = DEFINITIONAL_REPRESENTATION('',(#2785),#2818);
#2785 = B_SPLINE_CURVE_WITH_KNOTS('',7,(#2786,#2787,#2788,#2789,#2790,
    #2791,#2792,#2793,#2794,#2795,#2796,#2797,#2798,#2799,#2800,#2801,
    #2802,#2803,#2804,#2805,#2806,#2807,#2808,#2809,#2810,#2811,#2812,
    #2813,#2814,#2815,#2816,#2817),.UNSPECIFIED.,.F.,.F.,(8,6,6,6,6,8),(
    0.,0.581843633781,0.696151877747,0.804581724161,0.905591588063,1.),
  .UNSPECIFIED.);
#2786 = CARTESIAN_POINT('',(0.,-0.197368421053));
#2787 = CARTESIAN_POINT('',(7.988206717377E-02,-0.197368421029));
#2788 = CARTESIAN_POINT('',(0.159779342376,-0.195260518368));
#2789 = CARTESIAN_POINT('',(0.239663933509,-0.191041553348));
#2790 = CARTESIAN_POINT('',(0.319542758179,-0.184571401149));
#2791 = CARTESIAN_POINT('',(0.399424403078,-0.175538128608));
#2792 = CARTESIAN_POINT('',(0.479314500804,-0.163442768165));
#2793 = CARTESIAN_POINT('',(0.574871606518,-0.144071466188));
#2794 = CARTESIAN_POINT('',(0.590561764957,-0.14073243197));
#2795 = CARTESIAN_POINT('',(0.606251551744,-0.137227409323));
#2796 = CARTESIAN_POINT('',(0.621940918406,-0.133547617251));
#2797 = CARTESIAN_POINT('',(0.637629806823,-0.129683218696));
#2798 = CARTESIAN_POINT('',(0.653318149237,-0.125623320542));
#2799 = CARTESIAN_POINT('',(0.683886833113,-0.117308078586));
#2800 = CARTESIAN_POINT('',(0.698767235589,-0.113073335973));
#2801 = CARTESIAN_POINT('',(0.71364701152,-0.108641617801));
#2802 = CARTESIAN_POINT('',(0.72852608018,-0.104001412295));
#2803 = CARTESIAN_POINT('',(0.743404344273,-9.913982388035E-02));
#2804 = CARTESIAN_POINT('',(0.75828168993,-9.40425731809E-02));
#2805 = CARTESIAN_POINT('',(0.78701628092,-8.37114302448E-02));
#2806 = CARTESIAN_POINT('',(0.800873660017,-7.851052172418E-02));
#2807 = CARTESIAN_POINT('',(0.814730021585,-7.307868654924E-02));
#2808 = CARTESIAN_POINT('',(0.828585236451,-6.740163596104E-02));
#2809 = CARTESIAN_POINT('',(0.84243914869,-6.146337735011E-02));
#2810 = CARTESIAN_POINT('',(0.85629157562,-5.524621425643E-02));
#2811 = CARTESIAN_POINT('',(0.883087831928,-4.264109381018E-02));
#2812 = CARTESIAN_POINT('',(0.896031868971,-3.629073464127E-02));
#2813 = CARTESIAN_POINT('',(0.908974245401,-2.966350868581E-02));
#2814 = CARTESIAN_POINT('',(0.921914753366,-2.27416521875E-02));
#2815 = CARTESIAN_POINT('',(0.934853144342,-1.55054545639E-02));
#2816 = CARTESIAN_POINT('',(0.947789122777,-7.932915159704E-03));
#2817 = CARTESIAN_POINT('',(0.960722339735,5.999999999895E-07));
#2818 = ( GEOMETRIC_REPRESENTATION_CONTEXT(2) 
PARAMETRIC_REPRESENTATION_CONTEXT() REPRESENTATION_CONTEXT('2D SPACE',''
  ) );
#2819 = PCURVE('',#793,#2820);
#2820 = DEFINITIONAL_REPRESENTATION('',(#2821),#2854);
#2821 = B_SPLINE_CURVE_WITH_KNOTS('',7,(#2822,#2823,#2824,#2825,#2826,
    #2827,#2828,#2829,#2830,#2831,#2832,#2833,#2834,#2835,#2836,#2837,
    #2838,#2839,#2840,#2841,#2842,#2843,#2844,#2845,#2846,#2847,#2848,
    #2849,#2850,#2851,#2852,#2853),.UNSPECIFIED.,.F.,.F.,(8,6,6,6,6,8),(
    0.,0.581843633781,0.696151877747,0.804581724161,0.905591588063,1.),
  .UNSPECIFIED.);
#2822 = CARTESIAN_POINT('',(6.28318530718,2.631578947368E-02));
#2823 = CARTESIAN_POINT('',(6.206417714701,2.631578947475E-02));
#2824 = CARTESIAN_POINT('',(6.129635490367,2.649908536199E-02));
#2825 = CARTESIAN_POINT('',(6.052924405101,2.686595187933E-02));
#2826 = CARTESIAN_POINT('',(5.976336088463,2.742857381546E-02));
#2827 = CARTESIAN_POINT('',(5.899933174354,2.821407577252E-02));
#2828 = CARTESIAN_POINT('',(5.823798986379,2.92658462465E-02));
#2829 = CARTESIAN_POINT('',(5.733250917895,3.095030728799E-02));
#2830 = CARTESIAN_POINT('',(5.718399907286,3.124065808953E-02));
#2831 = CARTESIAN_POINT('',(5.703567085053,3.154544266754E-02));
#2832 = CARTESIAN_POINT('',(5.688753785078,3.186542458689E-02));
#2833 = CARTESIAN_POINT('',(5.67396148273,3.220145924382E-02));
#2834 = CARTESIAN_POINT('',(5.659191794865,3.255449386587E-02));
#2835 = CARTESIAN_POINT('',(5.630459455008,3.32775583838E-02));
#2836 = CARTESIAN_POINT('',(5.616494386885,3.364579687187E-02));
#2837 = CARTESIAN_POINT('',(5.602552765206,3.403116366947E-02));
#2838 = CARTESIAN_POINT('',(5.588636273013,3.443465980043E-02));
#2839 = CARTESIAN_POINT('',(5.574746786641,3.48574066191E-02));
#2840 = CARTESIAN_POINT('',(5.560886375713,3.530064581036E-02));
#2841 = CARTESIAN_POINT('',(5.53417457036,3.619900606567E-02));
#2842 = CARTESIAN_POINT('',(5.521319069563,3.665125898051E-02));
#2843 = CARTESIAN_POINT('',(5.508492617067,3.712359247398E-02));
#2844 = CARTESIAN_POINT('',(5.495697275902,3.761724904687E-02));
#2845 = CARTESIAN_POINT('',(5.48293535581,3.813361936086E-02));
#2846 = CARTESIAN_POINT('',(5.470209413255,3.867424223857E-02));
#2847 = CARTESIAN_POINT('',(5.445664253046,3.977033966868E-02));
#2848 = CARTESIAN_POINT('',(5.433840154144,4.03225448138E-02));
#2849 = CARTESIAN_POINT('',(5.422052288054,4.089882533167E-02));
#2850 = CARTESIAN_POINT('',(5.410303229881,4.150072589674E-02));
#2851 = CARTESIAN_POINT('',(5.398595847859,4.21299604727E-02));
#2852 = CARTESIAN_POINT('',(5.386933354714,4.278844216003E-02));
#2853 = CARTESIAN_POINT('',(5.375319359033,4.347831304348E-02));
#2854 = ( GEOMETRIC_REPRESENTATION_CONTEXT(2) 
PARAMETRIC_REPRESENTATION_CONTEXT() REPRESENTATION_CONTEXT('2D SPACE',''
  ) );
#2855 = ADVANCED_FACE('',(#2856),#1011,.T.);
#2856 = FACE_BOUND('',#2857,.T.);
#2857 = EDGE_LOOP('',(#2858,#2859,#2860,#2881));
#2858 = ORIENTED_EDGE('',*,*,#995,.F.);
#2859 = ORIENTED_EDGE('',*,*,#2721,.T.);
#2860 = ORIENTED_EDGE('',*,*,#2861,.T.);
#2861 = EDGE_CURVE('',#2512,#2862,#2864,.T.);
#2862 = VERTEX_POINT('',#2863);
#2863 = CARTESIAN_POINT('',(149.,86.999999980136,0.197368421054));
#2864 = SURFACE_CURVE('',#2865,(#2869,#2875),.PCURVE_S1.);
#2865 = LINE('',#2866,#2867);
#2866 = CARTESIAN_POINT('',(149.,-43.5,0.197368421053));
#2867 = VECTOR('',#2868,1.);
#2868 = DIRECTION('',(0.,1.,0.));
#2869 = PCURVE('',#1011,#2870);
#2870 = DEFINITIONAL_REPRESENTATION('',(#2871),#2874);
#2871 = B_SPLINE_CURVE_WITH_KNOTS('',1,(#2872,#2873),.UNSPECIFIED.,.F.,
  .F.,(2,2),(-43.5,130.49999997987),.PIECEWISE_BEZIER_KNOTS.);
#2872 = CARTESIAN_POINT('',(-1.42108547152E-14,-0.197368421053));
#2873 = CARTESIAN_POINT('',(173.99999997988,-0.197368421053));
#2874 = ( GEOMETRIC_REPRESENTATION_CONTEXT(2) 
PARAMETRIC_REPRESENTATION_CONTEXT() REPRESENTATION_CONTEXT('2D SPACE',''
  ) );
#2875 = PCURVE('',#2636,#2876);
#2876 = DEFINITIONAL_REPRESENTATION('',(#2877),#2880);
#2877 = B_SPLINE_CURVE_WITH_KNOTS('',1,(#2878,#2879),.UNSPECIFIED.,.F.,
  .F.,(2,2),(-43.5,130.49999997987),.PIECEWISE_BEZIER_KNOTS.);
#2878 = CARTESIAN_POINT('',(-87.,-21.62477883255));
#2879 = CARTESIAN_POINT('',(86.999999979877,-21.62477883255));
#2880 = ( GEOMETRIC_REPRESENTATION_CONTEXT(2) 
PARAMETRIC_REPRESENTATION_CONTEXT() REPRESENTATION_CONTEXT('2D SPACE',''
  ) );
#2881 = ORIENTED_EDGE('',*,*,#2882,.F.);
#2882 = EDGE_CURVE('',#963,#2862,#2883,.T.);
#2883 = SURFACE_CURVE('',#2884,(#2888,#2895),.PCURVE_S1.);
#2884 = LINE('',#2885,#2886);
#2885 = CARTESIAN_POINT('',(149.,86.999999979879,0.));
#2886 = VECTOR('',#2887,1.);
#2887 = DIRECTION('',(0.,0.,1.));
#2888 = PCURVE('',#1011,#2889);
#2889 = DEFINITIONAL_REPRESENTATION('',(#2890),#2894);
#2890 = LINE('',#2891,#2892);
#2891 = CARTESIAN_POINT('',(173.99999997988,0.));
#2892 = VECTOR('',#2893,1.);
#2893 = DIRECTION('',(0.,-1.));
#2894 = ( GEOMETRIC_REPRESENTATION_CONTEXT(2) 
PARAMETRIC_REPRESENTATION_CONTEXT() REPRESENTATION_CONTEXT('2D SPACE',''
  ) );
#2895 = PCURVE('',#983,#2896);
#2896 = DEFINITIONAL_REPRESENTATION('',(#2897),#2901);
#2897 = LINE('',#2898,#2899);
#2898 = CARTESIAN_POINT('',(3.14159265359,0.));
#2899 = VECTOR('',#2900,1.);
#2900 = DIRECTION('',(0.,-1.));
#2901 = ( GEOMETRIC_REPRESENTATION_CONTEXT(2) 
PARAMETRIC_REPRESENTATION_CONTEXT() REPRESENTATION_CONTEXT('2D SPACE',''
  ) );
#2902 = ADVANCED_FACE('',(#2903),#793,.F.);
#2903 = FACE_BOUND('',#2904,.F.);
#2904 = EDGE_LOOP('',(#2905,#2906,#2928,#2952,#2972));
#2905 = ORIENTED_EDGE('',*,*,#2748,.F.);
#2906 = ORIENTED_EDGE('',*,*,#2907,.T.);
#2907 = EDGE_CURVE('',#2677,#2908,#2910,.T.);
#2908 = VERTEX_POINT('',#2909);
#2909 = CARTESIAN_POINT('',(-130.5,86.999999979879,-11.));
#2910 = SURFACE_CURVE('',#2911,(#2914,#2921),.PCURVE_S1.);
#2911 = B_SPLINE_CURVE_WITH_KNOTS('',1,(#2912,#2913),.UNSPECIFIED.,.F.,
  .F.,(2,2),(0.,1.),.PIECEWISE_BEZIER_KNOTS.);
#2912 = CARTESIAN_POINT('',(-149.5,86.999999980408,0.5));
#2913 = CARTESIAN_POINT('',(-130.5,86.999999979879,-11.));
#2914 = PCURVE('',#793,#2915);
#2915 = DEFINITIONAL_REPRESENTATION('',(#2916),#2920);
#2916 = LINE('',#2917,#2918);
#2917 = CARTESIAN_POINT('',(6.28318530718,0.));
#2918 = VECTOR('',#2919,1.);
#2919 = DIRECTION('',(0.,1.));
#2920 = ( GEOMETRIC_REPRESENTATION_CONTEXT(2) 
PARAMETRIC_REPRESENTATION_CONTEXT() REPRESENTATION_CONTEXT('2D SPACE',''
  ) );
#2921 = PCURVE('',#2315,#2922);
#2922 = DEFINITIONAL_REPRESENTATION('',(#2923),#2927);
#2923 = LINE('',#2924,#2925);
#2924 = CARTESIAN_POINT('',(-86.9999999804,0.));
#2925 = VECTOR('',#2926,1.);
#2926 = DIRECTION('',(0.,1.));
#2927 = ( GEOMETRIC_REPRESENTATION_CONTEXT(2) 
PARAMETRIC_REPRESENTATION_CONTEXT() REPRESENTATION_CONTEXT('2D SPACE',''
  ) );
#2928 = ORIENTED_EDGE('',*,*,#2929,.T.);
#2929 = EDGE_CURVE('',#2908,#2930,#2932,.T.);
#2930 = VERTEX_POINT('',#2931);
#2931 = CARTESIAN_POINT('',(-118.5,98.999999989941,-11.));
#2932 = SURFACE_CURVE('',#2933,(#2938,#2945),.PCURVE_S1.);
#2933 = CIRCLE('',#2934,12.);
#2934 = AXIS2_PLACEMENT_3D('',#2935,#2936,#2937);
#2935 = CARTESIAN_POINT('',(-118.5,86.999999979879,-11.));
#2936 = DIRECTION('',(0.,0.,-1.));
#2937 = DIRECTION('',(-1.,0.,0.));
#2938 = PCURVE('',#793,#2939);
#2939 = DEFINITIONAL_REPRESENTATION('',(#2940),#2944);
#2940 = LINE('',#2941,#2942);
#2941 = CARTESIAN_POINT('',(6.28318530718,1.));
#2942 = VECTOR('',#2943,1.);
#2943 = DIRECTION('',(-1.,0.));
#2944 = ( GEOMETRIC_REPRESENTATION_CONTEXT(2) 
PARAMETRIC_REPRESENTATION_CONTEXT() REPRESENTATION_CONTEXT('2D SPACE',''
  ) );
#2945 = PCURVE('',#2288,#2946);
#2946 = DEFINITIONAL_REPRESENTATION('',(#2947),#2951);
#2947 = CIRCLE('',#2948,12.);
#2948 = AXIS2_PLACEMENT_2D('',#2949,#2950);
#2949 = CARTESIAN_POINT('',(0.,173.99999997988));
#2950 = DIRECTION('',(1.,0.));
#2951 = ( GEOMETRIC_REPRESENTATION_CONTEXT(2) 
PARAMETRIC_REPRESENTATION_CONTEXT() REPRESENTATION_CONTEXT('2D SPACE',''
  ) );
#2952 = ORIENTED_EDGE('',*,*,#2953,.F.);
#2953 = EDGE_CURVE('',#740,#2930,#2954,.T.);
#2954 = SURFACE_CURVE('',#2955,(#2958,#2965),.PCURVE_S1.);
#2955 = B_SPLINE_CURVE_WITH_KNOTS('',1,(#2956,#2957),.UNSPECIFIED.,.F.,
  .F.,(2,2),(0.,1.),.PIECEWISE_BEZIER_KNOTS.);
#2956 = CARTESIAN_POINT('',(-137.,99.500000000002,0.5));
#2957 = CARTESIAN_POINT('',(-118.5,99.000000000002,-11.));
#2958 = PCURVE('',#793,#2959);
#2959 = DEFINITIONAL_REPRESENTATION('',(#2960),#2964);
#2960 = LINE('',#2961,#2962);
#2961 = CARTESIAN_POINT('',(4.712388980385,0.));
#2962 = VECTOR('',#2963,1.);
#2963 = DIRECTION('',(0.,1.));
#2964 = ( GEOMETRIC_REPRESENTATION_CONTEXT(2) 
PARAMETRIC_REPRESENTATION_CONTEXT() REPRESENTATION_CONTEXT('2D SPACE',''
  ) );
#2965 = PCURVE('',#852,#2966);
#2966 = DEFINITIONAL_REPRESENTATION('',(#2967),#2971);
#2967 = LINE('',#2968,#2969);
#2968 = CARTESIAN_POINT('',(137.,0.));
#2969 = VECTOR('',#2970,1.);
#2970 = DIRECTION('',(0.,1.));
#2971 = ( GEOMETRIC_REPRESENTATION_CONTEXT(2) 
PARAMETRIC_REPRESENTATION_CONTEXT() REPRESENTATION_CONTEXT('2D SPACE',''
  ) );
#2972 = ORIENTED_EDGE('',*,*,#739,.F.);
#2973 = ADVANCED_FACE('',(#2974),#983,.F.);
#2974 = FACE_BOUND('',#2975,.F.);
#2975 = EDGE_LOOP('',(#2976,#2977,#3085));
#2976 = ORIENTED_EDGE('',*,*,#962,.F.);
#2977 = ORIENTED_EDGE('',*,*,#2978,.T.);
#2978 = EDGE_CURVE('',#864,#2862,#2979,.T.);
#2979 = SURFACE_CURVE('',#2980,(#3013,#3049),.PCURVE_S1.);
#2980 = B_SPLINE_CURVE_WITH_KNOTS('',7,(#2981,#2982,#2983,#2984,#2985,
    #2986,#2987,#2988,#2989,#2990,#2991,#2992,#2993,#2994,#2995,#2996,
    #2997,#2998,#2999,#3000,#3001,#3002,#3003,#3004,#3005,#3006,#3007,
    #3008,#3009,#3010,#3011,#3012),.UNSPECIFIED.,.F.,.F.,(8,6,6,6,6,8),(
    0.,9.43608449907E-02,0.195372190587,0.303802991509,0.418111857077,1.
    ),.UNSPECIFIED.);
#2981 = CARTESIAN_POINT('',(143.87513722255,96.835267549757,
    -5.999999999531E-07));
#2982 = CARTESIAN_POINT('',(144.00227478079,96.746394709967,
    7.928917824941E-03));
#2983 = CARTESIAN_POINT('',(144.12809916669,96.6555855216,
    1.549782354555E-02));
#2984 = CARTESIAN_POINT('',(144.25257122473,96.562865168824,
    2.273071395937E-02));
#2985 = CARTESIAN_POINT('',(144.37565302102,96.468259597563,
    2.964955779001E-02));
#2986 = CARTESIAN_POINT('',(144.49730777598,96.371795471333,
    3.627403811469E-02));
#2987 = CARTESIAN_POINT('',(144.6174997972,96.273500127076,
    4.262189479187E-02));
#2988 = CARTESIAN_POINT('',(144.86325455838,96.06624804075,
    5.522567363271E-02));
#2989 = CARTESIAN_POINT('',(144.98859872243,95.95702818004,
    6.144372035246E-02));
#2990 = CARTESIAN_POINT('',(145.11218439403,95.845776331242,
    6.738281220829E-02));
#2991 = CARTESIAN_POINT('',(145.23397025106,95.732527745398,
    7.306065002126E-02));
#2992 = CARTESIAN_POINT('',(145.35391615945,95.617318542207,
    7.849323027326E-02));
#2993 = CARTESIAN_POINT('',(145.47198317323,95.500185710028,
    8.369484510697E-02));
#2994 = CARTESIAN_POINT('',(145.71281533752,95.253406382606,
    9.402734680353E-02));
#2995 = CARTESIAN_POINT('',(145.83528855179,95.12347265608,
    9.912524752174E-02));
#2996 = CARTESIAN_POINT('',(145.95550642479,94.991412767359,
    0.103987451002));
#2997 = CARTESIAN_POINT('',(146.07342366904,94.857274620929,
    0.108628239629));
#2998 = CARTESIAN_POINT('',(146.18899646206,94.721107184698,
    0.113060511653));
#2999 = CARTESIAN_POINT('',(146.30218244635,94.582960489998,
    0.11729578119));
#3000 = CARTESIAN_POINT('',(146.5297032506,94.295217275149,
    0.125612040002));
#3001 = CARTESIAN_POINT('',(146.64376773868,94.14540597088,
    0.129672426766));
#3002 = CARTESIAN_POINT('',(146.75508625515,93.993511595854,
    0.133537289943));
#3003 = CARTESIAN_POINT('',(146.86361267755,93.839595190524,
    0.13721752469));
#3004 = CARTESIAN_POINT('',(146.96930269939,93.683718958722,
    0.140722969884));
#3005 = CARTESIAN_POINT('',(147.07211383019,93.525946267659,
    0.144062408123));
#3006 = CARTESIAN_POINT('',(147.68050241473,92.553875919072,
    0.163437216865));
#3007 = CARTESIAN_POINT('',(148.11343910685,91.693786824932,
    0.175534672695));
#3008 = CARTESIAN_POINT('',(148.46523621995,90.794816693241,
    0.184569421583));
#3009 = CARTESIAN_POINT('',(148.7318916126,89.866194236729,
    0.191040584586));
#3010 = CARTESIAN_POINT('',(148.91064987554,88.917498709032,
    0.195260196019));
#3011 = CARTESIAN_POINT('',(148.99999999997,87.958658100649,
    0.197368421041));
#3012 = CARTESIAN_POINT('',(149.,86.999999980394,0.197368421053));
#3013 = PCURVE('',#983,#3014);
#3014 = DEFINITIONAL_REPRESENTATION('',(#3015),#3048);
#3015 = B_SPLINE_CURVE_WITH_KNOTS('',7,(#3016,#3017,#3018,#3019,#3020,
    #3021,#3022,#3023,#3024,#3025,#3026,#3027,#3028,#3029,#3030,#3031,
    #3032,#3033,#3034,#3035,#3036,#3037,#3038,#3039,#3040,#3041,#3042,
    #3043,#3044,#3045,#3046,#3047),.UNSPECIFIED.,.F.,.F.,(8,6,6,6,6,8),(
    0.,9.43608449907E-02,0.195372190587,0.303802991509,0.418111857077,1.
    ),.UNSPECIFIED.);
#3016 = CARTESIAN_POINT('',(2.180870313855,5.999999999895E-07));
#3017 = CARTESIAN_POINT('',(2.193797014357,-7.928917824941E-03));
#3018 = CARTESIAN_POINT('',(2.206726473552,-1.549782354555E-02));
#3019 = CARTESIAN_POINT('',(2.21965834303,-2.273071395937E-02));
#3020 = CARTESIAN_POINT('',(2.23259232766,-2.964955779001E-02));
#3021 = CARTESIAN_POINT('',(2.245528179247,-3.627403811469E-02));
#3022 = CARTESIAN_POINT('',(2.258465690197,-4.262189479187E-02));
#3023 = CARTESIAN_POINT('',(2.285255617555,-5.522567363271E-02));
#3024 = CARTESIAN_POINT('',(2.299108243247,-6.144372035246E-02));
#3025 = CARTESIAN_POINT('',(2.312962354731,-6.738281220829E-02));
#3026 = CARTESIAN_POINT('',(2.326817769258,-7.306065002126E-02));
#3027 = CARTESIAN_POINT('',(2.340674330846,-7.849323027326E-02));
#3028 = CARTESIAN_POINT('',(2.354531910278,-8.369484510697E-02));
#3029 = CARTESIAN_POINT('',(2.383266829971,-9.402734680353E-02));
#3030 = CARTESIAN_POINT('',(2.398144304022,-9.912524752174E-02));
#3031 = CARTESIAN_POINT('',(2.413022696774,-0.103987451002));
#3032 = CARTESIAN_POINT('',(2.42790189432,-0.108628239629));
#3033 = CARTESIAN_POINT('',(2.442781799334,-0.113060511653));
#3034 = CARTESIAN_POINT('',(2.457662331065,-0.11729578119));
#3035 = CARTESIAN_POINT('',(2.488231227982,-0.125612040002));
#3036 = CARTESIAN_POINT('',(2.503919654195,-0.129672426766));
#3037 = CARTESIAN_POINT('',(2.519608626553,-0.133537289943));
#3038 = CARTESIAN_POINT('',(2.535298077278,-0.13721752469));
#3039 = CARTESIAN_POINT('',(2.550987948236,-0.140722969884));
#3040 = CARTESIAN_POINT('',(2.566678190939,-0.144062408123));
#3041 = CARTESIAN_POINT('',(2.66224148557,-0.163437216865));
#3042 = CARTESIAN_POINT('',(2.74213769653,-0.175534672688));
#3043 = CARTESIAN_POINT('',(2.822025451224,-0.18456942161));
#3044 = CARTESIAN_POINT('',(2.901910384693,-0.191040584546));
#3045 = CARTESIAN_POINT('',(2.981801086317,-0.19526019605));
#3046 = CARTESIAN_POINT('',(3.061704476902,-0.197368421029));
#3047 = CARTESIAN_POINT('',(3.14159265359,-0.197368421053));
#3048 = ( GEOMETRIC_REPRESENTATION_CONTEXT(2) 
PARAMETRIC_REPRESENTATION_CONTEXT() REPRESENTATION_CONTEXT('2D SPACE',''
  ) );
#3049 = PCURVE('',#917,#3050);
#3050 = DEFINITIONAL_REPRESENTATION('',(#3051),#3084);
#3051 = B_SPLINE_CURVE_WITH_KNOTS('',7,(#3052,#3053,#3054,#3055,#3056,
    #3057,#3058,#3059,#3060,#3061,#3062,#3063,#3064,#3065,#3066,#3067,
    #3068,#3069,#3070,#3071,#3072,#3073,#3074,#3075,#3076,#3077,#3078,
    #3079,#3080,#3081,#3082,#3083),.UNSPECIFIED.,.F.,.F.,(8,6,6,6,6,8),(
    0.,9.43608449907E-02,0.195372190587,0.303802991509,0.418111857077,1.
    ),.UNSPECIFIED.);
#3052 = CARTESIAN_POINT('',(4.049458601736,4.347831304348E-02));
#3053 = CARTESIAN_POINT('',(4.037850457815,4.278878975435E-02));
#3054 = CARTESIAN_POINT('',(4.02619386529,4.213062403952E-02));
#3055 = CARTESIAN_POINT('',(4.014492427302,4.150167704701E-02));
#3056 = CARTESIAN_POINT('',(4.002749351917,4.090003845304E-02));
#3057 = CARTESIAN_POINT('',(3.990967503378,4.032399668568E-02));
#3058 = CARTESIAN_POINT('',(3.979149453338,3.977200914853E-02));
#3059 = CARTESIAN_POINT('',(3.954610293979,3.867602837976E-02));
#3060 = CARTESIAN_POINT('',(3.941884267268,3.8135328665E-02));
#3061 = CARTESIAN_POINT('',(3.929122255869,3.761888589493E-02));
#3062 = CARTESIAN_POINT('',(3.916326816879,3.712516086772E-02));
#3063 = CARTESIAN_POINT('',(3.903500260603,3.665276258493E-02));
#3064 = CARTESIAN_POINT('',(3.890644650555,3.620044825157E-02));
#3065 = CARTESIAN_POINT('',(3.863932689299,3.530196984317E-02));
#3066 = CARTESIAN_POINT('',(3.850072231333,3.485867412854E-02));
#3067 = CARTESIAN_POINT('',(3.836182692948,3.443587382595E-02));
#3068 = CARTESIAN_POINT('',(3.822266144195,3.40323269888E-02));
#3069 = CARTESIAN_POINT('',(3.808324461784,3.364691203015E-02));
#3070 = CARTESIAN_POINT('',(3.794359329083,3.327862772263E-02));
#3071 = CARTESIAN_POINT('',(3.765626898852,3.255547478242E-02));
#3072 = CARTESIAN_POINT('',(3.750857184969,3.220239767251E-02));
#3073 = CARTESIAN_POINT('',(3.736064853118,3.186632261361E-02));
#3074 = CARTESIAN_POINT('',(3.721251520434,3.154630220084E-02));
#3075 = CARTESIAN_POINT('',(3.706418662533,3.124148087966E-02));
#3076 = CARTESIAN_POINT('',(3.691567613513,3.095109494583E-02));
#3077 = CARTESIAN_POINT('',(3.601013917774,2.926632896828E-02));
#3078 = CARTESIAN_POINT('',(3.524874009727,2.821437628735E-02));
#3079 = CARTESIAN_POINT('',(3.448465309614,2.742874594926E-02));
#3080 = CARTESIAN_POINT('',(3.371871162612,2.686603612297E-02));
#3081 = CARTESIAN_POINT('',(3.295154218689,2.649911338969E-02));
#3082 = CARTESIAN_POINT('',(3.218366117383,2.631578947474E-02));
#3083 = CARTESIAN_POINT('',(3.14159265359,2.631578947369E-02));
#3084 = ( GEOMETRIC_REPRESENTATION_CONTEXT(2) 
PARAMETRIC_REPRESENTATION_CONTEXT() REPRESENTATION_CONTEXT('2D SPACE',''
  ) );
#3085 = ORIENTED_EDGE('',*,*,#2882,.F.);
#3086 = ADVANCED_FACE('',(#3087),#852,.F.);
#3087 = FACE_BOUND('',#3088,.F.);
#3088 = EDGE_LOOP('',(#3089,#3090,#3091,#3113));
#3089 = ORIENTED_EDGE('',*,*,#838,.F.);
#3090 = ORIENTED_EDGE('',*,*,#2953,.T.);
#3091 = ORIENTED_EDGE('',*,*,#3092,.T.);
#3092 = EDGE_CURVE('',#2930,#3093,#3095,.T.);
#3093 = VERTEX_POINT('',#3094);
#3094 = CARTESIAN_POINT('',(118.5,98.999999989941,-11.));
#3095 = SURFACE_CURVE('',#3096,(#3100,#3106),.PCURVE_S1.);
#3096 = LINE('',#3097,#3098);
#3097 = CARTESIAN_POINT('',(0.,99.000000000002,-11.));
#3098 = VECTOR('',#3099,1.);
#3099 = DIRECTION('',(1.,0.,0.));
#3100 = PCURVE('',#852,#3101);
#3101 = DEFINITIONAL_REPRESENTATION('',(#3102),#3105);
#3102 = B_SPLINE_CURVE_WITH_KNOTS('',1,(#3103,#3104),.UNSPECIFIED.,.F.,
  .F.,(2,2),(-118.5,118.5),.PIECEWISE_BEZIER_KNOTS.);
#3103 = CARTESIAN_POINT('',(137.,1.));
#3104 = CARTESIAN_POINT('',(-137.,1.));
#3105 = ( GEOMETRIC_REPRESENTATION_CONTEXT(2) 
PARAMETRIC_REPRESENTATION_CONTEXT() REPRESENTATION_CONTEXT('2D SPACE',''
  ) );
#3106 = PCURVE('',#2288,#3107);
#3107 = DEFINITIONAL_REPRESENTATION('',(#3108),#3112);
#3108 = LINE('',#3109,#3110);
#3109 = CARTESIAN_POINT('',(-118.5,186.));
#3110 = VECTOR('',#3111,1.);
#3111 = DIRECTION('',(-1.,0.));
#3112 = ( GEOMETRIC_REPRESENTATION_CONTEXT(2) 
PARAMETRIC_REPRESENTATION_CONTEXT() REPRESENTATION_CONTEXT('2D SPACE',''
  ) );
#3113 = ORIENTED_EDGE('',*,*,#3114,.F.);
#3114 = EDGE_CURVE('',#839,#3093,#3115,.T.);
#3115 = SURFACE_CURVE('',#3116,(#3119,#3126),.PCURVE_S1.);
#3116 = B_SPLINE_CURVE_WITH_KNOTS('',1,(#3117,#3118),.UNSPECIFIED.,.F.,
  .F.,(2,2),(0.,1.),.PIECEWISE_BEZIER_KNOTS.);
#3117 = CARTESIAN_POINT('',(137.,99.499999980408,0.5));
#3118 = CARTESIAN_POINT('',(118.5,98.999999979879,-11.));
#3119 = PCURVE('',#852,#3120);
#3120 = DEFINITIONAL_REPRESENTATION('',(#3121),#3125);
#3121 = LINE('',#3122,#3123);
#3122 = CARTESIAN_POINT('',(-137.,0.));
#3123 = VECTOR('',#3124,1.);
#3124 = DIRECTION('',(0.,1.));
#3125 = ( GEOMETRIC_REPRESENTATION_CONTEXT(2) 
PARAMETRIC_REPRESENTATION_CONTEXT() REPRESENTATION_CONTEXT('2D SPACE',''
  ) );
#3126 = PCURVE('',#917,#3127);
#3127 = DEFINITIONAL_REPRESENTATION('',(#3128),#3132);
#3128 = LINE('',#3129,#3130);
#3129 = CARTESIAN_POINT('',(4.712388980385,0.));
#3130 = VECTOR('',#3131,1.);
#3131 = DIRECTION('',(0.,1.));
#3132 = ( GEOMETRIC_REPRESENTATION_CONTEXT(2) 
PARAMETRIC_REPRESENTATION_CONTEXT() REPRESENTATION_CONTEXT('2D SPACE',''
  ) );
#3133 = ADVANCED_FACE('',(#3134),#917,.F.);
#3134 = FACE_BOUND('',#3135,.F.);
#3135 = EDGE_LOOP('',(#3136,#3137,#3138,#3162,#3181));
#3136 = ORIENTED_EDGE('',*,*,#863,.F.);
#3137 = ORIENTED_EDGE('',*,*,#3114,.T.);
#3138 = ORIENTED_EDGE('',*,*,#3139,.T.);
#3139 = EDGE_CURVE('',#3093,#3140,#3142,.T.);
#3140 = VERTEX_POINT('',#3141);
#3141 = CARTESIAN_POINT('',(130.5,86.999999979879,-11.));
#3142 = SURFACE_CURVE('',#3143,(#3148,#3155),.PCURVE_S1.);
#3143 = CIRCLE('',#3144,12.);
#3144 = AXIS2_PLACEMENT_3D('',#3145,#3146,#3147);
#3145 = CARTESIAN_POINT('',(118.5,86.999999979879,-11.));
#3146 = DIRECTION('',(0.,0.,-1.));
#3147 = DIRECTION('',(-1.,0.,0.));
#3148 = PCURVE('',#917,#3149);
#3149 = DEFINITIONAL_REPRESENTATION('',(#3150),#3154);
#3150 = LINE('',#3151,#3152);
#3151 = CARTESIAN_POINT('',(6.28318530718,1.));
#3152 = VECTOR('',#3153,1.);
#3153 = DIRECTION('',(-1.,0.));
#3154 = ( GEOMETRIC_REPRESENTATION_CONTEXT(2) 
PARAMETRIC_REPRESENTATION_CONTEXT() REPRESENTATION_CONTEXT('2D SPACE',''
  ) );
#3155 = PCURVE('',#2288,#3156);
#3156 = DEFINITIONAL_REPRESENTATION('',(#3157),#3161);
#3157 = CIRCLE('',#3158,12.);
#3158 = AXIS2_PLACEMENT_2D('',#3159,#3160);
#3159 = CARTESIAN_POINT('',(-237.,173.99999997988));
#3160 = DIRECTION('',(1.,0.));
#3161 = ( GEOMETRIC_REPRESENTATION_CONTEXT(2) 
PARAMETRIC_REPRESENTATION_CONTEXT() REPRESENTATION_CONTEXT('2D SPACE',''
  ) );
#3162 = ORIENTED_EDGE('',*,*,#3163,.F.);
#3163 = EDGE_CURVE('',#2862,#3140,#3164,.T.);
#3164 = SURFACE_CURVE('',#3165,(#3168,#3175),.PCURVE_S1.);
#3165 = B_SPLINE_CURVE_WITH_KNOTS('',1,(#3166,#3167),.UNSPECIFIED.,.F.,
  .F.,(2,2),(0.,1.),.PIECEWISE_BEZIER_KNOTS.);
#3166 = CARTESIAN_POINT('',(149.5,86.999999980408,0.5));
#3167 = CARTESIAN_POINT('',(130.5,86.999999979879,-11.));
#3168 = PCURVE('',#917,#3169);
#3169 = DEFINITIONAL_REPRESENTATION('',(#3170),#3174);
#3170 = LINE('',#3171,#3172);
#3171 = CARTESIAN_POINT('',(3.14159265359,0.));
#3172 = VECTOR('',#3173,1.);
#3173 = DIRECTION('',(0.,1.));
#3174 = ( GEOMETRIC_REPRESENTATION_CONTEXT(2) 
PARAMETRIC_REPRESENTATION_CONTEXT() REPRESENTATION_CONTEXT('2D SPACE',''
  ) );
#3175 = PCURVE('',#2636,#3176);
#3176 = DEFINITIONAL_REPRESENTATION('',(#3177),#3180);
#3177 = B_SPLINE_CURVE_WITH_KNOTS('',1,(#3178,#3179),.UNSPECIFIED.,.F.,
  .F.,(2,2),(0.,1.),.PIECEWISE_BEZIER_KNOTS.);
#3178 = CARTESIAN_POINT('',(86.999999980405,-22.20923231451));
#3179 = CARTESIAN_POINT('',(86.999999979877,0.));
#3180 = ( GEOMETRIC_REPRESENTATION_CONTEXT(2) 
PARAMETRIC_REPRESENTATION_CONTEXT() REPRESENTATION_CONTEXT('2D SPACE',''
  ) );
#3181 = ORIENTED_EDGE('',*,*,#2978,.F.);
#3182 = ADVANCED_FACE('',(#3183),#1197,.F.);
#3183 = FACE_BOUND('',#3184,.F.);
#3184 = EDGE_LOOP('',(#3185,#3209,#3230,#3231));
#3185 = ORIENTED_EDGE('',*,*,#3186,.F.);
#3186 = EDGE_CURVE('',#3187,#3187,#3189,.T.);
#3187 = VERTEX_POINT('',#3188);
#3188 = CARTESIAN_POINT('',(-152.3,55.,0.7));
#3189 = SURFACE_CURVE('',#3190,(#3195,#3202),.PCURVE_S1.);
#3190 = CIRCLE('',#3191,1.7);
#3191 = AXIS2_PLACEMENT_3D('',#3192,#3193,#3194);
#3192 = CARTESIAN_POINT('',(-154.,55.,0.7));
#3193 = DIRECTION('',(0.,0.,1.));
#3194 = DIRECTION('',(1.,0.,-0.));
#3195 = PCURVE('',#1197,#3196);
#3196 = DEFINITIONAL_REPRESENTATION('',(#3197),#3201);
#3197 = LINE('',#3198,#3199);
#3198 = CARTESIAN_POINT('',(0.,1.7));
#3199 = VECTOR('',#3200,1.);
#3200 = DIRECTION('',(1.,0.));
#3201 = ( GEOMETRIC_REPRESENTATION_CONTEXT(2) 
PARAMETRIC_REPRESENTATION_CONTEXT() REPRESENTATION_CONTEXT('2D SPACE',''
  ) );
#3202 = PCURVE('',#1654,#3203);
#3203 = DEFINITIONAL_REPRESENTATION('',(#3204),#3208);
#3204 = LINE('',#3205,#3206);
#3205 = CARTESIAN_POINT('',(0.,0.));
#3206 = VECTOR('',#3207,1.);
#3207 = DIRECTION('',(1.,0.));
#3208 = ( GEOMETRIC_REPRESENTATION_CONTEXT(2) 
PARAMETRIC_REPRESENTATION_CONTEXT() REPRESENTATION_CONTEXT('2D SPACE',''
  ) );
#3209 = ORIENTED_EDGE('',*,*,#3210,.F.);
#3210 = EDGE_CURVE('',#1181,#3187,#3211,.T.);
#3211 = SEAM_CURVE('',#3212,(#3216,#3223),.PCURVE_S1.);
#3212 = LINE('',#3213,#3214);
#3213 = CARTESIAN_POINT('',(-152.3,55.,-1.));
#3214 = VECTOR('',#3215,1.);
#3215 = DIRECTION('',(0.,0.,1.));
#3216 = PCURVE('',#1197,#3217);
#3217 = DEFINITIONAL_REPRESENTATION('',(#3218),#3222);
#3218 = LINE('',#3219,#3220);
#3219 = CARTESIAN_POINT('',(6.28318530718,-0.));
#3220 = VECTOR('',#3221,1.);
#3221 = DIRECTION('',(0.,1.));
#3222 = ( GEOMETRIC_REPRESENTATION_CONTEXT(2) 
PARAMETRIC_REPRESENTATION_CONTEXT() REPRESENTATION_CONTEXT('2D SPACE',''
  ) );
#3223 = PCURVE('',#1197,#3224);
#3224 = DEFINITIONAL_REPRESENTATION('',(#3225),#3229);
#3225 = LINE('',#3226,#3227);
#3226 = CARTESIAN_POINT('',(0.,-0.));
#3227 = VECTOR('',#3228,1.);
#3228 = DIRECTION('',(0.,1.));
#3229 = ( GEOMETRIC_REPRESENTATION_CONTEXT(2) 
PARAMETRIC_REPRESENTATION_CONTEXT() REPRESENTATION_CONTEXT('2D SPACE',''
  ) );
#3230 = ORIENTED_EDGE('',*,*,#1180,.T.);
#3231 = ORIENTED_EDGE('',*,*,#3210,.T.);
#3232 = ADVANCED_FACE('',(#3233),#1228,.F.);
#3233 = FACE_BOUND('',#3234,.F.);
#3234 = EDGE_LOOP('',(#3235,#3259,#3280,#3281));
#3235 = ORIENTED_EDGE('',*,*,#3236,.F.);
#3236 = EDGE_CURVE('',#3237,#3237,#3239,.T.);
#3237 = VERTEX_POINT('',#3238);
#3238 = CARTESIAN_POINT('',(155.7,55.,0.7));
#3239 = SURFACE_CURVE('',#3240,(#3245,#3252),.PCURVE_S1.);
#3240 = CIRCLE('',#3241,1.7);
#3241 = AXIS2_PLACEMENT_3D('',#3242,#3243,#3244);
#3242 = CARTESIAN_POINT('',(154.,55.,0.7));
#3243 = DIRECTION('',(0.,0.,1.));
#3244 = DIRECTION('',(1.,0.,-0.));
#3245 = PCURVE('',#1228,#3246);
#3246 = DEFINITIONAL_REPRESENTATION('',(#3247),#3251);
#3247 = LINE('',#3248,#3249);
#3248 = CARTESIAN_POINT('',(0.,1.7));
#3249 = VECTOR('',#3250,1.);
#3250 = DIRECTION('',(1.,0.));
#3251 = ( GEOMETRIC_REPRESENTATION_CONTEXT(2) 
PARAMETRIC_REPRESENTATION_CONTEXT() REPRESENTATION_CONTEXT('2D SPACE',''
  ) );
#3252 = PCURVE('',#1931,#3253);
#3253 = DEFINITIONAL_REPRESENTATION('',(#3254),#3258);
#3254 = LINE('',#3255,#3256);
#3255 = CARTESIAN_POINT('',(0.,0.));
#3256 = VECTOR('',#3257,1.);
#3257 = DIRECTION('',(1.,0.));
#3258 = ( GEOMETRIC_REPRESENTATION_CONTEXT(2) 
PARAMETRIC_REPRESENTATION_CONTEXT() REPRESENTATION_CONTEXT('2D SPACE',''
  ) );
#3259 = ORIENTED_EDGE('',*,*,#3260,.F.);
#3260 = EDGE_CURVE('',#1212,#3237,#3261,.T.);
#3261 = SEAM_CURVE('',#3262,(#3266,#3273),.PCURVE_S1.);
#3262 = LINE('',#3263,#3264);
#3263 = CARTESIAN_POINT('',(155.7,55.,-1.));
#3264 = VECTOR('',#3265,1.);
#3265 = DIRECTION('',(0.,0.,1.));
#3266 = PCURVE('',#1228,#3267);
#3267 = DEFINITIONAL_REPRESENTATION('',(#3268),#3272);
#3268 = LINE('',#3269,#3270);
#3269 = CARTESIAN_POINT('',(6.28318530718,-0.));
#3270 = VECTOR('',#3271,1.);
#3271 = DIRECTION('',(0.,1.));
#3272 = ( GEOMETRIC_REPRESENTATION_CONTEXT(2) 
PARAMETRIC_REPRESENTATION_CONTEXT() REPRESENTATION_CONTEXT('2D SPACE',''
  ) );
#3273 = PCURVE('',#1228,#3274);
#3274 = DEFINITIONAL_REPRESENTATION('',(#3275),#3279);
#3275 = LINE('',#3276,#3277);
#3276 = CARTESIAN_POINT('',(0.,-0.));
#3277 = VECTOR('',#3278,1.);
#3278 = DIRECTION('',(0.,1.));
#3279 = ( GEOMETRIC_REPRESENTATION_CONTEXT(2) 
PARAMETRIC_REPRESENTATION_CONTEXT() REPRESENTATION_CONTEXT('2D SPACE',''
  ) );
#3280 = ORIENTED_EDGE('',*,*,#1211,.T.);
#3281 = ORIENTED_EDGE('',*,*,#3260,.T.);
#3282 = ADVANCED_FACE('',(#3283),#1310,.T.);
#3283 = FACE_BOUND('',#3284,.T.);
#3284 = EDGE_LOOP('',(#3285,#3305,#3306,#3307));
#3285 = ORIENTED_EDGE('',*,*,#3286,.T.);
#3286 = EDGE_CURVE('',#1295,#1403,#3287,.T.);
#3287 = SURFACE_CURVE('',#3288,(#3293,#3299),.PCURVE_S1.);
#3288 = CIRCLE('',#3289,0.8);
#3289 = AXIS2_PLACEMENT_3D('',#3290,#3291,#3292);
#3290 = CARTESIAN_POINT('',(142.,-104.2,1.7));
#3291 = DIRECTION('',(-1.,-6.123233995737E-17,0.));
#3292 = DIRECTION('',(6.123233995737E-17,-1.,-0.));
#3293 = PCURVE('',#1310,#3294);
#3294 = DEFINITIONAL_REPRESENTATION('',(#3295),#3298);
#3295 = B_SPLINE_CURVE_WITH_KNOTS('',1,(#3296,#3297),.UNSPECIFIED.,.F.,
  .F.,(2,2),(0.,1.570796326795),.PIECEWISE_BEZIER_KNOTS.);
#3296 = CARTESIAN_POINT('',(0.,0.));
#3297 = CARTESIAN_POINT('',(1.570796326795,0.));
#3298 = ( GEOMETRIC_REPRESENTATION_CONTEXT(2) 
PARAMETRIC_REPRESENTATION_CONTEXT() REPRESENTATION_CONTEXT('2D SPACE',''
  ) );
#3299 = PCURVE('',#1446,#3300);
#3300 = DEFINITIONAL_REPRESENTATION('',(#3301),#3304);
#3301 = B_SPLINE_CURVE_WITH_KNOTS('',1,(#3302,#3303),.UNSPECIFIED.,.F.,
  .F.,(2,2),(0.,1.570796326795),.PIECEWISE_BEZIER_KNOTS.);
#3302 = CARTESIAN_POINT('',(-1.570796326795,0.));
#3303 = CARTESIAN_POINT('',(-1.570796326795,1.570796326795));
#3304 = ( GEOMETRIC_REPRESENTATION_CONTEXT(2) 
PARAMETRIC_REPRESENTATION_CONTEXT() REPRESENTATION_CONTEXT('2D SPACE',''
  ) );
#3305 = ORIENTED_EDGE('',*,*,#1402,.T.);
#3306 = ORIENTED_EDGE('',*,*,#1347,.F.);
#3307 = ORIENTED_EDGE('',*,*,#1294,.F.);
#3308 = ADVANCED_FACE('',(#3309),#1535,.T.);
#3309 = FACE_BOUND('',#3310,.T.);
#3310 = EDGE_LOOP('',(#3311,#3312,#3313,#3333));
#3311 = ORIENTED_EDGE('',*,*,#1948,.T.);
#3312 = ORIENTED_EDGE('',*,*,#1519,.T.);
#3313 = ORIENTED_EDGE('',*,*,#3314,.F.);
#3314 = EDGE_CURVE('',#1974,#1487,#3315,.T.);
#3315 = SURFACE_CURVE('',#3316,(#3321,#3327),.PCURVE_S1.);
#3316 = CIRCLE('',#3317,0.8);
#3317 = AXIS2_PLACEMENT_3D('',#3318,#3319,#3320);
#3318 = CARTESIAN_POINT('',(142.,104.2,1.7));
#3319 = DIRECTION('',(1.,0.,0.));
#3320 = DIRECTION('',(-0.,1.,0.));
#3321 = PCURVE('',#1535,#3322);
#3322 = DEFINITIONAL_REPRESENTATION('',(#3323),#3326);
#3323 = B_SPLINE_CURVE_WITH_KNOTS('',1,(#3324,#3325),.UNSPECIFIED.,.F.,
  .F.,(2,2),(0.,1.570796326795),.PIECEWISE_BEZIER_KNOTS.);
#3324 = CARTESIAN_POINT('',(0.,284.));
#3325 = CARTESIAN_POINT('',(1.570796326795,284.));
#3326 = ( GEOMETRIC_REPRESENTATION_CONTEXT(2) 
PARAMETRIC_REPRESENTATION_CONTEXT() REPRESENTATION_CONTEXT('2D SPACE',''
  ) );
#3327 = PCURVE('',#1507,#3328);
#3328 = DEFINITIONAL_REPRESENTATION('',(#3329),#3332);
#3329 = B_SPLINE_CURVE_WITH_KNOTS('',1,(#3330,#3331),.UNSPECIFIED.,.F.,
  .F.,(2,2),(0.,1.570796326795),.PIECEWISE_BEZIER_KNOTS.);
#3330 = CARTESIAN_POINT('',(0.,0.));
#3331 = CARTESIAN_POINT('',(0.,1.570796326795));
#3332 = ( GEOMETRIC_REPRESENTATION_CONTEXT(2) 
PARAMETRIC_REPRESENTATION_CONTEXT() REPRESENTATION_CONTEXT('2D SPACE',''
  ) );
#3333 = ORIENTED_EDGE('',*,*,#1973,.F.);
#3334 = ADVANCED_FACE('',(#3335),#1446,.T.);
#3335 = FACE_BOUND('',#3336,.F.);
#3336 = EDGE_LOOP('',(#3337,#3357,#3358,#3359));
#3337 = ORIENTED_EDGE('',*,*,#3338,.F.);
#3338 = EDGE_CURVE('',#2022,#1426,#3339,.T.);
#3339 = SURFACE_CURVE('',#3340,(#3345,#3351),.PCURVE_S1.);
#3340 = CIRCLE('',#3341,0.8);
#3341 = AXIS2_PLACEMENT_3D('',#3342,#3343,#3344);
#3342 = CARTESIAN_POINT('',(157.2,-89.,1.7));
#3343 = DIRECTION('',(-0.,-1.,0.));
#3344 = DIRECTION('',(1.,-0.,0.));
#3345 = PCURVE('',#1446,#3346);
#3346 = DEFINITIONAL_REPRESENTATION('',(#3347),#3350);
#3347 = B_SPLINE_CURVE_WITH_KNOTS('',1,(#3348,#3349),.UNSPECIFIED.,.F.,
  .F.,(2,2),(0.,1.570796326795),.PIECEWISE_BEZIER_KNOTS.);
#3348 = CARTESIAN_POINT('',(0.,0.));
#3349 = CARTESIAN_POINT('',(0.,1.570796326795));
#3350 = ( GEOMETRIC_REPRESENTATION_CONTEXT(2) 
PARAMETRIC_REPRESENTATION_CONTEXT() REPRESENTATION_CONTEXT('2D SPACE',''
  ) );
#3351 = PCURVE('',#1474,#3352);
#3352 = DEFINITIONAL_REPRESENTATION('',(#3353),#3356);
#3353 = B_SPLINE_CURVE_WITH_KNOTS('',1,(#3354,#3355),.UNSPECIFIED.,.F.,
  .F.,(2,2),(0.,1.570796326795),.PIECEWISE_BEZIER_KNOTS.);
#3354 = CARTESIAN_POINT('',(0.,177.99999998278));
#3355 = CARTESIAN_POINT('',(1.570796326795,177.99999998278));
#3356 = ( GEOMETRIC_REPRESENTATION_CONTEXT(2) 
PARAMETRIC_REPRESENTATION_CONTEXT() REPRESENTATION_CONTEXT('2D SPACE',''
  ) );
#3357 = ORIENTED_EDGE('',*,*,#2044,.T.);
#3358 = ORIENTED_EDGE('',*,*,#3286,.T.);
#3359 = ORIENTED_EDGE('',*,*,#1425,.F.);
#3360 = ADVANCED_FACE('',(#3361),#1507,.T.);
#3361 = FACE_BOUND('',#3362,.F.);
#3362 = EDGE_LOOP('',(#3363,#3364,#3365,#3385));
#3363 = ORIENTED_EDGE('',*,*,#3314,.F.);
#3364 = ORIENTED_EDGE('',*,*,#2072,.T.);
#3365 = ORIENTED_EDGE('',*,*,#3366,.T.);
#3366 = EDGE_CURVE('',#2073,#1459,#3367,.T.);
#3367 = SURFACE_CURVE('',#3368,(#3373,#3379),.PCURVE_S1.);
#3368 = CIRCLE('',#3369,0.8);
#3369 = AXIS2_PLACEMENT_3D('',#3370,#3371,#3372);
#3370 = CARTESIAN_POINT('',(157.2,88.999999982786,1.7));
#3371 = DIRECTION('',(6.123233995737E-17,-1.,0.));
#3372 = DIRECTION('',(1.,6.123233995737E-17,0.));
#3373 = PCURVE('',#1507,#3374);
#3374 = DEFINITIONAL_REPRESENTATION('',(#3375),#3378);
#3375 = B_SPLINE_CURVE_WITH_KNOTS('',1,(#3376,#3377),.UNSPECIFIED.,.F.,
  .F.,(2,2),(0.,1.570796326795),.PIECEWISE_BEZIER_KNOTS.);
#3376 = CARTESIAN_POINT('',(-1.570796326795,0.));
#3377 = CARTESIAN_POINT('',(-1.570796326795,1.570796326795));
#3378 = ( GEOMETRIC_REPRESENTATION_CONTEXT(2) 
PARAMETRIC_REPRESENTATION_CONTEXT() REPRESENTATION_CONTEXT('2D SPACE',''
  ) );
#3379 = PCURVE('',#1474,#3380);
#3380 = DEFINITIONAL_REPRESENTATION('',(#3381),#3384);
#3381 = B_SPLINE_CURVE_WITH_KNOTS('',1,(#3382,#3383),.UNSPECIFIED.,.F.,
  .F.,(2,2),(0.,1.570796326795),.PIECEWISE_BEZIER_KNOTS.);
#3382 = CARTESIAN_POINT('',(0.,5.684341886081E-14));
#3383 = CARTESIAN_POINT('',(1.570796326795,5.684341886081E-14));
#3384 = ( GEOMETRIC_REPRESENTATION_CONTEXT(2) 
PARAMETRIC_REPRESENTATION_CONTEXT() REPRESENTATION_CONTEXT('2D SPACE',''
  ) );
#3385 = ORIENTED_EDGE('',*,*,#1486,.F.);
#3386 = ADVANCED_FACE('',(#3387),#1474,.T.);
#3387 = FACE_BOUND('',#3388,.T.);
#3388 = EDGE_LOOP('',(#3389,#3390,#3391,#3392));
#3389 = ORIENTED_EDGE('',*,*,#3366,.T.);
#3390 = ORIENTED_EDGE('',*,*,#1458,.T.);
#3391 = ORIENTED_EDGE('',*,*,#3338,.F.);
#3392 = ORIENTED_EDGE('',*,*,#2122,.F.);
#3393 = ADVANCED_FACE('',(#3394),#1592,.F.);
#3394 = FACE_BOUND('',#3395,.F.);
#3395 = EDGE_LOOP('',(#3396,#3397,#3418,#3419));
#3396 = ORIENTED_EDGE('',*,*,#1575,.F.);
#3397 = ORIENTED_EDGE('',*,*,#3398,.F.);
#3398 = EDGE_CURVE('',#2149,#1576,#3399,.T.);
#3399 = SEAM_CURVE('',#3400,(#3404,#3411),.PCURVE_S1.);
#3400 = LINE('',#3401,#3402);
#3401 = CARTESIAN_POINT('',(-152.3,-55.,0.7));
#3402 = VECTOR('',#3403,1.);
#3403 = DIRECTION('',(0.6,-1.469576158977E-16,0.8));
#3404 = PCURVE('',#1592,#3405);
#3405 = DEFINITIONAL_REPRESENTATION('',(#3406),#3410);
#3406 = LINE('',#3407,#3408);
#3407 = CARTESIAN_POINT('',(6.28318530718,-0.));
#3408 = VECTOR('',#3409,1.);
#3409 = DIRECTION('',(0.,1.));
#3410 = ( GEOMETRIC_REPRESENTATION_CONTEXT(2) 
PARAMETRIC_REPRESENTATION_CONTEXT() REPRESENTATION_CONTEXT('2D SPACE',''
  ) );
#3411 = PCURVE('',#1592,#3412);
#3412 = DEFINITIONAL_REPRESENTATION('',(#3413),#3417);
#3413 = LINE('',#3414,#3415);
#3414 = CARTESIAN_POINT('',(0.,-0.));
#3415 = VECTOR('',#3416,1.);
#3416 = DIRECTION('',(0.,1.));
#3417 = ( GEOMETRIC_REPRESENTATION_CONTEXT(2) 
PARAMETRIC_REPRESENTATION_CONTEXT() REPRESENTATION_CONTEXT('2D SPACE',''
  ) );
#3418 = ORIENTED_EDGE('',*,*,#2148,.T.);
#3419 = ORIENTED_EDGE('',*,*,#3398,.T.);
#3420 = ADVANCED_FACE('',(#3421),#1623,.F.);
#3421 = FACE_BOUND('',#3422,.F.);
#3422 = EDGE_LOOP('',(#3423,#3424,#3445,#3446));
#3423 = ORIENTED_EDGE('',*,*,#1606,.F.);
#3424 = ORIENTED_EDGE('',*,*,#3425,.F.);
#3425 = EDGE_CURVE('',#2199,#1607,#3426,.T.);
#3426 = SEAM_CURVE('',#3427,(#3431,#3438),.PCURVE_S1.);
#3427 = LINE('',#3428,#3429);
#3428 = CARTESIAN_POINT('',(155.7,-55.,0.7));
#3429 = VECTOR('',#3430,1.);
#3430 = DIRECTION('',(0.6,-1.469576158977E-16,0.8));
#3431 = PCURVE('',#1623,#3432);
#3432 = DEFINITIONAL_REPRESENTATION('',(#3433),#3437);
#3433 = LINE('',#3434,#3435);
#3434 = CARTESIAN_POINT('',(6.28318530718,-0.));
#3435 = VECTOR('',#3436,1.);
#3436 = DIRECTION('',(0.,1.));
#3437 = ( GEOMETRIC_REPRESENTATION_CONTEXT(2) 
PARAMETRIC_REPRESENTATION_CONTEXT() REPRESENTATION_CONTEXT('2D SPACE',''
  ) );
#3438 = PCURVE('',#1623,#3439);
#3439 = DEFINITIONAL_REPRESENTATION('',(#3440),#3444);
#3440 = LINE('',#3441,#3442);
#3441 = CARTESIAN_POINT('',(0.,-0.));
#3442 = VECTOR('',#3443,1.);
#3443 = DIRECTION('',(0.,1.));
#3444 = ( GEOMETRIC_REPRESENTATION_CONTEXT(2) 
PARAMETRIC_REPRESENTATION_CONTEXT() REPRESENTATION_CONTEXT('2D SPACE',''
  ) );
#3445 = ORIENTED_EDGE('',*,*,#2198,.T.);
#3446 = ORIENTED_EDGE('',*,*,#3425,.T.);
#3447 = ADVANCED_FACE('',(#3448),#1654,.F.);
#3448 = FACE_BOUND('',#3449,.F.);
#3449 = EDGE_LOOP('',(#3450,#3451,#3472,#3473));
#3450 = ORIENTED_EDGE('',*,*,#1637,.F.);
#3451 = ORIENTED_EDGE('',*,*,#3452,.F.);
#3452 = EDGE_CURVE('',#3187,#1638,#3453,.T.);
#3453 = SEAM_CURVE('',#3454,(#3458,#3465),.PCURVE_S1.);
#3454 = LINE('',#3455,#3456);
#3455 = CARTESIAN_POINT('',(-152.3,55.,0.7));
#3456 = VECTOR('',#3457,1.);
#3457 = DIRECTION('',(0.6,-1.469576158977E-16,0.8));
#3458 = PCURVE('',#1654,#3459);
#3459 = DEFINITIONAL_REPRESENTATION('',(#3460),#3464);
#3460 = LINE('',#3461,#3462);
#3461 = CARTESIAN_POINT('',(6.28318530718,-0.));
#3462 = VECTOR('',#3463,1.);
#3463 = DIRECTION('',(0.,1.));
#3464 = ( GEOMETRIC_REPRESENTATION_CONTEXT(2) 
PARAMETRIC_REPRESENTATION_CONTEXT() REPRESENTATION_CONTEXT('2D SPACE',''
  ) );
#3465 = PCURVE('',#1654,#3466);
#3466 = DEFINITIONAL_REPRESENTATION('',(#3467),#3471);
#3467 = LINE('',#3468,#3469);
#3468 = CARTESIAN_POINT('',(0.,-0.));
#3469 = VECTOR('',#3470,1.);
#3470 = DIRECTION('',(0.,1.));
#3471 = ( GEOMETRIC_REPRESENTATION_CONTEXT(2) 
PARAMETRIC_REPRESENTATION_CONTEXT() REPRESENTATION_CONTEXT('2D SPACE',''
  ) );
#3472 = ORIENTED_EDGE('',*,*,#3186,.T.);
#3473 = ORIENTED_EDGE('',*,*,#3452,.T.);
#3474 = ADVANCED_FACE('',(#3475),#1691,.T.);
#3475 = FACE_BOUND('',#3476,.F.);
#3476 = EDGE_LOOP('',(#3477,#3499,#3500,#3522));
#3477 = ORIENTED_EDGE('',*,*,#3478,.F.);
#3478 = EDGE_CURVE('',#1669,#3479,#3481,.T.);
#3479 = VERTEX_POINT('',#3480);
#3480 = CARTESIAN_POINT('',(-137.,-99.,1.7));
#3481 = SURFACE_CURVE('',#3482,(#3487,#3493),.PCURVE_S1.);
#3482 = CIRCLE('',#3483,0.8);
#3483 = AXIS2_PLACEMENT_3D('',#3484,#3485,#3486);
#3484 = CARTESIAN_POINT('',(-137.,-99.8,1.7));
#3485 = DIRECTION('',(-1.,0.,0.));
#3486 = DIRECTION('',(0.,-1.,0.));
#3487 = PCURVE('',#1691,#3488);
#3488 = DEFINITIONAL_REPRESENTATION('',(#3489),#3492);
#3489 = B_SPLINE_CURVE_WITH_KNOTS('',1,(#3490,#3491),.UNSPECIFIED.,.F.,
  .F.,(2,2),(1.570796326795,3.14159265359),.PIECEWISE_BEZIER_KNOTS.);
#3490 = CARTESIAN_POINT('',(0.,1.570796326795));
#3491 = CARTESIAN_POINT('',(0.,3.14159265359));
#3492 = ( GEOMETRIC_REPRESENTATION_CONTEXT(2) 
PARAMETRIC_REPRESENTATION_CONTEXT() REPRESENTATION_CONTEXT('2D SPACE',''
  ) );
#3493 = PCURVE('',#1900,#3494);
#3494 = DEFINITIONAL_REPRESENTATION('',(#3495),#3498);
#3495 = B_SPLINE_CURVE_WITH_KNOTS('',1,(#3496,#3497),.UNSPECIFIED.,.F.,
  .F.,(2,2),(1.570796326795,3.14159265359),.PIECEWISE_BEZIER_KNOTS.);
#3496 = CARTESIAN_POINT('',(0.,274.));
#3497 = CARTESIAN_POINT('',(1.570796326795,274.));
#3498 = ( GEOMETRIC_REPRESENTATION_CONTEXT(2) 
PARAMETRIC_REPRESENTATION_CONTEXT() REPRESENTATION_CONTEXT('2D SPACE',''
  ) );
#3499 = ORIENTED_EDGE('',*,*,#1668,.T.);
#3500 = ORIENTED_EDGE('',*,*,#3501,.T.);
#3501 = EDGE_CURVE('',#1671,#3502,#3504,.T.);
#3502 = VERTEX_POINT('',#3503);
#3503 = CARTESIAN_POINT('',(-149.,-87.,1.7));
#3504 = SURFACE_CURVE('',#3505,(#3510,#3516),.PCURVE_S1.);
#3505 = CIRCLE('',#3506,0.8);
#3506 = AXIS2_PLACEMENT_3D('',#3507,#3508,#3509);
#3507 = CARTESIAN_POINT('',(-149.8,-87.,1.7));
#3508 = DIRECTION('',(-6.123233995737E-17,1.,0.));
#3509 = DIRECTION('',(-1.,-6.123233995737E-17,0.));
#3510 = PCURVE('',#1691,#3511);
#3511 = DEFINITIONAL_REPRESENTATION('',(#3512),#3515);
#3512 = B_SPLINE_CURVE_WITH_KNOTS('',1,(#3513,#3514),.UNSPECIFIED.,.F.,
  .F.,(2,2),(1.570796326795,3.14159265359),.PIECEWISE_BEZIER_KNOTS.);
#3513 = CARTESIAN_POINT('',(-1.570796326795,1.570796326795));
#3514 = CARTESIAN_POINT('',(-1.570796326795,3.14159265359));
#3515 = ( GEOMETRIC_REPRESENTATION_CONTEXT(2) 
PARAMETRIC_REPRESENTATION_CONTEXT() REPRESENTATION_CONTEXT('2D SPACE',''
  ) );
#3516 = PCURVE('',#1719,#3517);
#3517 = DEFINITIONAL_REPRESENTATION('',(#3518),#3521);
#3518 = B_SPLINE_CURVE_WITH_KNOTS('',1,(#3519,#3520),.UNSPECIFIED.,.F.,
  .F.,(2,2),(1.570796326795,3.14159265359),.PIECEWISE_BEZIER_KNOTS.);
#3519 = CARTESIAN_POINT('',(0.,0.));
#3520 = CARTESIAN_POINT('',(1.570796326795,0.));
#3521 = ( GEOMETRIC_REPRESENTATION_CONTEXT(2) 
PARAMETRIC_REPRESENTATION_CONTEXT() REPRESENTATION_CONTEXT('2D SPACE',''
  ) );
#3522 = ORIENTED_EDGE('',*,*,#3523,.F.);
#3523 = EDGE_CURVE('',#3479,#3502,#3524,.T.);
#3524 = SURFACE_CURVE('',#3525,(#3530,#3537),.PCURVE_S1.);
#3525 = CIRCLE('',#3526,12.);
#3526 = AXIS2_PLACEMENT_3D('',#3527,#3528,#3529);
#3527 = CARTESIAN_POINT('',(-137.,-87.,1.7));
#3528 = DIRECTION('',(-0.,-0.,-1.));
#3529 = DIRECTION('',(0.,-1.,0.));
#3530 = PCURVE('',#1691,#3531);
#3531 = DEFINITIONAL_REPRESENTATION('',(#3532),#3536);
#3532 = LINE('',#3533,#3534);
#3533 = CARTESIAN_POINT('',(-0.,3.14159265359));
#3534 = VECTOR('',#3535,1.);
#3535 = DIRECTION('',(-1.,0.));
#3536 = ( GEOMETRIC_REPRESENTATION_CONTEXT(2) 
PARAMETRIC_REPRESENTATION_CONTEXT() REPRESENTATION_CONTEXT('2D SPACE',''
  ) );
#3537 = PCURVE('',#3538,#3543);
#3538 = CYLINDRICAL_SURFACE('',#3539,12.);
#3539 = AXIS2_PLACEMENT_3D('',#3540,#3541,#3542);
#3540 = CARTESIAN_POINT('',(-137.,-87.,0.));
#3541 = DIRECTION('',(0.,0.,-1.));
#3542 = DIRECTION('',(-1.,0.,0.));
#3543 = DEFINITIONAL_REPRESENTATION('',(#3544),#3548);
#3544 = LINE('',#3545,#3546);
#3545 = CARTESIAN_POINT('',(4.712388980385,-1.7));
#3546 = VECTOR('',#3547,1.);
#3547 = DIRECTION('',(1.,0.));
#3548 = ( GEOMETRIC_REPRESENTATION_CONTEXT(2) 
PARAMETRIC_REPRESENTATION_CONTEXT() REPRESENTATION_CONTEXT('2D SPACE',''
  ) );
#3549 = ADVANCED_FACE('',(#3550),#1900,.T.);
#3550 = FACE_BOUND('',#3551,.T.);
#3551 = EDGE_LOOP('',(#3552,#3574,#3600,#3601));
#3552 = ORIENTED_EDGE('',*,*,#3553,.T.);
#3553 = EDGE_CURVE('',#1854,#3554,#3556,.T.);
#3554 = VERTEX_POINT('',#3555);
#3555 = CARTESIAN_POINT('',(137.,-99.,1.7));
#3556 = SURFACE_CURVE('',#3557,(#3562,#3568),.PCURVE_S1.);
#3557 = CIRCLE('',#3558,0.8);
#3558 = AXIS2_PLACEMENT_3D('',#3559,#3560,#3561);
#3559 = CARTESIAN_POINT('',(137.,-99.8,1.7));
#3560 = DIRECTION('',(-1.,-6.123233995737E-17,0.));
#3561 = DIRECTION('',(6.123233995737E-17,-1.,-0.));
#3562 = PCURVE('',#1900,#3563);
#3563 = DEFINITIONAL_REPRESENTATION('',(#3564),#3567);
#3564 = B_SPLINE_CURVE_WITH_KNOTS('',1,(#3565,#3566),.UNSPECIFIED.,.F.,
  .F.,(2,2),(1.570796326795,3.14159265359),.PIECEWISE_BEZIER_KNOTS.);
#3565 = CARTESIAN_POINT('',(0.,0.));
#3566 = CARTESIAN_POINT('',(1.570796326795,0.));
#3567 = ( GEOMETRIC_REPRESENTATION_CONTEXT(2) 
PARAMETRIC_REPRESENTATION_CONTEXT() REPRESENTATION_CONTEXT('2D SPACE',''
  ) );
#3568 = PCURVE('',#1874,#3569);
#3569 = DEFINITIONAL_REPRESENTATION('',(#3570),#3573);
#3570 = B_SPLINE_CURVE_WITH_KNOTS('',1,(#3571,#3572),.UNSPECIFIED.,.F.,
  .F.,(2,2),(1.570796326795,3.14159265359),.PIECEWISE_BEZIER_KNOTS.);
#3571 = CARTESIAN_POINT('',(-1.570796326795,1.570796326795));
#3572 = CARTESIAN_POINT('',(-1.570796326795,3.14159265359));
#3573 = ( GEOMETRIC_REPRESENTATION_CONTEXT(2) 
PARAMETRIC_REPRESENTATION_CONTEXT() REPRESENTATION_CONTEXT('2D SPACE',''
  ) );
#3574 = ORIENTED_EDGE('',*,*,#3575,.T.);
#3575 = EDGE_CURVE('',#3554,#3479,#3576,.T.);
#3576 = SURFACE_CURVE('',#3577,(#3581,#3588),.PCURVE_S1.);
#3577 = LINE('',#3578,#3579);
#3578 = CARTESIAN_POINT('',(137.,-98.99999999999,1.7));
#3579 = VECTOR('',#3580,1.);
#3580 = DIRECTION('',(-1.,-0.,-0.));
#3581 = PCURVE('',#1900,#3582);
#3582 = DEFINITIONAL_REPRESENTATION('',(#3583),#3587);
#3583 = LINE('',#3584,#3585);
#3584 = CARTESIAN_POINT('',(1.570796326795,0.));
#3585 = VECTOR('',#3586,1.);
#3586 = DIRECTION('',(0.,1.));
#3587 = ( GEOMETRIC_REPRESENTATION_CONTEXT(2) 
PARAMETRIC_REPRESENTATION_CONTEXT() REPRESENTATION_CONTEXT('2D SPACE',''
  ) );
#3588 = PCURVE('',#3589,#3594);
#3589 = PLANE('',#3590);
#3590 = AXIS2_PLACEMENT_3D('',#3591,#3592,#3593);
#3591 = CARTESIAN_POINT('',(-137.,-98.99999999999,0.));
#3592 = DIRECTION('',(0.,1.,0.));
#3593 = DIRECTION('',(1.,0.,0.));
#3594 = DEFINITIONAL_REPRESENTATION('',(#3595),#3599);
#3595 = LINE('',#3596,#3597);
#3596 = CARTESIAN_POINT('',(274.,-1.7));
#3597 = VECTOR('',#3598,1.);
#3598 = DIRECTION('',(-1.,0.));
#3599 = ( GEOMETRIC_REPRESENTATION_CONTEXT(2) 
PARAMETRIC_REPRESENTATION_CONTEXT() REPRESENTATION_CONTEXT('2D SPACE',''
  ) );
#3600 = ORIENTED_EDGE('',*,*,#3478,.F.);
#3601 = ORIENTED_EDGE('',*,*,#1886,.F.);
#3602 = ADVANCED_FACE('',(#3603),#1719,.T.);
#3603 = FACE_BOUND('',#3604,.T.);
#3604 = EDGE_LOOP('',(#3605,#3606,#3634,#3654));
#3605 = ORIENTED_EDGE('',*,*,#3501,.T.);
#3606 = ORIENTED_EDGE('',*,*,#3607,.T.);
#3607 = EDGE_CURVE('',#3502,#3608,#3610,.T.);
#3608 = VERTEX_POINT('',#3609);
#3609 = CARTESIAN_POINT('',(-149.,86.999999979879,1.7));
#3610 = SURFACE_CURVE('',#3611,(#3615,#3622),.PCURVE_S1.);
#3611 = LINE('',#3612,#3613);
#3612 = CARTESIAN_POINT('',(-149.,-87.,1.7));
#3613 = VECTOR('',#3614,1.);
#3614 = DIRECTION('',(0.,1.,0.));
#3615 = PCURVE('',#1719,#3616);
#3616 = DEFINITIONAL_REPRESENTATION('',(#3617),#3621);
#3617 = LINE('',#3618,#3619);
#3618 = CARTESIAN_POINT('',(1.570796326795,0.));
#3619 = VECTOR('',#3620,1.);
#3620 = DIRECTION('',(0.,1.));
#3621 = ( GEOMETRIC_REPRESENTATION_CONTEXT(2) 
PARAMETRIC_REPRESENTATION_CONTEXT() REPRESENTATION_CONTEXT('2D SPACE',''
  ) );
#3622 = PCURVE('',#3623,#3628);
#3623 = PLANE('',#3624);
#3624 = AXIS2_PLACEMENT_3D('',#3625,#3626,#3627);
#3625 = CARTESIAN_POINT('',(-149.,-87.,0.));
#3626 = DIRECTION('',(-1.,0.,0.));
#3627 = DIRECTION('',(0.,1.,0.));
#3628 = DEFINITIONAL_REPRESENTATION('',(#3629),#3633);
#3629 = LINE('',#3630,#3631);
#3630 = CARTESIAN_POINT('',(0.,-1.7));
#3631 = VECTOR('',#3632,1.);
#3632 = DIRECTION('',(1.,0.));
#3633 = ( GEOMETRIC_REPRESENTATION_CONTEXT(2) 
PARAMETRIC_REPRESENTATION_CONTEXT() REPRESENTATION_CONTEXT('2D SPACE',''
  ) );
#3634 = ORIENTED_EDGE('',*,*,#3635,.F.);
#3635 = EDGE_CURVE('',#1704,#3608,#3636,.T.);
#3636 = SURFACE_CURVE('',#3637,(#3642,#3648),.PCURVE_S1.);
#3637 = CIRCLE('',#3638,0.8);
#3638 = AXIS2_PLACEMENT_3D('',#3639,#3640,#3641);
#3639 = CARTESIAN_POINT('',(-149.8,86.999999979879,1.7));
#3640 = DIRECTION('',(0.,1.,0.));
#3641 = DIRECTION('',(0.,-0.,1.));
#3642 = PCURVE('',#1719,#3643);
#3643 = DEFINITIONAL_REPRESENTATION('',(#3644),#3647);
#3644 = B_SPLINE_CURVE_WITH_KNOTS('',1,(#3645,#3646),.UNSPECIFIED.,.F.,
  .F.,(2,2),(0.,1.570796326795),.PIECEWISE_BEZIER_KNOTS.);
#3645 = CARTESIAN_POINT('',(0.,173.99999997988));
#3646 = CARTESIAN_POINT('',(1.570796326795,173.99999997988));
#3647 = ( GEOMETRIC_REPRESENTATION_CONTEXT(2) 
PARAMETRIC_REPRESENTATION_CONTEXT() REPRESENTATION_CONTEXT('2D SPACE',''
  ) );
#3648 = PCURVE('',#1752,#3649);
#3649 = DEFINITIONAL_REPRESENTATION('',(#3650),#3653);
#3650 = B_SPLINE_CURVE_WITH_KNOTS('',1,(#3651,#3652),.UNSPECIFIED.,.F.,
  .F.,(2,2),(0.,1.570796326795),.PIECEWISE_BEZIER_KNOTS.);
#3651 = CARTESIAN_POINT('',(0.,1.570796326795));
#3652 = CARTESIAN_POINT('',(0.,3.14159265359));
#3653 = ( GEOMETRIC_REPRESENTATION_CONTEXT(2) 
PARAMETRIC_REPRESENTATION_CONTEXT() REPRESENTATION_CONTEXT('2D SPACE',''
  ) );
#3654 = ORIENTED_EDGE('',*,*,#1703,.F.);
#3655 = ADVANCED_FACE('',(#3656),#1874,.T.);
#3656 = FACE_BOUND('',#3657,.F.);
#3657 = EDGE_LOOP('',(#3658,#3680,#3681,#3682));
#3658 = ORIENTED_EDGE('',*,*,#3659,.F.);
#3659 = EDGE_CURVE('',#1826,#3660,#3662,.T.);
#3660 = VERTEX_POINT('',#3661);
#3661 = CARTESIAN_POINT('',(149.,-87.,1.7));
#3662 = SURFACE_CURVE('',#3663,(#3668,#3674),.PCURVE_S1.);
#3663 = CIRCLE('',#3664,0.8);
#3664 = AXIS2_PLACEMENT_3D('',#3665,#3666,#3667);
#3665 = CARTESIAN_POINT('',(149.8,-87.,1.7));
#3666 = DIRECTION('',(0.,-1.,0.));
#3667 = DIRECTION('',(0.,0.,1.));
#3668 = PCURVE('',#1874,#3669);
#3669 = DEFINITIONAL_REPRESENTATION('',(#3670),#3673);
#3670 = B_SPLINE_CURVE_WITH_KNOTS('',1,(#3671,#3672),.UNSPECIFIED.,.F.,
  .F.,(2,2),(0.,1.570796326795),.PIECEWISE_BEZIER_KNOTS.);
#3671 = CARTESIAN_POINT('',(0.,1.570796326795));
#3672 = CARTESIAN_POINT('',(0.,3.14159265359));
#3673 = ( GEOMETRIC_REPRESENTATION_CONTEXT(2) 
PARAMETRIC_REPRESENTATION_CONTEXT() REPRESENTATION_CONTEXT('2D SPACE',''
  ) );
#3674 = PCURVE('',#1841,#3675);
#3675 = DEFINITIONAL_REPRESENTATION('',(#3676),#3679);
#3676 = B_SPLINE_CURVE_WITH_KNOTS('',1,(#3677,#3678),.UNSPECIFIED.,.F.,
  .F.,(2,2),(0.,1.570796326795),.PIECEWISE_BEZIER_KNOTS.);
#3677 = CARTESIAN_POINT('',(0.,173.99999997988));
#3678 = CARTESIAN_POINT('',(1.570796326795,173.99999997988));
#3679 = ( GEOMETRIC_REPRESENTATION_CONTEXT(2) 
PARAMETRIC_REPRESENTATION_CONTEXT() REPRESENTATION_CONTEXT('2D SPACE',''
  ) );
#3680 = ORIENTED_EDGE('',*,*,#1853,.T.);
#3681 = ORIENTED_EDGE('',*,*,#3553,.T.);
#3682 = ORIENTED_EDGE('',*,*,#3683,.F.);
#3683 = EDGE_CURVE('',#3660,#3554,#3684,.T.);
#3684 = SURFACE_CURVE('',#3685,(#3690,#3697),.PCURVE_S1.);
#3685 = CIRCLE('',#3686,12.);
#3686 = AXIS2_PLACEMENT_3D('',#3687,#3688,#3689);
#3687 = CARTESIAN_POINT('',(137.,-87.,1.7));
#3688 = DIRECTION('',(0.,-0.,-1.));
#3689 = DIRECTION('',(1.,0.,-0.));
#3690 = PCURVE('',#1874,#3691);
#3691 = DEFINITIONAL_REPRESENTATION('',(#3692),#3696);
#3692 = LINE('',#3693,#3694);
#3693 = CARTESIAN_POINT('',(-0.,3.14159265359));
#3694 = VECTOR('',#3695,1.);
#3695 = DIRECTION('',(-1.,0.));
#3696 = ( GEOMETRIC_REPRESENTATION_CONTEXT(2) 
PARAMETRIC_REPRESENTATION_CONTEXT() REPRESENTATION_CONTEXT('2D SPACE',''
  ) );
#3697 = PCURVE('',#3698,#3703);
#3698 = CYLINDRICAL_SURFACE('',#3699,12.);
#3699 = AXIS2_PLACEMENT_3D('',#3700,#3701,#3702);
#3700 = CARTESIAN_POINT('',(137.,-87.,0.));
#3701 = DIRECTION('',(0.,0.,-1.));
#3702 = DIRECTION('',(-1.,0.,0.));
#3703 = DEFINITIONAL_REPRESENTATION('',(#3704),#3708);
#3704 = LINE('',#3705,#3706);
#3705 = CARTESIAN_POINT('',(3.14159265359,-1.7));
#3706 = VECTOR('',#3707,1.);
#3707 = DIRECTION('',(1.,0.));
#3708 = ( GEOMETRIC_REPRESENTATION_CONTEXT(2) 
PARAMETRIC_REPRESENTATION_CONTEXT() REPRESENTATION_CONTEXT('2D SPACE',''
  ) );
#3709 = ADVANCED_FACE('',(#3710),#1752,.T.);
#3710 = FACE_BOUND('',#3711,.F.);
#3711 = EDGE_LOOP('',(#3712,#3713,#3714,#3736));
#3712 = ORIENTED_EDGE('',*,*,#3635,.F.);
#3713 = ORIENTED_EDGE('',*,*,#1731,.T.);
#3714 = ORIENTED_EDGE('',*,*,#3715,.T.);
#3715 = EDGE_CURVE('',#1732,#3716,#3718,.T.);
#3716 = VERTEX_POINT('',#3717);
#3717 = CARTESIAN_POINT('',(-137.,98.999999979879,1.7));
#3718 = SURFACE_CURVE('',#3719,(#3724,#3730),.PCURVE_S1.);
#3719 = CIRCLE('',#3720,0.8);
#3720 = AXIS2_PLACEMENT_3D('',#3721,#3722,#3723);
#3721 = CARTESIAN_POINT('',(-137.,99.799999979879,1.7));
#3722 = DIRECTION('',(1.,6.123233995737E-17,-0.));
#3723 = DIRECTION('',(-6.123233995737E-17,1.,0.));
#3724 = PCURVE('',#1752,#3725);
#3725 = DEFINITIONAL_REPRESENTATION('',(#3726),#3729);
#3726 = B_SPLINE_CURVE_WITH_KNOTS('',1,(#3727,#3728),.UNSPECIFIED.,.F.,
  .F.,(2,2),(1.570796326795,3.14159265359),.PIECEWISE_BEZIER_KNOTS.);
#3727 = CARTESIAN_POINT('',(-1.570796326795,1.570796326795));
#3728 = CARTESIAN_POINT('',(-1.570796326795,3.14159265359));
#3729 = ( GEOMETRIC_REPRESENTATION_CONTEXT(2) 
PARAMETRIC_REPRESENTATION_CONTEXT() REPRESENTATION_CONTEXT('2D SPACE',''
  ) );
#3730 = PCURVE('',#1780,#3731);
#3731 = DEFINITIONAL_REPRESENTATION('',(#3732),#3735);
#3732 = B_SPLINE_CURVE_WITH_KNOTS('',1,(#3733,#3734),.UNSPECIFIED.,.F.,
  .F.,(2,2),(1.570796326795,3.14159265359),.PIECEWISE_BEZIER_KNOTS.);
#3733 = CARTESIAN_POINT('',(0.,0.));
#3734 = CARTESIAN_POINT('',(1.570796326795,0.));
#3735 = ( GEOMETRIC_REPRESENTATION_CONTEXT(2) 
PARAMETRIC_REPRESENTATION_CONTEXT() REPRESENTATION_CONTEXT('2D SPACE',''
  ) );
#3736 = ORIENTED_EDGE('',*,*,#3737,.F.);
#3737 = EDGE_CURVE('',#3608,#3716,#3738,.T.);
#3738 = SURFACE_CURVE('',#3739,(#3744,#3751),.PCURVE_S1.);
#3739 = CIRCLE('',#3740,12.);
#3740 = AXIS2_PLACEMENT_3D('',#3741,#3742,#3743);
#3741 = CARTESIAN_POINT('',(-137.,86.999999979879,1.7));
#3742 = DIRECTION('',(-0.,0.,-1.));
#3743 = DIRECTION('',(-1.,0.,0.));
#3744 = PCURVE('',#1752,#3745);
#3745 = DEFINITIONAL_REPRESENTATION('',(#3746),#3750);
#3746 = LINE('',#3747,#3748);
#3747 = CARTESIAN_POINT('',(-0.,3.14159265359));
#3748 = VECTOR('',#3749,1.);
#3749 = DIRECTION('',(-1.,0.));
#3750 = ( GEOMETRIC_REPRESENTATION_CONTEXT(2) 
PARAMETRIC_REPRESENTATION_CONTEXT() REPRESENTATION_CONTEXT('2D SPACE',''
  ) );
#3751 = PCURVE('',#3752,#3757);
#3752 = CYLINDRICAL_SURFACE('',#3753,12.);
#3753 = AXIS2_PLACEMENT_3D('',#3754,#3755,#3756);
#3754 = CARTESIAN_POINT('',(-137.,86.999999979879,0.));
#3755 = DIRECTION('',(0.,0.,-1.));
#3756 = DIRECTION('',(-1.,0.,0.));
#3757 = DEFINITIONAL_REPRESENTATION('',(#3758),#3762);
#3758 = LINE('',#3759,#3760);
#3759 = CARTESIAN_POINT('',(0.,-1.7));
#3760 = VECTOR('',#3761,1.);
#3761 = DIRECTION('',(1.,0.));
#3762 = ( GEOMETRIC_REPRESENTATION_CONTEXT(2) 
PARAMETRIC_REPRESENTATION_CONTEXT() REPRESENTATION_CONTEXT('2D SPACE',''
  ) );
#3763 = ADVANCED_FACE('',(#3764),#1841,.T.);
#3764 = FACE_BOUND('',#3765,.T.);
#3765 = EDGE_LOOP('',(#3766,#3788,#3814,#3815));
#3766 = ORIENTED_EDGE('',*,*,#3767,.T.);
#3767 = EDGE_CURVE('',#1793,#3768,#3770,.T.);
#3768 = VERTEX_POINT('',#3769);
#3769 = CARTESIAN_POINT('',(149.,86.999999979879,1.7));
#3770 = SURFACE_CURVE('',#3771,(#3776,#3782),.PCURVE_S1.);
#3771 = CIRCLE('',#3772,0.8);
#3772 = AXIS2_PLACEMENT_3D('',#3773,#3774,#3775);
#3773 = CARTESIAN_POINT('',(149.8,86.999999979879,1.7));
#3774 = DIRECTION('',(6.123233995737E-17,-1.,0.));
#3775 = DIRECTION('',(1.,6.123233995737E-17,0.));
#3776 = PCURVE('',#1841,#3777);
#3777 = DEFINITIONAL_REPRESENTATION('',(#3778),#3781);
#3778 = B_SPLINE_CURVE_WITH_KNOTS('',1,(#3779,#3780),.UNSPECIFIED.,.F.,
  .F.,(2,2),(1.570796326795,3.14159265359),.PIECEWISE_BEZIER_KNOTS.);
#3779 = CARTESIAN_POINT('',(0.,0.));
#3780 = CARTESIAN_POINT('',(1.570796326795,0.));
#3781 = ( GEOMETRIC_REPRESENTATION_CONTEXT(2) 
PARAMETRIC_REPRESENTATION_CONTEXT() REPRESENTATION_CONTEXT('2D SPACE',''
  ) );
#3782 = PCURVE('',#1813,#3783);
#3783 = DEFINITIONAL_REPRESENTATION('',(#3784),#3787);
#3784 = B_SPLINE_CURVE_WITH_KNOTS('',1,(#3785,#3786),.UNSPECIFIED.,.F.,
  .F.,(2,2),(1.570796326795,3.14159265359),.PIECEWISE_BEZIER_KNOTS.);
#3785 = CARTESIAN_POINT('',(-1.570796326795,1.570796326795));
#3786 = CARTESIAN_POINT('',(-1.570796326795,3.14159265359));
#3787 = ( GEOMETRIC_REPRESENTATION_CONTEXT(2) 
PARAMETRIC_REPRESENTATION_CONTEXT() REPRESENTATION_CONTEXT('2D SPACE',''
  ) );
#3788 = ORIENTED_EDGE('',*,*,#3789,.T.);
#3789 = EDGE_CURVE('',#3768,#3660,#3790,.T.);
#3790 = SURFACE_CURVE('',#3791,(#3795,#3802),.PCURVE_S1.);
#3791 = LINE('',#3792,#3793);
#3792 = CARTESIAN_POINT('',(149.,86.999999979879,1.7));
#3793 = VECTOR('',#3794,1.);
#3794 = DIRECTION('',(-0.,-1.,-0.));
#3795 = PCURVE('',#1841,#3796);
#3796 = DEFINITIONAL_REPRESENTATION('',(#3797),#3801);
#3797 = LINE('',#3798,#3799);
#3798 = CARTESIAN_POINT('',(1.570796326795,0.));
#3799 = VECTOR('',#3800,1.);
#3800 = DIRECTION('',(0.,1.));
#3801 = ( GEOMETRIC_REPRESENTATION_CONTEXT(2) 
PARAMETRIC_REPRESENTATION_CONTEXT() REPRESENTATION_CONTEXT('2D SPACE',''
  ) );
#3802 = PCURVE('',#3803,#3808);
#3803 = PLANE('',#3804);
#3804 = AXIS2_PLACEMENT_3D('',#3805,#3806,#3807);
#3805 = CARTESIAN_POINT('',(149.,-87.,0.));
#3806 = DIRECTION('',(-1.,0.,0.));
#3807 = DIRECTION('',(0.,1.,0.));
#3808 = DEFINITIONAL_REPRESENTATION('',(#3809),#3813);
#3809 = LINE('',#3810,#3811);
#3810 = CARTESIAN_POINT('',(173.99999997988,-1.7));
#3811 = VECTOR('',#3812,1.);
#3812 = DIRECTION('',(-1.,0.));
#3813 = ( GEOMETRIC_REPRESENTATION_CONTEXT(2) 
PARAMETRIC_REPRESENTATION_CONTEXT() REPRESENTATION_CONTEXT('2D SPACE',''
  ) );
#3814 = ORIENTED_EDGE('',*,*,#3659,.F.);
#3815 = ORIENTED_EDGE('',*,*,#1825,.F.);
#3816 = ADVANCED_FACE('',(#3817),#1780,.T.);
#3817 = FACE_BOUND('',#3818,.T.);
#3818 = EDGE_LOOP('',(#3819,#3820,#3848,#3868));
#3819 = ORIENTED_EDGE('',*,*,#3715,.T.);
#3820 = ORIENTED_EDGE('',*,*,#3821,.T.);
#3821 = EDGE_CURVE('',#3716,#3822,#3824,.T.);
#3822 = VERTEX_POINT('',#3823);
#3823 = CARTESIAN_POINT('',(137.,99.000000000002,1.7));
#3824 = SURFACE_CURVE('',#3825,(#3829,#3836),.PCURVE_S1.);
#3825 = LINE('',#3826,#3827);
#3826 = CARTESIAN_POINT('',(-137.,99.000000000002,1.7));
#3827 = VECTOR('',#3828,1.);
#3828 = DIRECTION('',(1.,0.,0.));
#3829 = PCURVE('',#1780,#3830);
#3830 = DEFINITIONAL_REPRESENTATION('',(#3831),#3835);
#3831 = LINE('',#3832,#3833);
#3832 = CARTESIAN_POINT('',(1.570796326795,0.));
#3833 = VECTOR('',#3834,1.);
#3834 = DIRECTION('',(0.,1.));
#3835 = ( GEOMETRIC_REPRESENTATION_CONTEXT(2) 
PARAMETRIC_REPRESENTATION_CONTEXT() REPRESENTATION_CONTEXT('2D SPACE',''
  ) );
#3836 = PCURVE('',#3837,#3842);
#3837 = PLANE('',#3838);
#3838 = AXIS2_PLACEMENT_3D('',#3839,#3840,#3841);
#3839 = CARTESIAN_POINT('',(-137.,99.000000000002,0.));
#3840 = DIRECTION('',(0.,1.,0.));
#3841 = DIRECTION('',(1.,0.,0.));
#3842 = DEFINITIONAL_REPRESENTATION('',(#3843),#3847);
#3843 = LINE('',#3844,#3845);
#3844 = CARTESIAN_POINT('',(0.,-1.7));
#3845 = VECTOR('',#3846,1.);
#3846 = DIRECTION('',(1.,0.));
#3847 = ( GEOMETRIC_REPRESENTATION_CONTEXT(2) 
PARAMETRIC_REPRESENTATION_CONTEXT() REPRESENTATION_CONTEXT('2D SPACE',''
  ) );
#3848 = ORIENTED_EDGE('',*,*,#3849,.F.);
#3849 = EDGE_CURVE('',#1765,#3822,#3850,.T.);
#3850 = SURFACE_CURVE('',#3851,(#3856,#3862),.PCURVE_S1.);
#3851 = CIRCLE('',#3852,0.8);
#3852 = AXIS2_PLACEMENT_3D('',#3853,#3854,#3855);
#3853 = CARTESIAN_POINT('',(137.,99.800000000002,1.7));
#3854 = DIRECTION('',(1.,0.,-0.));
#3855 = DIRECTION('',(0.,0.,1.));
#3856 = PCURVE('',#1780,#3857);
#3857 = DEFINITIONAL_REPRESENTATION('',(#3858),#3861);
#3858 = B_SPLINE_CURVE_WITH_KNOTS('',1,(#3859,#3860),.UNSPECIFIED.,.F.,
  .F.,(2,2),(0.,1.570796326795),.PIECEWISE_BEZIER_KNOTS.);
#3859 = CARTESIAN_POINT('',(0.,274.));
#3860 = CARTESIAN_POINT('',(1.570796326795,274.));
#3861 = ( GEOMETRIC_REPRESENTATION_CONTEXT(2) 
PARAMETRIC_REPRESENTATION_CONTEXT() REPRESENTATION_CONTEXT('2D SPACE',''
  ) );
#3862 = PCURVE('',#1813,#3863);
#3863 = DEFINITIONAL_REPRESENTATION('',(#3864),#3867);
#3864 = B_SPLINE_CURVE_WITH_KNOTS('',1,(#3865,#3866),.UNSPECIFIED.,.F.,
  .F.,(2,2),(0.,1.570796326795),.PIECEWISE_BEZIER_KNOTS.);
#3865 = CARTESIAN_POINT('',(0.,1.570796326795));
#3866 = CARTESIAN_POINT('',(0.,3.14159265359));
#3867 = ( GEOMETRIC_REPRESENTATION_CONTEXT(2) 
PARAMETRIC_REPRESENTATION_CONTEXT() REPRESENTATION_CONTEXT('2D SPACE',''
  ) );
#3868 = ORIENTED_EDGE('',*,*,#1764,.F.);
#3869 = ADVANCED_FACE('',(#3870),#1813,.T.);
#3870 = FACE_BOUND('',#3871,.F.);
#3871 = EDGE_LOOP('',(#3872,#3873,#3874,#3875));
#3872 = ORIENTED_EDGE('',*,*,#3849,.F.);
#3873 = ORIENTED_EDGE('',*,*,#1792,.T.);
#3874 = ORIENTED_EDGE('',*,*,#3767,.T.);
#3875 = ORIENTED_EDGE('',*,*,#3876,.F.);
#3876 = EDGE_CURVE('',#3822,#3768,#3877,.T.);
#3877 = SURFACE_CURVE('',#3878,(#3883,#3890),.PCURVE_S1.);
#3878 = CIRCLE('',#3879,12.);
#3879 = AXIS2_PLACEMENT_3D('',#3880,#3881,#3882);
#3880 = CARTESIAN_POINT('',(137.,86.999999979879,1.7));
#3881 = DIRECTION('',(0.,-0.,-1.));
#3882 = DIRECTION('',(0.,1.,-0.));
#3883 = PCURVE('',#1813,#3884);
#3884 = DEFINITIONAL_REPRESENTATION('',(#3885),#3889);
#3885 = LINE('',#3886,#3887);
#3886 = CARTESIAN_POINT('',(-0.,3.14159265359));
#3887 = VECTOR('',#3888,1.);
#3888 = DIRECTION('',(-1.,0.));
#3889 = ( GEOMETRIC_REPRESENTATION_CONTEXT(2) 
PARAMETRIC_REPRESENTATION_CONTEXT() REPRESENTATION_CONTEXT('2D SPACE',''
  ) );
#3890 = PCURVE('',#3891,#3896);
#3891 = CYLINDRICAL_SURFACE('',#3892,12.);
#3892 = AXIS2_PLACEMENT_3D('',#3893,#3894,#3895);
#3893 = CARTESIAN_POINT('',(137.,86.999999979879,0.));
#3894 = DIRECTION('',(0.,0.,-1.));
#3895 = DIRECTION('',(-1.,0.,0.));
#3896 = DEFINITIONAL_REPRESENTATION('',(#3897),#3901);
#3897 = LINE('',#3898,#3899);
#3898 = CARTESIAN_POINT('',(1.570796326795,-1.7));
#3899 = VECTOR('',#3900,1.);
#3900 = DIRECTION('',(1.,0.));
#3901 = ( GEOMETRIC_REPRESENTATION_CONTEXT(2) 
PARAMETRIC_REPRESENTATION_CONTEXT() REPRESENTATION_CONTEXT('2D SPACE',''
  ) );
#3902 = ADVANCED_FACE('',(#3903),#1931,.F.);
#3903 = FACE_BOUND('',#3904,.F.);
#3904 = EDGE_LOOP('',(#3905,#3906,#3927,#3928));
#3905 = ORIENTED_EDGE('',*,*,#1914,.F.);
#3906 = ORIENTED_EDGE('',*,*,#3907,.F.);
#3907 = EDGE_CURVE('',#3237,#1915,#3908,.T.);
#3908 = SEAM_CURVE('',#3909,(#3913,#3920),.PCURVE_S1.);
#3909 = LINE('',#3910,#3911);
#3910 = CARTESIAN_POINT('',(155.7,55.,0.7));
#3911 = VECTOR('',#3912,1.);
#3912 = DIRECTION('',(0.6,-1.469576158977E-16,0.8));
#3913 = PCURVE('',#1931,#3914);
#3914 = DEFINITIONAL_REPRESENTATION('',(#3915),#3919);
#3915 = LINE('',#3916,#3917);
#3916 = CARTESIAN_POINT('',(6.28318530718,-0.));
#3917 = VECTOR('',#3918,1.);
#3918 = DIRECTION('',(0.,1.));
#3919 = ( GEOMETRIC_REPRESENTATION_CONTEXT(2) 
PARAMETRIC_REPRESENTATION_CONTEXT() REPRESENTATION_CONTEXT('2D SPACE',''
  ) );
#3920 = PCURVE('',#1931,#3921);
#3921 = DEFINITIONAL_REPRESENTATION('',(#3922),#3926);
#3922 = LINE('',#3923,#3924);
#3923 = CARTESIAN_POINT('',(0.,-0.));
#3924 = VECTOR('',#3925,1.);
#3925 = DIRECTION('',(0.,1.));
#3926 = ( GEOMETRIC_REPRESENTATION_CONTEXT(2) 
PARAMETRIC_REPRESENTATION_CONTEXT() REPRESENTATION_CONTEXT('2D SPACE',''
  ) );
#3927 = ORIENTED_EDGE('',*,*,#3236,.T.);
#3928 = ORIENTED_EDGE('',*,*,#3907,.T.);
#3929 = ADVANCED_FACE('',(#3930),#2315,.F.);
#3930 = FACE_BOUND('',#3931,.F.);
#3931 = EDGE_LOOP('',(#3932,#3933,#3934,#3955));
#3932 = ORIENTED_EDGE('',*,*,#2676,.F.);
#3933 = ORIENTED_EDGE('',*,*,#2300,.T.);
#3934 = ORIENTED_EDGE('',*,*,#3935,.T.);
#3935 = EDGE_CURVE('',#2272,#2908,#3936,.T.);
#3936 = SURFACE_CURVE('',#3937,(#3941,#3948),.PCURVE_S1.);
#3937 = LINE('',#3938,#3939);
#3938 = CARTESIAN_POINT('',(-130.5,2.195577053499E-12,-11.));
#3939 = VECTOR('',#3940,1.);
#3940 = DIRECTION('',(0.,1.,0.));
#3941 = PCURVE('',#2315,#3942);
#3942 = DEFINITIONAL_REPRESENTATION('',(#3943),#3947);
#3943 = LINE('',#3944,#3945);
#3944 = CARTESIAN_POINT('',(0.,1.));
#3945 = VECTOR('',#3946,1.);
#3946 = DIRECTION('',(-1.,0.));
#3947 = ( GEOMETRIC_REPRESENTATION_CONTEXT(2) 
PARAMETRIC_REPRESENTATION_CONTEXT() REPRESENTATION_CONTEXT('2D SPACE',''
  ) );
#3948 = PCURVE('',#2288,#3949);
#3949 = DEFINITIONAL_REPRESENTATION('',(#3950),#3954);
#3950 = LINE('',#3951,#3952);
#3951 = CARTESIAN_POINT('',(12.,87.000000000004));
#3952 = VECTOR('',#3953,1.);
#3953 = DIRECTION('',(0.,1.));
#3954 = ( GEOMETRIC_REPRESENTATION_CONTEXT(2) 
PARAMETRIC_REPRESENTATION_CONTEXT() REPRESENTATION_CONTEXT('2D SPACE',''
  ) );
#3955 = ORIENTED_EDGE('',*,*,#2907,.F.);
#3956 = ADVANCED_FACE('',(#3957,#3987),#2288,.T.);
#3957 = FACE_BOUND('',#3958,.T.);
#3958 = EDGE_LOOP('',(#3959,#3960,#3961,#3962,#3963,#3984,#3985,#3986));
#3959 = ORIENTED_EDGE('',*,*,#3935,.T.);
#3960 = ORIENTED_EDGE('',*,*,#2929,.T.);
#3961 = ORIENTED_EDGE('',*,*,#3092,.T.);
#3962 = ORIENTED_EDGE('',*,*,#3139,.T.);
#3963 = ORIENTED_EDGE('',*,*,#3964,.F.);
#3964 = EDGE_CURVE('',#2622,#3140,#3965,.T.);
#3965 = SURFACE_CURVE('',#3966,(#3970,#3977),.PCURVE_S1.);
#3966 = LINE('',#3967,#3968);
#3967 = CARTESIAN_POINT('',(130.5,2.195577053499E-12,-11.));
#3968 = VECTOR('',#3969,1.);
#3969 = DIRECTION('',(0.,1.,0.));
#3970 = PCURVE('',#2288,#3971);
#3971 = DEFINITIONAL_REPRESENTATION('',(#3972),#3976);
#3972 = LINE('',#3973,#3974);
#3973 = CARTESIAN_POINT('',(-249.,87.000000000004));
#3974 = VECTOR('',#3975,1.);
#3975 = DIRECTION('',(0.,1.));
#3976 = ( GEOMETRIC_REPRESENTATION_CONTEXT(2) 
PARAMETRIC_REPRESENTATION_CONTEXT() REPRESENTATION_CONTEXT('2D SPACE',''
  ) );
#3977 = PCURVE('',#2636,#3978);
#3978 = DEFINITIONAL_REPRESENTATION('',(#3979),#3983);
#3979 = LINE('',#3980,#3981);
#3980 = CARTESIAN_POINT('',(0.,0.));
#3981 = VECTOR('',#3982,1.);
#3982 = DIRECTION('',(1.,0.));
#3983 = ( GEOMETRIC_REPRESENTATION_CONTEXT(2) 
PARAMETRIC_REPRESENTATION_CONTEXT() REPRESENTATION_CONTEXT('2D SPACE',''
  ) );
#3984 = ORIENTED_EDGE('',*,*,#2647,.T.);
#3985 = ORIENTED_EDGE('',*,*,#2462,.F.);
#3986 = ORIENTED_EDGE('',*,*,#2271,.T.);
#3987 = FACE_BOUND('',#3988,.T.);
#3988 = EDGE_LOOP('',(#3989,#4019,#4066,#4093,#4140,#4168,#4215,#4242));
#3989 = ORIENTED_EDGE('',*,*,#3990,.F.);
#3990 = EDGE_CURVE('',#3991,#3993,#3995,.T.);
#3991 = VERTEX_POINT('',#3992);
#3992 = CARTESIAN_POINT('',(-128.5,-87.,-11.));
#3993 = VERTEX_POINT('',#3994);
#3994 = CARTESIAN_POINT('',(-128.5,86.999999977356,-11.));
#3995 = SURFACE_CURVE('',#3996,(#4000,#4007),.PCURVE_S1.);
#3996 = LINE('',#3997,#3998);
#3997 = CARTESIAN_POINT('',(-128.5,3.16902060149E-12,-11.));
#3998 = VECTOR('',#3999,1.);
#3999 = DIRECTION('',(0.,1.,0.));
#4000 = PCURVE('',#2288,#4001);
#4001 = DEFINITIONAL_REPRESENTATION('',(#4002),#4006);
#4002 = LINE('',#4003,#4004);
#4003 = CARTESIAN_POINT('',(10.,87.000000000005));
#4004 = VECTOR('',#4005,1.);
#4005 = DIRECTION('',(0.,1.));
#4006 = ( GEOMETRIC_REPRESENTATION_CONTEXT(2) 
PARAMETRIC_REPRESENTATION_CONTEXT() REPRESENTATION_CONTEXT('2D SPACE',''
  ) );
#4007 = PCURVE('',#4008,#4013);
#4008 = B_SPLINE_SURFACE_WITH_KNOTS('',1,1,(
    (#4009,#4010)
    ,(#4011,#4012
    )),.UNSPECIFIED.,.F.,.F.,.F.,(2,2),(2,2),(-86.99999997735,
    87.000000000006),(0.,1.),.PIECEWISE_BEZIER_KNOTS.);
#4009 = CARTESIAN_POINT('',(-147.,84.999999980637,0.5));
#4010 = CARTESIAN_POINT('',(-128.5,86.999999977356,-11.));
#4011 = CARTESIAN_POINT('',(-147.,-85.,0.5));
#4012 = CARTESIAN_POINT('',(-128.5,-87.,-11.));
#4013 = DEFINITIONAL_REPRESENTATION('',(#4014),#4018);
#4014 = LINE('',#4015,#4016);
#4015 = CARTESIAN_POINT('',(0.,1.));
#4016 = VECTOR('',#4017,1.);
#4017 = DIRECTION('',(-1.,0.));
#4018 = ( GEOMETRIC_REPRESENTATION_CONTEXT(2) 
PARAMETRIC_REPRESENTATION_CONTEXT() REPRESENTATION_CONTEXT('2D SPACE',''
  ) );
#4019 = ORIENTED_EDGE('',*,*,#4020,.T.);
#4020 = EDGE_CURVE('',#3991,#4021,#4023,.T.);
#4021 = VERTEX_POINT('',#4022);
#4022 = CARTESIAN_POINT('',(-118.5,-97.,-11.));
#4023 = SURFACE_CURVE('',#4024,(#4029,#4040),.PCURVE_S1.);
#4024 = CIRCLE('',#4025,10.);
#4025 = AXIS2_PLACEMENT_3D('',#4026,#4027,#4028);
#4026 = CARTESIAN_POINT('',(-118.5,-87.,-11.));
#4027 = DIRECTION('',(0.,0.,1.));
#4028 = DIRECTION('',(1.,0.,0.));
#4029 = PCURVE('',#2288,#4030);
#4030 = DEFINITIONAL_REPRESENTATION('',(#4031),#4039);
#4031 = ( BOUNDED_CURVE() B_SPLINE_CURVE(2,(#4032,#4033,#4034,#4035,
#4036,#4037,#4038),.UNSPECIFIED.,.T.,.F.) B_SPLINE_CURVE_WITH_KNOTS((1,2
    ,2,2,2,1),(-2.094395102393,0.,2.094395102393,4.188790204786,
6.28318530718,8.377580409573),.UNSPECIFIED.) CURVE() 
GEOMETRIC_REPRESENTATION_ITEM() RATIONAL_B_SPLINE_CURVE((1.,0.5,1.,0.5,
1.,0.5,1.)) REPRESENTATION_ITEM('') );
#4032 = CARTESIAN_POINT('',(-10.,-9.805489753489E-13));
#4033 = CARTESIAN_POINT('',(-10.,17.320508075688));
#4034 = CARTESIAN_POINT('',(5.,8.660254037843));
#4035 = CARTESIAN_POINT('',(20.,-9.780996817506E-13));
#4036 = CARTESIAN_POINT('',(5.,-8.660254037845));
#4037 = CARTESIAN_POINT('',(-10.,-17.32050807569));
#4038 = CARTESIAN_POINT('',(-10.,-9.805489753489E-13));
#4039 = ( GEOMETRIC_REPRESENTATION_CONTEXT(2) 
PARAMETRIC_REPRESENTATION_CONTEXT() REPRESENTATION_CONTEXT('2D SPACE',''
  ) );
#4040 = PCURVE('',#4041,#4060);
#4041 = B_SPLINE_SURFACE_WITH_KNOTS('',8,1,(
    (#4042,#4043)
    ,(#4044,#4045)
    ,(#4046,#4047)
    ,(#4048,#4049)
    ,(#4050,#4051)
    ,(#4052,#4053)
    ,(#4054,#4055)
    ,(#4056,#4057)
    ,(#4058,#4059
    )),.UNSPECIFIED.,.F.,.F.,.F.,(9,9),(2,2),(3.14159265359,
    4.712388980385),(0.,1.),.PIECEWISE_BEZIER_KNOTS.);
#4042 = CARTESIAN_POINT('',(-147.,-85.,0.5));
#4043 = CARTESIAN_POINT('',(-128.5,-87.,-11.));
#4044 = CARTESIAN_POINT('',(-146.9999999999,-87.35619449019,0.5));
#4045 = CARTESIAN_POINT('',(-128.4999999999,-88.96349540849,-11.));
#4046 = CARTESIAN_POINT('',(-146.4712705324,-89.71238972205,0.5));
#4047 = CARTESIAN_POINT('',(-128.0593921103,-90.92699143504,-11.));
#4048 = CARTESIAN_POINT('',(-145.4138167904,-91.93015881201,0.5));
#4049 = CARTESIAN_POINT('',(-127.1781806587,-92.77513234334,-11.));
#4050 = CARTESIAN_POINT('',(-143.8711050693,-93.87110506936,0.5));
#4051 = CARTESIAN_POINT('',(-125.8925875578,-94.3925875578,-11.));
#4052 = CARTESIAN_POINT('',(-141.930158812,-95.41381679045,0.5));
#4053 = CARTESIAN_POINT('',(-124.2751323433,-95.67818065871,-11.));
#4054 = CARTESIAN_POINT('',(-139.712389722,-96.47127053246,0.5));
#4055 = CARTESIAN_POINT('',(-122.426991435,-96.55939211039,-11.));
#4056 = CARTESIAN_POINT('',(-137.3561944901,-97.,0.5));
#4057 = CARTESIAN_POINT('',(-120.4634954084,-97.,-11.));
#4058 = CARTESIAN_POINT('',(-135.,-97.,0.5));
#4059 = CARTESIAN_POINT('',(-118.5,-97.,-11.));
#4060 = DEFINITIONAL_REPRESENTATION('',(#4061),#4065);
#4061 = LINE('',#4062,#4063);
#4062 = CARTESIAN_POINT('',(0.,1.));
#4063 = VECTOR('',#4064,1.);
#4064 = DIRECTION('',(1.,0.));
#4065 = ( GEOMETRIC_REPRESENTATION_CONTEXT(2) 
PARAMETRIC_REPRESENTATION_CONTEXT() REPRESENTATION_CONTEXT('2D SPACE',''
  ) );
#4066 = ORIENTED_EDGE('',*,*,#4067,.T.);
#4067 = EDGE_CURVE('',#4021,#4068,#4070,.T.);
#4068 = VERTEX_POINT('',#4069);
#4069 = CARTESIAN_POINT('',(118.5,-97.,-11.));
#4070 = SURFACE_CURVE('',#4071,(#4075,#4082),.PCURVE_S1.);
#4071 = LINE('',#4072,#4073);
#4072 = CARTESIAN_POINT('',(0.,-96.99999999999,-11.));
#4073 = VECTOR('',#4074,1.);
#4074 = DIRECTION('',(1.,0.,0.));
#4075 = PCURVE('',#2288,#4076);
#4076 = DEFINITIONAL_REPRESENTATION('',(#4077),#4081);
#4077 = LINE('',#4078,#4079);
#4078 = CARTESIAN_POINT('',(-118.5,-9.999999999995));
#4079 = VECTOR('',#4080,1.);
#4080 = DIRECTION('',(-1.,0.));
#4081 = ( GEOMETRIC_REPRESENTATION_CONTEXT(2) 
PARAMETRIC_REPRESENTATION_CONTEXT() REPRESENTATION_CONTEXT('2D SPACE',''
  ) );
#4082 = PCURVE('',#4083,#4088);
#4083 = B_SPLINE_SURFACE_WITH_KNOTS('',1,1,(
    (#4084,#4085)
    ,(#4086,#4087
    )),.UNSPECIFIED.,.F.,.F.,.F.,(2,2),(2,2),(-135.,135.),(0.,1.),
  .PIECEWISE_BEZIER_KNOTS.);
#4084 = CARTESIAN_POINT('',(-135.,-96.99999999999,0.5));
#4085 = CARTESIAN_POINT('',(-118.5,-96.99999999999,-11.));
#4086 = CARTESIAN_POINT('',(135.,-96.99999999999,0.5));
#4087 = CARTESIAN_POINT('',(118.5,-96.99999999999,-11.));
#4088 = DEFINITIONAL_REPRESENTATION('',(#4089),#4092);
#4089 = B_SPLINE_CURVE_WITH_KNOTS('',1,(#4090,#4091),.UNSPECIFIED.,.F.,
  .F.,(2,2),(-118.5,118.5),.PIECEWISE_BEZIER_KNOTS.);
#4090 = CARTESIAN_POINT('',(-135.,1.));
#4091 = CARTESIAN_POINT('',(135.,1.));
#4092 = ( GEOMETRIC_REPRESENTATION_CONTEXT(2) 
PARAMETRIC_REPRESENTATION_CONTEXT() REPRESENTATION_CONTEXT('2D SPACE',''
  ) );
#4093 = ORIENTED_EDGE('',*,*,#4094,.T.);
#4094 = EDGE_CURVE('',#4068,#4095,#4097,.T.);
#4095 = VERTEX_POINT('',#4096);
#4096 = CARTESIAN_POINT('',(128.5,-87.,-11.));
#4097 = SURFACE_CURVE('',#4098,(#4103,#4114),.PCURVE_S1.);
#4098 = CIRCLE('',#4099,10.);
#4099 = AXIS2_PLACEMENT_3D('',#4100,#4101,#4102);
#4100 = CARTESIAN_POINT('',(118.5,-87.,-11.));
#4101 = DIRECTION('',(0.,0.,1.));
#4102 = DIRECTION('',(1.,0.,0.));
#4103 = PCURVE('',#2288,#4104);
#4104 = DEFINITIONAL_REPRESENTATION('',(#4105),#4113);
#4105 = ( BOUNDED_CURVE() B_SPLINE_CURVE(2,(#4106,#4107,#4108,#4109,
#4110,#4111,#4112),.UNSPECIFIED.,.T.,.F.) B_SPLINE_CURVE_WITH_KNOTS((1,2
    ,2,2,2,1),(-2.094395102393,0.,2.094395102393,4.188790204786,
6.28318530718,8.377580409573),.UNSPECIFIED.) CURVE() 
GEOMETRIC_REPRESENTATION_ITEM() RATIONAL_B_SPLINE_CURVE((1.,0.5,1.,0.5,
1.,0.5,1.)) REPRESENTATION_ITEM('') );
#4106 = CARTESIAN_POINT('',(-247.,-9.805489753489E-13));
#4107 = CARTESIAN_POINT('',(-247.,17.320508075688));
#4108 = CARTESIAN_POINT('',(-232.,8.660254037843));
#4109 = CARTESIAN_POINT('',(-217.,-9.780996817506E-13));
#4110 = CARTESIAN_POINT('',(-232.,-8.660254037845));
#4111 = CARTESIAN_POINT('',(-247.,-17.32050807569));
#4112 = CARTESIAN_POINT('',(-247.,-9.805489753489E-13));
#4113 = ( GEOMETRIC_REPRESENTATION_CONTEXT(2) 
PARAMETRIC_REPRESENTATION_CONTEXT() REPRESENTATION_CONTEXT('2D SPACE',''
  ) );
#4114 = PCURVE('',#4115,#4134);
#4115 = B_SPLINE_SURFACE_WITH_KNOTS('',8,1,(
    (#4116,#4117)
    ,(#4118,#4119)
    ,(#4120,#4121)
    ,(#4122,#4123)
    ,(#4124,#4125)
    ,(#4126,#4127)
    ,(#4128,#4129)
    ,(#4130,#4131)
    ,(#4132,#4133
    )),.UNSPECIFIED.,.F.,.F.,.F.,(9,9),(2,2),(4.712388980385,
    6.28318530718),(0.,1.),.PIECEWISE_BEZIER_KNOTS.);
#4116 = CARTESIAN_POINT('',(135.,-97.,0.5));
#4117 = CARTESIAN_POINT('',(118.5,-97.,-11.));
#4118 = CARTESIAN_POINT('',(137.35619449019,-97.,0.5));
#4119 = CARTESIAN_POINT('',(120.46349540849,-97.,-11.));
#4120 = CARTESIAN_POINT('',(139.71238972205,-96.47127053247,0.5));
#4121 = CARTESIAN_POINT('',(122.42699143504,-96.55939211039,-11.));
#4122 = CARTESIAN_POINT('',(141.93015881201,-95.41381679045,0.5));
#4123 = CARTESIAN_POINT('',(124.27513234334,-95.6781806587,
    -10.99999999999));
#4124 = CARTESIAN_POINT('',(143.87110506936,-93.87110506936,0.5));
#4125 = CARTESIAN_POINT('',(125.89258755781,-94.39258755781,-11.));
#4126 = CARTESIAN_POINT('',(145.41381679045,-91.93015881201,0.5));
#4127 = CARTESIAN_POINT('',(127.1781806587,-92.77513234334,-11.));
#4128 = CARTESIAN_POINT('',(146.47127053246,-89.71238972205,0.5));
#4129 = CARTESIAN_POINT('',(128.05939211039,-90.92699143504,-11.));
#4130 = CARTESIAN_POINT('',(146.99999999999,-87.35619449019,0.5));
#4131 = CARTESIAN_POINT('',(128.49999999999,-88.96349540849,-11.));
#4132 = CARTESIAN_POINT('',(147.,-85.,0.5));
#4133 = CARTESIAN_POINT('',(128.5,-87.,-11.));
#4134 = DEFINITIONAL_REPRESENTATION('',(#4135),#4139);
#4135 = LINE('',#4136,#4137);
#4136 = CARTESIAN_POINT('',(0.,1.));
#4137 = VECTOR('',#4138,1.);
#4138 = DIRECTION('',(1.,0.));
#4139 = ( GEOMETRIC_REPRESENTATION_CONTEXT(2) 
PARAMETRIC_REPRESENTATION_CONTEXT() REPRESENTATION_CONTEXT('2D SPACE',''
  ) );
#4140 = ORIENTED_EDGE('',*,*,#4141,.T.);
#4141 = EDGE_CURVE('',#4095,#4142,#4144,.T.);
#4142 = VERTEX_POINT('',#4143);
#4143 = CARTESIAN_POINT('',(128.5,86.999999977356,-11.));
#4144 = SURFACE_CURVE('',#4145,(#4149,#4156),.PCURVE_S1.);
#4145 = LINE('',#4146,#4147);
#4146 = CARTESIAN_POINT('',(128.5,3.16902060149E-12,-11.));
#4147 = VECTOR('',#4148,1.);
#4148 = DIRECTION('',(0.,1.,0.));
#4149 = PCURVE('',#2288,#4150);
#4150 = DEFINITIONAL_REPRESENTATION('',(#4151),#4155);
#4151 = LINE('',#4152,#4153);
#4152 = CARTESIAN_POINT('',(-247.,87.000000000005));
#4153 = VECTOR('',#4154,1.);
#4154 = DIRECTION('',(0.,1.));
#4155 = ( GEOMETRIC_REPRESENTATION_CONTEXT(2) 
PARAMETRIC_REPRESENTATION_CONTEXT() REPRESENTATION_CONTEXT('2D SPACE',''
  ) );
#4156 = PCURVE('',#4157,#4162);
#4157 = B_SPLINE_SURFACE_WITH_KNOTS('',1,1,(
    (#4158,#4159)
    ,(#4160,#4161
    )),.UNSPECIFIED.,.F.,.F.,.F.,(2,2),(2,2),(-87.,86.999999977353),(0.,
    1.),.PIECEWISE_BEZIER_KNOTS.);
#4158 = CARTESIAN_POINT('',(147.,-85.,0.5));
#4159 = CARTESIAN_POINT('',(128.5,-87.,-11.));
#4160 = CARTESIAN_POINT('',(147.,84.999999980637,0.5));
#4161 = CARTESIAN_POINT('',(128.5,86.999999977356,-11.));
#4162 = DEFINITIONAL_REPRESENTATION('',(#4163),#4167);
#4163 = LINE('',#4164,#4165);
#4164 = CARTESIAN_POINT('',(0.,1.));
#4165 = VECTOR('',#4166,1.);
#4166 = DIRECTION('',(1.,0.));
#4167 = ( GEOMETRIC_REPRESENTATION_CONTEXT(2) 
PARAMETRIC_REPRESENTATION_CONTEXT() REPRESENTATION_CONTEXT('2D SPACE',''
  ) );
#4168 = ORIENTED_EDGE('',*,*,#4169,.T.);
#4169 = EDGE_CURVE('',#4142,#4170,#4172,.T.);
#4170 = VERTEX_POINT('',#4171);
#4171 = CARTESIAN_POINT('',(118.5,96.99999998868,-11.));
#4172 = SURFACE_CURVE('',#4173,(#4178,#4189),.PCURVE_S1.);
#4173 = CIRCLE('',#4174,10.);
#4174 = AXIS2_PLACEMENT_3D('',#4175,#4176,#4177);
#4175 = CARTESIAN_POINT('',(118.5,86.999999977356,-11.));
#4176 = DIRECTION('',(0.,0.,1.));
#4177 = DIRECTION('',(1.,0.,0.));
#4178 = PCURVE('',#2288,#4179);
#4179 = DEFINITIONAL_REPRESENTATION('',(#4180),#4188);
#4180 = ( BOUNDED_CURVE() B_SPLINE_CURVE(2,(#4181,#4182,#4183,#4184,
#4185,#4186,#4187),.UNSPECIFIED.,.T.,.F.) B_SPLINE_CURVE_WITH_KNOTS((1,2
    ,2,2,2,1),(-2.094395102393,0.,2.094395102393,4.188790204786,
6.28318530718,8.377580409573),.UNSPECIFIED.) CURVE() 
GEOMETRIC_REPRESENTATION_ITEM() RATIONAL_B_SPLINE_CURVE((1.,0.5,1.,0.5,
1.,0.5,1.)) REPRESENTATION_ITEM('') );
#4181 = CARTESIAN_POINT('',(-247.,173.99999997735));
#4182 = CARTESIAN_POINT('',(-247.,191.32050805304));
#4183 = CARTESIAN_POINT('',(-232.,182.6602540152));
#4184 = CARTESIAN_POINT('',(-217.,173.99999997735));
#4185 = CARTESIAN_POINT('',(-232.,165.33974593951));
#4186 = CARTESIAN_POINT('',(-247.,156.67949190167));
#4187 = CARTESIAN_POINT('',(-247.,173.99999997735));
#4188 = ( GEOMETRIC_REPRESENTATION_CONTEXT(2) 
PARAMETRIC_REPRESENTATION_CONTEXT() REPRESENTATION_CONTEXT('2D SPACE',''
  ) );
#4189 = PCURVE('',#4190,#4209);
#4190 = B_SPLINE_SURFACE_WITH_KNOTS('',8,1,(
    (#4191,#4192)
    ,(#4193,#4194)
    ,(#4195,#4196)
    ,(#4197,#4198)
    ,(#4199,#4200)
    ,(#4201,#4202)
    ,(#4203,#4204)
    ,(#4205,#4206)
    ,(#4207,#4208
    )),.UNSPECIFIED.,.F.,.F.,.F.,(9,9),(2,2),(0.,1.570796326795),(0.,1.)
  ,.PIECEWISE_BEZIER_KNOTS.);
#4191 = CARTESIAN_POINT('',(147.,84.999999980637,0.5));
#4192 = CARTESIAN_POINT('',(128.5,86.999999977356,-11.));
#4193 = CARTESIAN_POINT('',(147.,87.35619447083,0.5));
#4194 = CARTESIAN_POINT('',(128.5,88.96349538585,-11.));
#4195 = CARTESIAN_POINT('',(146.47127053246,89.712389702687,0.5));
#4196 = CARTESIAN_POINT('',(128.05939211038,90.926991412397,-11.));
#4197 = CARTESIAN_POINT('',(145.41381679045,91.93015879266,0.5));
#4198 = CARTESIAN_POINT('',(127.17818065871,92.775132320709,-11.));
#4199 = CARTESIAN_POINT('',(143.87110506936,93.871105049993,0.5));
#4200 = CARTESIAN_POINT('',(125.8925875578,94.392587535153,-11.));
#4201 = CARTESIAN_POINT('',(141.93015881202,95.413816771096,0.5));
#4202 = CARTESIAN_POINT('',(124.27513234335,95.678180636072,-11.));
#4203 = CARTESIAN_POINT('',(139.71238972205,96.471270513102,0.5));
#4204 = CARTESIAN_POINT('',(122.42699143504,96.559392087744,-11.));
#4205 = CARTESIAN_POINT('',(137.35619449019,96.999999980637,0.5));
#4206 = CARTESIAN_POINT('',(120.46349540849,96.999999977356,-11.));
#4207 = CARTESIAN_POINT('',(135.,96.999999980637,0.5));
#4208 = CARTESIAN_POINT('',(118.5,96.999999977356,-11.));
#4209 = DEFINITIONAL_REPRESENTATION('',(#4210),#4214);
#4210 = LINE('',#4211,#4212);
#4211 = CARTESIAN_POINT('',(0.,1.));
#4212 = VECTOR('',#4213,1.);
#4213 = DIRECTION('',(1.,0.));
#4214 = ( GEOMETRIC_REPRESENTATION_CONTEXT(2) 
PARAMETRIC_REPRESENTATION_CONTEXT() REPRESENTATION_CONTEXT('2D SPACE',''
  ) );
#4215 = ORIENTED_EDGE('',*,*,#4216,.F.);
#4216 = EDGE_CURVE('',#4217,#4170,#4219,.T.);
#4217 = VERTEX_POINT('',#4218);
#4218 = CARTESIAN_POINT('',(-118.5,96.99999998868,-11.));
#4219 = SURFACE_CURVE('',#4220,(#4224,#4231),.PCURVE_S1.);
#4220 = LINE('',#4221,#4222);
#4221 = CARTESIAN_POINT('',(0.,97.000000000003,-11.));
#4222 = VECTOR('',#4223,1.);
#4223 = DIRECTION('',(1.,0.,0.));
#4224 = PCURVE('',#2288,#4225);
#4225 = DEFINITIONAL_REPRESENTATION('',(#4226),#4230);
#4226 = LINE('',#4227,#4228);
#4227 = CARTESIAN_POINT('',(-118.5,184.));
#4228 = VECTOR('',#4229,1.);
#4229 = DIRECTION('',(-1.,0.));
#4230 = ( GEOMETRIC_REPRESENTATION_CONTEXT(2) 
PARAMETRIC_REPRESENTATION_CONTEXT() REPRESENTATION_CONTEXT('2D SPACE',''
  ) );
#4231 = PCURVE('',#4232,#4237);
#4232 = B_SPLINE_SURFACE_WITH_KNOTS('',1,1,(
    (#4233,#4234)
    ,(#4235,#4236
    )),.UNSPECIFIED.,.F.,.F.,.F.,(2,2),(2,2),(-135.,135.),(0.,1.),
  .PIECEWISE_BEZIER_KNOTS.);
#4233 = CARTESIAN_POINT('',(135.,97.000000000002,0.5));
#4234 = CARTESIAN_POINT('',(118.5,97.000000000003,-11.));
#4235 = CARTESIAN_POINT('',(-135.,97.000000000002,0.5));
#4236 = CARTESIAN_POINT('',(-118.5,97.000000000003,-11.));
#4237 = DEFINITIONAL_REPRESENTATION('',(#4238),#4241);
#4238 = B_SPLINE_CURVE_WITH_KNOTS('',1,(#4239,#4240),.UNSPECIFIED.,.F.,
  .F.,(2,2),(-118.5,118.5),.PIECEWISE_BEZIER_KNOTS.);
#4239 = CARTESIAN_POINT('',(135.,1.));
#4240 = CARTESIAN_POINT('',(-135.,1.));
#4241 = ( GEOMETRIC_REPRESENTATION_CONTEXT(2) 
PARAMETRIC_REPRESENTATION_CONTEXT() REPRESENTATION_CONTEXT('2D SPACE',''
  ) );
#4242 = ORIENTED_EDGE('',*,*,#4243,.T.);
#4243 = EDGE_CURVE('',#4217,#3993,#4244,.T.);
#4244 = SURFACE_CURVE('',#4245,(#4250,#4261),.PCURVE_S1.);
#4245 = CIRCLE('',#4246,10.);
#4246 = AXIS2_PLACEMENT_3D('',#4247,#4248,#4249);
#4247 = CARTESIAN_POINT('',(-118.5,86.999999977356,-11.));
#4248 = DIRECTION('',(0.,0.,1.));
#4249 = DIRECTION('',(1.,0.,0.));
#4250 = PCURVE('',#2288,#4251);
#4251 = DEFINITIONAL_REPRESENTATION('',(#4252),#4260);
#4252 = ( BOUNDED_CURVE() B_SPLINE_CURVE(2,(#4253,#4254,#4255,#4256,
#4257,#4258,#4259),.UNSPECIFIED.,.T.,.F.) B_SPLINE_CURVE_WITH_KNOTS((1,2
    ,2,2,2,1),(-2.094395102393,0.,2.094395102393,4.188790204786,
6.28318530718,8.377580409573),.UNSPECIFIED.) CURVE() 
GEOMETRIC_REPRESENTATION_ITEM() RATIONAL_B_SPLINE_CURVE((1.,0.5,1.,0.5,
1.,0.5,1.)) REPRESENTATION_ITEM('') );
#4253 = CARTESIAN_POINT('',(-10.,173.99999997735));
#4254 = CARTESIAN_POINT('',(-10.,191.32050805304));
#4255 = CARTESIAN_POINT('',(5.,182.6602540152));
#4256 = CARTESIAN_POINT('',(20.,173.99999997735));
#4257 = CARTESIAN_POINT('',(5.,165.33974593951));
#4258 = CARTESIAN_POINT('',(-10.,156.67949190167));
#4259 = CARTESIAN_POINT('',(-10.,173.99999997735));
#4260 = ( GEOMETRIC_REPRESENTATION_CONTEXT(2) 
PARAMETRIC_REPRESENTATION_CONTEXT() REPRESENTATION_CONTEXT('2D SPACE',''
  ) );
#4261 = PCURVE('',#4262,#4281);
#4262 = B_SPLINE_SURFACE_WITH_KNOTS('',8,1,(
    (#4263,#4264)
    ,(#4265,#4266)
    ,(#4267,#4268)
    ,(#4269,#4270)
    ,(#4271,#4272)
    ,(#4273,#4274)
    ,(#4275,#4276)
    ,(#4277,#4278)
    ,(#4279,#4280
    )),.UNSPECIFIED.,.F.,.F.,.F.,(9,9),(2,2),(1.570796326795,
    3.14159265359),(0.,1.),.PIECEWISE_BEZIER_KNOTS.);
#4263 = CARTESIAN_POINT('',(-135.,96.999999980637,0.5));
#4264 = CARTESIAN_POINT('',(-118.5,96.999999977356,-11.));
#4265 = CARTESIAN_POINT('',(-137.3561944901,96.999999980636,0.5));
#4266 = CARTESIAN_POINT('',(-120.4634954084,96.999999977356,-11.));
#4267 = CARTESIAN_POINT('',(-139.712389722,96.471270513105,0.5));
#4268 = CARTESIAN_POINT('',(-122.426991435,96.559392087745,-11.));
#4269 = CARTESIAN_POINT('',(-141.930158812,95.41381677109,0.5));
#4270 = CARTESIAN_POINT('',(-124.2751323433,95.67818063607,-11.));
#4271 = CARTESIAN_POINT('',(-143.8711050693,93.87110505,0.5));
#4272 = CARTESIAN_POINT('',(-125.8925875578,94.392587535155,-11.));
#4273 = CARTESIAN_POINT('',(-145.4138167904,91.930158792655,0.5));
#4274 = CARTESIAN_POINT('',(-127.1781806587,92.775132320707,-11.));
#4275 = CARTESIAN_POINT('',(-146.4712705324,89.712389702689,0.5));
#4276 = CARTESIAN_POINT('',(-128.0593921103,90.926991412398,-11.));
#4277 = CARTESIAN_POINT('',(-147.,87.356194470829,0.5));
#4278 = CARTESIAN_POINT('',(-128.5,88.96349538585,-11.));
#4279 = CARTESIAN_POINT('',(-147.,84.999999980637,0.5));
#4280 = CARTESIAN_POINT('',(-128.5,86.999999977356,-11.));
#4281 = DEFINITIONAL_REPRESENTATION('',(#4282),#4286);
#4282 = LINE('',#4283,#4284);
#4283 = CARTESIAN_POINT('',(0.,1.));
#4284 = VECTOR('',#4285,1.);
#4285 = DIRECTION('',(1.,0.));
#4286 = ( GEOMETRIC_REPRESENTATION_CONTEXT(2) 
PARAMETRIC_REPRESENTATION_CONTEXT() REPRESENTATION_CONTEXT('2D SPACE',''
  ) );
#4287 = ADVANCED_FACE('',(#4288),#2636,.F.);
#4288 = FACE_BOUND('',#4289,.F.);
#4289 = EDGE_LOOP('',(#4290,#4291,#4292,#4293));
#4290 = ORIENTED_EDGE('',*,*,#2621,.F.);
#4291 = ORIENTED_EDGE('',*,*,#2861,.T.);
#4292 = ORIENTED_EDGE('',*,*,#3163,.T.);
#4293 = ORIENTED_EDGE('',*,*,#3964,.F.);
#4294 = ADVANCED_FACE('',(#4295),#3538,.F.);
#4295 = FACE_BOUND('',#4296,.F.);
#4296 = EDGE_LOOP('',(#4297,#4320,#4349,#4370));
#4297 = ORIENTED_EDGE('',*,*,#4298,.F.);
#4298 = EDGE_CURVE('',#4299,#3502,#4301,.T.);
#4299 = VERTEX_POINT('',#4300);
#4300 = CARTESIAN_POINT('',(-149.,-87.,0.5));
#4301 = SURFACE_CURVE('',#4302,(#4306,#4313),.PCURVE_S1.);
#4302 = LINE('',#4303,#4304);
#4303 = CARTESIAN_POINT('',(-149.,-87.,0.));
#4304 = VECTOR('',#4305,1.);
#4305 = DIRECTION('',(0.,0.,1.));
#4306 = PCURVE('',#3538,#4307);
#4307 = DEFINITIONAL_REPRESENTATION('',(#4308),#4312);
#4308 = LINE('',#4309,#4310);
#4309 = CARTESIAN_POINT('',(6.28318530718,0.));
#4310 = VECTOR('',#4311,1.);
#4311 = DIRECTION('',(0.,-1.));
#4312 = ( GEOMETRIC_REPRESENTATION_CONTEXT(2) 
PARAMETRIC_REPRESENTATION_CONTEXT() REPRESENTATION_CONTEXT('2D SPACE',''
  ) );
#4313 = PCURVE('',#3623,#4314);
#4314 = DEFINITIONAL_REPRESENTATION('',(#4315),#4319);
#4315 = LINE('',#4316,#4317);
#4316 = CARTESIAN_POINT('',(0.,0.));
#4317 = VECTOR('',#4318,1.);
#4318 = DIRECTION('',(0.,-1.));
#4319 = ( GEOMETRIC_REPRESENTATION_CONTEXT(2) 
PARAMETRIC_REPRESENTATION_CONTEXT() REPRESENTATION_CONTEXT('2D SPACE',''
  ) );
#4320 = ORIENTED_EDGE('',*,*,#4321,.F.);
#4321 = EDGE_CURVE('',#4322,#4299,#4324,.T.);
#4322 = VERTEX_POINT('',#4323);
#4323 = CARTESIAN_POINT('',(-137.,-99.,0.5));
#4324 = SURFACE_CURVE('',#4325,(#4330,#4337),.PCURVE_S1.);
#4325 = CIRCLE('',#4326,12.);
#4326 = AXIS2_PLACEMENT_3D('',#4327,#4328,#4329);
#4327 = CARTESIAN_POINT('',(-137.,-87.,0.5));
#4328 = DIRECTION('',(0.,0.,-1.));
#4329 = DIRECTION('',(-1.,0.,0.));
#4330 = PCURVE('',#3538,#4331);
#4331 = DEFINITIONAL_REPRESENTATION('',(#4332),#4336);
#4332 = LINE('',#4333,#4334);
#4333 = CARTESIAN_POINT('',(0.,-0.5));
#4334 = VECTOR('',#4335,1.);
#4335 = DIRECTION('',(1.,0.));
#4336 = ( GEOMETRIC_REPRESENTATION_CONTEXT(2) 
PARAMETRIC_REPRESENTATION_CONTEXT() REPRESENTATION_CONTEXT('2D SPACE',''
  ) );
#4337 = PCURVE('',#4338,#4343);
#4338 = PLANE('',#4339);
#4339 = AXIS2_PLACEMENT_3D('',#4340,#4341,#4342);
#4340 = CARTESIAN_POINT('',(-137.,-87.,0.5));
#4341 = DIRECTION('',(0.,0.,-1.));
#4342 = DIRECTION('',(-1.,0.,0.));
#4343 = DEFINITIONAL_REPRESENTATION('',(#4344),#4348);
#4344 = CIRCLE('',#4345,12.);
#4345 = AXIS2_PLACEMENT_2D('',#4346,#4347);
#4346 = CARTESIAN_POINT('',(0.,-7.105427357601E-14));
#4347 = DIRECTION('',(1.,0.));
#4348 = ( GEOMETRIC_REPRESENTATION_CONTEXT(2) 
PARAMETRIC_REPRESENTATION_CONTEXT() REPRESENTATION_CONTEXT('2D SPACE',''
  ) );
#4349 = ORIENTED_EDGE('',*,*,#4350,.T.);
#4350 = EDGE_CURVE('',#4322,#3479,#4351,.T.);
#4351 = SURFACE_CURVE('',#4352,(#4356,#4363),.PCURVE_S1.);
#4352 = LINE('',#4353,#4354);
#4353 = CARTESIAN_POINT('',(-137.,-99.,0.));
#4354 = VECTOR('',#4355,1.);
#4355 = DIRECTION('',(0.,0.,1.));
#4356 = PCURVE('',#3538,#4357);
#4357 = DEFINITIONAL_REPRESENTATION('',(#4358),#4362);
#4358 = LINE('',#4359,#4360);
#4359 = CARTESIAN_POINT('',(4.712388980385,0.));
#4360 = VECTOR('',#4361,1.);
#4361 = DIRECTION('',(0.,-1.));
#4362 = ( GEOMETRIC_REPRESENTATION_CONTEXT(2) 
PARAMETRIC_REPRESENTATION_CONTEXT() REPRESENTATION_CONTEXT('2D SPACE',''
  ) );
#4363 = PCURVE('',#3589,#4364);
#4364 = DEFINITIONAL_REPRESENTATION('',(#4365),#4369);
#4365 = LINE('',#4366,#4367);
#4366 = CARTESIAN_POINT('',(0.,0.));
#4367 = VECTOR('',#4368,1.);
#4368 = DIRECTION('',(0.,-1.));
#4369 = ( GEOMETRIC_REPRESENTATION_CONTEXT(2) 
PARAMETRIC_REPRESENTATION_CONTEXT() REPRESENTATION_CONTEXT('2D SPACE',''
  ) );
#4370 = ORIENTED_EDGE('',*,*,#3523,.T.);
#4371 = ADVANCED_FACE('',(#4372),#3589,.T.);
#4372 = FACE_BOUND('',#4373,.T.);
#4373 = EDGE_LOOP('',(#4374,#4397,#4416,#4417));
#4374 = ORIENTED_EDGE('',*,*,#4375,.F.);
#4375 = EDGE_CURVE('',#4376,#3554,#4378,.T.);
#4376 = VERTEX_POINT('',#4377);
#4377 = CARTESIAN_POINT('',(137.,-99.,0.5));
#4378 = SURFACE_CURVE('',#4379,(#4383,#4390),.PCURVE_S1.);
#4379 = LINE('',#4380,#4381);
#4380 = CARTESIAN_POINT('',(137.,-99.,0.));
#4381 = VECTOR('',#4382,1.);
#4382 = DIRECTION('',(0.,0.,1.));
#4383 = PCURVE('',#3589,#4384);
#4384 = DEFINITIONAL_REPRESENTATION('',(#4385),#4389);
#4385 = LINE('',#4386,#4387);
#4386 = CARTESIAN_POINT('',(274.,0.));
#4387 = VECTOR('',#4388,1.);
#4388 = DIRECTION('',(0.,-1.));
#4389 = ( GEOMETRIC_REPRESENTATION_CONTEXT(2) 
PARAMETRIC_REPRESENTATION_CONTEXT() REPRESENTATION_CONTEXT('2D SPACE',''
  ) );
#4390 = PCURVE('',#3698,#4391);
#4391 = DEFINITIONAL_REPRESENTATION('',(#4392),#4396);
#4392 = LINE('',#4393,#4394);
#4393 = CARTESIAN_POINT('',(4.712388980385,0.));
#4394 = VECTOR('',#4395,1.);
#4395 = DIRECTION('',(0.,-1.));
#4396 = ( GEOMETRIC_REPRESENTATION_CONTEXT(2) 
PARAMETRIC_REPRESENTATION_CONTEXT() REPRESENTATION_CONTEXT('2D SPACE',''
  ) );
#4397 = ORIENTED_EDGE('',*,*,#4398,.T.);
#4398 = EDGE_CURVE('',#4376,#4322,#4399,.T.);
#4399 = SURFACE_CURVE('',#4400,(#4404,#4410),.PCURVE_S1.);
#4400 = LINE('',#4401,#4402);
#4401 = CARTESIAN_POINT('',(-137.,-98.99999999999,0.5));
#4402 = VECTOR('',#4403,1.);
#4403 = DIRECTION('',(-1.,0.,0.));
#4404 = PCURVE('',#3589,#4405);
#4405 = DEFINITIONAL_REPRESENTATION('',(#4406),#4409);
#4406 = B_SPLINE_CURVE_WITH_KNOTS('',1,(#4407,#4408),.UNSPECIFIED.,.F.,
  .F.,(2,2),(-274.,0.),.PIECEWISE_BEZIER_KNOTS.);
#4407 = CARTESIAN_POINT('',(274.,-0.5));
#4408 = CARTESIAN_POINT('',(0.,-0.5));
#4409 = ( GEOMETRIC_REPRESENTATION_CONTEXT(2) 
PARAMETRIC_REPRESENTATION_CONTEXT() REPRESENTATION_CONTEXT('2D SPACE',''
  ) );
#4410 = PCURVE('',#4338,#4411);
#4411 = DEFINITIONAL_REPRESENTATION('',(#4412),#4415);
#4412 = B_SPLINE_CURVE_WITH_KNOTS('',1,(#4413,#4414),.UNSPECIFIED.,.F.,
  .F.,(2,2),(-274.,0.),.PIECEWISE_BEZIER_KNOTS.);
#4413 = CARTESIAN_POINT('',(-274.,-11.99999999999));
#4414 = CARTESIAN_POINT('',(0.,-11.99999999999));
#4415 = ( GEOMETRIC_REPRESENTATION_CONTEXT(2) 
PARAMETRIC_REPRESENTATION_CONTEXT() REPRESENTATION_CONTEXT('2D SPACE',''
  ) );
#4416 = ORIENTED_EDGE('',*,*,#4350,.T.);
#4417 = ORIENTED_EDGE('',*,*,#3575,.F.);
#4418 = ADVANCED_FACE('',(#4419),#3623,.F.);
#4419 = FACE_BOUND('',#4420,.F.);
#4420 = EDGE_LOOP('',(#4421,#4444,#4463,#4464));
#4421 = ORIENTED_EDGE('',*,*,#4422,.F.);
#4422 = EDGE_CURVE('',#4423,#3608,#4425,.T.);
#4423 = VERTEX_POINT('',#4424);
#4424 = CARTESIAN_POINT('',(-149.,86.999999979879,0.5));
#4425 = SURFACE_CURVE('',#4426,(#4430,#4437),.PCURVE_S1.);
#4426 = LINE('',#4427,#4428);
#4427 = CARTESIAN_POINT('',(-149.,86.999999979879,0.));
#4428 = VECTOR('',#4429,1.);
#4429 = DIRECTION('',(0.,0.,1.));
#4430 = PCURVE('',#3623,#4431);
#4431 = DEFINITIONAL_REPRESENTATION('',(#4432),#4436);
#4432 = LINE('',#4433,#4434);
#4433 = CARTESIAN_POINT('',(173.99999997988,0.));
#4434 = VECTOR('',#4435,1.);
#4435 = DIRECTION('',(0.,-1.));
#4436 = ( GEOMETRIC_REPRESENTATION_CONTEXT(2) 
PARAMETRIC_REPRESENTATION_CONTEXT() REPRESENTATION_CONTEXT('2D SPACE',''
  ) );
#4437 = PCURVE('',#3752,#4438);
#4438 = DEFINITIONAL_REPRESENTATION('',(#4439),#4443);
#4439 = LINE('',#4440,#4441);
#4440 = CARTESIAN_POINT('',(0.,0.));
#4441 = VECTOR('',#4442,1.);
#4442 = DIRECTION('',(0.,-1.));
#4443 = ( GEOMETRIC_REPRESENTATION_CONTEXT(2) 
PARAMETRIC_REPRESENTATION_CONTEXT() REPRESENTATION_CONTEXT('2D SPACE',''
  ) );
#4444 = ORIENTED_EDGE('',*,*,#4445,.T.);
#4445 = EDGE_CURVE('',#4423,#4299,#4446,.T.);
#4446 = SURFACE_CURVE('',#4447,(#4451,#4457),.PCURVE_S1.);
#4447 = LINE('',#4448,#4449);
#4448 = CARTESIAN_POINT('',(-149.,-87.,0.5));
#4449 = VECTOR('',#4450,1.);
#4450 = DIRECTION('',(-0.,-1.,-0.));
#4451 = PCURVE('',#3623,#4452);
#4452 = DEFINITIONAL_REPRESENTATION('',(#4453),#4456);
#4453 = B_SPLINE_CURVE_WITH_KNOTS('',1,(#4454,#4455),.UNSPECIFIED.,.F.,
  .F.,(2,2),(-173.9999999798,4.263256414561E-14),
  .PIECEWISE_BEZIER_KNOTS.);
#4454 = CARTESIAN_POINT('',(173.99999997988,-0.5));
#4455 = CARTESIAN_POINT('',(-1.42108547152E-14,-0.5));
#4456 = ( GEOMETRIC_REPRESENTATION_CONTEXT(2) 
PARAMETRIC_REPRESENTATION_CONTEXT() REPRESENTATION_CONTEXT('2D SPACE',''
  ) );
#4457 = PCURVE('',#4338,#4458);
#4458 = DEFINITIONAL_REPRESENTATION('',(#4459),#4462);
#4459 = B_SPLINE_CURVE_WITH_KNOTS('',1,(#4460,#4461),.UNSPECIFIED.,.F.,
  .F.,(2,2),(-173.9999999798,4.263256414561E-14),
  .PIECEWISE_BEZIER_KNOTS.);
#4460 = CARTESIAN_POINT('',(12.,173.99999997988));
#4461 = CARTESIAN_POINT('',(12.,-8.526512829121E-14));
#4462 = ( GEOMETRIC_REPRESENTATION_CONTEXT(2) 
PARAMETRIC_REPRESENTATION_CONTEXT() REPRESENTATION_CONTEXT('2D SPACE',''
  ) );
#4463 = ORIENTED_EDGE('',*,*,#4298,.T.);
#4464 = ORIENTED_EDGE('',*,*,#3607,.T.);
#4465 = ADVANCED_FACE('',(#4466),#3698,.F.);
#4466 = FACE_BOUND('',#4467,.F.);
#4467 = EDGE_LOOP('',(#4468,#4469,#4493,#4514));
#4468 = ORIENTED_EDGE('',*,*,#4375,.F.);
#4469 = ORIENTED_EDGE('',*,*,#4470,.F.);
#4470 = EDGE_CURVE('',#4471,#4376,#4473,.T.);
#4471 = VERTEX_POINT('',#4472);
#4472 = CARTESIAN_POINT('',(149.,-87.,0.5));
#4473 = SURFACE_CURVE('',#4474,(#4479,#4486),.PCURVE_S1.);
#4474 = CIRCLE('',#4475,12.);
#4475 = AXIS2_PLACEMENT_3D('',#4476,#4477,#4478);
#4476 = CARTESIAN_POINT('',(137.,-87.,0.5));
#4477 = DIRECTION('',(0.,0.,-1.));
#4478 = DIRECTION('',(-1.,0.,0.));
#4479 = PCURVE('',#3698,#4480);
#4480 = DEFINITIONAL_REPRESENTATION('',(#4481),#4485);
#4481 = LINE('',#4482,#4483);
#4482 = CARTESIAN_POINT('',(0.,-0.5));
#4483 = VECTOR('',#4484,1.);
#4484 = DIRECTION('',(1.,0.));
#4485 = ( GEOMETRIC_REPRESENTATION_CONTEXT(2) 
PARAMETRIC_REPRESENTATION_CONTEXT() REPRESENTATION_CONTEXT('2D SPACE',''
  ) );
#4486 = PCURVE('',#4338,#4487);
#4487 = DEFINITIONAL_REPRESENTATION('',(#4488),#4492);
#4488 = CIRCLE('',#4489,12.);
#4489 = AXIS2_PLACEMENT_2D('',#4490,#4491);
#4490 = CARTESIAN_POINT('',(-274.,-7.105427357601E-14));
#4491 = DIRECTION('',(1.,0.));
#4492 = ( GEOMETRIC_REPRESENTATION_CONTEXT(2) 
PARAMETRIC_REPRESENTATION_CONTEXT() REPRESENTATION_CONTEXT('2D SPACE',''
  ) );
#4493 = ORIENTED_EDGE('',*,*,#4494,.T.);
#4494 = EDGE_CURVE('',#4471,#3660,#4495,.T.);
#4495 = SURFACE_CURVE('',#4496,(#4500,#4507),.PCURVE_S1.);
#4496 = LINE('',#4497,#4498);
#4497 = CARTESIAN_POINT('',(149.,-87.,0.));
#4498 = VECTOR('',#4499,1.);
#4499 = DIRECTION('',(0.,0.,1.));
#4500 = PCURVE('',#3698,#4501);
#4501 = DEFINITIONAL_REPRESENTATION('',(#4502),#4506);
#4502 = LINE('',#4503,#4504);
#4503 = CARTESIAN_POINT('',(3.14159265359,0.));
#4504 = VECTOR('',#4505,1.);
#4505 = DIRECTION('',(0.,-1.));
#4506 = ( GEOMETRIC_REPRESENTATION_CONTEXT(2) 
PARAMETRIC_REPRESENTATION_CONTEXT() REPRESENTATION_CONTEXT('2D SPACE',''
  ) );
#4507 = PCURVE('',#3803,#4508);
#4508 = DEFINITIONAL_REPRESENTATION('',(#4509),#4513);
#4509 = LINE('',#4510,#4511);
#4510 = CARTESIAN_POINT('',(0.,0.));
#4511 = VECTOR('',#4512,1.);
#4512 = DIRECTION('',(0.,-1.));
#4513 = ( GEOMETRIC_REPRESENTATION_CONTEXT(2) 
PARAMETRIC_REPRESENTATION_CONTEXT() REPRESENTATION_CONTEXT('2D SPACE',''
  ) );
#4514 = ORIENTED_EDGE('',*,*,#3683,.T.);
#4515 = ADVANCED_FACE('',(#4516),#3752,.F.);
#4516 = FACE_BOUND('',#4517,.F.);
#4517 = EDGE_LOOP('',(#4518,#4541,#4563,#4564));
#4518 = ORIENTED_EDGE('',*,*,#4519,.F.);
#4519 = EDGE_CURVE('',#4520,#3716,#4522,.T.);
#4520 = VERTEX_POINT('',#4521);
#4521 = CARTESIAN_POINT('',(-137.,98.999999989941,0.5));
#4522 = SURFACE_CURVE('',#4523,(#4527,#4534),.PCURVE_S1.);
#4523 = LINE('',#4524,#4525);
#4524 = CARTESIAN_POINT('',(-137.,98.999999989941,0.));
#4525 = VECTOR('',#4526,1.);
#4526 = DIRECTION('',(0.,0.,1.));
#4527 = PCURVE('',#3752,#4528);
#4528 = DEFINITIONAL_REPRESENTATION('',(#4529),#4533);
#4529 = LINE('',#4530,#4531);
#4530 = CARTESIAN_POINT('',(1.570796326795,0.));
#4531 = VECTOR('',#4532,1.);
#4532 = DIRECTION('',(0.,-1.));
#4533 = ( GEOMETRIC_REPRESENTATION_CONTEXT(2) 
PARAMETRIC_REPRESENTATION_CONTEXT() REPRESENTATION_CONTEXT('2D SPACE',''
  ) );
#4534 = PCURVE('',#3837,#4535);
#4535 = DEFINITIONAL_REPRESENTATION('',(#4536),#4540);
#4536 = LINE('',#4537,#4538);
#4537 = CARTESIAN_POINT('',(0.,0.));
#4538 = VECTOR('',#4539,1.);
#4539 = DIRECTION('',(0.,-1.));
#4540 = ( GEOMETRIC_REPRESENTATION_CONTEXT(2) 
PARAMETRIC_REPRESENTATION_CONTEXT() REPRESENTATION_CONTEXT('2D SPACE',''
  ) );
#4541 = ORIENTED_EDGE('',*,*,#4542,.F.);
#4542 = EDGE_CURVE('',#4423,#4520,#4543,.T.);
#4543 = SURFACE_CURVE('',#4544,(#4549,#4556),.PCURVE_S1.);
#4544 = CIRCLE('',#4545,12.);
#4545 = AXIS2_PLACEMENT_3D('',#4546,#4547,#4548);
#4546 = CARTESIAN_POINT('',(-137.,86.999999979879,0.5));
#4547 = DIRECTION('',(0.,0.,-1.));
#4548 = DIRECTION('',(-1.,0.,0.));
#4549 = PCURVE('',#3752,#4550);
#4550 = DEFINITIONAL_REPRESENTATION('',(#4551),#4555);
#4551 = LINE('',#4552,#4553);
#4552 = CARTESIAN_POINT('',(0.,-0.5));
#4553 = VECTOR('',#4554,1.);
#4554 = DIRECTION('',(1.,0.));
#4555 = ( GEOMETRIC_REPRESENTATION_CONTEXT(2) 
PARAMETRIC_REPRESENTATION_CONTEXT() REPRESENTATION_CONTEXT('2D SPACE',''
  ) );
#4556 = PCURVE('',#4338,#4557);
#4557 = DEFINITIONAL_REPRESENTATION('',(#4558),#4562);
#4558 = CIRCLE('',#4559,12.);
#4559 = AXIS2_PLACEMENT_2D('',#4560,#4561);
#4560 = CARTESIAN_POINT('',(0.,173.99999997988));
#4561 = DIRECTION('',(1.,0.));
#4562 = ( GEOMETRIC_REPRESENTATION_CONTEXT(2) 
PARAMETRIC_REPRESENTATION_CONTEXT() REPRESENTATION_CONTEXT('2D SPACE',''
  ) );
#4563 = ORIENTED_EDGE('',*,*,#4422,.T.);
#4564 = ORIENTED_EDGE('',*,*,#3737,.T.);
#4565 = ADVANCED_FACE('',(#4566),#3803,.T.);
#4566 = FACE_BOUND('',#4567,.T.);
#4567 = EDGE_LOOP('',(#4568,#4591,#4610,#4611));
#4568 = ORIENTED_EDGE('',*,*,#4569,.F.);
#4569 = EDGE_CURVE('',#4570,#3768,#4572,.T.);
#4570 = VERTEX_POINT('',#4571);
#4571 = CARTESIAN_POINT('',(149.,86.999999979879,0.5));
#4572 = SURFACE_CURVE('',#4573,(#4577,#4584),.PCURVE_S1.);
#4573 = LINE('',#4574,#4575);
#4574 = CARTESIAN_POINT('',(149.,86.999999979879,0.));
#4575 = VECTOR('',#4576,1.);
#4576 = DIRECTION('',(0.,0.,1.));
#4577 = PCURVE('',#3803,#4578);
#4578 = DEFINITIONAL_REPRESENTATION('',(#4579),#4583);
#4579 = LINE('',#4580,#4581);
#4580 = CARTESIAN_POINT('',(173.99999997988,0.));
#4581 = VECTOR('',#4582,1.);
#4582 = DIRECTION('',(0.,-1.));
#4583 = ( GEOMETRIC_REPRESENTATION_CONTEXT(2) 
PARAMETRIC_REPRESENTATION_CONTEXT() REPRESENTATION_CONTEXT('2D SPACE',''
  ) );
#4584 = PCURVE('',#3891,#4585);
#4585 = DEFINITIONAL_REPRESENTATION('',(#4586),#4590);
#4586 = LINE('',#4587,#4588);
#4587 = CARTESIAN_POINT('',(3.14159265359,0.));
#4588 = VECTOR('',#4589,1.);
#4589 = DIRECTION('',(0.,-1.));
#4590 = ( GEOMETRIC_REPRESENTATION_CONTEXT(2) 
PARAMETRIC_REPRESENTATION_CONTEXT() REPRESENTATION_CONTEXT('2D SPACE',''
  ) );
#4591 = ORIENTED_EDGE('',*,*,#4592,.T.);
#4592 = EDGE_CURVE('',#4570,#4471,#4593,.T.);
#4593 = SURFACE_CURVE('',#4594,(#4598,#4604),.PCURVE_S1.);
#4594 = LINE('',#4595,#4596);
#4595 = CARTESIAN_POINT('',(149.,-87.,0.5));
#4596 = VECTOR('',#4597,1.);
#4597 = DIRECTION('',(-0.,-1.,-0.));
#4598 = PCURVE('',#3803,#4599);
#4599 = DEFINITIONAL_REPRESENTATION('',(#4600),#4603);
#4600 = B_SPLINE_CURVE_WITH_KNOTS('',1,(#4601,#4602),.UNSPECIFIED.,.F.,
  .F.,(2,2),(-173.9999999798,4.263256414561E-14),
  .PIECEWISE_BEZIER_KNOTS.);
#4601 = CARTESIAN_POINT('',(173.99999997988,-0.5));
#4602 = CARTESIAN_POINT('',(-1.42108547152E-14,-0.5));
#4603 = ( GEOMETRIC_REPRESENTATION_CONTEXT(2) 
PARAMETRIC_REPRESENTATION_CONTEXT() REPRESENTATION_CONTEXT('2D SPACE',''
  ) );
#4604 = PCURVE('',#4338,#4605);
#4605 = DEFINITIONAL_REPRESENTATION('',(#4606),#4609);
#4606 = B_SPLINE_CURVE_WITH_KNOTS('',1,(#4607,#4608),.UNSPECIFIED.,.F.,
  .F.,(2,2),(-173.9999999798,4.263256414561E-14),
  .PIECEWISE_BEZIER_KNOTS.);
#4607 = CARTESIAN_POINT('',(-286.,173.99999997988));
#4608 = CARTESIAN_POINT('',(-286.,-8.526512829121E-14));
#4609 = ( GEOMETRIC_REPRESENTATION_CONTEXT(2) 
PARAMETRIC_REPRESENTATION_CONTEXT() REPRESENTATION_CONTEXT('2D SPACE',''
  ) );
#4610 = ORIENTED_EDGE('',*,*,#4494,.T.);
#4611 = ORIENTED_EDGE('',*,*,#3789,.F.);
#4612 = ADVANCED_FACE('',(#4613),#3837,.F.);
#4613 = FACE_BOUND('',#4614,.F.);
#4614 = EDGE_LOOP('',(#4615,#4638,#4657,#4658));
#4615 = ORIENTED_EDGE('',*,*,#4616,.F.);
#4616 = EDGE_CURVE('',#4617,#3822,#4619,.T.);
#4617 = VERTEX_POINT('',#4618);
#4618 = CARTESIAN_POINT('',(137.,98.999999989941,0.5));
#4619 = SURFACE_CURVE('',#4620,(#4624,#4631),.PCURVE_S1.);
#4620 = LINE('',#4621,#4622);
#4621 = CARTESIAN_POINT('',(137.,98.999999989941,0.));
#4622 = VECTOR('',#4623,1.);
#4623 = DIRECTION('',(0.,0.,1.));
#4624 = PCURVE('',#3837,#4625);
#4625 = DEFINITIONAL_REPRESENTATION('',(#4626),#4630);
#4626 = LINE('',#4627,#4628);
#4627 = CARTESIAN_POINT('',(274.,0.));
#4628 = VECTOR('',#4629,1.);
#4629 = DIRECTION('',(0.,-1.));
#4630 = ( GEOMETRIC_REPRESENTATION_CONTEXT(2) 
PARAMETRIC_REPRESENTATION_CONTEXT() REPRESENTATION_CONTEXT('2D SPACE',''
  ) );
#4631 = PCURVE('',#3891,#4632);
#4632 = DEFINITIONAL_REPRESENTATION('',(#4633),#4637);
#4633 = LINE('',#4634,#4635);
#4634 = CARTESIAN_POINT('',(1.570796326795,0.));
#4635 = VECTOR('',#4636,1.);
#4636 = DIRECTION('',(0.,-1.));
#4637 = ( GEOMETRIC_REPRESENTATION_CONTEXT(2) 
PARAMETRIC_REPRESENTATION_CONTEXT() REPRESENTATION_CONTEXT('2D SPACE',''
  ) );
#4638 = ORIENTED_EDGE('',*,*,#4639,.T.);
#4639 = EDGE_CURVE('',#4617,#4520,#4640,.T.);
#4640 = SURFACE_CURVE('',#4641,(#4645,#4651),.PCURVE_S1.);
#4641 = LINE('',#4642,#4643);
#4642 = CARTESIAN_POINT('',(-137.,99.000000000002,0.5));
#4643 = VECTOR('',#4644,1.);
#4644 = DIRECTION('',(-1.,0.,0.));
#4645 = PCURVE('',#3837,#4646);
#4646 = DEFINITIONAL_REPRESENTATION('',(#4647),#4650);
#4647 = B_SPLINE_CURVE_WITH_KNOTS('',1,(#4648,#4649),.UNSPECIFIED.,.F.,
  .F.,(2,2),(-274.,0.),.PIECEWISE_BEZIER_KNOTS.);
#4648 = CARTESIAN_POINT('',(274.,-0.5));
#4649 = CARTESIAN_POINT('',(0.,-0.5));
#4650 = ( GEOMETRIC_REPRESENTATION_CONTEXT(2) 
PARAMETRIC_REPRESENTATION_CONTEXT() REPRESENTATION_CONTEXT('2D SPACE',''
  ) );
#4651 = PCURVE('',#4338,#4652);
#4652 = DEFINITIONAL_REPRESENTATION('',(#4653),#4656);
#4653 = B_SPLINE_CURVE_WITH_KNOTS('',1,(#4654,#4655),.UNSPECIFIED.,.F.,
  .F.,(2,2),(-274.,0.),.PIECEWISE_BEZIER_KNOTS.);
#4654 = CARTESIAN_POINT('',(-274.,186.));
#4655 = CARTESIAN_POINT('',(0.,186.));
#4656 = ( GEOMETRIC_REPRESENTATION_CONTEXT(2) 
PARAMETRIC_REPRESENTATION_CONTEXT() REPRESENTATION_CONTEXT('2D SPACE',''
  ) );
#4657 = ORIENTED_EDGE('',*,*,#4519,.T.);
#4658 = ORIENTED_EDGE('',*,*,#3821,.T.);
#4659 = ADVANCED_FACE('',(#4660),#3891,.F.);
#4660 = FACE_BOUND('',#4661,.F.);
#4661 = EDGE_LOOP('',(#4662,#4663,#4685,#4686));
#4662 = ORIENTED_EDGE('',*,*,#4569,.F.);
#4663 = ORIENTED_EDGE('',*,*,#4664,.F.);
#4664 = EDGE_CURVE('',#4617,#4570,#4665,.T.);
#4665 = SURFACE_CURVE('',#4666,(#4671,#4678),.PCURVE_S1.);
#4666 = CIRCLE('',#4667,12.);
#4667 = AXIS2_PLACEMENT_3D('',#4668,#4669,#4670);
#4668 = CARTESIAN_POINT('',(137.,86.999999979879,0.5));
#4669 = DIRECTION('',(0.,0.,-1.));
#4670 = DIRECTION('',(-1.,0.,0.));
#4671 = PCURVE('',#3891,#4672);
#4672 = DEFINITIONAL_REPRESENTATION('',(#4673),#4677);
#4673 = LINE('',#4674,#4675);
#4674 = CARTESIAN_POINT('',(0.,-0.5));
#4675 = VECTOR('',#4676,1.);
#4676 = DIRECTION('',(1.,0.));
#4677 = ( GEOMETRIC_REPRESENTATION_CONTEXT(2) 
PARAMETRIC_REPRESENTATION_CONTEXT() REPRESENTATION_CONTEXT('2D SPACE',''
  ) );
#4678 = PCURVE('',#4338,#4679);
#4679 = DEFINITIONAL_REPRESENTATION('',(#4680),#4684);
#4680 = CIRCLE('',#4681,12.);
#4681 = AXIS2_PLACEMENT_2D('',#4682,#4683);
#4682 = CARTESIAN_POINT('',(-274.,173.99999997988));
#4683 = DIRECTION('',(1.,0.));
#4684 = ( GEOMETRIC_REPRESENTATION_CONTEXT(2) 
PARAMETRIC_REPRESENTATION_CONTEXT() REPRESENTATION_CONTEXT('2D SPACE',''
  ) );
#4685 = ORIENTED_EDGE('',*,*,#4616,.T.);
#4686 = ORIENTED_EDGE('',*,*,#3876,.T.);
#4687 = ADVANCED_FACE('',(#4688),#4008,.T.);
#4688 = FACE_BOUND('',#4689,.T.);
#4689 = EDGE_LOOP('',(#4690,#4714,#4734,#4735));
#4690 = ORIENTED_EDGE('',*,*,#4691,.F.);
#4691 = EDGE_CURVE('',#4692,#4694,#4696,.T.);
#4692 = VERTEX_POINT('',#4693);
#4693 = CARTESIAN_POINT('',(-147.,-85.,0.5));
#4694 = VERTEX_POINT('',#4695);
#4695 = CARTESIAN_POINT('',(-147.,84.999999980637,0.5));
#4696 = SURFACE_CURVE('',#4697,(#4701,#4707),.PCURVE_S1.);
#4697 = LINE('',#4698,#4699);
#4698 = CARTESIAN_POINT('',(-147.,2.117417352565E-12,0.5));
#4699 = VECTOR('',#4700,1.);
#4700 = DIRECTION('',(0.,1.,0.));
#4701 = PCURVE('',#4008,#4702);
#4702 = DEFINITIONAL_REPRESENTATION('',(#4703),#4706);
#4703 = B_SPLINE_CURVE_WITH_KNOTS('',1,(#4704,#4705),.UNSPECIFIED.,.F.,
  .F.,(2,2),(-85.,84.999999980635),.PIECEWISE_BEZIER_KNOTS.);
#4704 = CARTESIAN_POINT('',(87.000000000006,0.));
#4705 = CARTESIAN_POINT('',(-86.99999997735,0.));
#4706 = ( GEOMETRIC_REPRESENTATION_CONTEXT(2) 
PARAMETRIC_REPRESENTATION_CONTEXT() REPRESENTATION_CONTEXT('2D SPACE',''
  ) );
#4707 = PCURVE('',#4338,#4708);
#4708 = DEFINITIONAL_REPRESENTATION('',(#4709),#4713);
#4709 = LINE('',#4710,#4711);
#4710 = CARTESIAN_POINT('',(10.,87.000000000004));
#4711 = VECTOR('',#4712,1.);
#4712 = DIRECTION('',(0.,1.));
#4713 = ( GEOMETRIC_REPRESENTATION_CONTEXT(2) 
PARAMETRIC_REPRESENTATION_CONTEXT() REPRESENTATION_CONTEXT('2D SPACE',''
  ) );
#4714 = ORIENTED_EDGE('',*,*,#4715,.T.);
#4715 = EDGE_CURVE('',#4692,#3991,#4716,.T.);
#4716 = SURFACE_CURVE('',#4717,(#4720,#4727),.PCURVE_S1.);
#4717 = B_SPLINE_CURVE_WITH_KNOTS('',1,(#4718,#4719),.UNSPECIFIED.,.F.,
  .F.,(2,2),(0.,1.),.PIECEWISE_BEZIER_KNOTS.);
#4718 = CARTESIAN_POINT('',(-147.,-85.,0.5));
#4719 = CARTESIAN_POINT('',(-128.5,-87.,-11.));
#4720 = PCURVE('',#4008,#4721);
#4721 = DEFINITIONAL_REPRESENTATION('',(#4722),#4726);
#4722 = LINE('',#4723,#4724);
#4723 = CARTESIAN_POINT('',(87.000000000006,0.));
#4724 = VECTOR('',#4725,1.);
#4725 = DIRECTION('',(0.,1.));
#4726 = ( GEOMETRIC_REPRESENTATION_CONTEXT(2) 
PARAMETRIC_REPRESENTATION_CONTEXT() REPRESENTATION_CONTEXT('2D SPACE',''
  ) );
#4727 = PCURVE('',#4041,#4728);
#4728 = DEFINITIONAL_REPRESENTATION('',(#4729),#4733);
#4729 = LINE('',#4730,#4731);
#4730 = CARTESIAN_POINT('',(3.14159265359,0.));
#4731 = VECTOR('',#4732,1.);
#4732 = DIRECTION('',(0.,1.));
#4733 = ( GEOMETRIC_REPRESENTATION_CONTEXT(2) 
PARAMETRIC_REPRESENTATION_CONTEXT() REPRESENTATION_CONTEXT('2D SPACE',''
  ) );
#4734 = ORIENTED_EDGE('',*,*,#3990,.T.);
#4735 = ORIENTED_EDGE('',*,*,#4736,.F.);
#4736 = EDGE_CURVE('',#4694,#3993,#4737,.T.);
#4737 = SURFACE_CURVE('',#4738,(#4741,#4748),.PCURVE_S1.);
#4738 = B_SPLINE_CURVE_WITH_KNOTS('',1,(#4739,#4740),.UNSPECIFIED.,.F.,
  .F.,(2,2),(0.,1.),.PIECEWISE_BEZIER_KNOTS.);
#4739 = CARTESIAN_POINT('',(-147.,84.999999980637,0.5));
#4740 = CARTESIAN_POINT('',(-128.5,86.999999977356,-11.));
#4741 = PCURVE('',#4008,#4742);
#4742 = DEFINITIONAL_REPRESENTATION('',(#4743),#4747);
#4743 = LINE('',#4744,#4745);
#4744 = CARTESIAN_POINT('',(-86.99999997735,0.));
#4745 = VECTOR('',#4746,1.);
#4746 = DIRECTION('',(0.,1.));
#4747 = ( GEOMETRIC_REPRESENTATION_CONTEXT(2) 
PARAMETRIC_REPRESENTATION_CONTEXT() REPRESENTATION_CONTEXT('2D SPACE',''
  ) );
#4748 = PCURVE('',#4262,#4749);
#4749 = DEFINITIONAL_REPRESENTATION('',(#4750),#4754);
#4750 = LINE('',#4751,#4752);
#4751 = CARTESIAN_POINT('',(3.14159265359,0.));
#4752 = VECTOR('',#4753,1.);
#4753 = DIRECTION('',(0.,1.));
#4754 = ( GEOMETRIC_REPRESENTATION_CONTEXT(2) 
PARAMETRIC_REPRESENTATION_CONTEXT() REPRESENTATION_CONTEXT('2D SPACE',''
  ) );
#4755 = ADVANCED_FACE('',(#4756),#4262,.T.);
#4756 = FACE_BOUND('',#4757,.T.);
#4757 = EDGE_LOOP('',(#4758,#4786,#4787,#4788));
#4758 = ORIENTED_EDGE('',*,*,#4759,.T.);
#4759 = EDGE_CURVE('',#4760,#4694,#4762,.T.);
#4760 = VERTEX_POINT('',#4761);
#4761 = CARTESIAN_POINT('',(-135.,96.99999999032,0.5));
#4762 = SURFACE_CURVE('',#4763,(#4768,#4775),.PCURVE_S1.);
#4763 = CIRCLE('',#4764,12.);
#4764 = AXIS2_PLACEMENT_3D('',#4765,#4766,#4767);
#4765 = CARTESIAN_POINT('',(-135.,84.999999980637,0.5));
#4766 = DIRECTION('',(0.,0.,1.));
#4767 = DIRECTION('',(1.,0.,0.));
#4768 = PCURVE('',#4262,#4769);
#4769 = DEFINITIONAL_REPRESENTATION('',(#4770),#4774);
#4770 = LINE('',#4771,#4772);
#4771 = CARTESIAN_POINT('',(0.,0.));
#4772 = VECTOR('',#4773,1.);
#4773 = DIRECTION('',(1.,0.));
#4774 = ( GEOMETRIC_REPRESENTATION_CONTEXT(2) 
PARAMETRIC_REPRESENTATION_CONTEXT() REPRESENTATION_CONTEXT('2D SPACE',''
  ) );
#4775 = PCURVE('',#4338,#4776);
#4776 = DEFINITIONAL_REPRESENTATION('',(#4777),#4785);
#4777 = ( BOUNDED_CURVE() B_SPLINE_CURVE(2,(#4778,#4779,#4780,#4781,
#4782,#4783,#4784),.UNSPECIFIED.,.T.,.F.) B_SPLINE_CURVE_WITH_KNOTS((1,2
    ,2,2,2,1),(-2.094395102393,0.,2.094395102393,4.188790204786,
6.28318530718,8.377580409573),.UNSPECIFIED.) CURVE() 
GEOMETRIC_REPRESENTATION_ITEM() RATIONAL_B_SPLINE_CURVE((1.,0.5,1.,0.5,
1.,0.5,1.)) REPRESENTATION_ITEM('') );
#4778 = CARTESIAN_POINT('',(-14.,171.99999998063));
#4779 = CARTESIAN_POINT('',(-14.,192.78460967146));
#4780 = CARTESIAN_POINT('',(4.,182.39230482605));
#4781 = CARTESIAN_POINT('',(22.,171.99999998063));
#4782 = CARTESIAN_POINT('',(4.,161.60769513522));
#4783 = CARTESIAN_POINT('',(-14.,151.21539028981));
#4784 = CARTESIAN_POINT('',(-14.,171.99999998063));
#4785 = ( GEOMETRIC_REPRESENTATION_CONTEXT(2) 
PARAMETRIC_REPRESENTATION_CONTEXT() REPRESENTATION_CONTEXT('2D SPACE',''
  ) );
#4786 = ORIENTED_EDGE('',*,*,#4736,.T.);
#4787 = ORIENTED_EDGE('',*,*,#4243,.F.);
#4788 = ORIENTED_EDGE('',*,*,#4789,.F.);
#4789 = EDGE_CURVE('',#4760,#4217,#4790,.T.);
#4790 = SURFACE_CURVE('',#4791,(#4794,#4801),.PCURVE_S1.);
#4791 = B_SPLINE_CURVE_WITH_KNOTS('',1,(#4792,#4793),.UNSPECIFIED.,.F.,
  .F.,(2,2),(0.,1.),.PIECEWISE_BEZIER_KNOTS.);
#4792 = CARTESIAN_POINT('',(-135.,97.000000000002,0.5));
#4793 = CARTESIAN_POINT('',(-118.5,97.000000000003,-11.));
#4794 = PCURVE('',#4262,#4795);
#4795 = DEFINITIONAL_REPRESENTATION('',(#4796),#4800);
#4796 = LINE('',#4797,#4798);
#4797 = CARTESIAN_POINT('',(1.570796326795,0.));
#4798 = VECTOR('',#4799,1.);
#4799 = DIRECTION('',(0.,1.));
#4800 = ( GEOMETRIC_REPRESENTATION_CONTEXT(2) 
PARAMETRIC_REPRESENTATION_CONTEXT() REPRESENTATION_CONTEXT('2D SPACE',''
  ) );
#4801 = PCURVE('',#4232,#4802);
#4802 = DEFINITIONAL_REPRESENTATION('',(#4803),#4807);
#4803 = LINE('',#4804,#4805);
#4804 = CARTESIAN_POINT('',(135.,0.));
#4805 = VECTOR('',#4806,1.);
#4806 = DIRECTION('',(0.,1.));
#4807 = ( GEOMETRIC_REPRESENTATION_CONTEXT(2) 
PARAMETRIC_REPRESENTATION_CONTEXT() REPRESENTATION_CONTEXT('2D SPACE',''
  ) );
#4808 = ADVANCED_FACE('',(#4809),#4232,.T.);
#4809 = FACE_BOUND('',#4810,.T.);
#4810 = EDGE_LOOP('',(#4811,#4834,#4835,#4836));
#4811 = ORIENTED_EDGE('',*,*,#4812,.F.);
#4812 = EDGE_CURVE('',#4760,#4813,#4815,.T.);
#4813 = VERTEX_POINT('',#4814);
#4814 = CARTESIAN_POINT('',(135.,96.99999999032,0.5));
#4815 = SURFACE_CURVE('',#4816,(#4820,#4827),.PCURVE_S1.);
#4816 = LINE('',#4817,#4818);
#4817 = CARTESIAN_POINT('',(0.,97.000000000002,0.5));
#4818 = VECTOR('',#4819,1.);
#4819 = DIRECTION('',(1.,0.,0.));
#4820 = PCURVE('',#4232,#4821);
#4821 = DEFINITIONAL_REPRESENTATION('',(#4822),#4826);
#4822 = LINE('',#4823,#4824);
#4823 = CARTESIAN_POINT('',(0.,0.));
#4824 = VECTOR('',#4825,1.);
#4825 = DIRECTION('',(-1.,0.));
#4826 = ( GEOMETRIC_REPRESENTATION_CONTEXT(2) 
PARAMETRIC_REPRESENTATION_CONTEXT() REPRESENTATION_CONTEXT('2D SPACE',''
  ) );
#4827 = PCURVE('',#4338,#4828);
#4828 = DEFINITIONAL_REPRESENTATION('',(#4829),#4833);
#4829 = LINE('',#4830,#4831);
#4830 = CARTESIAN_POINT('',(-137.,184.));
#4831 = VECTOR('',#4832,1.);
#4832 = DIRECTION('',(-1.,0.));
#4833 = ( GEOMETRIC_REPRESENTATION_CONTEXT(2) 
PARAMETRIC_REPRESENTATION_CONTEXT() REPRESENTATION_CONTEXT('2D SPACE',''
  ) );
#4834 = ORIENTED_EDGE('',*,*,#4789,.T.);
#4835 = ORIENTED_EDGE('',*,*,#4216,.T.);
#4836 = ORIENTED_EDGE('',*,*,#4837,.F.);
#4837 = EDGE_CURVE('',#4813,#4170,#4838,.T.);
#4838 = SURFACE_CURVE('',#4839,(#4842,#4849),.PCURVE_S1.);
#4839 = B_SPLINE_CURVE_WITH_KNOTS('',1,(#4840,#4841),.UNSPECIFIED.,.F.,
  .F.,(2,2),(0.,1.),.PIECEWISE_BEZIER_KNOTS.);
#4840 = CARTESIAN_POINT('',(135.,96.999999980637,0.5));
#4841 = CARTESIAN_POINT('',(118.5,96.999999977356,-11.));
#4842 = PCURVE('',#4232,#4843);
#4843 = DEFINITIONAL_REPRESENTATION('',(#4844),#4848);
#4844 = LINE('',#4845,#4846);
#4845 = CARTESIAN_POINT('',(-135.,0.));
#4846 = VECTOR('',#4847,1.);
#4847 = DIRECTION('',(0.,1.));
#4848 = ( GEOMETRIC_REPRESENTATION_CONTEXT(2) 
PARAMETRIC_REPRESENTATION_CONTEXT() REPRESENTATION_CONTEXT('2D SPACE',''
  ) );
#4849 = PCURVE('',#4190,#4850);
#4850 = DEFINITIONAL_REPRESENTATION('',(#4851),#4855);
#4851 = LINE('',#4852,#4853);
#4852 = CARTESIAN_POINT('',(1.570796326795,0.));
#4853 = VECTOR('',#4854,1.);
#4854 = DIRECTION('',(0.,1.));
#4855 = ( GEOMETRIC_REPRESENTATION_CONTEXT(2) 
PARAMETRIC_REPRESENTATION_CONTEXT() REPRESENTATION_CONTEXT('2D SPACE',''
  ) );
#4856 = ADVANCED_FACE('',(#4857),#4190,.T.);
#4857 = FACE_BOUND('',#4858,.T.);
#4858 = EDGE_LOOP('',(#4859,#4887,#4888,#4889));
#4859 = ORIENTED_EDGE('',*,*,#4860,.T.);
#4860 = EDGE_CURVE('',#4861,#4813,#4863,.T.);
#4861 = VERTEX_POINT('',#4862);
#4862 = CARTESIAN_POINT('',(147.,84.999999980637,0.5));
#4863 = SURFACE_CURVE('',#4864,(#4869,#4876),.PCURVE_S1.);
#4864 = CIRCLE('',#4865,12.);
#4865 = AXIS2_PLACEMENT_3D('',#4866,#4867,#4868);
#4866 = CARTESIAN_POINT('',(135.,84.999999980637,0.5));
#4867 = DIRECTION('',(0.,0.,1.));
#4868 = DIRECTION('',(1.,0.,0.));
#4869 = PCURVE('',#4190,#4870);
#4870 = DEFINITIONAL_REPRESENTATION('',(#4871),#4875);
#4871 = LINE('',#4872,#4873);
#4872 = CARTESIAN_POINT('',(0.,0.));
#4873 = VECTOR('',#4874,1.);
#4874 = DIRECTION('',(1.,0.));
#4875 = ( GEOMETRIC_REPRESENTATION_CONTEXT(2) 
PARAMETRIC_REPRESENTATION_CONTEXT() REPRESENTATION_CONTEXT('2D SPACE',''
  ) );
#4876 = PCURVE('',#4338,#4877);
#4877 = DEFINITIONAL_REPRESENTATION('',(#4878),#4886);
#4878 = ( BOUNDED_CURVE() B_SPLINE_CURVE(2,(#4879,#4880,#4881,#4882,
#4883,#4884,#4885),.UNSPECIFIED.,.T.,.F.) B_SPLINE_CURVE_WITH_KNOTS((1,2
    ,2,2,2,1),(-2.094395102393,0.,2.094395102393,4.188790204786,
6.28318530718,8.377580409573),.UNSPECIFIED.) CURVE() 
GEOMETRIC_REPRESENTATION_ITEM() RATIONAL_B_SPLINE_CURVE((1.,0.5,1.,0.5,
1.,0.5,1.)) REPRESENTATION_ITEM('') );
#4879 = CARTESIAN_POINT('',(-284.,171.99999998063));
#4880 = CARTESIAN_POINT('',(-284.,192.78460967146));
#4881 = CARTESIAN_POINT('',(-266.,182.39230482605));
#4882 = CARTESIAN_POINT('',(-248.,171.99999998063));
#4883 = CARTESIAN_POINT('',(-266.,161.60769513522));
#4884 = CARTESIAN_POINT('',(-284.,151.21539028981));
#4885 = CARTESIAN_POINT('',(-284.,171.99999998063));
#4886 = ( GEOMETRIC_REPRESENTATION_CONTEXT(2) 
PARAMETRIC_REPRESENTATION_CONTEXT() REPRESENTATION_CONTEXT('2D SPACE',''
  ) );
#4887 = ORIENTED_EDGE('',*,*,#4837,.T.);
#4888 = ORIENTED_EDGE('',*,*,#4169,.F.);
#4889 = ORIENTED_EDGE('',*,*,#4890,.F.);
#4890 = EDGE_CURVE('',#4861,#4142,#4891,.T.);
#4891 = SURFACE_CURVE('',#4892,(#4895,#4902),.PCURVE_S1.);
#4892 = B_SPLINE_CURVE_WITH_KNOTS('',1,(#4893,#4894),.UNSPECIFIED.,.F.,
  .F.,(2,2),(0.,1.),.PIECEWISE_BEZIER_KNOTS.);
#4893 = CARTESIAN_POINT('',(147.,84.999999980637,0.5));
#4894 = CARTESIAN_POINT('',(128.5,86.999999977356,-11.));
#4895 = PCURVE('',#4190,#4896);
#4896 = DEFINITIONAL_REPRESENTATION('',(#4897),#4901);
#4897 = LINE('',#4898,#4899);
#4898 = CARTESIAN_POINT('',(0.,0.));
#4899 = VECTOR('',#4900,1.);
#4900 = DIRECTION('',(0.,1.));
#4901 = ( GEOMETRIC_REPRESENTATION_CONTEXT(2) 
PARAMETRIC_REPRESENTATION_CONTEXT() REPRESENTATION_CONTEXT('2D SPACE',''
  ) );
#4902 = PCURVE('',#4157,#4903);
#4903 = DEFINITIONAL_REPRESENTATION('',(#4904),#4908);
#4904 = LINE('',#4905,#4906);
#4905 = CARTESIAN_POINT('',(86.999999977353,0.));
#4906 = VECTOR('',#4907,1.);
#4907 = DIRECTION('',(0.,1.));
#4908 = ( GEOMETRIC_REPRESENTATION_CONTEXT(2) 
PARAMETRIC_REPRESENTATION_CONTEXT() REPRESENTATION_CONTEXT('2D SPACE',''
  ) );
#4909 = ADVANCED_FACE('',(#4910),#4157,.T.);
#4910 = FACE_BOUND('',#4911,.T.);
#4911 = EDGE_LOOP('',(#4912,#4934,#4935,#4936));
#4912 = ORIENTED_EDGE('',*,*,#4913,.T.);
#4913 = EDGE_CURVE('',#4914,#4861,#4916,.T.);
#4914 = VERTEX_POINT('',#4915);
#4915 = CARTESIAN_POINT('',(147.,-85.,0.5));
#4916 = SURFACE_CURVE('',#4917,(#4921,#4927),.PCURVE_S1.);
#4917 = LINE('',#4918,#4919);
#4918 = CARTESIAN_POINT('',(147.,2.117417352565E-12,0.5));
#4919 = VECTOR('',#4920,1.);
#4920 = DIRECTION('',(0.,1.,0.));
#4921 = PCURVE('',#4157,#4922);
#4922 = DEFINITIONAL_REPRESENTATION('',(#4923),#4926);
#4923 = B_SPLINE_CURVE_WITH_KNOTS('',1,(#4924,#4925),.UNSPECIFIED.,.F.,
  .F.,(2,2),(-85.,84.999999980635),.PIECEWISE_BEZIER_KNOTS.);
#4924 = CARTESIAN_POINT('',(-87.,0.));
#4925 = CARTESIAN_POINT('',(86.999999977353,0.));
#4926 = ( GEOMETRIC_REPRESENTATION_CONTEXT(2) 
PARAMETRIC_REPRESENTATION_CONTEXT() REPRESENTATION_CONTEXT('2D SPACE',''
  ) );
#4927 = PCURVE('',#4338,#4928);
#4928 = DEFINITIONAL_REPRESENTATION('',(#4929),#4933);
#4929 = LINE('',#4930,#4931);
#4930 = CARTESIAN_POINT('',(-284.,87.000000000004));
#4931 = VECTOR('',#4932,1.);
#4932 = DIRECTION('',(0.,1.));
#4933 = ( GEOMETRIC_REPRESENTATION_CONTEXT(2) 
PARAMETRIC_REPRESENTATION_CONTEXT() REPRESENTATION_CONTEXT('2D SPACE',''
  ) );
#4934 = ORIENTED_EDGE('',*,*,#4890,.T.);
#4935 = ORIENTED_EDGE('',*,*,#4141,.F.);
#4936 = ORIENTED_EDGE('',*,*,#4937,.F.);
#4937 = EDGE_CURVE('',#4914,#4095,#4938,.T.);
#4938 = SURFACE_CURVE('',#4939,(#4942,#4949),.PCURVE_S1.);
#4939 = B_SPLINE_CURVE_WITH_KNOTS('',1,(#4940,#4941),.UNSPECIFIED.,.F.,
  .F.,(2,2),(0.,1.),.PIECEWISE_BEZIER_KNOTS.);
#4940 = CARTESIAN_POINT('',(147.,-85.,0.5));
#4941 = CARTESIAN_POINT('',(128.5,-87.,-11.));
#4942 = PCURVE('',#4157,#4943);
#4943 = DEFINITIONAL_REPRESENTATION('',(#4944),#4948);
#4944 = LINE('',#4945,#4946);
#4945 = CARTESIAN_POINT('',(-87.,0.));
#4946 = VECTOR('',#4947,1.);
#4947 = DIRECTION('',(0.,1.));
#4948 = ( GEOMETRIC_REPRESENTATION_CONTEXT(2) 
PARAMETRIC_REPRESENTATION_CONTEXT() REPRESENTATION_CONTEXT('2D SPACE',''
  ) );
#4949 = PCURVE('',#4115,#4950);
#4950 = DEFINITIONAL_REPRESENTATION('',(#4951),#4955);
#4951 = LINE('',#4952,#4953);
#4952 = CARTESIAN_POINT('',(6.28318530718,0.));
#4953 = VECTOR('',#4954,1.);
#4954 = DIRECTION('',(0.,1.));
#4955 = ( GEOMETRIC_REPRESENTATION_CONTEXT(2) 
PARAMETRIC_REPRESENTATION_CONTEXT() REPRESENTATION_CONTEXT('2D SPACE',''
  ) );
#4956 = ADVANCED_FACE('',(#4957),#4115,.T.);
#4957 = FACE_BOUND('',#4958,.T.);
#4958 = EDGE_LOOP('',(#4959,#4987,#4988,#4989));
#4959 = ORIENTED_EDGE('',*,*,#4960,.T.);
#4960 = EDGE_CURVE('',#4961,#4914,#4963,.T.);
#4961 = VERTEX_POINT('',#4962);
#4962 = CARTESIAN_POINT('',(135.,-97.,0.5));
#4963 = SURFACE_CURVE('',#4964,(#4969,#4976),.PCURVE_S1.);
#4964 = CIRCLE('',#4965,12.);
#4965 = AXIS2_PLACEMENT_3D('',#4966,#4967,#4968);
#4966 = CARTESIAN_POINT('',(135.,-85.,0.5));
#4967 = DIRECTION('',(0.,0.,1.));
#4968 = DIRECTION('',(1.,0.,0.));
#4969 = PCURVE('',#4115,#4970);
#4970 = DEFINITIONAL_REPRESENTATION('',(#4971),#4975);
#4971 = LINE('',#4972,#4973);
#4972 = CARTESIAN_POINT('',(0.,0.));
#4973 = VECTOR('',#4974,1.);
#4974 = DIRECTION('',(1.,0.));
#4975 = ( GEOMETRIC_REPRESENTATION_CONTEXT(2) 
PARAMETRIC_REPRESENTATION_CONTEXT() REPRESENTATION_CONTEXT('2D SPACE',''
  ) );
#4976 = PCURVE('',#4338,#4977);
#4977 = DEFINITIONAL_REPRESENTATION('',(#4978),#4986);
#4978 = ( BOUNDED_CURVE() B_SPLINE_CURVE(2,(#4979,#4980,#4981,#4982,
#4983,#4984,#4985),.UNSPECIFIED.,.T.,.F.) B_SPLINE_CURVE_WITH_KNOTS((1,2
    ,2,2,2,1),(-2.094395102393,0.,2.094395102393,4.188790204786,
6.28318530718,8.377580409573),.UNSPECIFIED.) CURVE() 
GEOMETRIC_REPRESENTATION_ITEM() RATIONAL_B_SPLINE_CURVE((1.,0.5,1.,0.5,
1.,0.5,1.)) REPRESENTATION_ITEM('') );
#4979 = CARTESIAN_POINT('',(-284.,2.));
#4980 = CARTESIAN_POINT('',(-284.,22.784609690827));
#4981 = CARTESIAN_POINT('',(-266.,12.392304845413));
#4982 = CARTESIAN_POINT('',(-248.,2.));
#4983 = CARTESIAN_POINT('',(-266.,-8.392304845413));
#4984 = CARTESIAN_POINT('',(-284.,-18.78460969082));
#4985 = CARTESIAN_POINT('',(-284.,2.));
#4986 = ( GEOMETRIC_REPRESENTATION_CONTEXT(2) 
PARAMETRIC_REPRESENTATION_CONTEXT() REPRESENTATION_CONTEXT('2D SPACE',''
  ) );
#4987 = ORIENTED_EDGE('',*,*,#4937,.T.);
#4988 = ORIENTED_EDGE('',*,*,#4094,.F.);
#4989 = ORIENTED_EDGE('',*,*,#4990,.F.);
#4990 = EDGE_CURVE('',#4961,#4068,#4991,.T.);
#4991 = SURFACE_CURVE('',#4992,(#4995,#5002),.PCURVE_S1.);
#4992 = B_SPLINE_CURVE_WITH_KNOTS('',1,(#4993,#4994),.UNSPECIFIED.,.F.,
  .F.,(2,2),(0.,1.),.PIECEWISE_BEZIER_KNOTS.);
#4993 = CARTESIAN_POINT('',(135.,-96.99999999999,0.5));
#4994 = CARTESIAN_POINT('',(118.5,-96.99999999999,-11.));
#4995 = PCURVE('',#4115,#4996);
#4996 = DEFINITIONAL_REPRESENTATION('',(#4997),#5001);
#4997 = LINE('',#4998,#4999);
#4998 = CARTESIAN_POINT('',(4.712388980385,0.));
#4999 = VECTOR('',#5000,1.);
#5000 = DIRECTION('',(0.,1.));
#5001 = ( GEOMETRIC_REPRESENTATION_CONTEXT(2) 
PARAMETRIC_REPRESENTATION_CONTEXT() REPRESENTATION_CONTEXT('2D SPACE',''
  ) );
#5002 = PCURVE('',#4083,#5003);
#5003 = DEFINITIONAL_REPRESENTATION('',(#5004),#5008);
#5004 = LINE('',#5005,#5006);
#5005 = CARTESIAN_POINT('',(135.,0.));
#5006 = VECTOR('',#5007,1.);
#5007 = DIRECTION('',(0.,1.));
#5008 = ( GEOMETRIC_REPRESENTATION_CONTEXT(2) 
PARAMETRIC_REPRESENTATION_CONTEXT() REPRESENTATION_CONTEXT('2D SPACE',''
  ) );
#5009 = ADVANCED_FACE('',(#5010),#4083,.T.);
#5010 = FACE_BOUND('',#5011,.T.);
#5011 = EDGE_LOOP('',(#5012,#5035,#5036,#5037));
#5012 = ORIENTED_EDGE('',*,*,#5013,.T.);
#5013 = EDGE_CURVE('',#5014,#4961,#5016,.T.);
#5014 = VERTEX_POINT('',#5015);
#5015 = CARTESIAN_POINT('',(-135.,-97.,0.5));
#5016 = SURFACE_CURVE('',#5017,(#5021,#5028),.PCURVE_S1.);
#5017 = LINE('',#5018,#5019);
#5018 = CARTESIAN_POINT('',(0.,-96.99999999999,0.5));
#5019 = VECTOR('',#5020,1.);
#5020 = DIRECTION('',(1.,0.,0.));
#5021 = PCURVE('',#4083,#5022);
#5022 = DEFINITIONAL_REPRESENTATION('',(#5023),#5027);
#5023 = LINE('',#5024,#5025);
#5024 = CARTESIAN_POINT('',(0.,0.));
#5025 = VECTOR('',#5026,1.);
#5026 = DIRECTION('',(1.,0.));
#5027 = ( GEOMETRIC_REPRESENTATION_CONTEXT(2) 
PARAMETRIC_REPRESENTATION_CONTEXT() REPRESENTATION_CONTEXT('2D SPACE',''
  ) );
#5028 = PCURVE('',#4338,#5029);
#5029 = DEFINITIONAL_REPRESENTATION('',(#5030),#5034);
#5030 = LINE('',#5031,#5032);
#5031 = CARTESIAN_POINT('',(-137.,-9.999999999996));
#5032 = VECTOR('',#5033,1.);
#5033 = DIRECTION('',(-1.,0.));
#5034 = ( GEOMETRIC_REPRESENTATION_CONTEXT(2) 
PARAMETRIC_REPRESENTATION_CONTEXT() REPRESENTATION_CONTEXT('2D SPACE',''
  ) );
#5035 = ORIENTED_EDGE('',*,*,#4990,.T.);
#5036 = ORIENTED_EDGE('',*,*,#4067,.F.);
#5037 = ORIENTED_EDGE('',*,*,#5038,.F.);
#5038 = EDGE_CURVE('',#5014,#4021,#5039,.T.);
#5039 = SURFACE_CURVE('',#5040,(#5043,#5050),.PCURVE_S1.);
#5040 = B_SPLINE_CURVE_WITH_KNOTS('',1,(#5041,#5042),.UNSPECIFIED.,.F.,
  .F.,(2,2),(0.,1.),.PIECEWISE_BEZIER_KNOTS.);
#5041 = CARTESIAN_POINT('',(-135.,-97.,0.5));
#5042 = CARTESIAN_POINT('',(-118.5,-97.,-11.));
#5043 = PCURVE('',#4083,#5044);
#5044 = DEFINITIONAL_REPRESENTATION('',(#5045),#5049);
#5045 = LINE('',#5046,#5047);
#5046 = CARTESIAN_POINT('',(-135.,0.));
#5047 = VECTOR('',#5048,1.);
#5048 = DIRECTION('',(0.,1.));
#5049 = ( GEOMETRIC_REPRESENTATION_CONTEXT(2) 
PARAMETRIC_REPRESENTATION_CONTEXT() REPRESENTATION_CONTEXT('2D SPACE',''
  ) );
#5050 = PCURVE('',#4041,#5051);
#5051 = DEFINITIONAL_REPRESENTATION('',(#5052),#5056);
#5052 = LINE('',#5053,#5054);
#5053 = CARTESIAN_POINT('',(4.712388980385,0.));
#5054 = VECTOR('',#5055,1.);
#5055 = DIRECTION('',(0.,1.));
#5056 = ( GEOMETRIC_REPRESENTATION_CONTEXT(2) 
PARAMETRIC_REPRESENTATION_CONTEXT() REPRESENTATION_CONTEXT('2D SPACE',''
  ) );
#5057 = ADVANCED_FACE('',(#5058),#4041,.T.);
#5058 = FACE_BOUND('',#5059,.T.);
#5059 = EDGE_LOOP('',(#5060,#5086,#5087,#5088));
#5060 = ORIENTED_EDGE('',*,*,#5061,.T.);
#5061 = EDGE_CURVE('',#4692,#5014,#5062,.T.);
#5062 = SURFACE_CURVE('',#5063,(#5068,#5075),.PCURVE_S1.);
#5063 = CIRCLE('',#5064,12.);
#5064 = AXIS2_PLACEMENT_3D('',#5065,#5066,#5067);
#5065 = CARTESIAN_POINT('',(-135.,-85.,0.5));
#5066 = DIRECTION('',(0.,0.,1.));
#5067 = DIRECTION('',(1.,0.,0.));
#5068 = PCURVE('',#4041,#5069);
#5069 = DEFINITIONAL_REPRESENTATION('',(#5070),#5074);
#5070 = LINE('',#5071,#5072);
#5071 = CARTESIAN_POINT('',(0.,0.));
#5072 = VECTOR('',#5073,1.);
#5073 = DIRECTION('',(1.,0.));
#5074 = ( GEOMETRIC_REPRESENTATION_CONTEXT(2) 
PARAMETRIC_REPRESENTATION_CONTEXT() REPRESENTATION_CONTEXT('2D SPACE',''
  ) );
#5075 = PCURVE('',#4338,#5076);
#5076 = DEFINITIONAL_REPRESENTATION('',(#5077),#5085);
#5077 = ( BOUNDED_CURVE() B_SPLINE_CURVE(2,(#5078,#5079,#5080,#5081,
#5082,#5083,#5084),.UNSPECIFIED.,.T.,.F.) B_SPLINE_CURVE_WITH_KNOTS((1,2
    ,2,2,2,1),(-2.094395102393,0.,2.094395102393,4.188790204786,
6.28318530718,8.377580409573),.UNSPECIFIED.) CURVE() 
GEOMETRIC_REPRESENTATION_ITEM() RATIONAL_B_SPLINE_CURVE((1.,0.5,1.,0.5,
1.,0.5,1.)) REPRESENTATION_ITEM('') );
#5078 = CARTESIAN_POINT('',(-14.,2.));
#5079 = CARTESIAN_POINT('',(-14.,22.784609690827));
#5080 = CARTESIAN_POINT('',(4.,12.392304845413));
#5081 = CARTESIAN_POINT('',(22.,2.));
#5082 = CARTESIAN_POINT('',(4.,-8.392304845413));
#5083 = CARTESIAN_POINT('',(-14.,-18.78460969082));
#5084 = CARTESIAN_POINT('',(-14.,2.));
#5085 = ( GEOMETRIC_REPRESENTATION_CONTEXT(2) 
PARAMETRIC_REPRESENTATION_CONTEXT() REPRESENTATION_CONTEXT('2D SPACE',''
  ) );
#5086 = ORIENTED_EDGE('',*,*,#5038,.T.);
#5087 = ORIENTED_EDGE('',*,*,#4020,.F.);
#5088 = ORIENTED_EDGE('',*,*,#4715,.F.);
#5089 = ADVANCED_FACE('',(#5090,#5100),#4338,.F.);
#5090 = FACE_BOUND('',#5091,.F.);
#5091 = EDGE_LOOP('',(#5092,#5093,#5094,#5095,#5096,#5097,#5098,#5099));
#5092 = ORIENTED_EDGE('',*,*,#4398,.T.);
#5093 = ORIENTED_EDGE('',*,*,#4321,.T.);
#5094 = ORIENTED_EDGE('',*,*,#4445,.F.);
#5095 = ORIENTED_EDGE('',*,*,#4542,.T.);
#5096 = ORIENTED_EDGE('',*,*,#4639,.F.);
#5097 = ORIENTED_EDGE('',*,*,#4664,.T.);
#5098 = ORIENTED_EDGE('',*,*,#4592,.T.);
#5099 = ORIENTED_EDGE('',*,*,#4470,.T.);
#5100 = FACE_BOUND('',#5101,.F.);
#5101 = EDGE_LOOP('',(#5102,#5103,#5104,#5105,#5106,#5107,#5108,#5109));
#5102 = ORIENTED_EDGE('',*,*,#4691,.F.);
#5103 = ORIENTED_EDGE('',*,*,#5061,.T.);
#5104 = ORIENTED_EDGE('',*,*,#5013,.T.);
#5105 = ORIENTED_EDGE('',*,*,#4960,.T.);
#5106 = ORIENTED_EDGE('',*,*,#4913,.T.);
#5107 = ORIENTED_EDGE('',*,*,#4860,.T.);
#5108 = ORIENTED_EDGE('',*,*,#4812,.F.);
#5109 = ORIENTED_EDGE('',*,*,#4759,.T.);
#5110 = ( GEOMETRIC_REPRESENTATION_CONTEXT(3) 
GLOBAL_UNCERTAINTY_ASSIGNED_CONTEXT((#5114)) 
GLOBAL_UNIT_ASSIGNED_CONTEXT((#5111,#5112,#5113)) REPRESENTATION_CONTEXT
('Context #1','3D Context with UNIT and UNCERTAINTY') );
#5111 = ( LENGTH_UNIT() NAMED_UNIT(*) SI_UNIT(.MILLI.,.METRE.) );
#5112 = ( NAMED_UNIT(*) PLANE_ANGLE_UNIT() SI_UNIT($,.RADIAN.) );
#5113 = ( NAMED_UNIT(*) SI_UNIT($,.STERADIAN.) SOLID_ANGLE_UNIT() );
#5114 = UNCERTAINTY_MEASURE_WITH_UNIT(LENGTH_MEASURE(5.E-07),#5111,
  'distance_accuracy_value','confusion accuracy');
#5115 = PRODUCT_RELATED_PRODUCT_CATEGORY('part',$,(#7));
ENDSEC;
END-ISO-10303-21;
