ISO-10303-21;
HEADER;
FILE_DESCRIPTION(('Open CASCADE Model'),'2;1');
FILE_NAME('Open CASCADE Shape Model','2026-08-25T10:03:05',('Author'),(
    'Open CASCADE'),'Open CASCADE STEP processor 7.9','build123d',
  'Unknown');
FILE_SCHEMA(('AUTOMOTIVE_DESIGN { 1 0 10303 214 1 1 1 1 }'));
ENDSEC;
DATA;
#1 = APPLICATION_PROTOCOL_DEFINITION('international standard',
  'automotive_design',2000,#2);
#2 = APPLICATION_CONTEXT(
  'core data for automotive mechanical design processes');
#3 = SHAPE_DEFINITION_REPRESENTATION(#4,#10);
#4 = PRODUCT_DEFINITION_SHAPE('','',#5);
#5 = PRODUCT_DEFINITION('design','',#6,#9);
#6 = PRODUCT_DEFINITION_FORMATION('','',#7);
#7 = PRODUCT('SOLID','SOLID','',(#8));
#8 = PRODUCT_CONTEXT('',#2,'mechanical');
#9 = PRODUCT_DEFINITION_CONTEXT('part definition',#2,'design');
#10 = ADVANCED_BREP_SHAPE_REPRESENTATION('',(#11,#15),#15226);
#11 = AXIS2_PLACEMENT_3D('',#12,#13,#14);
#12 = CARTESIAN_POINT('',(0.,0.,0.));
#13 = DIRECTION('',(0.,0.,1.));
#14 = DIRECTION('',(1.,0.,-0.));
#15 = MANIFOLD_SOLID_BREP('',#16);
#16 = CLOSED_SHELL('',(#17,#2116,#2252,#2307,#2355,#2403,#2457,#2509,
    #2560,#2613,#2666,#2974,#3240,#3546,#3597,#3827,#3880,#3927,#3981,
    #4141,#4194,#4240,#4344,#4491,#4546,#4595,#4643,#4690,#4742,#5301,
    #5332,#5381,#5430,#5709,#5736,#5763,#5813,#6001,#6047,#6096,#6243,
    #6292,#6341,#6368,#6415,#6974,#7023,#7072,#7121,#7170,#7197,#7224,
    #7252,#7766,#7813,#7861,#8127,#8223,#8554,#8603,#8630,#9055,#9151,
    #9247,#9297,#9393,#9443,#9492,#9553,#10837,#10887,#11004,#11053,
    #11106,#11133,#11166,#11221,#11276,#11331,#11386,#11436,#11507,
    #11533,#11559,#11566,#11637,#11663,#11690,#11696,#11728,#11735,
    #11765,#11797,#11802,#11832,#11864,#11869,#11986,#12018,#12045,
    #12072,#12079,#12128,#12178,#12204,#12231,#12243,#12315,#12342,
    #12391,#12440,#12467,#12474,#12479,#12489,#12494,#12545,#12572,
    #12579,#12605,#12633,#12638,#12664,#12692,#12697,#12747,#12757,
    #12767,#12839,#12850,#12877,#12926,#12975,#13002,#13009,#13015,
    #13024,#13030,#13058,#13085,#13111,#13117,#13145,#13196,#13224,
    #13254,#13259,#13264,#13290,#13317,#13367,#13372,#13399,#13429,
    #13434,#13440,#13467,#13492,#13519,#13758,#13783,#13810,#13817,
    #13872,#13927,#13982,#13989,#13996,#14127,#14153,#14180,#14186,
    #14212,#14239,#14245,#14300,#14355,#14410,#14445,#14480,#14515,
    #14550,#14626,#14675,#14724,#14751,#14827,#14876,#14925,#14952,
    #14956,#14960,#14964,#14968,#14972,#14976,#15031,#15086,#15141,
    #15196,#15203,#15210,#15214,#15218,#15222));
#17 = ADVANCED_FACE('',(#18,#1654,#1792,#1823,#1961,#1992,#2023,#2054,
    #2085),#32,.T.);
#18 = FACE_BOUND('',#19,.T.);
#19 = EDGE_LOOP('',(#20,#54,#88,#115,#148,#180,#207,#234,#261,#288,#315,
    #342,#369,#397,#425,#452,#480,#508,#536,#558,#590,#617,#645,#673,
    #701,#723,#751,#779,#807,#829,#861,#888,#916,#944,#972,#994,#1022,
    #1050,#1077,#1104,#1126,#1153,#1175,#1202,#1224,#1256,#1289,#1316,
    #1350,#1377,#1411,#1438,#1471,#1503,#1530,#1562,#1595,#1622));
#20 = ORIENTED_EDGE('',*,*,#21,.F.);
#21 = EDGE_CURVE('',#22,#24,#26,.T.);
#22 = VERTEX_POINT('',#23);
#23 = CARTESIAN_POINT('',(-170.,200.78280223757,300.));
#24 = VERTEX_POINT('',#25);
#25 = CARTESIAN_POINT('',(-170.,296.47388191693,300.));
#26 = SURFACE_CURVE('',#27,(#31,#43),.PCURVE_S1.);
#27 = LINE('',#28,#29);
#28 = CARTESIAN_POINT('',(-170.,75.774873593961,300.));
#29 = VECTOR('',#30,1.);
#30 = DIRECTION('',(0.,1.,0.));
#31 = PCURVE('',#32,#37);
#32 = PLANE('',#33);
#33 = AXIS2_PLACEMENT_3D('',#34,#35,#36);
#34 = CARTESIAN_POINT('',(-220.,-50.,300.));
#35 = DIRECTION('',(0.,0.,1.));
#36 = DIRECTION('',(1.,0.,-0.));
#37 = DEFINITIONAL_REPRESENTATION('',(#38),#42);
#38 = LINE('',#39,#40);
#39 = CARTESIAN_POINT('',(50.,125.77487359396));
#40 = VECTOR('',#41,1.);
#41 = DIRECTION('',(0.,1.));
#42 = ( GEOMETRIC_REPRESENTATION_CONTEXT(2) 
PARAMETRIC_REPRESENTATION_CONTEXT() REPRESENTATION_CONTEXT('2D SPACE',''
  ) );
#43 = PCURVE('',#44,#49);
#44 = PLANE('',#45);
#45 = AXIS2_PLACEMENT_3D('',#46,#47,#48);
#46 = CARTESIAN_POINT('',(-170.,201.54974718792,167.91609604335));
#47 = DIRECTION('',(1.,0.,0.));
#48 = DIRECTION('',(0.,1.,0.));
#49 = DEFINITIONAL_REPRESENTATION('',(#50),#53);
#50 = B_SPLINE_CURVE_WITH_KNOTS('',1,(#51,#52),.UNSPECIFIED.,.F.,.F.,(2,
    2),(-79.08468385223,261.02512640603),.PIECEWISE_BEZIER_KNOTS.);
#51 = CARTESIAN_POINT('',(-204.8595574461,132.08390395664));
#52 = CARTESIAN_POINT('',(135.25025281207,132.08390395664));
#53 = ( GEOMETRIC_REPRESENTATION_CONTEXT(2) 
PARAMETRIC_REPRESENTATION_CONTEXT() REPRESENTATION_CONTEXT('2D SPACE',''
  ) );
#54 = ORIENTED_EDGE('',*,*,#55,.T.);
#55 = EDGE_CURVE('',#22,#56,#58,.T.);
#56 = VERTEX_POINT('',#57);
#57 = CARTESIAN_POINT('',(-166.8,197.511312334,300.));
#58 = SURFACE_CURVE('',#59,(#64,#71),.PCURVE_S1.);
#59 = ELLIPSE('',#60,3.271489903568,3.2);
#60 = AXIS2_PLACEMENT_3D('',#61,#62,#63);
#61 = CARTESIAN_POINT('',(-166.8,200.78280223757,300.));
#62 = DIRECTION('',(0.,0.,1.));
#63 = DIRECTION('',(0.,-1.,0.));
#64 = PCURVE('',#32,#65);
#65 = DEFINITIONAL_REPRESENTATION('',(#66),#70);
#66 = ELLIPSE('',#67,3.271489903568,3.2);
#67 = AXIS2_PLACEMENT_2D('',#68,#69);
#68 = CARTESIAN_POINT('',(53.2,250.78280223757));
#69 = DIRECTION('',(0.,-1.));
#70 = ( GEOMETRIC_REPRESENTATION_CONTEXT(2) 
PARAMETRIC_REPRESENTATION_CONTEXT() REPRESENTATION_CONTEXT('2D SPACE',''
  ) );
#71 = PCURVE('',#72,#77);
#72 = CYLINDRICAL_SURFACE('',#73,3.2);
#73 = AXIS2_PLACEMENT_3D('',#74,#75,#76);
#74 = CARTESIAN_POINT('',(-166.8,209.06843657269,338.98084476916));
#75 = DIRECTION('',(0.,-0.207911690818,-0.978147600734));
#76 = DIRECTION('',(0.,-0.978147600734,0.207911690818));
#77 = DEFINITIONAL_REPRESENTATION('',(#78),#87);
#78 = B_SPLINE_CURVE_WITH_KNOTS('',7,(#79,#80,#81,#82,#83,#84,#85,#86),
  .UNSPECIFIED.,.F.,.F.,(8,8),(4.712388980385,6.28318530718),
  .PIECEWISE_BEZIER_KNOTS.);
#79 = CARTESIAN_POINT('',(1.570796326795,39.851700029651));
#80 = CARTESIAN_POINT('',(1.346396851538,40.004332288534));
#81 = CARTESIAN_POINT('',(1.121997376282,40.156963927651));
#82 = CARTESIAN_POINT('',(0.897597901026,40.297046378571));
#83 = CARTESIAN_POINT('',(0.673198425769,40.41200763165));
#84 = CARTESIAN_POINT('',(0.448798950513,40.491921296256));
#85 = CARTESIAN_POINT('',(0.224399475256,40.531881026995));
#86 = CARTESIAN_POINT('',(0.,40.531881026995));
#87 = ( GEOMETRIC_REPRESENTATION_CONTEXT(2) 
PARAMETRIC_REPRESENTATION_CONTEXT() REPRESENTATION_CONTEXT('2D SPACE',''
  ) );
#88 = ORIENTED_EDGE('',*,*,#89,.T.);
#89 = EDGE_CURVE('',#56,#90,#92,.T.);
#90 = VERTEX_POINT('',#91);
#91 = CARTESIAN_POINT('',(-165.2,197.511312334,300.));
#92 = SURFACE_CURVE('',#93,(#97,#104),.PCURVE_S1.);
#93 = LINE('',#94,#95);
#94 = CARTESIAN_POINT('',(-193.,197.511312334,300.));
#95 = VECTOR('',#96,1.);
#96 = DIRECTION('',(1.,0.,-0.));
#97 = PCURVE('',#32,#98);
#98 = DEFINITIONAL_REPRESENTATION('',(#99),#103);
#99 = LINE('',#100,#101);
#100 = CARTESIAN_POINT('',(27.,247.511312334));
#101 = VECTOR('',#102,1.);
#102 = DIRECTION('',(1.,0.));
#103 = ( GEOMETRIC_REPRESENTATION_CONTEXT(2) 
PARAMETRIC_REPRESENTATION_CONTEXT() REPRESENTATION_CONTEXT('2D SPACE',''
  ) );
#104 = PCURVE('',#105,#110);
#105 = PLANE('',#106);
#106 = AXIS2_PLACEMENT_3D('',#107,#108,#109);
#107 = CARTESIAN_POINT('',(-166.,205.93836425035,339.64616217978));
#108 = DIRECTION('',(0.,-0.978147600734,0.207911690818));
#109 = DIRECTION('',(0.,-0.207911690818,-0.978147600734));
#110 = DEFINITIONAL_REPRESENTATION('',(#111),#114);
#111 = B_SPLINE_CURVE_WITH_KNOTS('',1,(#112,#113),.UNSPECIFIED.,.F.,.F.,
  (2,2),(26.2,27.800000001908),.PIECEWISE_BEZIER_KNOTS.);
#112 = CARTESIAN_POINT('',(40.531881026995,-0.8));
#113 = CARTESIAN_POINT('',(40.531881026995,0.800000001908));
#114 = ( GEOMETRIC_REPRESENTATION_CONTEXT(2) 
PARAMETRIC_REPRESENTATION_CONTEXT() REPRESENTATION_CONTEXT('2D SPACE',''
  ) );
#115 = ORIENTED_EDGE('',*,*,#116,.T.);
#116 = EDGE_CURVE('',#90,#117,#119,.T.);
#117 = VERTEX_POINT('',#118);
#118 = CARTESIAN_POINT('',(-162.8527871265,198.55921926364,300.));
#119 = SURFACE_CURVE('',#120,(#125,#132),.PCURVE_S1.);
#120 = ELLIPSE('',#121,3.271489903568,3.2);
#121 = AXIS2_PLACEMENT_3D('',#122,#123,#124);
#122 = CARTESIAN_POINT('',(-165.2,200.78280223757,300.));
#123 = DIRECTION('',(0.,0.,1.));
#124 = DIRECTION('',(0.,-1.,0.));
#125 = PCURVE('',#32,#126);
#126 = DEFINITIONAL_REPRESENTATION('',(#127),#131);
#127 = ELLIPSE('',#128,3.271489903568,3.2);
#128 = AXIS2_PLACEMENT_2D('',#129,#130);
#129 = CARTESIAN_POINT('',(54.8,250.78280223757));
#130 = DIRECTION('',(0.,-1.));
#131 = ( GEOMETRIC_REPRESENTATION_CONTEXT(2) 
PARAMETRIC_REPRESENTATION_CONTEXT() REPRESENTATION_CONTEXT('2D SPACE',''
  ) );
#132 = PCURVE('',#133,#138);
#133 = CYLINDRICAL_SURFACE('',#134,3.2);
#134 = AXIS2_PLACEMENT_3D('',#135,#136,#137);
#135 = CARTESIAN_POINT('',(-165.2,209.06843657269,338.98084476916));
#136 = DIRECTION('',(0.,-0.207911690818,-0.978147600734));
#137 = DIRECTION('',(0.,-0.978147600734,0.207911690818));
#138 = DEFINITIONAL_REPRESENTATION('',(#139),#147);
#139 = B_SPLINE_CURVE_WITH_KNOTS('',6,(#140,#141,#142,#143,#144,#145,
    #146),.UNSPECIFIED.,.F.,.F.,(7,7),(0.,0.823463073535),
  .PIECEWISE_BEZIER_KNOTS.);
#140 = CARTESIAN_POINT('',(0.,40.531881026995));
#141 = CARTESIAN_POINT('',(-0.137243845589,40.531881026995));
#142 = CARTESIAN_POINT('',(-0.274487691178,40.516506936325));
#143 = CARTESIAN_POINT('',(-0.411731536767,40.485758242534));
#144 = CARTESIAN_POINT('',(-0.548975382356,40.440505411876));
#145 = CARTESIAN_POINT('',(-0.686219227946,40.382482006987));
#146 = CARTESIAN_POINT('',(-0.823463073535,40.314008925434));
#147 = ( GEOMETRIC_REPRESENTATION_CONTEXT(2) 
PARAMETRIC_REPRESENTATION_CONTEXT() REPRESENTATION_CONTEXT('2D SPACE',''
  ) );
#148 = ORIENTED_EDGE('',*,*,#149,.T.);
#149 = EDGE_CURVE('',#117,#150,#152,.T.);
#150 = VERTEX_POINT('',#151);
#151 = CARTESIAN_POINT('',(-158.,197.511312334,300.));
#152 = SURFACE_CURVE('',#153,(#158,#165),.PCURVE_S1.);
#153 = ELLIPSE('',#154,12.26808713838,12.);
#154 = AXIS2_PLACEMENT_3D('',#155,#156,#157);
#155 = CARTESIAN_POINT('',(-158.,209.77939947238,300.));
#156 = DIRECTION('',(0.,0.,1.));
#157 = DIRECTION('',(0.,-1.,0.));
#158 = PCURVE('',#32,#159);
#159 = DEFINITIONAL_REPRESENTATION('',(#160),#164);
#160 = ELLIPSE('',#161,12.26808713838,12.);
#161 = AXIS2_PLACEMENT_2D('',#162,#163);
#162 = CARTESIAN_POINT('',(62.,259.77939947238));
#163 = DIRECTION('',(0.,-1.));
#164 = ( GEOMETRIC_REPRESENTATION_CONTEXT(2) 
PARAMETRIC_REPRESENTATION_CONTEXT() REPRESENTATION_CONTEXT('2D SPACE',''
  ) );
#165 = PCURVE('',#166,#171);
#166 = CYLINDRICAL_SURFACE('',#167,12.);
#167 = AXIS2_PLACEMENT_3D('',#168,#169,#170);
#168 = CARTESIAN_POINT('',(-158.,215.59701855098,327.36974588263));
#169 = DIRECTION('',(0.,-0.207911690818,-0.978147600734));
#170 = DIRECTION('',(-1.,-0.,0.));
#171 = DEFINITIONAL_REPRESENTATION('',(#172),#179);
#172 = B_SPLINE_CURVE_WITH_KNOTS('',5,(#173,#174,#175,#176,#177,#178),
  .UNSPECIFIED.,.F.,.F.,(6,6),(5.866863782008,6.28318530718),
  .PIECEWISE_BEZIER_KNOTS.);
#173 = CARTESIAN_POINT('',(-1.154474801623,30.314008925434));
#174 = CARTESIAN_POINT('',(-1.237739106658,30.399895368825));
#175 = CARTESIAN_POINT('',(-1.321003411692,30.465565680729));
#176 = CARTESIAN_POINT('',(-1.404267716726,30.509776780422));
#177 = CARTESIAN_POINT('',(-1.487532021761,30.531881026995));
#178 = CARTESIAN_POINT('',(-1.570796326795,30.531881026995));
#179 = ( GEOMETRIC_REPRESENTATION_CONTEXT(2) 
PARAMETRIC_REPRESENTATION_CONTEXT() REPRESENTATION_CONTEXT('2D SPACE',''
  ) );
#180 = ORIENTED_EDGE('',*,*,#181,.T.);
#181 = EDGE_CURVE('',#150,#182,#184,.T.);
#182 = VERTEX_POINT('',#183);
#183 = CARTESIAN_POINT('',(-150.,197.511312334,300.));
#184 = SURFACE_CURVE('',#185,(#189,#196),.PCURVE_S1.);
#185 = LINE('',#186,#187);
#186 = CARTESIAN_POINT('',(-110.,197.511312334,300.));
#187 = VECTOR('',#188,1.);
#188 = DIRECTION('',(1.,0.,-0.));
#189 = PCURVE('',#32,#190);
#190 = DEFINITIONAL_REPRESENTATION('',(#191),#195);
#191 = LINE('',#192,#193);
#192 = CARTESIAN_POINT('',(110.,247.511312334));
#193 = VECTOR('',#194,1.);
#194 = DIRECTION('',(1.,0.));
#195 = ( GEOMETRIC_REPRESENTATION_CONTEXT(2) 
PARAMETRIC_REPRESENTATION_CONTEXT() REPRESENTATION_CONTEXT('2D SPACE',''
  ) );
#196 = PCURVE('',#197,#202);
#197 = PLANE('',#198);
#198 = AXIS2_PLACEMENT_3D('',#199,#200,#201);
#199 = CARTESIAN_POINT('',(0.,205.93836425035,339.64616217978));
#200 = DIRECTION('',(0.,-0.978147600734,0.207911690818));
#201 = DIRECTION('',(0.,-0.207911690818,-0.978147600734));
#202 = DEFINITIONAL_REPRESENTATION('',(#203),#206);
#203 = B_SPLINE_CURVE_WITH_KNOTS('',1,(#204,#205),.UNSPECIFIED.,.F.,.F.,
  (2,2),(-48.,268.),.PIECEWISE_BEZIER_KNOTS.);
#204 = CARTESIAN_POINT('',(40.531881026994,-158.));
#205 = CARTESIAN_POINT('',(40.531881026994,158.));
#206 = ( GEOMETRIC_REPRESENTATION_CONTEXT(2) 
PARAMETRIC_REPRESENTATION_CONTEXT() REPRESENTATION_CONTEXT('2D SPACE',''
  ) );
#207 = ORIENTED_EDGE('',*,*,#208,.T.);
#208 = EDGE_CURVE('',#182,#209,#211,.T.);
#209 = VERTEX_POINT('',#210);
#210 = CARTESIAN_POINT('',(-150.,209.77939947238,300.));
#211 = SURFACE_CURVE('',#212,(#216,#223),.PCURVE_S1.);
#212 = LINE('',#213,#214);
#213 = CARTESIAN_POINT('',(-150.,54.731970453211,300.));
#214 = VECTOR('',#215,1.);
#215 = DIRECTION('',(-0.,1.,0.));
#216 = PCURVE('',#32,#217);
#217 = DEFINITIONAL_REPRESENTATION('',(#218),#222);
#218 = LINE('',#219,#220);
#219 = CARTESIAN_POINT('',(70.,104.73197045321));
#220 = VECTOR('',#221,1.);
#221 = DIRECTION('',(0.,1.));
#222 = ( GEOMETRIC_REPRESENTATION_CONTEXT(2) 
PARAMETRIC_REPRESENTATION_CONTEXT() REPRESENTATION_CONTEXT('2D SPACE',''
  ) );
#223 = PCURVE('',#224,#229);
#224 = PLANE('',#225);
#225 = AXIS2_PLACEMENT_3D('',#226,#227,#228);
#226 = CARTESIAN_POINT('',(-150.,159.46394090642,125.81092514002));
#227 = DIRECTION('',(1.,0.,-0.));
#228 = DIRECTION('',(0.,0.207911690818,0.978147600734));
#229 = DEFINITIONAL_REPRESENTATION('',(#230),#233);
#230 = B_SPLINE_CURVE_WITH_KNOTS('',1,(#231,#232),.UNSPECIFIED.,.F.,.F.,
  (2,2),(142.77934188079,155.04742901917),.PIECEWISE_BEZIER_KNOTS.);
#231 = CARTESIAN_POINT('',(178.293118973,-1.000000000001));
#232 = CARTESIAN_POINT('',(180.84379771304,-13.));
#233 = ( GEOMETRIC_REPRESENTATION_CONTEXT(2) 
PARAMETRIC_REPRESENTATION_CONTEXT() REPRESENTATION_CONTEXT('2D SPACE',''
  ) );
#234 = ORIENTED_EDGE('',*,*,#235,.F.);
#235 = EDGE_CURVE('',#236,#209,#238,.T.);
#236 = VERTEX_POINT('',#237);
#237 = CARTESIAN_POINT('',(-126.5,209.77939947238,300.));
#238 = SURFACE_CURVE('',#239,(#243,#250),.PCURVE_S1.);
#239 = LINE('',#240,#241);
#240 = CARTESIAN_POINT('',(-185.,209.77939947238,300.));
#241 = VECTOR('',#242,1.);
#242 = DIRECTION('',(-1.,0.,0.));
#243 = PCURVE('',#32,#244);
#244 = DEFINITIONAL_REPRESENTATION('',(#245),#249);
#245 = LINE('',#246,#247);
#246 = CARTESIAN_POINT('',(35.,259.77939947238));
#247 = VECTOR('',#248,1.);
#248 = DIRECTION('',(-1.,0.));
#249 = ( GEOMETRIC_REPRESENTATION_CONTEXT(2) 
PARAMETRIC_REPRESENTATION_CONTEXT() REPRESENTATION_CONTEXT('2D SPACE',''
  ) );
#250 = PCURVE('',#251,#256);
#251 = PLANE('',#252);
#252 = AXIS2_PLACEMENT_3D('',#253,#254,#255);
#253 = CARTESIAN_POINT('',(-150.,172.17985971596,123.10807315939));
#254 = DIRECTION('',(0.,0.978147600734,-0.207911690818));
#255 = DIRECTION('',(0.,0.207911690818,0.978147600734));
#256 = DEFINITIONAL_REPRESENTATION('',(#257),#260);
#257 = B_SPLINE_CURVE_WITH_KNOTS('',1,(#258,#259),.UNSPECIFIED.,.F.,.F.,
  (2,2),(-335.,-35.),.PIECEWISE_BEZIER_KNOTS.);
#258 = CARTESIAN_POINT('',(180.84379771304,300.));
#259 = CARTESIAN_POINT('',(180.84379771304,0.));
#260 = ( GEOMETRIC_REPRESENTATION_CONTEXT(2) 
PARAMETRIC_REPRESENTATION_CONTEXT() REPRESENTATION_CONTEXT('2D SPACE',''
  ) );
#261 = ORIENTED_EDGE('',*,*,#262,.T.);
#262 = EDGE_CURVE('',#236,#263,#265,.T.);
#263 = VERTEX_POINT('',#264);
#264 = CARTESIAN_POINT('',(-126.5,216.424613339,300.));
#265 = SURFACE_CURVE('',#266,(#270,#277),.PCURVE_S1.);
#266 = LINE('',#267,#268);
#267 = CARTESIAN_POINT('',(-126.5,61.120635284658,300.));
#268 = VECTOR('',#269,1.);
#269 = DIRECTION('',(-0.,1.,0.));
#270 = PCURVE('',#32,#271);
#271 = DEFINITIONAL_REPRESENTATION('',(#272),#276);
#272 = LINE('',#273,#274);
#273 = CARTESIAN_POINT('',(93.5,111.12063528465));
#274 = VECTOR('',#275,1.);
#275 = DIRECTION('',(0.,1.));
#276 = ( GEOMETRIC_REPRESENTATION_CONTEXT(2) 
PARAMETRIC_REPRESENTATION_CONTEXT() REPRESENTATION_CONTEXT('2D SPACE',''
  ) );
#277 = PCURVE('',#278,#283);
#278 = PLANE('',#279);
#279 = AXIS2_PLACEMENT_3D('',#280,#281,#282);
#280 = CARTESIAN_POINT('',(-126.5,172.24127056931,128.20672285388));
#281 = DIRECTION('',(1.,0.,-0.));
#282 = DIRECTION('',(0.,0.207911690818,0.978147600734));
#283 = DEFINITIONAL_REPRESENTATION('',(#284),#287);
#284 = B_SPLINE_CURVE_WITH_KNOTS('',1,(#285,#286),.UNSPECIFIED.,.F.,.F.,
  (2,2),(148.65876418772,155.30397805435),.PIECEWISE_BEZIER_KNOTS.);
#285 = CARTESIAN_POINT('',(175.84379771304,-1.));
#286 = CARTESIAN_POINT('',(177.2254153639,-7.5));
#287 = ( GEOMETRIC_REPRESENTATION_CONTEXT(2) 
PARAMETRIC_REPRESENTATION_CONTEXT() REPRESENTATION_CONTEXT('2D SPACE',''
  ) );
#288 = ORIENTED_EDGE('',*,*,#289,.T.);
#289 = EDGE_CURVE('',#263,#290,#292,.T.);
#290 = VERTEX_POINT('',#291);
#291 = CARTESIAN_POINT('',(-138.5,216.424613339,300.));
#292 = SURFACE_CURVE('',#293,(#297,#304),.PCURVE_S1.);
#293 = LINE('',#294,#295);
#294 = CARTESIAN_POINT('',(-179.25,216.424613339,300.));
#295 = VECTOR('',#296,1.);
#296 = DIRECTION('',(-1.,0.,0.));
#297 = PCURVE('',#32,#298);
#298 = DEFINITIONAL_REPRESENTATION('',(#299),#303);
#299 = LINE('',#300,#301);
#300 = CARTESIAN_POINT('',(40.75,266.424613339));
#301 = VECTOR('',#302,1.);
#302 = DIRECTION('',(-1.,0.));
#303 = ( GEOMETRIC_REPRESENTATION_CONTEXT(2) 
PARAMETRIC_REPRESENTATION_CONTEXT() REPRESENTATION_CONTEXT('2D SPACE',''
  ) );
#304 = PCURVE('',#305,#310);
#305 = PLANE('',#306);
#306 = AXIS2_PLACEMENT_3D('',#307,#308,#309);
#307 = CARTESIAN_POINT('',(-138.5,177.082437285,114.90961396394));
#308 = DIRECTION('',(0.,0.978147600734,-0.207911690818));
#309 = DIRECTION('',(0.,0.207911690818,0.978147600734));
#310 = DEFINITIONAL_REPRESENTATION('',(#311),#314);
#311 = B_SPLINE_CURVE_WITH_KNOTS('',1,(#312,#313),.UNSPECIFIED.,.F.,.F.,
  (2,2),(-317.75,-40.75),.PIECEWISE_BEZIER_KNOTS.);
#312 = CARTESIAN_POINT('',(189.2254153639,277.));
#313 = CARTESIAN_POINT('',(189.2254153639,0.));
#314 = ( GEOMETRIC_REPRESENTATION_CONTEXT(2) 
PARAMETRIC_REPRESENTATION_CONTEXT() REPRESENTATION_CONTEXT('2D SPACE',''
  ) );
#315 = ORIENTED_EDGE('',*,*,#316,.F.);
#316 = EDGE_CURVE('',#317,#290,#319,.T.);
#317 = VERTEX_POINT('',#318);
#318 = CARTESIAN_POINT('',(-138.5,212.84642125698,300.));
#319 = SURFACE_CURVE('',#320,(#324,#331),.PCURVE_S1.);
#320 = LINE('',#321,#322);
#321 = CARTESIAN_POINT('',(-138.5,61.584923441035,300.));
#322 = VECTOR('',#323,1.);
#323 = DIRECTION('',(-0.,1.,0.));
#324 = PCURVE('',#32,#325);
#325 = DEFINITIONAL_REPRESENTATION('',(#326),#330);
#326 = LINE('',#327,#328);
#327 = CARTESIAN_POINT('',(81.5,111.58492344103));
#328 = VECTOR('',#329,1.);
#329 = DIRECTION('',(0.,1.));
#330 = ( GEOMETRIC_REPRESENTATION_CONTEXT(2) 
PARAMETRIC_REPRESENTATION_CONTEXT() REPRESENTATION_CONTEXT('2D SPACE',''
  ) );
#331 = PCURVE('',#332,#337);
#332 = PLANE('',#333);
#333 = AXIS2_PLACEMENT_3D('',#334,#335,#336);
#334 = CARTESIAN_POINT('',(-138.5,173.16984688207,115.74126072721));
#335 = DIRECTION('',(1.,0.,-0.));
#336 = DIRECTION('',(0.,0.207911690818,0.978147600734));
#337 = DEFINITIONAL_REPRESENTATION('',(#338),#341);
#338 = B_SPLINE_CURVE_WITH_KNOTS('',1,(#339,#340),.UNSPECIFIED.,.F.,.F.,
  (2,2),(151.26149781594,154.83968989797),.PIECEWISE_BEZIER_KNOTS.);
#339 = CARTESIAN_POINT('',(188.48146739805,-0.5));
#340 = CARTESIAN_POINT('',(189.2254153639,-4.));
#341 = ( GEOMETRIC_REPRESENTATION_CONTEXT(2) 
PARAMETRIC_REPRESENTATION_CONTEXT() REPRESENTATION_CONTEXT('2D SPACE',''
  ) );
#342 = ORIENTED_EDGE('',*,*,#343,.T.);
#343 = EDGE_CURVE('',#317,#344,#346,.T.);
#344 = VERTEX_POINT('',#345);
#345 = CARTESIAN_POINT('',(-155.,212.84642125698,300.));
#346 = SURFACE_CURVE('',#347,(#351,#358),.PCURVE_S1.);
#347 = LINE('',#348,#349);
#348 = CARTESIAN_POINT('',(-188.5,212.84642125698,300.));
#349 = VECTOR('',#350,1.);
#350 = DIRECTION('',(-1.,0.,0.));
#351 = PCURVE('',#32,#352);
#352 = DEFINITIONAL_REPRESENTATION('',(#353),#357);
#353 = LINE('',#354,#355);
#354 = CARTESIAN_POINT('',(31.5,262.84642125698));
#355 = VECTOR('',#356,1.);
#356 = DIRECTION('',(-1.,0.));
#357 = ( GEOMETRIC_REPRESENTATION_CONTEXT(2) 
PARAMETRIC_REPRESENTATION_CONTEXT() REPRESENTATION_CONTEXT('2D SPACE',''
  ) );
#358 = PCURVE('',#359,#364);
#359 = PLANE('',#360);
#360 = AXIS2_PLACEMENT_3D('',#361,#362,#363);
#361 = CARTESIAN_POINT('',(-157.,173.65892068243,115.6373048818));
#362 = DIRECTION('',(0.,0.978147600734,-0.207911690818));
#363 = DIRECTION('',(0.,0.207911690818,0.978147600734));
#364 = DEFINITIONAL_REPRESENTATION('',(#365),#368);
#365 = B_SPLINE_CURVE_WITH_KNOTS('',1,(#366,#367),.UNSPECIFIED.,.F.,.F.,
  (2,2),(-50.,-31.5),.PIECEWISE_BEZIER_KNOTS.);
#366 = CARTESIAN_POINT('',(188.48146739805,18.5));
#367 = CARTESIAN_POINT('',(188.48146739805,-7.105427357601E-15));
#368 = ( GEOMETRIC_REPRESENTATION_CONTEXT(2) 
PARAMETRIC_REPRESENTATION_CONTEXT() REPRESENTATION_CONTEXT('2D SPACE',''
  ) );
#369 = ORIENTED_EDGE('',*,*,#370,.T.);
#370 = EDGE_CURVE('',#344,#371,#373,.T.);
#371 = VERTEX_POINT('',#372);
#372 = CARTESIAN_POINT('',(-155.,218.011312334,300.));
#373 = SURFACE_CURVE('',#374,(#378,#385),.PCURVE_S1.);
#374 = LINE('',#375,#376);
#375 = CARTESIAN_POINT('',(-155.,204.011312334,300.));
#376 = VECTOR('',#377,1.);
#377 = DIRECTION('',(-0.,1.,0.));
#378 = PCURVE('',#32,#379);
#379 = DEFINITIONAL_REPRESENTATION('',(#380),#384);
#380 = LINE('',#381,#382);
#381 = CARTESIAN_POINT('',(65.,254.011312334));
#382 = VECTOR('',#383,1.);
#383 = DIRECTION('',(0.,1.));
#384 = ( GEOMETRIC_REPRESENTATION_CONTEXT(2) 
PARAMETRIC_REPRESENTATION_CONTEXT() REPRESENTATION_CONTEXT('2D SPACE',''
  ) );
#385 = PCURVE('',#386,#391);
#386 = PLANE('',#387);
#387 = AXIS2_PLACEMENT_3D('',#388,#389,#390);
#388 = CARTESIAN_POINT('',(-155.,204.011312334,288.));
#389 = DIRECTION('',(1.,0.,-0.));
#390 = DIRECTION('',(0.,0.,1.));
#391 = DEFINITIONAL_REPRESENTATION('',(#392),#396);
#392 = LINE('',#393,#394);
#393 = CARTESIAN_POINT('',(12.,0.));
#394 = VECTOR('',#395,1.);
#395 = DIRECTION('',(0.,-1.));
#396 = ( GEOMETRIC_REPRESENTATION_CONTEXT(2) 
PARAMETRIC_REPRESENTATION_CONTEXT() REPRESENTATION_CONTEXT('2D SPACE',''
  ) );
#397 = ORIENTED_EDGE('',*,*,#398,.F.);
#398 = EDGE_CURVE('',#399,#371,#401,.T.);
#399 = VERTEX_POINT('',#400);
#400 = CARTESIAN_POINT('',(-162.,218.011312334,300.));
#401 = SURFACE_CURVE('',#402,(#406,#413),.PCURVE_S1.);
#402 = LINE('',#403,#404);
#403 = CARTESIAN_POINT('',(-169.,218.011312334,300.));
#404 = VECTOR('',#405,1.);
#405 = DIRECTION('',(1.,0.,-0.));
#406 = PCURVE('',#32,#407);
#407 = DEFINITIONAL_REPRESENTATION('',(#408),#412);
#408 = LINE('',#409,#410);
#409 = CARTESIAN_POINT('',(51.,268.011312334));
#410 = VECTOR('',#411,1.);
#411 = DIRECTION('',(1.,0.));
#412 = ( GEOMETRIC_REPRESENTATION_CONTEXT(2) 
PARAMETRIC_REPRESENTATION_CONTEXT() REPRESENTATION_CONTEXT('2D SPACE',''
  ) );
#413 = PCURVE('',#414,#419);
#414 = PLANE('',#415);
#415 = AXIS2_PLACEMENT_3D('',#416,#417,#418);
#416 = CARTESIAN_POINT('',(-169.,218.011312334,288.));
#417 = DIRECTION('',(-0.,1.,0.));
#418 = DIRECTION('',(0.,0.,1.));
#419 = DEFINITIONAL_REPRESENTATION('',(#420),#424);
#420 = LINE('',#421,#422);
#421 = CARTESIAN_POINT('',(12.,0.));
#422 = VECTOR('',#423,1.);
#423 = DIRECTION('',(0.,1.));
#424 = ( GEOMETRIC_REPRESENTATION_CONTEXT(2) 
PARAMETRIC_REPRESENTATION_CONTEXT() REPRESENTATION_CONTEXT('2D SPACE',''
  ) );
#425 = ORIENTED_EDGE('',*,*,#426,.T.);
#426 = EDGE_CURVE('',#399,#427,#429,.T.);
#427 = VERTEX_POINT('',#428);
#428 = CARTESIAN_POINT('',(-162.,268.,300.));
#429 = SURFACE_CURVE('',#430,(#434,#441),.PCURVE_S1.);
#430 = LINE('',#431,#432);
#431 = CARTESIAN_POINT('',(-162.,74.566010661909,300.));
#432 = VECTOR('',#433,1.);
#433 = DIRECTION('',(0.,1.,0.));
#434 = PCURVE('',#32,#435);
#435 = DEFINITIONAL_REPRESENTATION('',(#436),#440);
#436 = LINE('',#437,#438);
#437 = CARTESIAN_POINT('',(58.,124.5660106619));
#438 = VECTOR('',#439,1.);
#439 = DIRECTION('',(0.,1.));
#440 = ( GEOMETRIC_REPRESENTATION_CONTEXT(2) 
PARAMETRIC_REPRESENTATION_CONTEXT() REPRESENTATION_CONTEXT('2D SPACE',''
  ) );
#441 = PCURVE('',#442,#447);
#442 = PLANE('',#443);
#443 = AXIS2_PLACEMENT_3D('',#444,#445,#446);
#444 = CARTESIAN_POINT('',(-162.,199.13202132381,167.81425665813));
#445 = DIRECTION('',(1.,0.,0.));
#446 = DIRECTION('',(0.,1.,0.));
#447 = DEFINITIONAL_REPRESENTATION('',(#448),#451);
#448 = B_SPLINE_CURVE_WITH_KNOTS('',1,(#449,#450),.UNSPECIFIED.,.F.,.F.,
  (2,2),(-69.1766924527,261.50308108701),.PIECEWISE_BEZIER_KNOTS.);
#449 = CARTESIAN_POINT('',(-193.7427031146,132.18574334186));
#450 = CARTESIAN_POINT('',(136.9370704251,132.18574334186));
#451 = ( GEOMETRIC_REPRESENTATION_CONTEXT(2) 
PARAMETRIC_REPRESENTATION_CONTEXT() REPRESENTATION_CONTEXT('2D SPACE',''
  ) );
#452 = ORIENTED_EDGE('',*,*,#453,.T.);
#453 = EDGE_CURVE('',#427,#454,#456,.T.);
#454 = VERTEX_POINT('',#455);
#455 = CARTESIAN_POINT('',(-153.5,268.,300.));
#456 = SURFACE_CURVE('',#457,(#461,#468),.PCURVE_S1.);
#457 = LINE('',#458,#459);
#458 = CARTESIAN_POINT('',(-167.5,268.,300.));
#459 = VECTOR('',#460,1.);
#460 = DIRECTION('',(1.,0.,-0.));
#461 = PCURVE('',#32,#462);
#462 = DEFINITIONAL_REPRESENTATION('',(#463),#467);
#463 = LINE('',#464,#465);
#464 = CARTESIAN_POINT('',(52.5,318.));
#465 = VECTOR('',#466,1.);
#466 = DIRECTION('',(1.,0.));
#467 = ( GEOMETRIC_REPRESENTATION_CONTEXT(2) 
PARAMETRIC_REPRESENTATION_CONTEXT() REPRESENTATION_CONTEXT('2D SPACE',''
  ) );
#468 = PCURVE('',#469,#474);
#469 = PLANE('',#470);
#470 = AXIS2_PLACEMENT_3D('',#471,#472,#473);
#471 = CARTESIAN_POINT('',(-167.5,268.,288.));
#472 = DIRECTION('',(-0.,1.,0.));
#473 = DIRECTION('',(0.,0.,1.));
#474 = DEFINITIONAL_REPRESENTATION('',(#475),#479);
#475 = LINE('',#476,#477);
#476 = CARTESIAN_POINT('',(12.,0.));
#477 = VECTOR('',#478,1.);
#478 = DIRECTION('',(0.,1.));
#479 = ( GEOMETRIC_REPRESENTATION_CONTEXT(2) 
PARAMETRIC_REPRESENTATION_CONTEXT() REPRESENTATION_CONTEXT('2D SPACE',''
  ) );
#480 = ORIENTED_EDGE('',*,*,#481,.T.);
#481 = EDGE_CURVE('',#454,#482,#484,.T.);
#482 = VERTEX_POINT('',#483);
#483 = CARTESIAN_POINT('',(-153.5,282.,300.));
#484 = SURFACE_CURVE('',#485,(#489,#496),.PCURVE_S1.);
#485 = LINE('',#486,#487);
#486 = CARTESIAN_POINT('',(-153.5,268.,300.));
#487 = VECTOR('',#488,1.);
#488 = DIRECTION('',(-0.,1.,0.));
#489 = PCURVE('',#32,#490);
#490 = DEFINITIONAL_REPRESENTATION('',(#491),#495);
#491 = LINE('',#492,#493);
#492 = CARTESIAN_POINT('',(66.5,318.));
#493 = VECTOR('',#494,1.);
#494 = DIRECTION('',(0.,1.));
#495 = ( GEOMETRIC_REPRESENTATION_CONTEXT(2) 
PARAMETRIC_REPRESENTATION_CONTEXT() REPRESENTATION_CONTEXT('2D SPACE',''
  ) );
#496 = PCURVE('',#497,#502);
#497 = PLANE('',#498);
#498 = AXIS2_PLACEMENT_3D('',#499,#500,#501);
#499 = CARTESIAN_POINT('',(-153.5,268.,288.));
#500 = DIRECTION('',(1.,0.,-0.));
#501 = DIRECTION('',(0.,0.,1.));
#502 = DEFINITIONAL_REPRESENTATION('',(#503),#507);
#503 = LINE('',#504,#505);
#504 = CARTESIAN_POINT('',(12.,0.));
#505 = VECTOR('',#506,1.);
#506 = DIRECTION('',(0.,-1.));
#507 = ( GEOMETRIC_REPRESENTATION_CONTEXT(2) 
PARAMETRIC_REPRESENTATION_CONTEXT() REPRESENTATION_CONTEXT('2D SPACE',''
  ) );
#508 = ORIENTED_EDGE('',*,*,#509,.F.);
#509 = EDGE_CURVE('',#510,#482,#512,.T.);
#510 = VERTEX_POINT('',#511);
#511 = CARTESIAN_POINT('',(-162.,282.,300.));
#512 = SURFACE_CURVE('',#513,(#517,#524),.PCURVE_S1.);
#513 = LINE('',#514,#515);
#514 = CARTESIAN_POINT('',(-167.5,282.,300.));
#515 = VECTOR('',#516,1.);
#516 = DIRECTION('',(1.,0.,-0.));
#517 = PCURVE('',#32,#518);
#518 = DEFINITIONAL_REPRESENTATION('',(#519),#523);
#519 = LINE('',#520,#521);
#520 = CARTESIAN_POINT('',(52.5,332.));
#521 = VECTOR('',#522,1.);
#522 = DIRECTION('',(1.,0.));
#523 = ( GEOMETRIC_REPRESENTATION_CONTEXT(2) 
PARAMETRIC_REPRESENTATION_CONTEXT() REPRESENTATION_CONTEXT('2D SPACE',''
  ) );
#524 = PCURVE('',#525,#530);
#525 = PLANE('',#526);
#526 = AXIS2_PLACEMENT_3D('',#527,#528,#529);
#527 = CARTESIAN_POINT('',(-167.5,282.,288.));
#528 = DIRECTION('',(-0.,1.,0.));
#529 = DIRECTION('',(0.,0.,1.));
#530 = DEFINITIONAL_REPRESENTATION('',(#531),#535);
#531 = LINE('',#532,#533);
#532 = CARTESIAN_POINT('',(12.,0.));
#533 = VECTOR('',#534,1.);
#534 = DIRECTION('',(0.,1.));
#535 = ( GEOMETRIC_REPRESENTATION_CONTEXT(2) 
PARAMETRIC_REPRESENTATION_CONTEXT() REPRESENTATION_CONTEXT('2D SPACE',''
  ) );
#536 = ORIENTED_EDGE('',*,*,#537,.T.);
#537 = EDGE_CURVE('',#510,#538,#540,.T.);
#538 = VERTEX_POINT('',#539);
#539 = CARTESIAN_POINT('',(-162.,295.71965806447,300.));
#540 = SURFACE_CURVE('',#541,(#545,#552),.PCURVE_S1.);
#541 = LINE('',#542,#543);
#542 = CARTESIAN_POINT('',(-162.,74.566010661909,300.));
#543 = VECTOR('',#544,1.);
#544 = DIRECTION('',(0.,1.,0.));
#545 = PCURVE('',#32,#546);
#546 = DEFINITIONAL_REPRESENTATION('',(#547),#551);
#547 = LINE('',#548,#549);
#548 = CARTESIAN_POINT('',(58.,124.5660106619));
#549 = VECTOR('',#550,1.);
#550 = DIRECTION('',(0.,1.));
#551 = ( GEOMETRIC_REPRESENTATION_CONTEXT(2) 
PARAMETRIC_REPRESENTATION_CONTEXT() REPRESENTATION_CONTEXT('2D SPACE',''
  ) );
#552 = PCURVE('',#442,#553);
#553 = DEFINITIONAL_REPRESENTATION('',(#554),#557);
#554 = B_SPLINE_CURVE_WITH_KNOTS('',1,(#555,#556),.UNSPECIFIED.,.F.,.F.,
  (2,2),(-69.1766924527,261.50308108701),.PIECEWISE_BEZIER_KNOTS.);
#555 = CARTESIAN_POINT('',(-193.7427031146,132.18574334186));
#556 = CARTESIAN_POINT('',(136.9370704251,132.18574334186));
#557 = ( GEOMETRIC_REPRESENTATION_CONTEXT(2) 
PARAMETRIC_REPRESENTATION_CONTEXT() REPRESENTATION_CONTEXT('2D SPACE',''
  ) );
#558 = ORIENTED_EDGE('',*,*,#559,.F.);
#559 = EDGE_CURVE('',#560,#538,#562,.T.);
#560 = VERTEX_POINT('',#561);
#561 = CARTESIAN_POINT('',(-158.,296.67835003591,300.));
#562 = SURFACE_CURVE('',#563,(#568,#575),.PCURVE_S1.);
#563 = ELLIPSE('',#564,9.201065353785,9.);
#564 = AXIS2_PLACEMENT_3D('',#565,#566,#567);
#565 = CARTESIAN_POINT('',(-158.,287.47728468212,300.));
#566 = DIRECTION('',(0.,0.,1.));
#567 = DIRECTION('',(0.,1.,-0.));
#568 = PCURVE('',#32,#569);
#569 = DEFINITIONAL_REPRESENTATION('',(#570),#574);
#570 = ELLIPSE('',#571,9.201065353785,9.);
#571 = AXIS2_PLACEMENT_2D('',#572,#573);
#572 = CARTESIAN_POINT('',(62.,337.47728468212));
#573 = DIRECTION('',(0.,1.));
#574 = ( GEOMETRIC_REPRESENTATION_CONTEXT(2) 
PARAMETRIC_REPRESENTATION_CONTEXT() REPRESENTATION_CONTEXT('2D SPACE',''
  ) );
#575 = PCURVE('',#576,#581);
#576 = CYLINDRICAL_SURFACE('',#577,9.);
#577 = AXIS2_PLACEMENT_3D('',#578,#579,#580);
#578 = CARTESIAN_POINT('',(-158.,258.9248031427,165.67113564932));
#579 = DIRECTION('',(0.,0.207911690818,0.978147600734));
#580 = DIRECTION('',(-1.,0.,0.));
#581 = DEFINITIONAL_REPRESENTATION('',(#582),#589);
#582 = B_SPLINE_CURVE_WITH_KNOTS('',5,(#583,#584,#585,#586,#587,#588),
  .UNSPECIFIED.,.F.,.F.,(6,6),(0.,0.460553991681),
  .PIECEWISE_BEZIER_KNOTS.);
#583 = CARTESIAN_POINT('',(-1.570796326795,139.24286014284));
#584 = CARTESIAN_POINT('',(-1.478685528459,139.24286014284));
#585 = CARTESIAN_POINT('',(-1.386574730122,139.22257226938));
#586 = CARTESIAN_POINT('',(-1.294463931786,139.18199295349));
#587 = CARTESIAN_POINT('',(-1.20235313345,139.12185189243));
#588 = CARTESIAN_POINT('',(-1.110242335114,139.04353687408));
#589 = ( GEOMETRIC_REPRESENTATION_CONTEXT(2) 
PARAMETRIC_REPRESENTATION_CONTEXT() REPRESENTATION_CONTEXT('2D SPACE',''
  ) );
#590 = ORIENTED_EDGE('',*,*,#591,.F.);
#591 = EDGE_CURVE('',#592,#560,#594,.T.);
#592 = VERTEX_POINT('',#593);
#593 = CARTESIAN_POINT('',(-152.,296.67835003591,300.));
#594 = SURFACE_CURVE('',#595,(#599,#606),.PCURVE_S1.);
#595 = LINE('',#596,#597);
#596 = CARTESIAN_POINT('',(-110.,296.67835003591,300.));
#597 = VECTOR('',#598,1.);
#598 = DIRECTION('',(-1.,0.,0.));
#599 = PCURVE('',#32,#600);
#600 = DEFINITIONAL_REPRESENTATION('',(#601),#605);
#601 = LINE('',#602,#603);
#602 = CARTESIAN_POINT('',(110.,346.67835003591));
#603 = VECTOR('',#604,1.);
#604 = DIRECTION('',(-1.,0.));
#605 = ( GEOMETRIC_REPRESENTATION_CONTEXT(2) 
PARAMETRIC_REPRESENTATION_CONTEXT() REPRESENTATION_CONTEXT('2D SPACE',''
  ) );
#606 = PCURVE('',#607,#612);
#607 = PLANE('',#608);
#608 = AXIS2_PLACEMENT_3D('',#609,#610,#611);
#609 = CARTESIAN_POINT('',(0.,267.72813154931,163.79993043196));
#610 = DIRECTION('',(0.,0.978147600734,-0.207911690818));
#611 = DIRECTION('',(0.,0.207911690818,0.978147600734));
#612 = DEFINITIONAL_REPRESENTATION('',(#613),#616);
#613 = B_SPLINE_CURVE_WITH_KNOTS('',1,(#614,#615),.UNSPECIFIED.,.F.,.F.,
  (2,2),(-268.,48.),.PIECEWISE_BEZIER_KNOTS.);
#614 = CARTESIAN_POINT('',(139.24286014284,158.));
#615 = CARTESIAN_POINT('',(139.24286014284,-158.));
#616 = ( GEOMETRIC_REPRESENTATION_CONTEXT(2) 
PARAMETRIC_REPRESENTATION_CONTEXT() REPRESENTATION_CONTEXT('2D SPACE',''
  ) );
#617 = ORIENTED_EDGE('',*,*,#618,.F.);
#618 = EDGE_CURVE('',#619,#592,#621,.T.);
#619 = VERTEX_POINT('',#620);
#620 = CARTESIAN_POINT('',(-152.,283.2453718205,300.));
#621 = SURFACE_CURVE('',#622,(#626,#633),.PCURVE_S1.);
#622 = LINE('',#623,#624);
#623 = CARTESIAN_POINT('',(-152.,283.2453718205,300.));
#624 = VECTOR('',#625,1.);
#625 = DIRECTION('',(-0.,1.,0.));
#626 = PCURVE('',#32,#627);
#627 = DEFINITIONAL_REPRESENTATION('',(#628),#632);
#628 = LINE('',#629,#630);
#629 = CARTESIAN_POINT('',(68.,333.2453718205));
#630 = VECTOR('',#631,1.);
#631 = DIRECTION('',(0.,1.));
#632 = ( GEOMETRIC_REPRESENTATION_CONTEXT(2) 
PARAMETRIC_REPRESENTATION_CONTEXT() REPRESENTATION_CONTEXT('2D SPACE',''
  ) );
#633 = PCURVE('',#634,#639);
#634 = PLANE('',#635);
#635 = AXIS2_PLACEMENT_3D('',#636,#637,#638);
#636 = CARTESIAN_POINT('',(-152.,283.2453718205,288.));
#637 = DIRECTION('',(1.,0.,-0.));
#638 = DIRECTION('',(0.,0.,1.));
#639 = DEFINITIONAL_REPRESENTATION('',(#640),#644);
#640 = LINE('',#641,#642);
#641 = CARTESIAN_POINT('',(12.,0.));
#642 = VECTOR('',#643,1.);
#643 = DIRECTION('',(0.,-1.));
#644 = ( GEOMETRIC_REPRESENTATION_CONTEXT(2) 
PARAMETRIC_REPRESENTATION_CONTEXT() REPRESENTATION_CONTEXT('2D SPACE',''
  ) );
#645 = ORIENTED_EDGE('',*,*,#646,.T.);
#646 = EDGE_CURVE('',#619,#647,#649,.T.);
#647 = VERTEX_POINT('',#648);
#648 = CARTESIAN_POINT('',(-138.,283.2453718205,300.));
#649 = SURFACE_CURVE('',#650,(#654,#661),.PCURVE_S1.);
#650 = LINE('',#651,#652);
#651 = CARTESIAN_POINT('',(-152.,283.2453718205,300.));
#652 = VECTOR('',#653,1.);
#653 = DIRECTION('',(1.,0.,-0.));
#654 = PCURVE('',#32,#655);
#655 = DEFINITIONAL_REPRESENTATION('',(#656),#660);
#656 = LINE('',#657,#658);
#657 = CARTESIAN_POINT('',(68.,333.2453718205));
#658 = VECTOR('',#659,1.);
#659 = DIRECTION('',(1.,0.));
#660 = ( GEOMETRIC_REPRESENTATION_CONTEXT(2) 
PARAMETRIC_REPRESENTATION_CONTEXT() REPRESENTATION_CONTEXT('2D SPACE',''
  ) );
#661 = PCURVE('',#662,#667);
#662 = PLANE('',#663);
#663 = AXIS2_PLACEMENT_3D('',#664,#665,#666);
#664 = CARTESIAN_POINT('',(-152.,283.2453718205,288.));
#665 = DIRECTION('',(-0.,1.,0.));
#666 = DIRECTION('',(0.,0.,1.));
#667 = DEFINITIONAL_REPRESENTATION('',(#668),#672);
#668 = LINE('',#669,#670);
#669 = CARTESIAN_POINT('',(12.,0.));
#670 = VECTOR('',#671,1.);
#671 = DIRECTION('',(0.,1.));
#672 = ( GEOMETRIC_REPRESENTATION_CONTEXT(2) 
PARAMETRIC_REPRESENTATION_CONTEXT() REPRESENTATION_CONTEXT('2D SPACE',''
  ) );
#673 = ORIENTED_EDGE('',*,*,#674,.T.);
#674 = EDGE_CURVE('',#647,#675,#677,.T.);
#675 = VERTEX_POINT('',#676);
#676 = CARTESIAN_POINT('',(-138.,296.67835003591,300.));
#677 = SURFACE_CURVE('',#678,(#682,#689),.PCURVE_S1.);
#678 = LINE('',#679,#680);
#679 = CARTESIAN_POINT('',(-138.,283.2453718205,300.));
#680 = VECTOR('',#681,1.);
#681 = DIRECTION('',(-0.,1.,0.));
#682 = PCURVE('',#32,#683);
#683 = DEFINITIONAL_REPRESENTATION('',(#684),#688);
#684 = LINE('',#685,#686);
#685 = CARTESIAN_POINT('',(82.,333.2453718205));
#686 = VECTOR('',#687,1.);
#687 = DIRECTION('',(0.,1.));
#688 = ( GEOMETRIC_REPRESENTATION_CONTEXT(2) 
PARAMETRIC_REPRESENTATION_CONTEXT() REPRESENTATION_CONTEXT('2D SPACE',''
  ) );
#689 = PCURVE('',#690,#695);
#690 = PLANE('',#691);
#691 = AXIS2_PLACEMENT_3D('',#692,#693,#694);
#692 = CARTESIAN_POINT('',(-138.,283.2453718205,288.));
#693 = DIRECTION('',(1.,0.,-0.));
#694 = DIRECTION('',(0.,0.,1.));
#695 = DEFINITIONAL_REPRESENTATION('',(#696),#700);
#696 = LINE('',#697,#698);
#697 = CARTESIAN_POINT('',(12.,0.));
#698 = VECTOR('',#699,1.);
#699 = DIRECTION('',(0.,-1.));
#700 = ( GEOMETRIC_REPRESENTATION_CONTEXT(2) 
PARAMETRIC_REPRESENTATION_CONTEXT() REPRESENTATION_CONTEXT('2D SPACE',''
  ) );
#701 = ORIENTED_EDGE('',*,*,#702,.F.);
#702 = EDGE_CURVE('',#703,#675,#705,.T.);
#703 = VERTEX_POINT('',#704);
#704 = CARTESIAN_POINT('',(138.,296.67835003591,300.));
#705 = SURFACE_CURVE('',#706,(#710,#717),.PCURVE_S1.);
#706 = LINE('',#707,#708);
#707 = CARTESIAN_POINT('',(-110.,296.67835003591,300.));
#708 = VECTOR('',#709,1.);
#709 = DIRECTION('',(-1.,0.,0.));
#710 = PCURVE('',#32,#711);
#711 = DEFINITIONAL_REPRESENTATION('',(#712),#716);
#712 = LINE('',#713,#714);
#713 = CARTESIAN_POINT('',(110.,346.67835003591));
#714 = VECTOR('',#715,1.);
#715 = DIRECTION('',(-1.,0.));
#716 = ( GEOMETRIC_REPRESENTATION_CONTEXT(2) 
PARAMETRIC_REPRESENTATION_CONTEXT() REPRESENTATION_CONTEXT('2D SPACE',''
  ) );
#717 = PCURVE('',#607,#718);
#718 = DEFINITIONAL_REPRESENTATION('',(#719),#722);
#719 = B_SPLINE_CURVE_WITH_KNOTS('',1,(#720,#721),.UNSPECIFIED.,.F.,.F.,
  (2,2),(-268.,48.),.PIECEWISE_BEZIER_KNOTS.);
#720 = CARTESIAN_POINT('',(139.24286014284,158.));
#721 = CARTESIAN_POINT('',(139.24286014284,-158.));
#722 = ( GEOMETRIC_REPRESENTATION_CONTEXT(2) 
PARAMETRIC_REPRESENTATION_CONTEXT() REPRESENTATION_CONTEXT('2D SPACE',''
  ) );
#723 = ORIENTED_EDGE('',*,*,#724,.F.);
#724 = EDGE_CURVE('',#725,#703,#727,.T.);
#725 = VERTEX_POINT('',#726);
#726 = CARTESIAN_POINT('',(138.,283.2453718205,300.));
#727 = SURFACE_CURVE('',#728,(#732,#739),.PCURVE_S1.);
#728 = LINE('',#729,#730);
#729 = CARTESIAN_POINT('',(138.,283.2453718205,300.));
#730 = VECTOR('',#731,1.);
#731 = DIRECTION('',(-0.,1.,0.));
#732 = PCURVE('',#32,#733);
#733 = DEFINITIONAL_REPRESENTATION('',(#734),#738);
#734 = LINE('',#735,#736);
#735 = CARTESIAN_POINT('',(358.,333.2453718205));
#736 = VECTOR('',#737,1.);
#737 = DIRECTION('',(0.,1.));
#738 = ( GEOMETRIC_REPRESENTATION_CONTEXT(2) 
PARAMETRIC_REPRESENTATION_CONTEXT() REPRESENTATION_CONTEXT('2D SPACE',''
  ) );
#739 = PCURVE('',#740,#745);
#740 = PLANE('',#741);
#741 = AXIS2_PLACEMENT_3D('',#742,#743,#744);
#742 = CARTESIAN_POINT('',(138.,283.2453718205,288.));
#743 = DIRECTION('',(1.,0.,-0.));
#744 = DIRECTION('',(0.,0.,1.));
#745 = DEFINITIONAL_REPRESENTATION('',(#746),#750);
#746 = LINE('',#747,#748);
#747 = CARTESIAN_POINT('',(12.,0.));
#748 = VECTOR('',#749,1.);
#749 = DIRECTION('',(0.,-1.));
#750 = ( GEOMETRIC_REPRESENTATION_CONTEXT(2) 
PARAMETRIC_REPRESENTATION_CONTEXT() REPRESENTATION_CONTEXT('2D SPACE',''
  ) );
#751 = ORIENTED_EDGE('',*,*,#752,.T.);
#752 = EDGE_CURVE('',#725,#753,#755,.T.);
#753 = VERTEX_POINT('',#754);
#754 = CARTESIAN_POINT('',(152.,283.2453718205,300.));
#755 = SURFACE_CURVE('',#756,(#760,#767),.PCURVE_S1.);
#756 = LINE('',#757,#758);
#757 = CARTESIAN_POINT('',(138.,283.2453718205,300.));
#758 = VECTOR('',#759,1.);
#759 = DIRECTION('',(1.,0.,-0.));
#760 = PCURVE('',#32,#761);
#761 = DEFINITIONAL_REPRESENTATION('',(#762),#766);
#762 = LINE('',#763,#764);
#763 = CARTESIAN_POINT('',(358.,333.2453718205));
#764 = VECTOR('',#765,1.);
#765 = DIRECTION('',(1.,0.));
#766 = ( GEOMETRIC_REPRESENTATION_CONTEXT(2) 
PARAMETRIC_REPRESENTATION_CONTEXT() REPRESENTATION_CONTEXT('2D SPACE',''
  ) );
#767 = PCURVE('',#768,#773);
#768 = PLANE('',#769);
#769 = AXIS2_PLACEMENT_3D('',#770,#771,#772);
#770 = CARTESIAN_POINT('',(138.,283.2453718205,288.));
#771 = DIRECTION('',(-0.,1.,0.));
#772 = DIRECTION('',(0.,0.,1.));
#773 = DEFINITIONAL_REPRESENTATION('',(#774),#778);
#774 = LINE('',#775,#776);
#775 = CARTESIAN_POINT('',(12.,0.));
#776 = VECTOR('',#777,1.);
#777 = DIRECTION('',(0.,1.));
#778 = ( GEOMETRIC_REPRESENTATION_CONTEXT(2) 
PARAMETRIC_REPRESENTATION_CONTEXT() REPRESENTATION_CONTEXT('2D SPACE',''
  ) );
#779 = ORIENTED_EDGE('',*,*,#780,.T.);
#780 = EDGE_CURVE('',#753,#781,#783,.T.);
#781 = VERTEX_POINT('',#782);
#782 = CARTESIAN_POINT('',(152.,296.67835003591,300.));
#783 = SURFACE_CURVE('',#784,(#788,#795),.PCURVE_S1.);
#784 = LINE('',#785,#786);
#785 = CARTESIAN_POINT('',(152.,283.2453718205,300.));
#786 = VECTOR('',#787,1.);
#787 = DIRECTION('',(-0.,1.,0.));
#788 = PCURVE('',#32,#789);
#789 = DEFINITIONAL_REPRESENTATION('',(#790),#794);
#790 = LINE('',#791,#792);
#791 = CARTESIAN_POINT('',(372.,333.2453718205));
#792 = VECTOR('',#793,1.);
#793 = DIRECTION('',(0.,1.));
#794 = ( GEOMETRIC_REPRESENTATION_CONTEXT(2) 
PARAMETRIC_REPRESENTATION_CONTEXT() REPRESENTATION_CONTEXT('2D SPACE',''
  ) );
#795 = PCURVE('',#796,#801);
#796 = PLANE('',#797);
#797 = AXIS2_PLACEMENT_3D('',#798,#799,#800);
#798 = CARTESIAN_POINT('',(152.,283.2453718205,288.));
#799 = DIRECTION('',(1.,0.,-0.));
#800 = DIRECTION('',(0.,0.,1.));
#801 = DEFINITIONAL_REPRESENTATION('',(#802),#806);
#802 = LINE('',#803,#804);
#803 = CARTESIAN_POINT('',(12.,0.));
#804 = VECTOR('',#805,1.);
#805 = DIRECTION('',(0.,-1.));
#806 = ( GEOMETRIC_REPRESENTATION_CONTEXT(2) 
PARAMETRIC_REPRESENTATION_CONTEXT() REPRESENTATION_CONTEXT('2D SPACE',''
  ) );
#807 = ORIENTED_EDGE('',*,*,#808,.F.);
#808 = EDGE_CURVE('',#809,#781,#811,.T.);
#809 = VERTEX_POINT('',#810);
#810 = CARTESIAN_POINT('',(158.,296.67835003591,300.));
#811 = SURFACE_CURVE('',#812,(#816,#823),.PCURVE_S1.);
#812 = LINE('',#813,#814);
#813 = CARTESIAN_POINT('',(-110.,296.67835003591,300.));
#814 = VECTOR('',#815,1.);
#815 = DIRECTION('',(-1.,0.,0.));
#816 = PCURVE('',#32,#817);
#817 = DEFINITIONAL_REPRESENTATION('',(#818),#822);
#818 = LINE('',#819,#820);
#819 = CARTESIAN_POINT('',(110.,346.67835003591));
#820 = VECTOR('',#821,1.);
#821 = DIRECTION('',(-1.,0.));
#822 = ( GEOMETRIC_REPRESENTATION_CONTEXT(2) 
PARAMETRIC_REPRESENTATION_CONTEXT() REPRESENTATION_CONTEXT('2D SPACE',''
  ) );
#823 = PCURVE('',#607,#824);
#824 = DEFINITIONAL_REPRESENTATION('',(#825),#828);
#825 = B_SPLINE_CURVE_WITH_KNOTS('',1,(#826,#827),.UNSPECIFIED.,.F.,.F.,
  (2,2),(-268.,48.),.PIECEWISE_BEZIER_KNOTS.);
#826 = CARTESIAN_POINT('',(139.24286014284,158.));
#827 = CARTESIAN_POINT('',(139.24286014284,-158.));
#828 = ( GEOMETRIC_REPRESENTATION_CONTEXT(2) 
PARAMETRIC_REPRESENTATION_CONTEXT() REPRESENTATION_CONTEXT('2D SPACE',''
  ) );
#829 = ORIENTED_EDGE('',*,*,#830,.F.);
#830 = EDGE_CURVE('',#831,#809,#833,.T.);
#831 = VERTEX_POINT('',#832);
#832 = CARTESIAN_POINT('',(162.,295.71965806447,300.));
#833 = SURFACE_CURVE('',#834,(#839,#846),.PCURVE_S1.);
#834 = ELLIPSE('',#835,9.201065353785,9.);
#835 = AXIS2_PLACEMENT_3D('',#836,#837,#838);
#836 = CARTESIAN_POINT('',(158.,287.47728468212,300.));
#837 = DIRECTION('',(0.,0.,1.));
#838 = DIRECTION('',(0.,1.,-0.));
#839 = PCURVE('',#32,#840);
#840 = DEFINITIONAL_REPRESENTATION('',(#841),#845);
#841 = ELLIPSE('',#842,9.201065353785,9.);
#842 = AXIS2_PLACEMENT_2D('',#843,#844);
#843 = CARTESIAN_POINT('',(378.,337.47728468212));
#844 = DIRECTION('',(0.,1.));
#845 = ( GEOMETRIC_REPRESENTATION_CONTEXT(2) 
PARAMETRIC_REPRESENTATION_CONTEXT() REPRESENTATION_CONTEXT('2D SPACE',''
  ) );
#846 = PCURVE('',#847,#852);
#847 = CYLINDRICAL_SURFACE('',#848,9.);
#848 = AXIS2_PLACEMENT_3D('',#849,#850,#851);
#849 = CARTESIAN_POINT('',(158.,258.9248031427,165.67113564932));
#850 = DIRECTION('',(0.,0.207911690818,0.978147600734));
#851 = DIRECTION('',(0.,0.978147600734,-0.207911690818));
#852 = DEFINITIONAL_REPRESENTATION('',(#853),#860);
#853 = B_SPLINE_CURVE_WITH_KNOTS('',5,(#854,#855,#856,#857,#858,#859),
  .UNSPECIFIED.,.F.,.F.,(6,6),(5.822631315498,6.28318530718),
  .PIECEWISE_BEZIER_KNOTS.);
#854 = CARTESIAN_POINT('',(-0.460553991681,139.04353687408));
#855 = CARTESIAN_POINT('',(-0.368443193345,139.12185189243));
#856 = CARTESIAN_POINT('',(-0.276332395009,139.18199295349));
#857 = CARTESIAN_POINT('',(-0.184221596673,139.22257226938));
#858 = CARTESIAN_POINT('',(-9.211079833626E-02,139.24286014284));
#859 = CARTESIAN_POINT('',(0.,139.24286014284));
#860 = ( GEOMETRIC_REPRESENTATION_CONTEXT(2) 
PARAMETRIC_REPRESENTATION_CONTEXT() REPRESENTATION_CONTEXT('2D SPACE',''
  ) );
#861 = ORIENTED_EDGE('',*,*,#862,.F.);
#862 = EDGE_CURVE('',#863,#831,#865,.T.);
#863 = VERTEX_POINT('',#864);
#864 = CARTESIAN_POINT('',(162.,282.,300.));
#865 = SURFACE_CURVE('',#866,(#870,#877),.PCURVE_S1.);
#866 = LINE('',#867,#868);
#867 = CARTESIAN_POINT('',(162.,74.566010661909,300.));
#868 = VECTOR('',#869,1.);
#869 = DIRECTION('',(0.,1.,0.));
#870 = PCURVE('',#32,#871);
#871 = DEFINITIONAL_REPRESENTATION('',(#872),#876);
#872 = LINE('',#873,#874);
#873 = CARTESIAN_POINT('',(382.,124.5660106619));
#874 = VECTOR('',#875,1.);
#875 = DIRECTION('',(0.,1.));
#876 = ( GEOMETRIC_REPRESENTATION_CONTEXT(2) 
PARAMETRIC_REPRESENTATION_CONTEXT() REPRESENTATION_CONTEXT('2D SPACE',''
  ) );
#877 = PCURVE('',#878,#883);
#878 = PLANE('',#879);
#879 = AXIS2_PLACEMENT_3D('',#880,#881,#882);
#880 = CARTESIAN_POINT('',(162.,199.13202132381,167.81425665813));
#881 = DIRECTION('',(1.,0.,0.));
#882 = DIRECTION('',(0.,1.,0.));
#883 = DEFINITIONAL_REPRESENTATION('',(#884),#887);
#884 = B_SPLINE_CURVE_WITH_KNOTS('',1,(#885,#886),.UNSPECIFIED.,.F.,.F.,
  (2,2),(-69.17634586862,261.50308108701),.PIECEWISE_BEZIER_KNOTS.);
#885 = CARTESIAN_POINT('',(-193.7423565305,132.18574334186));
#886 = CARTESIAN_POINT('',(136.9370704251,132.18574334186));
#887 = ( GEOMETRIC_REPRESENTATION_CONTEXT(2) 
PARAMETRIC_REPRESENTATION_CONTEXT() REPRESENTATION_CONTEXT('2D SPACE',''
  ) );
#888 = ORIENTED_EDGE('',*,*,#889,.F.);
#889 = EDGE_CURVE('',#890,#863,#892,.T.);
#890 = VERTEX_POINT('',#891);
#891 = CARTESIAN_POINT('',(153.5,282.,300.));
#892 = SURFACE_CURVE('',#893,(#897,#904),.PCURVE_S1.);
#893 = LINE('',#894,#895);
#894 = CARTESIAN_POINT('',(153.5,282.,300.));
#895 = VECTOR('',#896,1.);
#896 = DIRECTION('',(1.,0.,-0.));
#897 = PCURVE('',#32,#898);
#898 = DEFINITIONAL_REPRESENTATION('',(#899),#903);
#899 = LINE('',#900,#901);
#900 = CARTESIAN_POINT('',(373.5,332.));
#901 = VECTOR('',#902,1.);
#902 = DIRECTION('',(1.,0.));
#903 = ( GEOMETRIC_REPRESENTATION_CONTEXT(2) 
PARAMETRIC_REPRESENTATION_CONTEXT() REPRESENTATION_CONTEXT('2D SPACE',''
  ) );
#904 = PCURVE('',#905,#910);
#905 = PLANE('',#906);
#906 = AXIS2_PLACEMENT_3D('',#907,#908,#909);
#907 = CARTESIAN_POINT('',(153.5,282.,288.));
#908 = DIRECTION('',(-0.,1.,0.));
#909 = DIRECTION('',(0.,0.,1.));
#910 = DEFINITIONAL_REPRESENTATION('',(#911),#915);
#911 = LINE('',#912,#913);
#912 = CARTESIAN_POINT('',(12.,0.));
#913 = VECTOR('',#914,1.);
#914 = DIRECTION('',(0.,1.));
#915 = ( GEOMETRIC_REPRESENTATION_CONTEXT(2) 
PARAMETRIC_REPRESENTATION_CONTEXT() REPRESENTATION_CONTEXT('2D SPACE',''
  ) );
#916 = ORIENTED_EDGE('',*,*,#917,.F.);
#917 = EDGE_CURVE('',#918,#890,#920,.T.);
#918 = VERTEX_POINT('',#919);
#919 = CARTESIAN_POINT('',(153.5,268.,300.));
#920 = SURFACE_CURVE('',#921,(#925,#932),.PCURVE_S1.);
#921 = LINE('',#922,#923);
#922 = CARTESIAN_POINT('',(153.5,268.,300.));
#923 = VECTOR('',#924,1.);
#924 = DIRECTION('',(-0.,1.,0.));
#925 = PCURVE('',#32,#926);
#926 = DEFINITIONAL_REPRESENTATION('',(#927),#931);
#927 = LINE('',#928,#929);
#928 = CARTESIAN_POINT('',(373.5,318.));
#929 = VECTOR('',#930,1.);
#930 = DIRECTION('',(0.,1.));
#931 = ( GEOMETRIC_REPRESENTATION_CONTEXT(2) 
PARAMETRIC_REPRESENTATION_CONTEXT() REPRESENTATION_CONTEXT('2D SPACE',''
  ) );
#932 = PCURVE('',#933,#938);
#933 = PLANE('',#934);
#934 = AXIS2_PLACEMENT_3D('',#935,#936,#937);
#935 = CARTESIAN_POINT('',(153.5,268.,288.));
#936 = DIRECTION('',(1.,0.,-0.));
#937 = DIRECTION('',(0.,0.,1.));
#938 = DEFINITIONAL_REPRESENTATION('',(#939),#943);
#939 = LINE('',#940,#941);
#940 = CARTESIAN_POINT('',(12.,0.));
#941 = VECTOR('',#942,1.);
#942 = DIRECTION('',(0.,-1.));
#943 = ( GEOMETRIC_REPRESENTATION_CONTEXT(2) 
PARAMETRIC_REPRESENTATION_CONTEXT() REPRESENTATION_CONTEXT('2D SPACE',''
  ) );
#944 = ORIENTED_EDGE('',*,*,#945,.T.);
#945 = EDGE_CURVE('',#918,#946,#948,.T.);
#946 = VERTEX_POINT('',#947);
#947 = CARTESIAN_POINT('',(162.,268.,300.));
#948 = SURFACE_CURVE('',#949,(#953,#960),.PCURVE_S1.);
#949 = LINE('',#950,#951);
#950 = CARTESIAN_POINT('',(153.5,268.,300.));
#951 = VECTOR('',#952,1.);
#952 = DIRECTION('',(1.,0.,-0.));
#953 = PCURVE('',#32,#954);
#954 = DEFINITIONAL_REPRESENTATION('',(#955),#959);
#955 = LINE('',#956,#957);
#956 = CARTESIAN_POINT('',(373.5,318.));
#957 = VECTOR('',#958,1.);
#958 = DIRECTION('',(1.,0.));
#959 = ( GEOMETRIC_REPRESENTATION_CONTEXT(2) 
PARAMETRIC_REPRESENTATION_CONTEXT() REPRESENTATION_CONTEXT('2D SPACE',''
  ) );
#960 = PCURVE('',#961,#966);
#961 = PLANE('',#962);
#962 = AXIS2_PLACEMENT_3D('',#963,#964,#965);
#963 = CARTESIAN_POINT('',(153.5,268.,288.));
#964 = DIRECTION('',(-0.,1.,0.));
#965 = DIRECTION('',(0.,0.,1.));
#966 = DEFINITIONAL_REPRESENTATION('',(#967),#971);
#967 = LINE('',#968,#969);
#968 = CARTESIAN_POINT('',(12.,0.));
#969 = VECTOR('',#970,1.);
#970 = DIRECTION('',(0.,1.));
#971 = ( GEOMETRIC_REPRESENTATION_CONTEXT(2) 
PARAMETRIC_REPRESENTATION_CONTEXT() REPRESENTATION_CONTEXT('2D SPACE',''
  ) );
#972 = ORIENTED_EDGE('',*,*,#973,.F.);
#973 = EDGE_CURVE('',#974,#946,#976,.T.);
#974 = VERTEX_POINT('',#975);
#975 = CARTESIAN_POINT('',(162.,218.011312334,300.));
#976 = SURFACE_CURVE('',#977,(#981,#988),.PCURVE_S1.);
#977 = LINE('',#978,#979);
#978 = CARTESIAN_POINT('',(162.,74.566010661909,300.));
#979 = VECTOR('',#980,1.);
#980 = DIRECTION('',(0.,1.,0.));
#981 = PCURVE('',#32,#982);
#982 = DEFINITIONAL_REPRESENTATION('',(#983),#987);
#983 = LINE('',#984,#985);
#984 = CARTESIAN_POINT('',(382.,124.5660106619));
#985 = VECTOR('',#986,1.);
#986 = DIRECTION('',(0.,1.));
#987 = ( GEOMETRIC_REPRESENTATION_CONTEXT(2) 
PARAMETRIC_REPRESENTATION_CONTEXT() REPRESENTATION_CONTEXT('2D SPACE',''
  ) );
#988 = PCURVE('',#878,#989);
#989 = DEFINITIONAL_REPRESENTATION('',(#990),#993);
#990 = B_SPLINE_CURVE_WITH_KNOTS('',1,(#991,#992),.UNSPECIFIED.,.F.,.F.,
  (2,2),(-69.17634586862,261.50308108701),.PIECEWISE_BEZIER_KNOTS.);
#991 = CARTESIAN_POINT('',(-193.7423565305,132.18574334186));
#992 = CARTESIAN_POINT('',(136.9370704251,132.18574334186));
#993 = ( GEOMETRIC_REPRESENTATION_CONTEXT(2) 
PARAMETRIC_REPRESENTATION_CONTEXT() REPRESENTATION_CONTEXT('2D SPACE',''
  ) );
#994 = ORIENTED_EDGE('',*,*,#995,.F.);
#995 = EDGE_CURVE('',#996,#974,#998,.T.);
#996 = VERTEX_POINT('',#997);
#997 = CARTESIAN_POINT('',(155.,218.011312334,300.));
#998 = SURFACE_CURVE('',#999,(#1003,#1010),.PCURVE_S1.);
#999 = LINE('',#1000,#1001);
#1000 = CARTESIAN_POINT('',(155.,218.011312334,300.));
#1001 = VECTOR('',#1002,1.);
#1002 = DIRECTION('',(1.,0.,-0.));
#1003 = PCURVE('',#32,#1004);
#1004 = DEFINITIONAL_REPRESENTATION('',(#1005),#1009);
#1005 = LINE('',#1006,#1007);
#1006 = CARTESIAN_POINT('',(375.,268.011312334));
#1007 = VECTOR('',#1008,1.);
#1008 = DIRECTION('',(1.,0.));
#1009 = ( GEOMETRIC_REPRESENTATION_CONTEXT(2) 
PARAMETRIC_REPRESENTATION_CONTEXT() REPRESENTATION_CONTEXT('2D SPACE',''
  ) );
#1010 = PCURVE('',#1011,#1016);
#1011 = PLANE('',#1012);
#1012 = AXIS2_PLACEMENT_3D('',#1013,#1014,#1015);
#1013 = CARTESIAN_POINT('',(155.,218.011312334,288.));
#1014 = DIRECTION('',(-0.,1.,0.));
#1015 = DIRECTION('',(0.,0.,1.));
#1016 = DEFINITIONAL_REPRESENTATION('',(#1017),#1021);
#1017 = LINE('',#1018,#1019);
#1018 = CARTESIAN_POINT('',(12.,0.));
#1019 = VECTOR('',#1020,1.);
#1020 = DIRECTION('',(0.,1.));
#1021 = ( GEOMETRIC_REPRESENTATION_CONTEXT(2) 
PARAMETRIC_REPRESENTATION_CONTEXT() REPRESENTATION_CONTEXT('2D SPACE',''
  ) );
#1022 = ORIENTED_EDGE('',*,*,#1023,.F.);
#1023 = EDGE_CURVE('',#1024,#996,#1026,.T.);
#1024 = VERTEX_POINT('',#1025);
#1025 = CARTESIAN_POINT('',(155.,212.84642125698,300.));
#1026 = SURFACE_CURVE('',#1027,(#1031,#1038),.PCURVE_S1.);
#1027 = LINE('',#1028,#1029);
#1028 = CARTESIAN_POINT('',(155.,204.011312334,300.));
#1029 = VECTOR('',#1030,1.);
#1030 = DIRECTION('',(-0.,1.,0.));
#1031 = PCURVE('',#32,#1032);
#1032 = DEFINITIONAL_REPRESENTATION('',(#1033),#1037);
#1033 = LINE('',#1034,#1035);
#1034 = CARTESIAN_POINT('',(375.,254.011312334));
#1035 = VECTOR('',#1036,1.);
#1036 = DIRECTION('',(0.,1.));
#1037 = ( GEOMETRIC_REPRESENTATION_CONTEXT(2) 
PARAMETRIC_REPRESENTATION_CONTEXT() REPRESENTATION_CONTEXT('2D SPACE',''
  ) );
#1038 = PCURVE('',#1039,#1044);
#1039 = PLANE('',#1040);
#1040 = AXIS2_PLACEMENT_3D('',#1041,#1042,#1043);
#1041 = CARTESIAN_POINT('',(155.,204.011312334,288.));
#1042 = DIRECTION('',(1.,0.,-0.));
#1043 = DIRECTION('',(0.,0.,1.));
#1044 = DEFINITIONAL_REPRESENTATION('',(#1045),#1049);
#1045 = LINE('',#1046,#1047);
#1046 = CARTESIAN_POINT('',(12.,0.));
#1047 = VECTOR('',#1048,1.);
#1048 = DIRECTION('',(0.,-1.));
#1049 = ( GEOMETRIC_REPRESENTATION_CONTEXT(2) 
PARAMETRIC_REPRESENTATION_CONTEXT() REPRESENTATION_CONTEXT('2D SPACE',''
  ) );
#1050 = ORIENTED_EDGE('',*,*,#1051,.T.);
#1051 = EDGE_CURVE('',#1024,#1052,#1054,.T.);
#1052 = VERTEX_POINT('',#1053);
#1053 = CARTESIAN_POINT('',(138.5,212.84642125698,300.));
#1054 = SURFACE_CURVE('',#1055,(#1059,#1066),.PCURVE_S1.);
#1055 = LINE('',#1056,#1057);
#1056 = CARTESIAN_POINT('',(-188.5,212.84642125698,300.));
#1057 = VECTOR('',#1058,1.);
#1058 = DIRECTION('',(-1.,0.,0.));
#1059 = PCURVE('',#32,#1060);
#1060 = DEFINITIONAL_REPRESENTATION('',(#1061),#1065);
#1061 = LINE('',#1062,#1063);
#1062 = CARTESIAN_POINT('',(31.5,262.84642125698));
#1063 = VECTOR('',#1064,1.);
#1064 = DIRECTION('',(-1.,0.));
#1065 = ( GEOMETRIC_REPRESENTATION_CONTEXT(2) 
PARAMETRIC_REPRESENTATION_CONTEXT() REPRESENTATION_CONTEXT('2D SPACE',''
  ) );
#1066 = PCURVE('',#1067,#1072);
#1067 = PLANE('',#1068);
#1068 = AXIS2_PLACEMENT_3D('',#1069,#1070,#1071);
#1069 = CARTESIAN_POINT('',(-157.,173.65892068243,115.6373048818));
#1070 = DIRECTION('',(0.,0.978147600734,-0.207911690818));
#1071 = DIRECTION('',(0.,0.207911690818,0.978147600734));
#1072 = DEFINITIONAL_REPRESENTATION('',(#1073),#1076);
#1073 = B_SPLINE_CURVE_WITH_KNOTS('',1,(#1074,#1075),.UNSPECIFIED.,.F.,
  .F.,(2,2),(-345.5,-327.),.PIECEWISE_BEZIER_KNOTS.);
#1074 = CARTESIAN_POINT('',(188.48146739805,314.));
#1075 = CARTESIAN_POINT('',(188.48146739805,295.5));
#1076 = ( GEOMETRIC_REPRESENTATION_CONTEXT(2) 
PARAMETRIC_REPRESENTATION_CONTEXT() REPRESENTATION_CONTEXT('2D SPACE',''
  ) );
#1077 = ORIENTED_EDGE('',*,*,#1078,.T.);
#1078 = EDGE_CURVE('',#1052,#1079,#1081,.T.);
#1079 = VERTEX_POINT('',#1080);
#1080 = CARTESIAN_POINT('',(138.5,216.424613339,300.));
#1081 = SURFACE_CURVE('',#1082,(#1086,#1093),.PCURVE_S1.);
#1082 = LINE('',#1083,#1084);
#1083 = CARTESIAN_POINT('',(138.5,61.584923441035,300.));
#1084 = VECTOR('',#1085,1.);
#1085 = DIRECTION('',(-0.,1.,0.));
#1086 = PCURVE('',#32,#1087);
#1087 = DEFINITIONAL_REPRESENTATION('',(#1088),#1092);
#1088 = LINE('',#1089,#1090);
#1089 = CARTESIAN_POINT('',(358.5,111.58492344103));
#1090 = VECTOR('',#1091,1.);
#1091 = DIRECTION('',(0.,1.));
#1092 = ( GEOMETRIC_REPRESENTATION_CONTEXT(2) 
PARAMETRIC_REPRESENTATION_CONTEXT() REPRESENTATION_CONTEXT('2D SPACE',''
  ) );
#1093 = PCURVE('',#1094,#1099);
#1094 = PLANE('',#1095);
#1095 = AXIS2_PLACEMENT_3D('',#1096,#1097,#1098);
#1096 = CARTESIAN_POINT('',(138.5,173.16984688207,115.74126072721));
#1097 = DIRECTION('',(1.,0.,-0.));
#1098 = DIRECTION('',(0.,0.207911690818,0.978147600734));
#1099 = DEFINITIONAL_REPRESENTATION('',(#1100),#1103);
#1100 = B_SPLINE_CURVE_WITH_KNOTS('',1,(#1101,#1102),.UNSPECIFIED.,.F.,
  .F.,(2,2),(151.26149781594,154.83968989797),.PIECEWISE_BEZIER_KNOTS.);
#1101 = CARTESIAN_POINT('',(188.48146739805,-0.5));
#1102 = CARTESIAN_POINT('',(189.2254153639,-4.));
#1103 = ( GEOMETRIC_REPRESENTATION_CONTEXT(2) 
PARAMETRIC_REPRESENTATION_CONTEXT() REPRESENTATION_CONTEXT('2D SPACE',''
  ) );
#1104 = ORIENTED_EDGE('',*,*,#1105,.T.);
#1105 = EDGE_CURVE('',#1079,#1106,#1108,.T.);
#1106 = VERTEX_POINT('',#1107);
#1107 = CARTESIAN_POINT('',(126.5,216.424613339,300.));
#1108 = SURFACE_CURVE('',#1109,(#1113,#1120),.PCURVE_S1.);
#1109 = LINE('',#1110,#1111);
#1110 = CARTESIAN_POINT('',(-179.25,216.424613339,300.));
#1111 = VECTOR('',#1112,1.);
#1112 = DIRECTION('',(-1.,0.,0.));
#1113 = PCURVE('',#32,#1114);
#1114 = DEFINITIONAL_REPRESENTATION('',(#1115),#1119);
#1115 = LINE('',#1116,#1117);
#1116 = CARTESIAN_POINT('',(40.75,266.424613339));
#1117 = VECTOR('',#1118,1.);
#1118 = DIRECTION('',(-1.,0.));
#1119 = ( GEOMETRIC_REPRESENTATION_CONTEXT(2) 
PARAMETRIC_REPRESENTATION_CONTEXT() REPRESENTATION_CONTEXT('2D SPACE',''
  ) );
#1120 = PCURVE('',#305,#1121);
#1121 = DEFINITIONAL_REPRESENTATION('',(#1122),#1125);
#1122 = B_SPLINE_CURVE_WITH_KNOTS('',1,(#1123,#1124),.UNSPECIFIED.,.F.,
  .F.,(2,2),(-317.75,-40.75),.PIECEWISE_BEZIER_KNOTS.);
#1123 = CARTESIAN_POINT('',(189.2254153639,277.));
#1124 = CARTESIAN_POINT('',(189.2254153639,0.));
#1125 = ( GEOMETRIC_REPRESENTATION_CONTEXT(2) 
PARAMETRIC_REPRESENTATION_CONTEXT() REPRESENTATION_CONTEXT('2D SPACE',''
  ) );
#1126 = ORIENTED_EDGE('',*,*,#1127,.F.);
#1127 = EDGE_CURVE('',#1128,#1106,#1130,.T.);
#1128 = VERTEX_POINT('',#1129);
#1129 = CARTESIAN_POINT('',(126.5,209.77939947238,300.));
#1130 = SURFACE_CURVE('',#1131,(#1135,#1142),.PCURVE_S1.);
#1131 = LINE('',#1132,#1133);
#1132 = CARTESIAN_POINT('',(126.5,61.120635284658,300.));
#1133 = VECTOR('',#1134,1.);
#1134 = DIRECTION('',(-0.,1.,0.));
#1135 = PCURVE('',#32,#1136);
#1136 = DEFINITIONAL_REPRESENTATION('',(#1137),#1141);
#1137 = LINE('',#1138,#1139);
#1138 = CARTESIAN_POINT('',(346.5,111.12063528465));
#1139 = VECTOR('',#1140,1.);
#1140 = DIRECTION('',(0.,1.));
#1141 = ( GEOMETRIC_REPRESENTATION_CONTEXT(2) 
PARAMETRIC_REPRESENTATION_CONTEXT() REPRESENTATION_CONTEXT('2D SPACE',''
  ) );
#1142 = PCURVE('',#1143,#1148);
#1143 = PLANE('',#1144);
#1144 = AXIS2_PLACEMENT_3D('',#1145,#1146,#1147);
#1145 = CARTESIAN_POINT('',(126.5,172.24127056931,128.20672285388));
#1146 = DIRECTION('',(1.,0.,-0.));
#1147 = DIRECTION('',(0.,0.207911690818,0.978147600734));
#1148 = DEFINITIONAL_REPRESENTATION('',(#1149),#1152);
#1149 = B_SPLINE_CURVE_WITH_KNOTS('',1,(#1150,#1151),.UNSPECIFIED.,.F.,
  .F.,(2,2),(148.65876418772,155.30397805435),.PIECEWISE_BEZIER_KNOTS.);
#1150 = CARTESIAN_POINT('',(175.84379771304,-1.));
#1151 = CARTESIAN_POINT('',(177.2254153639,-7.5));
#1152 = ( GEOMETRIC_REPRESENTATION_CONTEXT(2) 
PARAMETRIC_REPRESENTATION_CONTEXT() REPRESENTATION_CONTEXT('2D SPACE',''
  ) );
#1153 = ORIENTED_EDGE('',*,*,#1154,.F.);
#1154 = EDGE_CURVE('',#1155,#1128,#1157,.T.);
#1155 = VERTEX_POINT('',#1156);
#1156 = CARTESIAN_POINT('',(150.,209.77939947238,300.));
#1157 = SURFACE_CURVE('',#1158,(#1162,#1169),.PCURVE_S1.);
#1158 = LINE('',#1159,#1160);
#1159 = CARTESIAN_POINT('',(-185.,209.77939947238,300.));
#1160 = VECTOR('',#1161,1.);
#1161 = DIRECTION('',(-1.,0.,0.));
#1162 = PCURVE('',#32,#1163);
#1163 = DEFINITIONAL_REPRESENTATION('',(#1164),#1168);
#1164 = LINE('',#1165,#1166);
#1165 = CARTESIAN_POINT('',(35.,259.77939947238));
#1166 = VECTOR('',#1167,1.);
#1167 = DIRECTION('',(-1.,0.));
#1168 = ( GEOMETRIC_REPRESENTATION_CONTEXT(2) 
PARAMETRIC_REPRESENTATION_CONTEXT() REPRESENTATION_CONTEXT('2D SPACE',''
  ) );
#1169 = PCURVE('',#251,#1170);
#1170 = DEFINITIONAL_REPRESENTATION('',(#1171),#1174);
#1171 = B_SPLINE_CURVE_WITH_KNOTS('',1,(#1172,#1173),.UNSPECIFIED.,.F.,
  .F.,(2,2),(-335.,-35.),.PIECEWISE_BEZIER_KNOTS.);
#1172 = CARTESIAN_POINT('',(180.84379771304,300.));
#1173 = CARTESIAN_POINT('',(180.84379771304,0.));
#1174 = ( GEOMETRIC_REPRESENTATION_CONTEXT(2) 
PARAMETRIC_REPRESENTATION_CONTEXT() REPRESENTATION_CONTEXT('2D SPACE',''
  ) );
#1175 = ORIENTED_EDGE('',*,*,#1176,.F.);
#1176 = EDGE_CURVE('',#1177,#1155,#1179,.T.);
#1177 = VERTEX_POINT('',#1178);
#1178 = CARTESIAN_POINT('',(150.,197.511312334,300.));
#1179 = SURFACE_CURVE('',#1180,(#1184,#1191),.PCURVE_S1.);
#1180 = LINE('',#1181,#1182);
#1181 = CARTESIAN_POINT('',(150.,54.731970453211,300.));
#1182 = VECTOR('',#1183,1.);
#1183 = DIRECTION('',(-0.,1.,0.));
#1184 = PCURVE('',#32,#1185);
#1185 = DEFINITIONAL_REPRESENTATION('',(#1186),#1190);
#1186 = LINE('',#1187,#1188);
#1187 = CARTESIAN_POINT('',(370.,104.73197045321));
#1188 = VECTOR('',#1189,1.);
#1189 = DIRECTION('',(0.,1.));
#1190 = ( GEOMETRIC_REPRESENTATION_CONTEXT(2) 
PARAMETRIC_REPRESENTATION_CONTEXT() REPRESENTATION_CONTEXT('2D SPACE',''
  ) );
#1191 = PCURVE('',#1192,#1197);
#1192 = PLANE('',#1193);
#1193 = AXIS2_PLACEMENT_3D('',#1194,#1195,#1196);
#1194 = CARTESIAN_POINT('',(150.,159.46394090642,125.81092514002));
#1195 = DIRECTION('',(1.,0.,-0.));
#1196 = DIRECTION('',(0.,0.207911690818,0.978147600734));
#1197 = DEFINITIONAL_REPRESENTATION('',(#1198),#1201);
#1198 = B_SPLINE_CURVE_WITH_KNOTS('',1,(#1199,#1200),.UNSPECIFIED.,.F.,
  .F.,(2,2),(142.77934188079,155.04742901917),.PIECEWISE_BEZIER_KNOTS.);
#1199 = CARTESIAN_POINT('',(178.293118973,-1.000000000001));
#1200 = CARTESIAN_POINT('',(180.84379771304,-13.));
#1201 = ( GEOMETRIC_REPRESENTATION_CONTEXT(2) 
PARAMETRIC_REPRESENTATION_CONTEXT() REPRESENTATION_CONTEXT('2D SPACE',''
  ) );
#1202 = ORIENTED_EDGE('',*,*,#1203,.T.);
#1203 = EDGE_CURVE('',#1177,#1204,#1206,.T.);
#1204 = VERTEX_POINT('',#1205);
#1205 = CARTESIAN_POINT('',(158.,197.511312334,300.));
#1206 = SURFACE_CURVE('',#1207,(#1211,#1218),.PCURVE_S1.);
#1207 = LINE('',#1208,#1209);
#1208 = CARTESIAN_POINT('',(-110.,197.511312334,300.));
#1209 = VECTOR('',#1210,1.);
#1210 = DIRECTION('',(1.,0.,-0.));
#1211 = PCURVE('',#32,#1212);
#1212 = DEFINITIONAL_REPRESENTATION('',(#1213),#1217);
#1213 = LINE('',#1214,#1215);
#1214 = CARTESIAN_POINT('',(110.,247.511312334));
#1215 = VECTOR('',#1216,1.);
#1216 = DIRECTION('',(1.,0.));
#1217 = ( GEOMETRIC_REPRESENTATION_CONTEXT(2) 
PARAMETRIC_REPRESENTATION_CONTEXT() REPRESENTATION_CONTEXT('2D SPACE',''
  ) );
#1218 = PCURVE('',#197,#1219);
#1219 = DEFINITIONAL_REPRESENTATION('',(#1220),#1223);
#1220 = B_SPLINE_CURVE_WITH_KNOTS('',1,(#1221,#1222),.UNSPECIFIED.,.F.,
  .F.,(2,2),(-48.,268.),.PIECEWISE_BEZIER_KNOTS.);
#1221 = CARTESIAN_POINT('',(40.531881026994,-158.));
#1222 = CARTESIAN_POINT('',(40.531881026994,158.));
#1223 = ( GEOMETRIC_REPRESENTATION_CONTEXT(2) 
PARAMETRIC_REPRESENTATION_CONTEXT() REPRESENTATION_CONTEXT('2D SPACE',''
  ) );
#1224 = ORIENTED_EDGE('',*,*,#1225,.T.);
#1225 = EDGE_CURVE('',#1204,#1226,#1228,.T.);
#1226 = VERTEX_POINT('',#1227);
#1227 = CARTESIAN_POINT('',(162.85278712657,198.55921926364,300.));
#1228 = SURFACE_CURVE('',#1229,(#1234,#1241),.PCURVE_S1.);
#1229 = ELLIPSE('',#1230,12.26808713838,12.);
#1230 = AXIS2_PLACEMENT_3D('',#1231,#1232,#1233);
#1231 = CARTESIAN_POINT('',(158.,209.77939947238,300.));
#1232 = DIRECTION('',(0.,0.,1.));
#1233 = DIRECTION('',(0.,-1.,0.));
#1234 = PCURVE('',#32,#1235);
#1235 = DEFINITIONAL_REPRESENTATION('',(#1236),#1240);
#1236 = ELLIPSE('',#1237,12.26808713838,12.);
#1237 = AXIS2_PLACEMENT_2D('',#1238,#1239);
#1238 = CARTESIAN_POINT('',(378.,259.77939947238));
#1239 = DIRECTION('',(0.,-1.));
#1240 = ( GEOMETRIC_REPRESENTATION_CONTEXT(2) 
PARAMETRIC_REPRESENTATION_CONTEXT() REPRESENTATION_CONTEXT('2D SPACE',''
  ) );
#1241 = PCURVE('',#1242,#1247);
#1242 = CYLINDRICAL_SURFACE('',#1243,12.);
#1243 = AXIS2_PLACEMENT_3D('',#1244,#1245,#1246);
#1244 = CARTESIAN_POINT('',(158.,215.59701855098,327.36974588263));
#1245 = DIRECTION('',(0.,-0.207911690818,-0.978147600734));
#1246 = DIRECTION('',(0.,-0.978147600734,0.207911690818));
#1247 = DEFINITIONAL_REPRESENTATION('',(#1248),#1255);
#1248 = B_SPLINE_CURVE_WITH_KNOTS('',5,(#1249,#1250,#1251,#1252,#1253,
    #1254),.UNSPECIFIED.,.F.,.F.,(6,6),(0.,0.416321525172),
  .PIECEWISE_BEZIER_KNOTS.);
#1249 = CARTESIAN_POINT('',(0.,30.531881026995));
#1250 = CARTESIAN_POINT('',(-8.326430503432E-02,30.531881026995));
#1251 = CARTESIAN_POINT('',(-0.166528610069,30.509776780422));
#1252 = CARTESIAN_POINT('',(-0.249792915103,30.465565680729));
#1253 = CARTESIAN_POINT('',(-0.333057220137,30.399895368825));
#1254 = CARTESIAN_POINT('',(-0.416321525172,30.314008925434));
#1255 = ( GEOMETRIC_REPRESENTATION_CONTEXT(2) 
PARAMETRIC_REPRESENTATION_CONTEXT() REPRESENTATION_CONTEXT('2D SPACE',''
  ) );
#1256 = ORIENTED_EDGE('',*,*,#1257,.T.);
#1257 = EDGE_CURVE('',#1226,#1258,#1260,.T.);
#1258 = VERTEX_POINT('',#1259);
#1259 = CARTESIAN_POINT('',(165.2,197.511312334,300.));
#1260 = SURFACE_CURVE('',#1261,(#1266,#1273),.PCURVE_S1.);
#1261 = ELLIPSE('',#1262,3.271489903568,3.2);
#1262 = AXIS2_PLACEMENT_3D('',#1263,#1264,#1265);
#1263 = CARTESIAN_POINT('',(165.2,200.78280223757,300.));
#1264 = DIRECTION('',(0.,0.,1.));
#1265 = DIRECTION('',(0.,-1.,0.));
#1266 = PCURVE('',#32,#1267);
#1267 = DEFINITIONAL_REPRESENTATION('',(#1268),#1272);
#1268 = ELLIPSE('',#1269,3.271489903568,3.2);
#1269 = AXIS2_PLACEMENT_2D('',#1270,#1271);
#1270 = CARTESIAN_POINT('',(385.2,250.78280223757));
#1271 = DIRECTION('',(0.,-1.));
#1272 = ( GEOMETRIC_REPRESENTATION_CONTEXT(2) 
PARAMETRIC_REPRESENTATION_CONTEXT() REPRESENTATION_CONTEXT('2D SPACE',''
  ) );
#1273 = PCURVE('',#1274,#1279);
#1274 = CYLINDRICAL_SURFACE('',#1275,3.2);
#1275 = AXIS2_PLACEMENT_3D('',#1276,#1277,#1278);
#1276 = CARTESIAN_POINT('',(165.2,209.06843657269,338.98084476916));
#1277 = DIRECTION('',(0.,-0.207911690818,-0.978147600734));
#1278 = DIRECTION('',(0.,-0.978147600734,0.207911690818));
#1279 = DEFINITIONAL_REPRESENTATION('',(#1280),#1288);
#1280 = B_SPLINE_CURVE_WITH_KNOTS('',6,(#1281,#1282,#1283,#1284,#1285,
    #1286,#1287),.UNSPECIFIED.,.F.,.F.,(7,7),(5.459722233645,
    6.28318530718),.PIECEWISE_BEZIER_KNOTS.);
#1281 = CARTESIAN_POINT('',(0.823463073535,40.314008925434));
#1282 = CARTESIAN_POINT('',(0.686219227946,40.382482006987));
#1283 = CARTESIAN_POINT('',(0.548975382356,40.440505411877));
#1284 = CARTESIAN_POINT('',(0.411731536767,40.48575824253));
#1285 = CARTESIAN_POINT('',(0.274487691178,40.516506936326));
#1286 = CARTESIAN_POINT('',(0.137243845589,40.531881026995));
#1287 = CARTESIAN_POINT('',(0.,40.531881026995));
#1288 = ( GEOMETRIC_REPRESENTATION_CONTEXT(2) 
PARAMETRIC_REPRESENTATION_CONTEXT() REPRESENTATION_CONTEXT('2D SPACE',''
  ) );
#1289 = ORIENTED_EDGE('',*,*,#1290,.T.);
#1290 = EDGE_CURVE('',#1258,#1291,#1293,.T.);
#1291 = VERTEX_POINT('',#1292);
#1292 = CARTESIAN_POINT('',(166.8,197.511312334,300.));
#1293 = SURFACE_CURVE('',#1294,(#1298,#1305),.PCURVE_S1.);
#1294 = LINE('',#1295,#1296);
#1295 = CARTESIAN_POINT('',(-27.,197.511312334,300.));
#1296 = VECTOR('',#1297,1.);
#1297 = DIRECTION('',(1.,0.,-0.));
#1298 = PCURVE('',#32,#1299);
#1299 = DEFINITIONAL_REPRESENTATION('',(#1300),#1304);
#1300 = LINE('',#1301,#1302);
#1301 = CARTESIAN_POINT('',(193.,247.511312334));
#1302 = VECTOR('',#1303,1.);
#1303 = DIRECTION('',(1.,0.));
#1304 = ( GEOMETRIC_REPRESENTATION_CONTEXT(2) 
PARAMETRIC_REPRESENTATION_CONTEXT() REPRESENTATION_CONTEXT('2D SPACE',''
  ) );
#1305 = PCURVE('',#1306,#1311);
#1306 = PLANE('',#1307);
#1307 = AXIS2_PLACEMENT_3D('',#1308,#1309,#1310);
#1308 = CARTESIAN_POINT('',(166.,205.93836425035,339.64616217978));
#1309 = DIRECTION('',(0.,-0.978147600734,0.207911690818));
#1310 = DIRECTION('',(0.,-0.207911690818,-0.978147600734));
#1311 = DEFINITIONAL_REPRESENTATION('',(#1312),#1315);
#1312 = B_SPLINE_CURVE_WITH_KNOTS('',1,(#1313,#1314),.UNSPECIFIED.,.F.,
  .F.,(2,2),(192.19999999809,193.8),.PIECEWISE_BEZIER_KNOTS.);
#1313 = CARTESIAN_POINT('',(40.531881026995,-0.800000001908));
#1314 = CARTESIAN_POINT('',(40.531881026995,0.8));
#1315 = ( GEOMETRIC_REPRESENTATION_CONTEXT(2) 
PARAMETRIC_REPRESENTATION_CONTEXT() REPRESENTATION_CONTEXT('2D SPACE',''
  ) );
#1316 = ORIENTED_EDGE('',*,*,#1317,.T.);
#1317 = EDGE_CURVE('',#1291,#1318,#1320,.T.);
#1318 = VERTEX_POINT('',#1319);
#1319 = CARTESIAN_POINT('',(170.,200.78280223757,300.));
#1320 = SURFACE_CURVE('',#1321,(#1326,#1333),.PCURVE_S1.);
#1321 = ELLIPSE('',#1322,3.271489903568,3.2);
#1322 = AXIS2_PLACEMENT_3D('',#1323,#1324,#1325);
#1323 = CARTESIAN_POINT('',(166.8,200.78280223757,300.));
#1324 = DIRECTION('',(0.,0.,1.));
#1325 = DIRECTION('',(0.,-1.,0.));
#1326 = PCURVE('',#32,#1327);
#1327 = DEFINITIONAL_REPRESENTATION('',(#1328),#1332);
#1328 = ELLIPSE('',#1329,3.271489903568,3.2);
#1329 = AXIS2_PLACEMENT_2D('',#1330,#1331);
#1330 = CARTESIAN_POINT('',(386.8,250.78280223757));
#1331 = DIRECTION('',(0.,-1.));
#1332 = ( GEOMETRIC_REPRESENTATION_CONTEXT(2) 
PARAMETRIC_REPRESENTATION_CONTEXT() REPRESENTATION_CONTEXT('2D SPACE',''
  ) );
#1333 = PCURVE('',#1334,#1339);
#1334 = CYLINDRICAL_SURFACE('',#1335,3.2);
#1335 = AXIS2_PLACEMENT_3D('',#1336,#1337,#1338);
#1336 = CARTESIAN_POINT('',(166.8,209.06843657269,338.98084476916));
#1337 = DIRECTION('',(0.,-0.207911690818,-0.978147600734));
#1338 = DIRECTION('',(0.,-0.978147600734,0.207911690818));
#1339 = DEFINITIONAL_REPRESENTATION('',(#1340),#1349);
#1340 = B_SPLINE_CURVE_WITH_KNOTS('',7,(#1341,#1342,#1343,#1344,#1345,
    #1346,#1347,#1348),.UNSPECIFIED.,.F.,.F.,(8,8),(0.,1.570796326795),
  .PIECEWISE_BEZIER_KNOTS.);
#1341 = CARTESIAN_POINT('',(0.,40.531881026995));
#1342 = CARTESIAN_POINT('',(-0.224399475256,40.531881026995));
#1343 = CARTESIAN_POINT('',(-0.448798950513,40.491921296263));
#1344 = CARTESIAN_POINT('',(-0.673198425769,40.412007631629));
#1345 = CARTESIAN_POINT('',(-0.897597901026,40.297046378608));
#1346 = CARTESIAN_POINT('',(-1.121997376282,40.156963927642));
#1347 = CARTESIAN_POINT('',(-1.346396851538,40.004332288534));
#1348 = CARTESIAN_POINT('',(-1.570796326795,39.851700029651));
#1349 = ( GEOMETRIC_REPRESENTATION_CONTEXT(2) 
PARAMETRIC_REPRESENTATION_CONTEXT() REPRESENTATION_CONTEXT('2D SPACE',''
  ) );
#1350 = ORIENTED_EDGE('',*,*,#1351,.T.);
#1351 = EDGE_CURVE('',#1318,#1352,#1354,.T.);
#1352 = VERTEX_POINT('',#1353);
#1353 = CARTESIAN_POINT('',(170.,296.47388191693,300.));
#1354 = SURFACE_CURVE('',#1355,(#1359,#1366),.PCURVE_S1.);
#1355 = LINE('',#1356,#1357);
#1356 = CARTESIAN_POINT('',(170.,74.566010661909,300.));
#1357 = VECTOR('',#1358,1.);
#1358 = DIRECTION('',(0.,1.,0.));
#1359 = PCURVE('',#32,#1360);
#1360 = DEFINITIONAL_REPRESENTATION('',(#1361),#1365);
#1361 = LINE('',#1362,#1363);
#1362 = CARTESIAN_POINT('',(390.,124.5660106619));
#1363 = VECTOR('',#1364,1.);
#1364 = DIRECTION('',(0.,1.));
#1365 = ( GEOMETRIC_REPRESENTATION_CONTEXT(2) 
PARAMETRIC_REPRESENTATION_CONTEXT() REPRESENTATION_CONTEXT('2D SPACE',''
  ) );
#1366 = PCURVE('',#1367,#1372);
#1367 = PLANE('',#1368);
#1368 = AXIS2_PLACEMENT_3D('',#1369,#1370,#1371);
#1369 = CARTESIAN_POINT('',(170.,199.13202132381,167.81425665813));
#1370 = DIRECTION('',(1.,0.,0.));
#1371 = DIRECTION('',(0.,1.,0.));
#1372 = DEFINITIONAL_REPRESENTATION('',(#1373),#1376);
#1373 = B_SPLINE_CURVE_WITH_KNOTS('',1,(#1374,#1375),.UNSPECIFIED.,.F.,
  .F.,(2,2),(-77.87582092017,262.23398933809),.PIECEWISE_BEZIER_KNOTS.);
#1374 = CARTESIAN_POINT('',(-202.441831582,132.18574334186));
#1375 = CARTESIAN_POINT('',(137.66797867618,132.18574334186));
#1376 = ( GEOMETRIC_REPRESENTATION_CONTEXT(2) 
PARAMETRIC_REPRESENTATION_CONTEXT() REPRESENTATION_CONTEXT('2D SPACE',''
  ) );
#1377 = ORIENTED_EDGE('',*,*,#1378,.T.);
#1378 = EDGE_CURVE('',#1352,#1379,#1381,.T.);
#1379 = VERTEX_POINT('',#1380);
#1380 = CARTESIAN_POINT('',(166.8,299.7453718205,300.));
#1381 = SURFACE_CURVE('',#1382,(#1387,#1394),.PCURVE_S1.);
#1382 = ELLIPSE('',#1383,3.271489903568,3.2);
#1383 = AXIS2_PLACEMENT_3D('',#1384,#1385,#1386);
#1384 = CARTESIAN_POINT('',(166.8,296.47388191693,300.));
#1385 = DIRECTION('',(0.,0.,1.));
#1386 = DIRECTION('',(0.,1.,-0.));
#1387 = PCURVE('',#32,#1388);
#1388 = DEFINITIONAL_REPRESENTATION('',(#1389),#1393);
#1389 = ELLIPSE('',#1390,3.271489903568,3.2);
#1390 = AXIS2_PLACEMENT_2D('',#1391,#1392);
#1391 = CARTESIAN_POINT('',(386.8,346.47388191693));
#1392 = DIRECTION('',(0.,1.));
#1393 = ( GEOMETRIC_REPRESENTATION_CONTEXT(2) 
PARAMETRIC_REPRESENTATION_CONTEXT() REPRESENTATION_CONTEXT('2D SPACE',''
  ) );
#1394 = PCURVE('',#1395,#1400);
#1395 = CYLINDRICAL_SURFACE('',#1396,3.2);
#1396 = AXIS2_PLACEMENT_3D('',#1397,#1398,#1399);
#1397 = CARTESIAN_POINT('',(166.8,267.53250202916,163.84151277013));
#1398 = DIRECTION('',(0.,0.207911690818,0.978147600734));
#1399 = DIRECTION('',(0.,0.978147600734,-0.207911690818));
#1400 = DEFINITIONAL_REPRESENTATION('',(#1401),#1410);
#1401 = B_SPLINE_CURVE_WITH_KNOTS('',7,(#1402,#1403,#1404,#1405,#1406,
    #1407,#1408,#1409),.UNSPECIFIED.,.F.,.F.,(8,8),(4.712388980385,
    6.28318530718),.PIECEWISE_BEZIER_KNOTS.);
#1402 = CARTESIAN_POINT('',(-1.570796326795,139.2003488305));
#1403 = CARTESIAN_POINT('',(-1.346396851538,139.35298108939));
#1404 = CARTESIAN_POINT('',(-1.121997376282,139.50561272851));
#1405 = CARTESIAN_POINT('',(-0.897597901026,139.64569517943));
#1406 = CARTESIAN_POINT('',(-0.673198425769,139.76065643256));
#1407 = CARTESIAN_POINT('',(-0.448798950513,139.84057009709));
#1408 = CARTESIAN_POINT('',(-0.224399475256,139.88052982785));
#1409 = CARTESIAN_POINT('',(0.,139.88052982785));
#1410 = ( GEOMETRIC_REPRESENTATION_CONTEXT(2) 
PARAMETRIC_REPRESENTATION_CONTEXT() REPRESENTATION_CONTEXT('2D SPACE',''
  ) );
#1411 = ORIENTED_EDGE('',*,*,#1412,.T.);
#1412 = EDGE_CURVE('',#1379,#1413,#1415,.T.);
#1413 = VERTEX_POINT('',#1414);
#1414 = CARTESIAN_POINT('',(165.2,299.7453718205,300.));
#1415 = SURFACE_CURVE('',#1416,(#1420,#1427),.PCURVE_S1.);
#1416 = LINE('',#1417,#1418);
#1417 = CARTESIAN_POINT('',(-27.,299.7453718205,300.));
#1418 = VECTOR('',#1419,1.);
#1419 = DIRECTION('',(-1.,0.,0.));
#1420 = PCURVE('',#32,#1421);
#1421 = DEFINITIONAL_REPRESENTATION('',(#1422),#1426);
#1422 = LINE('',#1423,#1424);
#1423 = CARTESIAN_POINT('',(193.,349.7453718205));
#1424 = VECTOR('',#1425,1.);
#1425 = DIRECTION('',(-1.,0.));
#1426 = ( GEOMETRIC_REPRESENTATION_CONTEXT(2) 
PARAMETRIC_REPRESENTATION_CONTEXT() REPRESENTATION_CONTEXT('2D SPACE',''
  ) );
#1427 = PCURVE('',#1428,#1433);
#1428 = PLANE('',#1429);
#1429 = AXIS2_PLACEMENT_3D('',#1430,#1431,#1432);
#1430 = CARTESIAN_POINT('',(166.,270.66257435151,163.17619535951));
#1431 = DIRECTION('',(0.,0.978147600734,-0.207911690818));
#1432 = DIRECTION('',(0.,0.207911690818,0.978147600734));
#1433 = DEFINITIONAL_REPRESENTATION('',(#1434),#1437);
#1434 = B_SPLINE_CURVE_WITH_KNOTS('',1,(#1435,#1436),.UNSPECIFIED.,.F.,
  .F.,(2,2),(-193.8,-192.2),.PIECEWISE_BEZIER_KNOTS.);
#1435 = CARTESIAN_POINT('',(139.88052982785,0.8));
#1436 = CARTESIAN_POINT('',(139.88052982785,-0.8));
#1437 = ( GEOMETRIC_REPRESENTATION_CONTEXT(2) 
PARAMETRIC_REPRESENTATION_CONTEXT() REPRESENTATION_CONTEXT('2D SPACE',''
  ) );
#1438 = ORIENTED_EDGE('',*,*,#1439,.T.);
#1439 = EDGE_CURVE('',#1413,#1440,#1442,.T.);
#1440 = VERTEX_POINT('',#1441);
#1441 = CARTESIAN_POINT('',(162.85278712657,298.69746489087,300.));
#1442 = SURFACE_CURVE('',#1443,(#1448,#1455),.PCURVE_S1.);
#1443 = ELLIPSE('',#1444,3.271489903568,3.2);
#1444 = AXIS2_PLACEMENT_3D('',#1445,#1446,#1447);
#1445 = CARTESIAN_POINT('',(165.2,296.47388191693,300.));
#1446 = DIRECTION('',(0.,0.,1.));
#1447 = DIRECTION('',(0.,1.,-0.));
#1448 = PCURVE('',#32,#1449);
#1449 = DEFINITIONAL_REPRESENTATION('',(#1450),#1454);
#1450 = ELLIPSE('',#1451,3.271489903568,3.2);
#1451 = AXIS2_PLACEMENT_2D('',#1452,#1453);
#1452 = CARTESIAN_POINT('',(385.2,346.47388191693));
#1453 = DIRECTION('',(0.,1.));
#1454 = ( GEOMETRIC_REPRESENTATION_CONTEXT(2) 
PARAMETRIC_REPRESENTATION_CONTEXT() REPRESENTATION_CONTEXT('2D SPACE',''
  ) );
#1455 = PCURVE('',#1456,#1461);
#1456 = CYLINDRICAL_SURFACE('',#1457,3.2);
#1457 = AXIS2_PLACEMENT_3D('',#1458,#1459,#1460);
#1458 = CARTESIAN_POINT('',(165.2,267.53250202916,163.84151277013));
#1459 = DIRECTION('',(0.,0.207911690818,0.978147600734));
#1460 = DIRECTION('',(0.,0.978147600734,-0.207911690818));
#1461 = DEFINITIONAL_REPRESENTATION('',(#1462),#1470);
#1462 = B_SPLINE_CURVE_WITH_KNOTS('',6,(#1463,#1464,#1465,#1466,#1467,
    #1468,#1469),.UNSPECIFIED.,.F.,.F.,(7,7),(0.,0.823463073534),
  .PIECEWISE_BEZIER_KNOTS.);
#1463 = CARTESIAN_POINT('',(0.,139.88052982785));
#1464 = CARTESIAN_POINT('',(0.137243845589,139.88052982785));
#1465 = CARTESIAN_POINT('',(0.274487691178,139.86515573718));
#1466 = CARTESIAN_POINT('',(0.411731536767,139.83440704338));
#1467 = CARTESIAN_POINT('',(0.548975382356,139.78915421273));
#1468 = CARTESIAN_POINT('',(0.686219227945,139.73113080784));
#1469 = CARTESIAN_POINT('',(0.823463073534,139.66265772629));
#1470 = ( GEOMETRIC_REPRESENTATION_CONTEXT(2) 
PARAMETRIC_REPRESENTATION_CONTEXT() REPRESENTATION_CONTEXT('2D SPACE',''
  ) );
#1471 = ORIENTED_EDGE('',*,*,#1472,.T.);
#1472 = EDGE_CURVE('',#1440,#1473,#1475,.T.);
#1473 = VERTEX_POINT('',#1474);
#1474 = CARTESIAN_POINT('',(158.,299.7453718205,300.));
#1475 = SURFACE_CURVE('',#1476,(#1481,#1488),.PCURVE_S1.);
#1476 = ELLIPSE('',#1477,12.26808713838,12.);
#1477 = AXIS2_PLACEMENT_3D('',#1478,#1479,#1480);
#1478 = CARTESIAN_POINT('',(158.,287.47728468212,300.));
#1479 = DIRECTION('',(0.,0.,1.));
#1480 = DIRECTION('',(0.,1.,-0.));
#1481 = PCURVE('',#32,#1482);
#1482 = DEFINITIONAL_REPRESENTATION('',(#1483),#1487);
#1483 = ELLIPSE('',#1484,12.26808713838,12.);
#1484 = AXIS2_PLACEMENT_2D('',#1485,#1486);
#1485 = CARTESIAN_POINT('',(378.,337.47728468212));
#1486 = DIRECTION('',(0.,1.));
#1487 = ( GEOMETRIC_REPRESENTATION_CONTEXT(2) 
PARAMETRIC_REPRESENTATION_CONTEXT() REPRESENTATION_CONTEXT('2D SPACE',''
  ) );
#1488 = PCURVE('',#1489,#1494);
#1489 = CYLINDRICAL_SURFACE('',#1490,12.);
#1490 = AXIS2_PLACEMENT_3D('',#1491,#1492,#1493);
#1491 = CARTESIAN_POINT('',(158.,258.9248031427,165.67113564932));
#1492 = DIRECTION('',(0.,0.207911690818,0.978147600734));
#1493 = DIRECTION('',(0.,0.978147600734,-0.207911690818));
#1494 = DEFINITIONAL_REPRESENTATION('',(#1495),#1502);
#1495 = B_SPLINE_CURVE_WITH_KNOTS('',5,(#1496,#1497,#1498,#1499,#1500,
    #1501),.UNSPECIFIED.,.F.,.F.,(6,6),(5.866863782008,6.28318530718),
  .PIECEWISE_BEZIER_KNOTS.);
#1496 = CARTESIAN_POINT('',(-0.416321525171,139.66265772629));
#1497 = CARTESIAN_POINT('',(-0.333057220137,139.74854416968));
#1498 = CARTESIAN_POINT('',(-0.249792915103,139.81421448158));
#1499 = CARTESIAN_POINT('',(-0.166528610069,139.85842558127));
#1500 = CARTESIAN_POINT('',(-8.326430503428E-02,139.88052982785));
#1501 = CARTESIAN_POINT('',(0.,139.88052982785));
#1502 = ( GEOMETRIC_REPRESENTATION_CONTEXT(2) 
PARAMETRIC_REPRESENTATION_CONTEXT() REPRESENTATION_CONTEXT('2D SPACE',''
  ) );
#1503 = ORIENTED_EDGE('',*,*,#1504,.T.);
#1504 = EDGE_CURVE('',#1473,#1505,#1507,.T.);
#1505 = VERTEX_POINT('',#1506);
#1506 = CARTESIAN_POINT('',(-158.,299.7453718205,300.));
#1507 = SURFACE_CURVE('',#1508,(#1512,#1519),.PCURVE_S1.);
#1508 = LINE('',#1509,#1510);
#1509 = CARTESIAN_POINT('',(-110.,299.7453718205,300.));
#1510 = VECTOR('',#1511,1.);
#1511 = DIRECTION('',(-1.,0.,0.));
#1512 = PCURVE('',#32,#1513);
#1513 = DEFINITIONAL_REPRESENTATION('',(#1514),#1518);
#1514 = LINE('',#1515,#1516);
#1515 = CARTESIAN_POINT('',(110.,349.7453718205));
#1516 = VECTOR('',#1517,1.);
#1517 = DIRECTION('',(-1.,0.));
#1518 = ( GEOMETRIC_REPRESENTATION_CONTEXT(2) 
PARAMETRIC_REPRESENTATION_CONTEXT() REPRESENTATION_CONTEXT('2D SPACE',''
  ) );
#1519 = PCURVE('',#1520,#1525);
#1520 = PLANE('',#1521);
#1521 = AXIS2_PLACEMENT_3D('',#1522,#1523,#1524);
#1522 = CARTESIAN_POINT('',(0.,270.66257435151,163.17619535951));
#1523 = DIRECTION('',(0.,0.978147600734,-0.207911690818));
#1524 = DIRECTION('',(0.,0.207911690818,0.978147600734));
#1525 = DEFINITIONAL_REPRESENTATION('',(#1526),#1529);
#1526 = B_SPLINE_CURVE_WITH_KNOTS('',1,(#1527,#1528),.UNSPECIFIED.,.F.,
  .F.,(2,2),(-268.,48.),.PIECEWISE_BEZIER_KNOTS.);
#1527 = CARTESIAN_POINT('',(139.88052982785,158.));
#1528 = CARTESIAN_POINT('',(139.88052982785,-158.));
#1529 = ( GEOMETRIC_REPRESENTATION_CONTEXT(2) 
PARAMETRIC_REPRESENTATION_CONTEXT() REPRESENTATION_CONTEXT('2D SPACE',''
  ) );
#1530 = ORIENTED_EDGE('',*,*,#1531,.T.);
#1531 = EDGE_CURVE('',#1505,#1532,#1534,.T.);
#1532 = VERTEX_POINT('',#1533);
#1533 = CARTESIAN_POINT('',(-162.8527871265,298.69746489087,300.));
#1534 = SURFACE_CURVE('',#1535,(#1540,#1547),.PCURVE_S1.);
#1535 = ELLIPSE('',#1536,12.26808713838,12.);
#1536 = AXIS2_PLACEMENT_3D('',#1537,#1538,#1539);
#1537 = CARTESIAN_POINT('',(-158.,287.47728468212,300.));
#1538 = DIRECTION('',(0.,0.,1.));
#1539 = DIRECTION('',(0.,1.,-0.));
#1540 = PCURVE('',#32,#1541);
#1541 = DEFINITIONAL_REPRESENTATION('',(#1542),#1546);
#1542 = ELLIPSE('',#1543,12.26808713838,12.);
#1543 = AXIS2_PLACEMENT_2D('',#1544,#1545);
#1544 = CARTESIAN_POINT('',(62.,337.47728468212));
#1545 = DIRECTION('',(0.,1.));
#1546 = ( GEOMETRIC_REPRESENTATION_CONTEXT(2) 
PARAMETRIC_REPRESENTATION_CONTEXT() REPRESENTATION_CONTEXT('2D SPACE',''
  ) );
#1547 = PCURVE('',#1548,#1553);
#1548 = CYLINDRICAL_SURFACE('',#1549,12.);
#1549 = AXIS2_PLACEMENT_3D('',#1550,#1551,#1552);
#1550 = CARTESIAN_POINT('',(-158.,258.9248031427,165.67113564932));
#1551 = DIRECTION('',(0.,0.207911690818,0.978147600734));
#1552 = DIRECTION('',(-1.,0.,0.));
#1553 = DEFINITIONAL_REPRESENTATION('',(#1554),#1561);
#1554 = B_SPLINE_CURVE_WITH_KNOTS('',5,(#1555,#1556,#1557,#1558,#1559,
    #1560),.UNSPECIFIED.,.F.,.F.,(6,6),(0.,0.416321525171),
  .PIECEWISE_BEZIER_KNOTS.);
#1555 = CARTESIAN_POINT('',(-1.570796326795,139.88052982785));
#1556 = CARTESIAN_POINT('',(-1.487532021761,139.88052982785));
#1557 = CARTESIAN_POINT('',(-1.404267716726,139.85842558127));
#1558 = CARTESIAN_POINT('',(-1.321003411692,139.81421448158));
#1559 = CARTESIAN_POINT('',(-1.237739106658,139.74854416968));
#1560 = CARTESIAN_POINT('',(-1.154474801623,139.66265772629));
#1561 = ( GEOMETRIC_REPRESENTATION_CONTEXT(2) 
PARAMETRIC_REPRESENTATION_CONTEXT() REPRESENTATION_CONTEXT('2D SPACE',''
  ) );
#1562 = ORIENTED_EDGE('',*,*,#1563,.T.);
#1563 = EDGE_CURVE('',#1532,#1564,#1566,.T.);
#1564 = VERTEX_POINT('',#1565);
#1565 = CARTESIAN_POINT('',(-165.2,299.7453718205,300.));
#1566 = SURFACE_CURVE('',#1567,(#1572,#1579),.PCURVE_S1.);
#1567 = ELLIPSE('',#1568,3.271489903568,3.2);
#1568 = AXIS2_PLACEMENT_3D('',#1569,#1570,#1571);
#1569 = CARTESIAN_POINT('',(-165.2,296.47388191693,300.));
#1570 = DIRECTION('',(0.,0.,1.));
#1571 = DIRECTION('',(0.,1.,-0.));
#1572 = PCURVE('',#32,#1573);
#1573 = DEFINITIONAL_REPRESENTATION('',(#1574),#1578);
#1574 = ELLIPSE('',#1575,3.271489903568,3.2);
#1575 = AXIS2_PLACEMENT_2D('',#1576,#1577);
#1576 = CARTESIAN_POINT('',(54.8,346.47388191693));
#1577 = DIRECTION('',(0.,1.));
#1578 = ( GEOMETRIC_REPRESENTATION_CONTEXT(2) 
PARAMETRIC_REPRESENTATION_CONTEXT() REPRESENTATION_CONTEXT('2D SPACE',''
  ) );
#1579 = PCURVE('',#1580,#1585);
#1580 = CYLINDRICAL_SURFACE('',#1581,3.2);
#1581 = AXIS2_PLACEMENT_3D('',#1582,#1583,#1584);
#1582 = CARTESIAN_POINT('',(-165.2,267.53250202916,163.84151277013));
#1583 = DIRECTION('',(0.,0.207911690818,0.978147600734));
#1584 = DIRECTION('',(0.,0.978147600734,-0.207911690818));
#1585 = DEFINITIONAL_REPRESENTATION('',(#1586),#1594);
#1586 = B_SPLINE_CURVE_WITH_KNOTS('',6,(#1587,#1588,#1589,#1590,#1591,
    #1592,#1593),.UNSPECIFIED.,.F.,.F.,(7,7),(5.459722233645,
    6.28318530718),.PIECEWISE_BEZIER_KNOTS.);
#1587 = CARTESIAN_POINT('',(-0.823463073534,139.66265772629));
#1588 = CARTESIAN_POINT('',(-0.686219227945,139.73113080784));
#1589 = CARTESIAN_POINT('',(-0.548975382356,139.78915421273));
#1590 = CARTESIAN_POINT('',(-0.411731536767,139.83440704339));
#1591 = CARTESIAN_POINT('',(-0.274487691178,139.86515573717));
#1592 = CARTESIAN_POINT('',(-0.137243845589,139.88052982785));
#1593 = CARTESIAN_POINT('',(0.,139.88052982785));
#1594 = ( GEOMETRIC_REPRESENTATION_CONTEXT(2) 
PARAMETRIC_REPRESENTATION_CONTEXT() REPRESENTATION_CONTEXT('2D SPACE',''
  ) );
#1595 = ORIENTED_EDGE('',*,*,#1596,.T.);
#1596 = EDGE_CURVE('',#1564,#1597,#1599,.T.);
#1597 = VERTEX_POINT('',#1598);
#1598 = CARTESIAN_POINT('',(-166.8,299.7453718205,300.));
#1599 = SURFACE_CURVE('',#1600,(#1604,#1611),.PCURVE_S1.);
#1600 = LINE('',#1601,#1602);
#1601 = CARTESIAN_POINT('',(-193.,299.7453718205,300.));
#1602 = VECTOR('',#1603,1.);
#1603 = DIRECTION('',(-1.,0.,0.));
#1604 = PCURVE('',#32,#1605);
#1605 = DEFINITIONAL_REPRESENTATION('',(#1606),#1610);
#1606 = LINE('',#1607,#1608);
#1607 = CARTESIAN_POINT('',(27.,349.7453718205));
#1608 = VECTOR('',#1609,1.);
#1609 = DIRECTION('',(-1.,0.));
#1610 = ( GEOMETRIC_REPRESENTATION_CONTEXT(2) 
PARAMETRIC_REPRESENTATION_CONTEXT() REPRESENTATION_CONTEXT('2D SPACE',''
  ) );
#1611 = PCURVE('',#1612,#1617);
#1612 = PLANE('',#1613);
#1613 = AXIS2_PLACEMENT_3D('',#1614,#1615,#1616);
#1614 = CARTESIAN_POINT('',(-166.,270.66257435151,163.17619535951));
#1615 = DIRECTION('',(0.,0.978147600734,-0.207911690818));
#1616 = DIRECTION('',(0.,0.207911690818,0.978147600734));
#1617 = DEFINITIONAL_REPRESENTATION('',(#1618),#1621);
#1618 = B_SPLINE_CURVE_WITH_KNOTS('',1,(#1619,#1620),.UNSPECIFIED.,.F.,
  .F.,(2,2),(-27.8,-26.2),.PIECEWISE_BEZIER_KNOTS.);
#1619 = CARTESIAN_POINT('',(139.88052982785,0.8));
#1620 = CARTESIAN_POINT('',(139.88052982785,-0.8));
#1621 = ( GEOMETRIC_REPRESENTATION_CONTEXT(2) 
PARAMETRIC_REPRESENTATION_CONTEXT() REPRESENTATION_CONTEXT('2D SPACE',''
  ) );
#1622 = ORIENTED_EDGE('',*,*,#1623,.T.);
#1623 = EDGE_CURVE('',#1597,#24,#1624,.T.);
#1624 = SURFACE_CURVE('',#1625,(#1630,#1637),.PCURVE_S1.);
#1625 = ELLIPSE('',#1626,3.271489903568,3.2);
#1626 = AXIS2_PLACEMENT_3D('',#1627,#1628,#1629);
#1627 = CARTESIAN_POINT('',(-166.8,296.47388191693,300.));
#1628 = DIRECTION('',(0.,0.,1.));
#1629 = DIRECTION('',(0.,1.,-0.));
#1630 = PCURVE('',#32,#1631);
#1631 = DEFINITIONAL_REPRESENTATION('',(#1632),#1636);
#1632 = ELLIPSE('',#1633,3.271489903568,3.2);
#1633 = AXIS2_PLACEMENT_2D('',#1634,#1635);
#1634 = CARTESIAN_POINT('',(53.2,346.47388191693));
#1635 = DIRECTION('',(0.,1.));
#1636 = ( GEOMETRIC_REPRESENTATION_CONTEXT(2) 
PARAMETRIC_REPRESENTATION_CONTEXT() REPRESENTATION_CONTEXT('2D SPACE',''
  ) );
#1637 = PCURVE('',#1638,#1643);
#1638 = CYLINDRICAL_SURFACE('',#1639,3.2);
#1639 = AXIS2_PLACEMENT_3D('',#1640,#1641,#1642);
#1640 = CARTESIAN_POINT('',(-166.8,267.53250202916,163.84151277013));
#1641 = DIRECTION('',(0.,0.207911690818,0.978147600734));
#1642 = DIRECTION('',(0.,0.978147600734,-0.207911690818));
#1643 = DEFINITIONAL_REPRESENTATION('',(#1644),#1653);
#1644 = B_SPLINE_CURVE_WITH_KNOTS('',7,(#1645,#1646,#1647,#1648,#1649,
    #1650,#1651,#1652),.UNSPECIFIED.,.F.,.F.,(8,8),(0.,1.570796326795),
  .PIECEWISE_BEZIER_KNOTS.);
#1645 = CARTESIAN_POINT('',(0.,139.88052982785));
#1646 = CARTESIAN_POINT('',(0.224399475256,139.88052982785));
#1647 = CARTESIAN_POINT('',(0.448798950513,139.84057009713));
#1648 = CARTESIAN_POINT('',(0.673198425769,139.76065643246));
#1649 = CARTESIAN_POINT('',(0.897597901026,139.64569517948));
#1650 = CARTESIAN_POINT('',(1.121997376282,139.50561272848));
#1651 = CARTESIAN_POINT('',(1.346396851538,139.35298108939));
#1652 = CARTESIAN_POINT('',(1.570796326795,139.2003488305));
#1653 = ( GEOMETRIC_REPRESENTATION_CONTEXT(2) 
PARAMETRIC_REPRESENTATION_CONTEXT() REPRESENTATION_CONTEXT('2D SPACE',''
  ) );
#1654 = FACE_BOUND('',#1655,.T.);
#1655 = EDGE_LOOP('',(#1656,#1680,#1708,#1735,#1762));
#1656 = ORIENTED_EDGE('',*,*,#1657,.T.);
#1657 = EDGE_CURVE('',#1658,#1660,#1662,.T.);
#1658 = VERTEX_POINT('',#1659);
#1659 = CARTESIAN_POINT('',(-162.,201.53702609003,300.));
#1660 = VERTEX_POINT('',#1661);
#1661 = CARTESIAN_POINT('',(-162.,204.011312334,300.));
#1662 = SURFACE_CURVE('',#1663,(#1667,#1674),.PCURVE_S1.);
#1663 = LINE('',#1664,#1665);
#1664 = CARTESIAN_POINT('',(-162.,74.566010661909,300.));
#1665 = VECTOR('',#1666,1.);
#1666 = DIRECTION('',(0.,1.,0.));
#1667 = PCURVE('',#32,#1668);
#1668 = DEFINITIONAL_REPRESENTATION('',(#1669),#1673);
#1669 = LINE('',#1670,#1671);
#1670 = CARTESIAN_POINT('',(58.,124.5660106619));
#1671 = VECTOR('',#1672,1.);
#1672 = DIRECTION('',(0.,1.));
#1673 = ( GEOMETRIC_REPRESENTATION_CONTEXT(2) 
PARAMETRIC_REPRESENTATION_CONTEXT() REPRESENTATION_CONTEXT('2D SPACE',''
  ) );
#1674 = PCURVE('',#442,#1675);
#1675 = DEFINITIONAL_REPRESENTATION('',(#1676),#1679);
#1676 = B_SPLINE_CURVE_WITH_KNOTS('',1,(#1677,#1678),.UNSPECIFIED.,.F.,
  .F.,(2,2),(-69.1766924527,261.50308108701),.PIECEWISE_BEZIER_KNOTS.);
#1677 = CARTESIAN_POINT('',(-193.7427031146,132.18574334186));
#1678 = CARTESIAN_POINT('',(136.9370704251,132.18574334186));
#1679 = ( GEOMETRIC_REPRESENTATION_CONTEXT(2) 
PARAMETRIC_REPRESENTATION_CONTEXT() REPRESENTATION_CONTEXT('2D SPACE',''
  ) );
#1680 = ORIENTED_EDGE('',*,*,#1681,.T.);
#1681 = EDGE_CURVE('',#1660,#1682,#1684,.T.);
#1682 = VERTEX_POINT('',#1683);
#1683 = CARTESIAN_POINT('',(-157.,204.011312334,300.));
#1684 = SURFACE_CURVE('',#1685,(#1689,#1696),.PCURVE_S1.);
#1685 = LINE('',#1686,#1687);
#1686 = CARTESIAN_POINT('',(-169.,204.011312334,300.));
#1687 = VECTOR('',#1688,1.);
#1688 = DIRECTION('',(1.,0.,-0.));
#1689 = PCURVE('',#32,#1690);
#1690 = DEFINITIONAL_REPRESENTATION('',(#1691),#1695);
#1691 = LINE('',#1692,#1693);
#1692 = CARTESIAN_POINT('',(51.,254.011312334));
#1693 = VECTOR('',#1694,1.);
#1694 = DIRECTION('',(1.,0.));
#1695 = ( GEOMETRIC_REPRESENTATION_CONTEXT(2) 
PARAMETRIC_REPRESENTATION_CONTEXT() REPRESENTATION_CONTEXT('2D SPACE',''
  ) );
#1696 = PCURVE('',#1697,#1702);
#1697 = PLANE('',#1698);
#1698 = AXIS2_PLACEMENT_3D('',#1699,#1700,#1701);
#1699 = CARTESIAN_POINT('',(-169.,204.011312334,288.));
#1700 = DIRECTION('',(-0.,1.,0.));
#1701 = DIRECTION('',(0.,0.,1.));
#1702 = DEFINITIONAL_REPRESENTATION('',(#1703),#1707);
#1703 = LINE('',#1704,#1705);
#1704 = CARTESIAN_POINT('',(12.,0.));
#1705 = VECTOR('',#1706,1.);
#1706 = DIRECTION('',(0.,1.));
#1707 = ( GEOMETRIC_REPRESENTATION_CONTEXT(2) 
PARAMETRIC_REPRESENTATION_CONTEXT() REPRESENTATION_CONTEXT('2D SPACE',''
  ) );
#1708 = ORIENTED_EDGE('',*,*,#1709,.F.);
#1709 = EDGE_CURVE('',#1710,#1682,#1712,.T.);
#1710 = VERTEX_POINT('',#1711);
#1711 = CARTESIAN_POINT('',(-157.,200.5783341186,300.));
#1712 = SURFACE_CURVE('',#1713,(#1717,#1724),.PCURVE_S1.);
#1713 = LINE('',#1714,#1715);
#1714 = CARTESIAN_POINT('',(-157.,55.716037836633,300.));
#1715 = VECTOR('',#1716,1.);
#1716 = DIRECTION('',(-0.,1.,0.));
#1717 = PCURVE('',#32,#1718);
#1718 = DEFINITIONAL_REPRESENTATION('',(#1719),#1723);
#1719 = LINE('',#1720,#1721);
#1720 = CARTESIAN_POINT('',(63.,105.71603783663));
#1721 = VECTOR('',#1722,1.);
#1722 = DIRECTION('',(0.,1.));
#1723 = ( GEOMETRIC_REPRESENTATION_CONTEXT(2) 
PARAMETRIC_REPRESENTATION_CONTEXT() REPRESENTATION_CONTEXT('2D SPACE',''
  ) );
#1724 = PCURVE('',#1725,#1730);
#1725 = PLANE('',#1726);
#1726 = AXIS2_PLACEMENT_3D('',#1727,#1728,#1729);
#1727 = CARTESIAN_POINT('',(-157.,161.43207567326,118.23620101702));
#1728 = DIRECTION('',(1.,0.,-0.));
#1729 = DIRECTION('',(0.,0.207911690818,0.978147600734));
#1730 = DEFINITIONAL_REPRESENTATION('',(#1731),#1734);
#1731 = B_SPLINE_CURVE_WITH_KNOTS('',1,(#1732,#1733),.UNSPECIFIED.,.F.,
  .F.,(2,2),(144.86229628196,157.13038342034),.PIECEWISE_BEZIER_KNOTS.);
#1732 = CARTESIAN_POINT('',(185.93078865801,-0.5));
#1733 = CARTESIAN_POINT('',(188.48146739805,-12.5));
#1734 = ( GEOMETRIC_REPRESENTATION_CONTEXT(2) 
PARAMETRIC_REPRESENTATION_CONTEXT() REPRESENTATION_CONTEXT('2D SPACE',''
  ) );
#1735 = ORIENTED_EDGE('',*,*,#1736,.F.);
#1736 = EDGE_CURVE('',#1737,#1710,#1739,.T.);
#1737 = VERTEX_POINT('',#1738);
#1738 = CARTESIAN_POINT('',(-158.,200.5783341186,300.));
#1739 = SURFACE_CURVE('',#1740,(#1744,#1751),.PCURVE_S1.);
#1740 = LINE('',#1741,#1742);
#1741 = CARTESIAN_POINT('',(-110.,200.5783341186,300.));
#1742 = VECTOR('',#1743,1.);
#1743 = DIRECTION('',(1.,0.,-0.));
#1744 = PCURVE('',#32,#1745);
#1745 = DEFINITIONAL_REPRESENTATION('',(#1746),#1750);
#1746 = LINE('',#1747,#1748);
#1747 = CARTESIAN_POINT('',(110.,250.5783341186));
#1748 = VECTOR('',#1749,1.);
#1749 = DIRECTION('',(1.,0.));
#1750 = ( GEOMETRIC_REPRESENTATION_CONTEXT(2) 
PARAMETRIC_REPRESENTATION_CONTEXT() REPRESENTATION_CONTEXT('2D SPACE',''
  ) );
#1751 = PCURVE('',#1752,#1757);
#1752 = PLANE('',#1753);
#1753 = AXIS2_PLACEMENT_3D('',#1754,#1755,#1756);
#1754 = CARTESIAN_POINT('',(0.,208.87280705255,339.02242710732));
#1755 = DIRECTION('',(0.,-0.978147600734,0.207911690818));
#1756 = DIRECTION('',(0.,-0.207911690818,-0.978147600734));
#1757 = DEFINITIONAL_REPRESENTATION('',(#1758),#1761);
#1758 = B_SPLINE_CURVE_WITH_KNOTS('',1,(#1759,#1760),.UNSPECIFIED.,.F.,
  .F.,(2,2),(-48.,268.),.PIECEWISE_BEZIER_KNOTS.);
#1759 = CARTESIAN_POINT('',(39.894211341984,-158.));
#1760 = CARTESIAN_POINT('',(39.894211341984,158.));
#1761 = ( GEOMETRIC_REPRESENTATION_CONTEXT(2) 
PARAMETRIC_REPRESENTATION_CONTEXT() REPRESENTATION_CONTEXT('2D SPACE',''
  ) );
#1762 = ORIENTED_EDGE('',*,*,#1763,.F.);
#1763 = EDGE_CURVE('',#1658,#1737,#1764,.T.);
#1764 = SURFACE_CURVE('',#1765,(#1770,#1777),.PCURVE_S1.);
#1765 = ELLIPSE('',#1766,9.201065353785,9.);
#1766 = AXIS2_PLACEMENT_3D('',#1767,#1768,#1769);
#1767 = CARTESIAN_POINT('',(-158.,209.77939947238,300.));
#1768 = DIRECTION('',(0.,0.,1.));
#1769 = DIRECTION('',(0.,-1.,0.));
#1770 = PCURVE('',#32,#1771);
#1771 = DEFINITIONAL_REPRESENTATION('',(#1772),#1776);
#1772 = ELLIPSE('',#1773,9.201065353785,9.);
#1773 = AXIS2_PLACEMENT_2D('',#1774,#1775);
#1774 = CARTESIAN_POINT('',(62.,259.77939947238));
#1775 = DIRECTION('',(0.,-1.));
#1776 = ( GEOMETRIC_REPRESENTATION_CONTEXT(2) 
PARAMETRIC_REPRESENTATION_CONTEXT() REPRESENTATION_CONTEXT('2D SPACE',''
  ) );
#1777 = PCURVE('',#1778,#1783);
#1778 = CYLINDRICAL_SURFACE('',#1779,9.);
#1779 = AXIS2_PLACEMENT_3D('',#1780,#1781,#1782);
#1780 = CARTESIAN_POINT('',(-158.,215.59701855098,327.36974588263));
#1781 = DIRECTION('',(0.,-0.207911690818,-0.978147600734));
#1782 = DIRECTION('',(-1.,-0.,0.));
#1783 = DEFINITIONAL_REPRESENTATION('',(#1784),#1791);
#1784 = B_SPLINE_CURVE_WITH_KNOTS('',5,(#1785,#1786,#1787,#1788,#1789,
    #1790),.UNSPECIFIED.,.F.,.F.,(6,6),(5.822631315498,6.28318530718),
  .PIECEWISE_BEZIER_KNOTS.);
#1785 = CARTESIAN_POINT('',(-1.110242335114,29.69488807323));
#1786 = CARTESIAN_POINT('',(-1.20235313345,29.773203091578));
#1787 = CARTESIAN_POINT('',(-1.294463931786,29.833344152642));
#1788 = CARTESIAN_POINT('',(-1.386574730122,29.873923468525));
#1789 = CARTESIAN_POINT('',(-1.478685528459,29.894211341984));
#1790 = CARTESIAN_POINT('',(-1.570796326795,29.894211341984));
#1791 = ( GEOMETRIC_REPRESENTATION_CONTEXT(2) 
PARAMETRIC_REPRESENTATION_CONTEXT() REPRESENTATION_CONTEXT('2D SPACE',''
  ) );
#1792 = FACE_BOUND('',#1793,.T.);
#1793 = EDGE_LOOP('',(#1794));
#1794 = ORIENTED_EDGE('',*,*,#1795,.F.);
#1795 = EDGE_CURVE('',#1796,#1796,#1798,.T.);
#1796 = VERTEX_POINT('',#1797);
#1797 = CARTESIAN_POINT('',(-160.3,211.011312334,300.));
#1798 = SURFACE_CURVE('',#1799,(#1804,#1811),.PCURVE_S1.);
#1799 = CIRCLE('',#1800,1.7);
#1800 = AXIS2_PLACEMENT_3D('',#1801,#1802,#1803);
#1801 = CARTESIAN_POINT('',(-162.,211.011312334,300.));
#1802 = DIRECTION('',(0.,0.,1.));
#1803 = DIRECTION('',(1.,0.,-0.));
#1804 = PCURVE('',#32,#1805);
#1805 = DEFINITIONAL_REPRESENTATION('',(#1806),#1810);
#1806 = CIRCLE('',#1807,1.7);
#1807 = AXIS2_PLACEMENT_2D('',#1808,#1809);
#1808 = CARTESIAN_POINT('',(58.,261.011312334));
#1809 = DIRECTION('',(1.,0.));
#1810 = ( GEOMETRIC_REPRESENTATION_CONTEXT(2) 
PARAMETRIC_REPRESENTATION_CONTEXT() REPRESENTATION_CONTEXT('2D SPACE',''
  ) );
#1811 = PCURVE('',#1812,#1817);
#1812 = CYLINDRICAL_SURFACE('',#1813,1.7);
#1813 = AXIS2_PLACEMENT_3D('',#1814,#1815,#1816);
#1814 = CARTESIAN_POINT('',(-162.,211.011312334,287.));
#1815 = DIRECTION('',(0.,0.,1.));
#1816 = DIRECTION('',(1.,0.,-0.));
#1817 = DEFINITIONAL_REPRESENTATION('',(#1818),#1822);
#1818 = LINE('',#1819,#1820);
#1819 = CARTESIAN_POINT('',(0.,13.));
#1820 = VECTOR('',#1821,1.);
#1821 = DIRECTION('',(1.,0.));
#1822 = ( GEOMETRIC_REPRESENTATION_CONTEXT(2) 
PARAMETRIC_REPRESENTATION_CONTEXT() REPRESENTATION_CONTEXT('2D SPACE',''
  ) );
#1823 = FACE_BOUND('',#1824,.T.);
#1824 = EDGE_LOOP('',(#1825,#1854,#1882,#1904,#1936));
#1825 = ORIENTED_EDGE('',*,*,#1826,.T.);
#1826 = EDGE_CURVE('',#1827,#1829,#1831,.T.);
#1827 = VERTEX_POINT('',#1828);
#1828 = CARTESIAN_POINT('',(157.,200.5783341186,300.));
#1829 = VERTEX_POINT('',#1830);
#1830 = CARTESIAN_POINT('',(157.,204.011312334,300.));
#1831 = SURFACE_CURVE('',#1832,(#1836,#1843),.PCURVE_S1.);
#1832 = LINE('',#1833,#1834);
#1833 = CARTESIAN_POINT('',(157.,55.716037836633,300.));
#1834 = VECTOR('',#1835,1.);
#1835 = DIRECTION('',(-0.,1.,0.));
#1836 = PCURVE('',#32,#1837);
#1837 = DEFINITIONAL_REPRESENTATION('',(#1838),#1842);
#1838 = LINE('',#1839,#1840);
#1839 = CARTESIAN_POINT('',(377.,105.71603783663));
#1840 = VECTOR('',#1841,1.);
#1841 = DIRECTION('',(0.,1.));
#1842 = ( GEOMETRIC_REPRESENTATION_CONTEXT(2) 
PARAMETRIC_REPRESENTATION_CONTEXT() REPRESENTATION_CONTEXT('2D SPACE',''
  ) );
#1843 = PCURVE('',#1844,#1849);
#1844 = PLANE('',#1845);
#1845 = AXIS2_PLACEMENT_3D('',#1846,#1847,#1848);
#1846 = CARTESIAN_POINT('',(157.,161.43207567326,118.23620101702));
#1847 = DIRECTION('',(1.,0.,-0.));
#1848 = DIRECTION('',(0.,0.207911690818,0.978147600734));
#1849 = DEFINITIONAL_REPRESENTATION('',(#1850),#1853);
#1850 = B_SPLINE_CURVE_WITH_KNOTS('',1,(#1851,#1852),.UNSPECIFIED.,.F.,
  .F.,(2,2),(144.86229628196,157.13038342034),.PIECEWISE_BEZIER_KNOTS.);
#1851 = CARTESIAN_POINT('',(185.93078865801,-0.5));
#1852 = CARTESIAN_POINT('',(188.48146739805,-12.5));
#1853 = ( GEOMETRIC_REPRESENTATION_CONTEXT(2) 
PARAMETRIC_REPRESENTATION_CONTEXT() REPRESENTATION_CONTEXT('2D SPACE',''
  ) );
#1854 = ORIENTED_EDGE('',*,*,#1855,.T.);
#1855 = EDGE_CURVE('',#1829,#1856,#1858,.T.);
#1856 = VERTEX_POINT('',#1857);
#1857 = CARTESIAN_POINT('',(162.,204.011312334,300.));
#1858 = SURFACE_CURVE('',#1859,(#1863,#1870),.PCURVE_S1.);
#1859 = LINE('',#1860,#1861);
#1860 = CARTESIAN_POINT('',(155.,204.011312334,300.));
#1861 = VECTOR('',#1862,1.);
#1862 = DIRECTION('',(1.,0.,-0.));
#1863 = PCURVE('',#32,#1864);
#1864 = DEFINITIONAL_REPRESENTATION('',(#1865),#1869);
#1865 = LINE('',#1866,#1867);
#1866 = CARTESIAN_POINT('',(375.,254.011312334));
#1867 = VECTOR('',#1868,1.);
#1868 = DIRECTION('',(1.,0.));
#1869 = ( GEOMETRIC_REPRESENTATION_CONTEXT(2) 
PARAMETRIC_REPRESENTATION_CONTEXT() REPRESENTATION_CONTEXT('2D SPACE',''
  ) );
#1870 = PCURVE('',#1871,#1876);
#1871 = PLANE('',#1872);
#1872 = AXIS2_PLACEMENT_3D('',#1873,#1874,#1875);
#1873 = CARTESIAN_POINT('',(155.,204.011312334,288.));
#1874 = DIRECTION('',(-0.,1.,0.));
#1875 = DIRECTION('',(0.,0.,1.));
#1876 = DEFINITIONAL_REPRESENTATION('',(#1877),#1881);
#1877 = LINE('',#1878,#1879);
#1878 = CARTESIAN_POINT('',(12.,0.));
#1879 = VECTOR('',#1880,1.);
#1880 = DIRECTION('',(0.,1.));
#1881 = ( GEOMETRIC_REPRESENTATION_CONTEXT(2) 
PARAMETRIC_REPRESENTATION_CONTEXT() REPRESENTATION_CONTEXT('2D SPACE',''
  ) );
#1882 = ORIENTED_EDGE('',*,*,#1883,.F.);
#1883 = EDGE_CURVE('',#1884,#1856,#1886,.T.);
#1884 = VERTEX_POINT('',#1885);
#1885 = CARTESIAN_POINT('',(162.,201.53702609003,300.));
#1886 = SURFACE_CURVE('',#1887,(#1891,#1898),.PCURVE_S1.);
#1887 = LINE('',#1888,#1889);
#1888 = CARTESIAN_POINT('',(162.,74.566010661909,300.));
#1889 = VECTOR('',#1890,1.);
#1890 = DIRECTION('',(0.,1.,0.));
#1891 = PCURVE('',#32,#1892);
#1892 = DEFINITIONAL_REPRESENTATION('',(#1893),#1897);
#1893 = LINE('',#1894,#1895);
#1894 = CARTESIAN_POINT('',(382.,124.5660106619));
#1895 = VECTOR('',#1896,1.);
#1896 = DIRECTION('',(0.,1.));
#1897 = ( GEOMETRIC_REPRESENTATION_CONTEXT(2) 
PARAMETRIC_REPRESENTATION_CONTEXT() REPRESENTATION_CONTEXT('2D SPACE',''
  ) );
#1898 = PCURVE('',#878,#1899);
#1899 = DEFINITIONAL_REPRESENTATION('',(#1900),#1903);
#1900 = B_SPLINE_CURVE_WITH_KNOTS('',1,(#1901,#1902),.UNSPECIFIED.,.F.,
  .F.,(2,2),(-69.17634586862,261.50308108701),.PIECEWISE_BEZIER_KNOTS.);
#1901 = CARTESIAN_POINT('',(-193.7423565305,132.18574334186));
#1902 = CARTESIAN_POINT('',(136.9370704251,132.18574334186));
#1903 = ( GEOMETRIC_REPRESENTATION_CONTEXT(2) 
PARAMETRIC_REPRESENTATION_CONTEXT() REPRESENTATION_CONTEXT('2D SPACE',''
  ) );
#1904 = ORIENTED_EDGE('',*,*,#1905,.F.);
#1905 = EDGE_CURVE('',#1906,#1884,#1908,.T.);
#1906 = VERTEX_POINT('',#1907);
#1907 = CARTESIAN_POINT('',(158.,200.5783341186,300.));
#1908 = SURFACE_CURVE('',#1909,(#1914,#1921),.PCURVE_S1.);
#1909 = ELLIPSE('',#1910,9.201065353785,9.);
#1910 = AXIS2_PLACEMENT_3D('',#1911,#1912,#1913);
#1911 = CARTESIAN_POINT('',(158.,209.77939947238,300.));
#1912 = DIRECTION('',(0.,0.,1.));
#1913 = DIRECTION('',(0.,-1.,0.));
#1914 = PCURVE('',#32,#1915);
#1915 = DEFINITIONAL_REPRESENTATION('',(#1916),#1920);
#1916 = ELLIPSE('',#1917,9.201065353785,9.);
#1917 = AXIS2_PLACEMENT_2D('',#1918,#1919);
#1918 = CARTESIAN_POINT('',(378.,259.77939947238));
#1919 = DIRECTION('',(0.,-1.));
#1920 = ( GEOMETRIC_REPRESENTATION_CONTEXT(2) 
PARAMETRIC_REPRESENTATION_CONTEXT() REPRESENTATION_CONTEXT('2D SPACE',''
  ) );
#1921 = PCURVE('',#1922,#1927);
#1922 = CYLINDRICAL_SURFACE('',#1923,9.);
#1923 = AXIS2_PLACEMENT_3D('',#1924,#1925,#1926);
#1924 = CARTESIAN_POINT('',(158.,215.59701855098,327.36974588263));
#1925 = DIRECTION('',(0.,-0.207911690818,-0.978147600734));
#1926 = DIRECTION('',(0.,-0.978147600734,0.207911690818));
#1927 = DEFINITIONAL_REPRESENTATION('',(#1928),#1935);
#1928 = B_SPLINE_CURVE_WITH_KNOTS('',5,(#1929,#1930,#1931,#1932,#1933,
    #1934),.UNSPECIFIED.,.F.,.F.,(6,6),(0.,0.460553991681),
  .PIECEWISE_BEZIER_KNOTS.);
#1929 = CARTESIAN_POINT('',(0.,29.894211341984));
#1930 = CARTESIAN_POINT('',(-9.211079833626E-02,29.894211341984));
#1931 = CARTESIAN_POINT('',(-0.184221596673,29.873923468525));
#1932 = CARTESIAN_POINT('',(-0.276332395009,29.833344152642));
#1933 = CARTESIAN_POINT('',(-0.368443193345,29.773203091578));
#1934 = CARTESIAN_POINT('',(-0.460553991681,29.69488807323));
#1935 = ( GEOMETRIC_REPRESENTATION_CONTEXT(2) 
PARAMETRIC_REPRESENTATION_CONTEXT() REPRESENTATION_CONTEXT('2D SPACE',''
  ) );
#1936 = ORIENTED_EDGE('',*,*,#1937,.F.);
#1937 = EDGE_CURVE('',#1827,#1906,#1938,.T.);
#1938 = SURFACE_CURVE('',#1939,(#1943,#1950),.PCURVE_S1.);
#1939 = LINE('',#1940,#1941);
#1940 = CARTESIAN_POINT('',(-110.,200.5783341186,300.));
#1941 = VECTOR('',#1942,1.);
#1942 = DIRECTION('',(1.,0.,-0.));
#1943 = PCURVE('',#32,#1944);
#1944 = DEFINITIONAL_REPRESENTATION('',(#1945),#1949);
#1945 = LINE('',#1946,#1947);
#1946 = CARTESIAN_POINT('',(110.,250.5783341186));
#1947 = VECTOR('',#1948,1.);
#1948 = DIRECTION('',(1.,0.));
#1949 = ( GEOMETRIC_REPRESENTATION_CONTEXT(2) 
PARAMETRIC_REPRESENTATION_CONTEXT() REPRESENTATION_CONTEXT('2D SPACE',''
  ) );
#1950 = PCURVE('',#1951,#1956);
#1951 = PLANE('',#1952);
#1952 = AXIS2_PLACEMENT_3D('',#1953,#1954,#1955);
#1953 = CARTESIAN_POINT('',(0.,208.87280705255,339.02242710732));
#1954 = DIRECTION('',(0.,-0.978147600734,0.207911690818));
#1955 = DIRECTION('',(0.,-0.207911690818,-0.978147600734));
#1956 = DEFINITIONAL_REPRESENTATION('',(#1957),#1960);
#1957 = B_SPLINE_CURVE_WITH_KNOTS('',1,(#1958,#1959),.UNSPECIFIED.,.F.,
  .F.,(2,2),(-48.,268.),.PIECEWISE_BEZIER_KNOTS.);
#1958 = CARTESIAN_POINT('',(39.894211341984,-158.));
#1959 = CARTESIAN_POINT('',(39.894211341984,158.));
#1960 = ( GEOMETRIC_REPRESENTATION_CONTEXT(2) 
PARAMETRIC_REPRESENTATION_CONTEXT() REPRESENTATION_CONTEXT('2D SPACE',''
  ) );
#1961 = FACE_BOUND('',#1962,.T.);
#1962 = EDGE_LOOP('',(#1963));
#1963 = ORIENTED_EDGE('',*,*,#1964,.F.);
#1964 = EDGE_CURVE('',#1965,#1965,#1967,.T.);
#1965 = VERTEX_POINT('',#1966);
#1966 = CARTESIAN_POINT('',(163.7,211.011312334,300.));
#1967 = SURFACE_CURVE('',#1968,(#1973,#1980),.PCURVE_S1.);
#1968 = CIRCLE('',#1969,1.7);
#1969 = AXIS2_PLACEMENT_3D('',#1970,#1971,#1972);
#1970 = CARTESIAN_POINT('',(162.,211.011312334,300.));
#1971 = DIRECTION('',(0.,0.,1.));
#1972 = DIRECTION('',(1.,0.,-0.));
#1973 = PCURVE('',#32,#1974);
#1974 = DEFINITIONAL_REPRESENTATION('',(#1975),#1979);
#1975 = CIRCLE('',#1976,1.7);
#1976 = AXIS2_PLACEMENT_2D('',#1977,#1978);
#1977 = CARTESIAN_POINT('',(382.,261.011312334));
#1978 = DIRECTION('',(1.,0.));
#1979 = ( GEOMETRIC_REPRESENTATION_CONTEXT(2) 
PARAMETRIC_REPRESENTATION_CONTEXT() REPRESENTATION_CONTEXT('2D SPACE',''
  ) );
#1980 = PCURVE('',#1981,#1986);
#1981 = CYLINDRICAL_SURFACE('',#1982,1.7);
#1982 = AXIS2_PLACEMENT_3D('',#1983,#1984,#1985);
#1983 = CARTESIAN_POINT('',(162.,211.011312334,287.));
#1984 = DIRECTION('',(0.,0.,1.));
#1985 = DIRECTION('',(1.,0.,-0.));
#1986 = DEFINITIONAL_REPRESENTATION('',(#1987),#1991);
#1987 = LINE('',#1988,#1989);
#1988 = CARTESIAN_POINT('',(0.,13.));
#1989 = VECTOR('',#1990,1.);
#1990 = DIRECTION('',(1.,0.));
#1991 = ( GEOMETRIC_REPRESENTATION_CONTEXT(2) 
PARAMETRIC_REPRESENTATION_CONTEXT() REPRESENTATION_CONTEXT('2D SPACE',''
  ) );
#1992 = FACE_BOUND('',#1993,.T.);
#1993 = EDGE_LOOP('',(#1994));
#1994 = ORIENTED_EDGE('',*,*,#1995,.F.);
#1995 = EDGE_CURVE('',#1996,#1996,#1998,.T.);
#1996 = VERTEX_POINT('',#1997);
#1997 = CARTESIAN_POINT('',(-158.8,275.,300.));
#1998 = SURFACE_CURVE('',#1999,(#2004,#2011),.PCURVE_S1.);
#1999 = CIRCLE('',#2000,1.7);
#2000 = AXIS2_PLACEMENT_3D('',#2001,#2002,#2003);
#2001 = CARTESIAN_POINT('',(-160.5,275.,300.));
#2002 = DIRECTION('',(0.,0.,1.));
#2003 = DIRECTION('',(1.,0.,-0.));
#2004 = PCURVE('',#32,#2005);
#2005 = DEFINITIONAL_REPRESENTATION('',(#2006),#2010);
#2006 = CIRCLE('',#2007,1.7);
#2007 = AXIS2_PLACEMENT_2D('',#2008,#2009);
#2008 = CARTESIAN_POINT('',(59.5,325.));
#2009 = DIRECTION('',(1.,0.));
#2010 = ( GEOMETRIC_REPRESENTATION_CONTEXT(2) 
PARAMETRIC_REPRESENTATION_CONTEXT() REPRESENTATION_CONTEXT('2D SPACE',''
  ) );
#2011 = PCURVE('',#2012,#2017);
#2012 = CYLINDRICAL_SURFACE('',#2013,1.7);
#2013 = AXIS2_PLACEMENT_3D('',#2014,#2015,#2016);
#2014 = CARTESIAN_POINT('',(-160.5,275.,287.));
#2015 = DIRECTION('',(0.,0.,1.));
#2016 = DIRECTION('',(1.,0.,-0.));
#2017 = DEFINITIONAL_REPRESENTATION('',(#2018),#2022);
#2018 = LINE('',#2019,#2020);
#2019 = CARTESIAN_POINT('',(0.,13.));
#2020 = VECTOR('',#2021,1.);
#2021 = DIRECTION('',(1.,0.));
#2022 = ( GEOMETRIC_REPRESENTATION_CONTEXT(2) 
PARAMETRIC_REPRESENTATION_CONTEXT() REPRESENTATION_CONTEXT('2D SPACE',''
  ) );
#2023 = FACE_BOUND('',#2024,.T.);
#2024 = EDGE_LOOP('',(#2025));
#2025 = ORIENTED_EDGE('',*,*,#2026,.F.);
#2026 = EDGE_CURVE('',#2027,#2027,#2029,.T.);
#2027 = VERTEX_POINT('',#2028);
#2028 = CARTESIAN_POINT('',(-143.3,290.2453718205,300.));
#2029 = SURFACE_CURVE('',#2030,(#2035,#2042),.PCURVE_S1.);
#2030 = CIRCLE('',#2031,1.7);
#2031 = AXIS2_PLACEMENT_3D('',#2032,#2033,#2034);
#2032 = CARTESIAN_POINT('',(-145.,290.2453718205,300.));
#2033 = DIRECTION('',(0.,0.,1.));
#2034 = DIRECTION('',(1.,0.,-0.));
#2035 = PCURVE('',#32,#2036);
#2036 = DEFINITIONAL_REPRESENTATION('',(#2037),#2041);
#2037 = CIRCLE('',#2038,1.7);
#2038 = AXIS2_PLACEMENT_2D('',#2039,#2040);
#2039 = CARTESIAN_POINT('',(75.,340.2453718205));
#2040 = DIRECTION('',(1.,0.));
#2041 = ( GEOMETRIC_REPRESENTATION_CONTEXT(2) 
PARAMETRIC_REPRESENTATION_CONTEXT() REPRESENTATION_CONTEXT('2D SPACE',''
  ) );
#2042 = PCURVE('',#2043,#2048);
#2043 = CYLINDRICAL_SURFACE('',#2044,1.7);
#2044 = AXIS2_PLACEMENT_3D('',#2045,#2046,#2047);
#2045 = CARTESIAN_POINT('',(-145.,290.2453718205,287.));
#2046 = DIRECTION('',(0.,0.,1.));
#2047 = DIRECTION('',(1.,0.,-0.));
#2048 = DEFINITIONAL_REPRESENTATION('',(#2049),#2053);
#2049 = LINE('',#2050,#2051);
#2050 = CARTESIAN_POINT('',(0.,13.));
#2051 = VECTOR('',#2052,1.);
#2052 = DIRECTION('',(1.,0.));
#2053 = ( GEOMETRIC_REPRESENTATION_CONTEXT(2) 
PARAMETRIC_REPRESENTATION_CONTEXT() REPRESENTATION_CONTEXT('2D SPACE',''
  ) );
#2054 = FACE_BOUND('',#2055,.T.);
#2055 = EDGE_LOOP('',(#2056));
#2056 = ORIENTED_EDGE('',*,*,#2057,.F.);
#2057 = EDGE_CURVE('',#2058,#2058,#2060,.T.);
#2058 = VERTEX_POINT('',#2059);
#2059 = CARTESIAN_POINT('',(162.2,275.,300.));
#2060 = SURFACE_CURVE('',#2061,(#2066,#2073),.PCURVE_S1.);
#2061 = CIRCLE('',#2062,1.7);
#2062 = AXIS2_PLACEMENT_3D('',#2063,#2064,#2065);
#2063 = CARTESIAN_POINT('',(160.5,275.,300.));
#2064 = DIRECTION('',(0.,0.,1.));
#2065 = DIRECTION('',(1.,0.,-0.));
#2066 = PCURVE('',#32,#2067);
#2067 = DEFINITIONAL_REPRESENTATION('',(#2068),#2072);
#2068 = CIRCLE('',#2069,1.7);
#2069 = AXIS2_PLACEMENT_2D('',#2070,#2071);
#2070 = CARTESIAN_POINT('',(380.5,325.));
#2071 = DIRECTION('',(1.,0.));
#2072 = ( GEOMETRIC_REPRESENTATION_CONTEXT(2) 
PARAMETRIC_REPRESENTATION_CONTEXT() REPRESENTATION_CONTEXT('2D SPACE',''
  ) );
#2073 = PCURVE('',#2074,#2079);
#2074 = CYLINDRICAL_SURFACE('',#2075,1.7);
#2075 = AXIS2_PLACEMENT_3D('',#2076,#2077,#2078);
#2076 = CARTESIAN_POINT('',(160.5,275.,287.));
#2077 = DIRECTION('',(0.,0.,1.));
#2078 = DIRECTION('',(1.,0.,-0.));
#2079 = DEFINITIONAL_REPRESENTATION('',(#2080),#2084);
#2080 = LINE('',#2081,#2082);
#2081 = CARTESIAN_POINT('',(0.,13.));
#2082 = VECTOR('',#2083,1.);
#2083 = DIRECTION('',(1.,0.));
#2084 = ( GEOMETRIC_REPRESENTATION_CONTEXT(2) 
PARAMETRIC_REPRESENTATION_CONTEXT() REPRESENTATION_CONTEXT('2D SPACE',''
  ) );
#2085 = FACE_BOUND('',#2086,.T.);
#2086 = EDGE_LOOP('',(#2087));
#2087 = ORIENTED_EDGE('',*,*,#2088,.F.);
#2088 = EDGE_CURVE('',#2089,#2089,#2091,.T.);
#2089 = VERTEX_POINT('',#2090);
#2090 = CARTESIAN_POINT('',(146.7,290.2453718205,300.));
#2091 = SURFACE_CURVE('',#2092,(#2097,#2104),.PCURVE_S1.);
#2092 = CIRCLE('',#2093,1.7);
#2093 = AXIS2_PLACEMENT_3D('',#2094,#2095,#2096);
#2094 = CARTESIAN_POINT('',(145.,290.2453718205,300.));
#2095 = DIRECTION('',(0.,0.,1.));
#2096 = DIRECTION('',(1.,0.,-0.));
#2097 = PCURVE('',#32,#2098);
#2098 = DEFINITIONAL_REPRESENTATION('',(#2099),#2103);
#2099 = CIRCLE('',#2100,1.7);
#2100 = AXIS2_PLACEMENT_2D('',#2101,#2102);
#2101 = CARTESIAN_POINT('',(365.,340.2453718205));
#2102 = DIRECTION('',(1.,0.));
#2103 = ( GEOMETRIC_REPRESENTATION_CONTEXT(2) 
PARAMETRIC_REPRESENTATION_CONTEXT() REPRESENTATION_CONTEXT('2D SPACE',''
  ) );
#2104 = PCURVE('',#2105,#2110);
#2105 = CYLINDRICAL_SURFACE('',#2106,1.7);
#2106 = AXIS2_PLACEMENT_3D('',#2107,#2108,#2109);
#2107 = CARTESIAN_POINT('',(145.,290.2453718205,287.));
#2108 = DIRECTION('',(0.,0.,1.));
#2109 = DIRECTION('',(1.,0.,-0.));
#2110 = DEFINITIONAL_REPRESENTATION('',(#2111),#2115);
#2111 = LINE('',#2112,#2113);
#2112 = CARTESIAN_POINT('',(0.,13.));
#2113 = VECTOR('',#2114,1.);
#2114 = DIRECTION('',(1.,0.));
#2115 = ( GEOMETRIC_REPRESENTATION_CONTEXT(2) 
PARAMETRIC_REPRESENTATION_CONTEXT() REPRESENTATION_CONTEXT('2D SPACE',''
  ) );
#2116 = ADVANCED_FACE('',(#2117),#44,.F.);
#2117 = FACE_BOUND('',#2118,.F.);
#2118 = EDGE_LOOP('',(#2119,#2120,#2143,#2170,#2198,#2231));
#2119 = ORIENTED_EDGE('',*,*,#21,.F.);
#2120 = ORIENTED_EDGE('',*,*,#2121,.T.);
#2121 = EDGE_CURVE('',#22,#2122,#2124,.T.);
#2122 = VERTEX_POINT('',#2123);
#2123 = CARTESIAN_POINT('',(-170.,163.58540394531,125.));
#2124 = SURFACE_CURVE('',#2125,(#2129,#2136),.PCURVE_S1.);
#2125 = LINE('',#2126,#2127);
#2126 = CARTESIAN_POINT('',(-170.,209.06843657269,338.98084476916));
#2127 = VECTOR('',#2128,1.);
#2128 = DIRECTION('',(0.,-0.207911690818,-0.978147600734));
#2129 = PCURVE('',#44,#2130);
#2130 = DEFINITIONAL_REPRESENTATION('',(#2131),#2135);
#2131 = LINE('',#2132,#2133);
#2132 = CARTESIAN_POINT('',(7.518689384777,171.0647487258));
#2133 = VECTOR('',#2134,1.);
#2134 = DIRECTION('',(-0.207911690818,-0.978147600734));
#2135 = ( GEOMETRIC_REPRESENTATION_CONTEXT(2) 
PARAMETRIC_REPRESENTATION_CONTEXT() REPRESENTATION_CONTEXT('2D SPACE',''
  ) );
#2136 = PCURVE('',#72,#2137);
#2137 = DEFINITIONAL_REPRESENTATION('',(#2138),#2142);
#2138 = LINE('',#2139,#2140);
#2139 = CARTESIAN_POINT('',(1.570796326795,0.));
#2140 = VECTOR('',#2141,1.);
#2141 = DIRECTION('',(0.,1.));
#2142 = ( GEOMETRIC_REPRESENTATION_CONTEXT(2) 
PARAMETRIC_REPRESENTATION_CONTEXT() REPRESENTATION_CONTEXT('2D SPACE',''
  ) );
#2143 = ORIENTED_EDGE('',*,*,#2144,.T.);
#2144 = EDGE_CURVE('',#2122,#2145,#2147,.T.);
#2145 = VERTEX_POINT('',#2146);
#2146 = CARTESIAN_POINT('',(-170.,309.12853688993,125.));
#2147 = SURFACE_CURVE('',#2148,(#2152,#2158),.PCURVE_S1.);
#2148 = LINE('',#2149,#2150);
#2149 = CARTESIAN_POINT('',(-170.,75.774873593961,125.));
#2150 = VECTOR('',#2151,1.);
#2151 = DIRECTION('',(0.,1.,0.));
#2152 = PCURVE('',#44,#2153);
#2153 = DEFINITIONAL_REPRESENTATION('',(#2154),#2157);
#2154 = B_SPLINE_CURVE_WITH_KNOTS('',1,(#2155,#2156),.UNSPECIFIED.,.F.,
  .F.,(2,2),(-79.08468385223,261.02512640603),.PIECEWISE_BEZIER_KNOTS.);
#2155 = CARTESIAN_POINT('',(-204.8595574461,-42.91609604335));
#2156 = CARTESIAN_POINT('',(135.25025281207,-42.91609604335));
#2157 = ( GEOMETRIC_REPRESENTATION_CONTEXT(2) 
PARAMETRIC_REPRESENTATION_CONTEXT() REPRESENTATION_CONTEXT('2D SPACE',''
  ) );
#2158 = PCURVE('',#2159,#2164);
#2159 = PLANE('',#2160);
#2160 = AXIS2_PLACEMENT_3D('',#2161,#2162,#2163);
#2161 = CARTESIAN_POINT('',(-220.,-50.,125.));
#2162 = DIRECTION('',(0.,0.,1.));
#2163 = DIRECTION('',(1.,0.,-0.));
#2164 = DEFINITIONAL_REPRESENTATION('',(#2165),#2169);
#2165 = LINE('',#2166,#2167);
#2166 = CARTESIAN_POINT('',(50.,125.77487359396));
#2167 = VECTOR('',#2168,1.);
#2168 = DIRECTION('',(0.,1.));
#2169 = ( GEOMETRIC_REPRESENTATION_CONTEXT(2) 
PARAMETRIC_REPRESENTATION_CONTEXT() REPRESENTATION_CONTEXT('2D SPACE',''
  ) );
#2170 = ORIENTED_EDGE('',*,*,#2171,.T.);
#2171 = EDGE_CURVE('',#2145,#2172,#2174,.T.);
#2172 = VERTEX_POINT('',#2173);
#2173 = CARTESIAN_POINT('',(-170.,287.78298413412,130.74858485797));
#2174 = SURFACE_CURVE('',#2175,(#2179,#2186),.PCURVE_S1.);
#2175 = LINE('',#2176,#2177);
#2176 = CARTESIAN_POINT('',(-170.,320.66898970713,121.89203305822));
#2177 = VECTOR('',#2178,1.);
#2178 = DIRECTION('',(0.,-0.965596390966,0.26004539941));
#2179 = PCURVE('',#44,#2180);
#2180 = DEFINITIONAL_REPRESENTATION('',(#2181),#2185);
#2181 = LINE('',#2182,#2183);
#2182 = CARTESIAN_POINT('',(119.11924251921,-46.02406298513));
#2183 = VECTOR('',#2184,1.);
#2184 = DIRECTION('',(-0.965596390966,0.26004539941));
#2185 = ( GEOMETRIC_REPRESENTATION_CONTEXT(2) 
PARAMETRIC_REPRESENTATION_CONTEXT() REPRESENTATION_CONTEXT('2D SPACE',''
  ) );
#2186 = PCURVE('',#2187,#2192);
#2187 = CYLINDRICAL_SURFACE('',#2188,3.2);
#2188 = AXIS2_PLACEMENT_3D('',#2189,#2190,#2191);
#2189 = CARTESIAN_POINT('',(-166.8,320.66898970713,121.89203305822));
#2190 = DIRECTION('',(0.,-0.965596390966,0.26004539941));
#2191 = DIRECTION('',(-0.,0.26004539941,0.965596390966));
#2192 = DEFINITIONAL_REPRESENTATION('',(#2193),#2197);
#2193 = LINE('',#2194,#2195);
#2194 = CARTESIAN_POINT('',(1.570796326795,0.));
#2195 = VECTOR('',#2196,1.);
#2196 = DIRECTION('',(0.,1.));
#2197 = ( GEOMETRIC_REPRESENTATION_CONTEXT(2) 
PARAMETRIC_REPRESENTATION_CONTEXT() REPRESENTATION_CONTEXT('2D SPACE',''
  ) );
#2198 = ORIENTED_EDGE('',*,*,#2199,.T.);
#2199 = EDGE_CURVE('',#2172,#2200,#2202,.T.);
#2200 = VERTEX_POINT('',#2201);
#2201 = CARTESIAN_POINT('',(-170.,267.53250205679,163.84151276425));
#2202 = SURFACE_CURVE('',#2203,(#2208,#2219),.PCURVE_S1.);
#2203 = CIRCLE('',#2204,28.2);
#2204 = AXIS2_PLACEMENT_3D('',#2205,#2206,#2207);
#2205 = CARTESIAN_POINT('',(-170.,295.11626439748,157.97840308319));
#2206 = DIRECTION('',(-1.,-0.,0.));
#2207 = DIRECTION('',(0.,-0.26004539941,-0.965596390966));
#2208 = PCURVE('',#44,#2209);
#2209 = DEFINITIONAL_REPRESENTATION('',(#2210),#2218);
#2210 = ( BOUNDED_CURVE() B_SPLINE_CURVE(2,(#2211,#2212,#2213,#2214,
#2215,#2216,#2217),.UNSPECIFIED.,.T.,.F.) B_SPLINE_CURVE_WITH_KNOTS((1,2
    ,2,2,2,1),(-2.094395102393,0.,2.094395102393,4.188790204786,
6.28318530718,8.377580409573),.UNSPECIFIED.) CURVE() 
GEOMETRIC_REPRESENTATION_ITEM() RATIONAL_B_SPLINE_CURVE((1.,0.5,1.,0.5,
1.,0.5,1.)) REPRESENTATION_ITEM('') );
#2211 = CARTESIAN_POINT('',(86.233236946198,-37.16751118538));
#2212 = CARTESIAN_POINT('',(39.069808299238,-24.4658971831));
#2213 = CARTESIAN_POINT('',(73.651443017762,10.028023153597));
#2214 = CARTESIAN_POINT('',(108.23307773628,44.521943490297));
#2215 = CARTESIAN_POINT('',(120.81487166472,-2.673590848689));
#2216 = CARTESIAN_POINT('',(133.39666559315,-49.86912518767));
#2217 = CARTESIAN_POINT('',(86.233236946198,-37.16751118538));
#2218 = ( GEOMETRIC_REPRESENTATION_CONTEXT(2) 
PARAMETRIC_REPRESENTATION_CONTEXT() REPRESENTATION_CONTEXT('2D SPACE',''
  ) );
#2219 = PCURVE('',#2220,#2225);
#2220 = TOROIDAL_SURFACE('',#2221,28.2,3.2);
#2221 = AXIS2_PLACEMENT_3D('',#2222,#2223,#2224);
#2222 = CARTESIAN_POINT('',(-166.8,295.11626439748,157.97840308319));
#2223 = DIRECTION('',(1.,0.,0.));
#2224 = DIRECTION('',(0.,-0.26004539941,-0.965596390966));
#2225 = DEFINITIONAL_REPRESENTATION('',(#2226),#2230);
#2226 = LINE('',#2227,#2228);
#2227 = CARTESIAN_POINT('',(-0.,4.712388980385));
#2228 = VECTOR('',#2229,1.);
#2229 = DIRECTION('',(-1.,0.));
#2230 = ( GEOMETRIC_REPRESENTATION_CONTEXT(2) 
PARAMETRIC_REPRESENTATION_CONTEXT() REPRESENTATION_CONTEXT('2D SPACE',''
  ) );
#2231 = ORIENTED_EDGE('',*,*,#2232,.T.);
#2232 = EDGE_CURVE('',#2200,#24,#2233,.T.);
#2233 = SURFACE_CURVE('',#2234,(#2238,#2245),.PCURVE_S1.);
#2234 = LINE('',#2235,#2236);
#2235 = CARTESIAN_POINT('',(-170.,267.53250202916,163.84151277013));
#2236 = VECTOR('',#2237,1.);
#2237 = DIRECTION('',(0.,0.207911690818,0.978147600734));
#2238 = PCURVE('',#44,#2239);
#2239 = DEFINITIONAL_REPRESENTATION('',(#2240),#2244);
#2240 = LINE('',#2241,#2242);
#2241 = CARTESIAN_POINT('',(65.982754841244,-4.074583273228));
#2242 = VECTOR('',#2243,1.);
#2243 = DIRECTION('',(0.207911690818,0.978147600734));
#2244 = ( GEOMETRIC_REPRESENTATION_CONTEXT(2) 
PARAMETRIC_REPRESENTATION_CONTEXT() REPRESENTATION_CONTEXT('2D SPACE',''
  ) );
#2245 = PCURVE('',#1638,#2246);
#2246 = DEFINITIONAL_REPRESENTATION('',(#2247),#2251);
#2247 = LINE('',#2248,#2249);
#2248 = CARTESIAN_POINT('',(1.570796326795,0.));
#2249 = VECTOR('',#2250,1.);
#2250 = DIRECTION('',(0.,1.));
#2251 = ( GEOMETRIC_REPRESENTATION_CONTEXT(2) 
PARAMETRIC_REPRESENTATION_CONTEXT() REPRESENTATION_CONTEXT('2D SPACE',''
  ) );
#2252 = ADVANCED_FACE('',(#2253),#72,.T.);
#2253 = FACE_BOUND('',#2254,.T.);
#2254 = EDGE_LOOP('',(#2255,#2278,#2279,#2280));
#2255 = ORIENTED_EDGE('',*,*,#2256,.F.);
#2256 = EDGE_CURVE('',#56,#2257,#2259,.T.);
#2257 = VERTEX_POINT('',#2258);
#2258 = CARTESIAN_POINT('',(-166.8,160.31391404175,125.));
#2259 = SURFACE_CURVE('',#2260,(#2264,#2271),.PCURVE_S1.);
#2260 = LINE('',#2261,#2262);
#2261 = CARTESIAN_POINT('',(-166.8,205.93836425035,339.64616217978));
#2262 = VECTOR('',#2263,1.);
#2263 = DIRECTION('',(0.,-0.207911690818,-0.978147600734));
#2264 = PCURVE('',#72,#2265);
#2265 = DEFINITIONAL_REPRESENTATION('',(#2266),#2270);
#2266 = LINE('',#2267,#2268);
#2267 = CARTESIAN_POINT('',(0.,0.));
#2268 = VECTOR('',#2269,1.);
#2269 = DIRECTION('',(0.,1.));
#2270 = ( GEOMETRIC_REPRESENTATION_CONTEXT(2) 
PARAMETRIC_REPRESENTATION_CONTEXT() REPRESENTATION_CONTEXT('2D SPACE',''
  ) );
#2271 = PCURVE('',#105,#2272);
#2272 = DEFINITIONAL_REPRESENTATION('',(#2273),#2277);
#2273 = LINE('',#2274,#2275);
#2274 = CARTESIAN_POINT('',(0.,-0.8));
#2275 = VECTOR('',#2276,1.);
#2276 = DIRECTION('',(1.,0.));
#2277 = ( GEOMETRIC_REPRESENTATION_CONTEXT(2) 
PARAMETRIC_REPRESENTATION_CONTEXT() REPRESENTATION_CONTEXT('2D SPACE',''
  ) );
#2278 = ORIENTED_EDGE('',*,*,#55,.F.);
#2279 = ORIENTED_EDGE('',*,*,#2121,.T.);
#2280 = ORIENTED_EDGE('',*,*,#2281,.T.);
#2281 = EDGE_CURVE('',#2122,#2257,#2282,.T.);
#2282 = SURFACE_CURVE('',#2283,(#2288,#2300),.PCURVE_S1.);
#2283 = ELLIPSE('',#2284,3.271489903568,3.2);
#2284 = AXIS2_PLACEMENT_3D('',#2285,#2286,#2287);
#2285 = CARTESIAN_POINT('',(-166.8,163.58540394531,125.));
#2286 = DIRECTION('',(0.,0.,1.));
#2287 = DIRECTION('',(0.,-1.,0.));
#2288 = PCURVE('',#72,#2289);
#2289 = DEFINITIONAL_REPRESENTATION('',(#2290),#2299);
#2290 = B_SPLINE_CURVE_WITH_KNOTS('',7,(#2291,#2292,#2293,#2294,#2295,
    #2296,#2297,#2298),.UNSPECIFIED.,.F.,.F.,(8,8),(4.712388980385,
    6.28318530718),.PIECEWISE_BEZIER_KNOTS.);
#2291 = CARTESIAN_POINT('',(1.570796326795,218.76130413103));
#2292 = CARTESIAN_POINT('',(1.346396851538,218.91393638991));
#2293 = CARTESIAN_POINT('',(1.121997376282,219.06656802903));
#2294 = CARTESIAN_POINT('',(0.897597901026,219.20665047995));
#2295 = CARTESIAN_POINT('',(0.673198425769,219.32161173305));
#2296 = CARTESIAN_POINT('',(0.448798950513,219.40152539762));
#2297 = CARTESIAN_POINT('',(0.224399475256,219.44148512837));
#2298 = CARTESIAN_POINT('',(0.,219.44148512837));
#2299 = ( GEOMETRIC_REPRESENTATION_CONTEXT(2) 
PARAMETRIC_REPRESENTATION_CONTEXT() REPRESENTATION_CONTEXT('2D SPACE',''
  ) );
#2300 = PCURVE('',#2159,#2301);
#2301 = DEFINITIONAL_REPRESENTATION('',(#2302),#2306);
#2302 = ELLIPSE('',#2303,3.271489903568,3.2);
#2303 = AXIS2_PLACEMENT_2D('',#2304,#2305);
#2304 = CARTESIAN_POINT('',(53.2,213.58540394531));
#2305 = DIRECTION('',(0.,-1.));
#2306 = ( GEOMETRIC_REPRESENTATION_CONTEXT(2) 
PARAMETRIC_REPRESENTATION_CONTEXT() REPRESENTATION_CONTEXT('2D SPACE',''
  ) );
#2307 = ADVANCED_FACE('',(#2308),#1638,.T.);
#2308 = FACE_BOUND('',#2309,.T.);
#2309 = EDGE_LOOP('',(#2310,#2333,#2353,#2354));
#2310 = ORIENTED_EDGE('',*,*,#2311,.F.);
#2311 = EDGE_CURVE('',#2312,#1597,#2314,.T.);
#2312 = VERTEX_POINT('',#2313);
#2313 = CARTESIAN_POINT('',(-166.8,270.66257437913,163.17619535364));
#2314 = SURFACE_CURVE('',#2315,(#2319,#2326),.PCURVE_S1.);
#2315 = LINE('',#2316,#2317);
#2316 = CARTESIAN_POINT('',(-166.8,270.66257435151,163.17619535951));
#2317 = VECTOR('',#2318,1.);
#2318 = DIRECTION('',(0.,0.207911690818,0.978147600734));
#2319 = PCURVE('',#1638,#2320);
#2320 = DEFINITIONAL_REPRESENTATION('',(#2321),#2325);
#2321 = LINE('',#2322,#2323);
#2322 = CARTESIAN_POINT('',(0.,0.));
#2323 = VECTOR('',#2324,1.);
#2324 = DIRECTION('',(0.,1.));
#2325 = ( GEOMETRIC_REPRESENTATION_CONTEXT(2) 
PARAMETRIC_REPRESENTATION_CONTEXT() REPRESENTATION_CONTEXT('2D SPACE',''
  ) );
#2326 = PCURVE('',#1612,#2327);
#2327 = DEFINITIONAL_REPRESENTATION('',(#2328),#2332);
#2328 = LINE('',#2329,#2330);
#2329 = CARTESIAN_POINT('',(0.,-0.8));
#2330 = VECTOR('',#2331,1.);
#2331 = DIRECTION('',(1.,0.));
#2332 = ( GEOMETRIC_REPRESENTATION_CONTEXT(2) 
PARAMETRIC_REPRESENTATION_CONTEXT() REPRESENTATION_CONTEXT('2D SPACE',''
  ) );
#2333 = ORIENTED_EDGE('',*,*,#2334,.T.);
#2334 = EDGE_CURVE('',#2312,#2200,#2335,.T.);
#2335 = SURFACE_CURVE('',#2336,(#2341,#2347),.PCURVE_S1.);
#2336 = CIRCLE('',#2337,3.2);
#2337 = AXIS2_PLACEMENT_3D('',#2338,#2339,#2340);
#2338 = CARTESIAN_POINT('',(-166.8,267.53250205679,163.84151276425));
#2339 = DIRECTION('',(-0.,0.207911690818,0.978147600734));
#2340 = DIRECTION('',(0.,-0.978147600734,0.207911690818));
#2341 = PCURVE('',#1638,#2342);
#2342 = DEFINITIONAL_REPRESENTATION('',(#2343),#2346);
#2343 = B_SPLINE_CURVE_WITH_KNOTS('',1,(#2344,#2345),.UNSPECIFIED.,.F.,
  .F.,(2,2),(3.14159265359,4.712388980385),.PIECEWISE_BEZIER_KNOTS.);
#2344 = CARTESIAN_POINT('',(0.,-2.78006268881E-14));
#2345 = CARTESIAN_POINT('',(1.570796326795,-2.78006268881E-14));
#2346 = ( GEOMETRIC_REPRESENTATION_CONTEXT(2) 
PARAMETRIC_REPRESENTATION_CONTEXT() REPRESENTATION_CONTEXT('2D SPACE',''
  ) );
#2347 = PCURVE('',#2220,#2348);
#2348 = DEFINITIONAL_REPRESENTATION('',(#2349),#2352);
#2349 = B_SPLINE_CURVE_WITH_KNOTS('',1,(#2350,#2351),.UNSPECIFIED.,.F.,
  .F.,(2,2),(3.14159265359,4.712388980385),.PIECEWISE_BEZIER_KNOTS.);
#2350 = CARTESIAN_POINT('',(-1.51716661746,3.14159265359));
#2351 = CARTESIAN_POINT('',(-1.51716661746,4.712388980385));
#2352 = ( GEOMETRIC_REPRESENTATION_CONTEXT(2) 
PARAMETRIC_REPRESENTATION_CONTEXT() REPRESENTATION_CONTEXT('2D SPACE',''
  ) );
#2353 = ORIENTED_EDGE('',*,*,#2232,.T.);
#2354 = ORIENTED_EDGE('',*,*,#1623,.F.);
#2355 = ADVANCED_FACE('',(#2356),#105,.T.);
#2356 = FACE_BOUND('',#2357,.T.);
#2357 = EDGE_LOOP('',(#2358,#2359,#2360,#2382));
#2358 = ORIENTED_EDGE('',*,*,#89,.F.);
#2359 = ORIENTED_EDGE('',*,*,#2256,.T.);
#2360 = ORIENTED_EDGE('',*,*,#2361,.T.);
#2361 = EDGE_CURVE('',#2257,#2362,#2364,.T.);
#2362 = VERTEX_POINT('',#2363);
#2363 = CARTESIAN_POINT('',(-165.2,160.31391404175,125.));
#2364 = SURFACE_CURVE('',#2365,(#2369,#2375),.PCURVE_S1.);
#2365 = LINE('',#2366,#2367);
#2366 = CARTESIAN_POINT('',(-193.,160.31391404175,125.));
#2367 = VECTOR('',#2368,1.);
#2368 = DIRECTION('',(1.,0.,-0.));
#2369 = PCURVE('',#105,#2370);
#2370 = DEFINITIONAL_REPRESENTATION('',(#2371),#2374);
#2371 = B_SPLINE_CURVE_WITH_KNOTS('',1,(#2372,#2373),.UNSPECIFIED.,.F.,
  .F.,(2,2),(26.2,27.800000001908),.PIECEWISE_BEZIER_KNOTS.);
#2372 = CARTESIAN_POINT('',(219.44148512837,-0.8));
#2373 = CARTESIAN_POINT('',(219.44148512837,0.800000001908));
#2374 = ( GEOMETRIC_REPRESENTATION_CONTEXT(2) 
PARAMETRIC_REPRESENTATION_CONTEXT() REPRESENTATION_CONTEXT('2D SPACE',''
  ) );
#2375 = PCURVE('',#2159,#2376);
#2376 = DEFINITIONAL_REPRESENTATION('',(#2377),#2381);
#2377 = LINE('',#2378,#2379);
#2378 = CARTESIAN_POINT('',(27.,210.31391404175));
#2379 = VECTOR('',#2380,1.);
#2380 = DIRECTION('',(1.,0.));
#2381 = ( GEOMETRIC_REPRESENTATION_CONTEXT(2) 
PARAMETRIC_REPRESENTATION_CONTEXT() REPRESENTATION_CONTEXT('2D SPACE',''
  ) );
#2382 = ORIENTED_EDGE('',*,*,#2383,.F.);
#2383 = EDGE_CURVE('',#90,#2362,#2384,.T.);
#2384 = SURFACE_CURVE('',#2385,(#2389,#2396),.PCURVE_S1.);
#2385 = LINE('',#2386,#2387);
#2386 = CARTESIAN_POINT('',(-165.2,205.93836425035,339.64616217978));
#2387 = VECTOR('',#2388,1.);
#2388 = DIRECTION('',(0.,-0.207911690818,-0.978147600734));
#2389 = PCURVE('',#105,#2390);
#2390 = DEFINITIONAL_REPRESENTATION('',(#2391),#2395);
#2391 = LINE('',#2392,#2393);
#2392 = CARTESIAN_POINT('',(0.,0.8));
#2393 = VECTOR('',#2394,1.);
#2394 = DIRECTION('',(1.,0.));
#2395 = ( GEOMETRIC_REPRESENTATION_CONTEXT(2) 
PARAMETRIC_REPRESENTATION_CONTEXT() REPRESENTATION_CONTEXT('2D SPACE',''
  ) );
#2396 = PCURVE('',#133,#2397);
#2397 = DEFINITIONAL_REPRESENTATION('',(#2398),#2402);
#2398 = LINE('',#2399,#2400);
#2399 = CARTESIAN_POINT('',(-0.,0.));
#2400 = VECTOR('',#2401,1.);
#2401 = DIRECTION('',(-0.,1.));
#2402 = ( GEOMETRIC_REPRESENTATION_CONTEXT(2) 
PARAMETRIC_REPRESENTATION_CONTEXT() REPRESENTATION_CONTEXT('2D SPACE',''
  ) );
#2403 = ADVANCED_FACE('',(#2404),#1612,.T.);
#2404 = FACE_BOUND('',#2405,.T.);
#2405 = EDGE_LOOP('',(#2406,#2434,#2435,#2436));
#2406 = ORIENTED_EDGE('',*,*,#2407,.F.);
#2407 = EDGE_CURVE('',#2312,#2408,#2410,.T.);
#2408 = VERTEX_POINT('',#2409);
#2409 = CARTESIAN_POINT('',(-165.2,270.66257437913,163.17619535364));
#2410 = SURFACE_CURVE('',#2411,(#2415,#2422),.PCURVE_S1.);
#2411 = LINE('',#2412,#2413);
#2412 = CARTESIAN_POINT('',(-170.,270.66257436532,163.17619535657));
#2413 = VECTOR('',#2414,1.);
#2414 = DIRECTION('',(1.,0.,0.));
#2415 = PCURVE('',#1612,#2416);
#2416 = DEFINITIONAL_REPRESENTATION('',(#2417),#2421);
#2417 = LINE('',#2418,#2419);
#2418 = CARTESIAN_POINT('',(-2.78006268881E-14,-4.));
#2419 = VECTOR('',#2420,1.);
#2420 = DIRECTION('',(0.,1.));
#2421 = ( GEOMETRIC_REPRESENTATION_CONTEXT(2) 
PARAMETRIC_REPRESENTATION_CONTEXT() REPRESENTATION_CONTEXT('2D SPACE',''
  ) );
#2422 = PCURVE('',#2423,#2428);
#2423 = CYLINDRICAL_SURFACE('',#2424,25.);
#2424 = AXIS2_PLACEMENT_3D('',#2425,#2426,#2427);
#2425 = CARTESIAN_POINT('',(-166.,295.11626439748,157.97840308319));
#2426 = DIRECTION('',(1.,-0.,-0.));
#2427 = DIRECTION('',(0.,-1.,0.));
#2428 = DEFINITIONAL_REPRESENTATION('',(#2429),#2433);
#2429 = LINE('',#2430,#2431);
#2430 = CARTESIAN_POINT('',(-6.492624817419,-4.));
#2431 = VECTOR('',#2432,1.);
#2432 = DIRECTION('',(0.,1.));
#2433 = ( GEOMETRIC_REPRESENTATION_CONTEXT(2) 
PARAMETRIC_REPRESENTATION_CONTEXT() REPRESENTATION_CONTEXT('2D SPACE',''
  ) );
#2434 = ORIENTED_EDGE('',*,*,#2311,.T.);
#2435 = ORIENTED_EDGE('',*,*,#1596,.F.);
#2436 = ORIENTED_EDGE('',*,*,#2437,.F.);
#2437 = EDGE_CURVE('',#2408,#1564,#2438,.T.);
#2438 = SURFACE_CURVE('',#2439,(#2443,#2450),.PCURVE_S1.);
#2439 = LINE('',#2440,#2441);
#2440 = CARTESIAN_POINT('',(-165.2,270.66257435151,163.17619535951));
#2441 = VECTOR('',#2442,1.);
#2442 = DIRECTION('',(0.,0.207911690818,0.978147600734));
#2443 = PCURVE('',#1612,#2444);
#2444 = DEFINITIONAL_REPRESENTATION('',(#2445),#2449);
#2445 = LINE('',#2446,#2447);
#2446 = CARTESIAN_POINT('',(0.,0.8));
#2447 = VECTOR('',#2448,1.);
#2448 = DIRECTION('',(1.,0.));
#2449 = ( GEOMETRIC_REPRESENTATION_CONTEXT(2) 
PARAMETRIC_REPRESENTATION_CONTEXT() REPRESENTATION_CONTEXT('2D SPACE',''
  ) );
#2450 = PCURVE('',#1580,#2451);
#2451 = DEFINITIONAL_REPRESENTATION('',(#2452),#2456);
#2452 = LINE('',#2453,#2454);
#2453 = CARTESIAN_POINT('',(-0.,0.));
#2454 = VECTOR('',#2455,1.);
#2455 = DIRECTION('',(-0.,1.));
#2456 = ( GEOMETRIC_REPRESENTATION_CONTEXT(2) 
PARAMETRIC_REPRESENTATION_CONTEXT() REPRESENTATION_CONTEXT('2D SPACE',''
  ) );
#2457 = ADVANCED_FACE('',(#2458),#133,.T.);
#2458 = FACE_BOUND('',#2459,.F.);
#2459 = EDGE_LOOP('',(#2460,#2461,#2462,#2483));
#2460 = ORIENTED_EDGE('',*,*,#2383,.F.);
#2461 = ORIENTED_EDGE('',*,*,#116,.T.);
#2462 = ORIENTED_EDGE('',*,*,#2463,.T.);
#2463 = EDGE_CURVE('',#117,#2464,#2466,.T.);
#2464 = VERTEX_POINT('',#2465);
#2465 = CARTESIAN_POINT('',(-162.8527871265,161.36182097138,125.));
#2466 = SURFACE_CURVE('',#2467,(#2471,#2477),.PCURVE_S1.);
#2467 = LINE('',#2468,#2469);
#2468 = CARTESIAN_POINT('',(-162.8527871265,204.86185611479,
    329.65157509903));
#2469 = VECTOR('',#2470,1.);
#2470 = DIRECTION('',(0.,-0.207911690818,-0.978147600734));
#2471 = PCURVE('',#133,#2472);
#2472 = DEFINITIONAL_REPRESENTATION('',(#2473),#2476);
#2473 = B_SPLINE_CURVE_WITH_KNOTS('',1,(#2474,#2475),.UNSPECIFIED.,.F.,
  .F.,(2,2),(-6.000002511569E-07,220.88491811451),
  .PIECEWISE_BEZIER_KNOTS.);
#2474 = CARTESIAN_POINT('',(-0.823463073535,9.9999994));
#2475 = CARTESIAN_POINT('',(-0.823463073535,230.88491811451));
#2476 = ( GEOMETRIC_REPRESENTATION_CONTEXT(2) 
PARAMETRIC_REPRESENTATION_CONTEXT() REPRESENTATION_CONTEXT('2D SPACE',''
  ) );
#2477 = PCURVE('',#166,#2478);
#2478 = DEFINITIONAL_REPRESENTATION('',(#2479),#2482);
#2479 = B_SPLINE_CURVE_WITH_KNOTS('',1,(#2480,#2481),.UNSPECIFIED.,.F.,
  .F.,(2,2),(-6.000002511569E-07,220.88491811451),
  .PIECEWISE_BEZIER_KNOTS.);
#2480 = CARTESIAN_POINT('',(-1.154474801624,-6.000002440515E-07));
#2481 = CARTESIAN_POINT('',(-1.154474801624,220.88491811451));
#2482 = ( GEOMETRIC_REPRESENTATION_CONTEXT(2) 
PARAMETRIC_REPRESENTATION_CONTEXT() REPRESENTATION_CONTEXT('2D SPACE',''
  ) );
#2483 = ORIENTED_EDGE('',*,*,#2484,.F.);
#2484 = EDGE_CURVE('',#2362,#2464,#2485,.T.);
#2485 = SURFACE_CURVE('',#2486,(#2491,#2502),.PCURVE_S1.);
#2486 = ELLIPSE('',#2487,3.271489903568,3.2);
#2487 = AXIS2_PLACEMENT_3D('',#2488,#2489,#2490);
#2488 = CARTESIAN_POINT('',(-165.2,163.58540394531,125.));
#2489 = DIRECTION('',(0.,0.,1.));
#2490 = DIRECTION('',(0.,-1.,0.));
#2491 = PCURVE('',#133,#2492);
#2492 = DEFINITIONAL_REPRESENTATION('',(#2493),#2501);
#2493 = B_SPLINE_CURVE_WITH_KNOTS('',6,(#2494,#2495,#2496,#2497,#2498,
    #2499,#2500),.UNSPECIFIED.,.F.,.F.,(7,7),(0.,0.823463073535),
  .PIECEWISE_BEZIER_KNOTS.);
#2494 = CARTESIAN_POINT('',(0.,219.44148512837));
#2495 = CARTESIAN_POINT('',(-0.137243845589,219.44148512837));
#2496 = CARTESIAN_POINT('',(-0.274487691178,219.4261110377));
#2497 = CARTESIAN_POINT('',(-0.411731536767,219.39536234391));
#2498 = CARTESIAN_POINT('',(-0.548975382356,219.35010951325));
#2499 = CARTESIAN_POINT('',(-0.686219227946,219.29208610836));
#2500 = CARTESIAN_POINT('',(-0.823463073535,219.22361302681));
#2501 = ( GEOMETRIC_REPRESENTATION_CONTEXT(2) 
PARAMETRIC_REPRESENTATION_CONTEXT() REPRESENTATION_CONTEXT('2D SPACE',''
  ) );
#2502 = PCURVE('',#2159,#2503);
#2503 = DEFINITIONAL_REPRESENTATION('',(#2504),#2508);
#2504 = ELLIPSE('',#2505,3.271489903568,3.2);
#2505 = AXIS2_PLACEMENT_2D('',#2506,#2507);
#2506 = CARTESIAN_POINT('',(54.8,213.58540394531));
#2507 = DIRECTION('',(0.,-1.));
#2508 = ( GEOMETRIC_REPRESENTATION_CONTEXT(2) 
PARAMETRIC_REPRESENTATION_CONTEXT() REPRESENTATION_CONTEXT('2D SPACE',''
  ) );
#2509 = ADVANCED_FACE('',(#2510),#1580,.T.);
#2510 = FACE_BOUND('',#2511,.F.);
#2511 = EDGE_LOOP('',(#2512,#2513,#2540,#2559));
#2512 = ORIENTED_EDGE('',*,*,#2437,.F.);
#2513 = ORIENTED_EDGE('',*,*,#2514,.T.);
#2514 = EDGE_CURVE('',#2408,#2515,#2517,.T.);
#2515 = VERTEX_POINT('',#2516);
#2516 = CARTESIAN_POINT('',(-162.8527871265,269.65996560651,
    163.38930642705));
#2517 = SURFACE_CURVE('',#2518,(#2523,#2529),.PCURVE_S1.);
#2518 = CIRCLE('',#2519,3.2);
#2519 = AXIS2_PLACEMENT_3D('',#2520,#2521,#2522);
#2520 = CARTESIAN_POINT('',(-165.2,267.53250205679,163.84151276425));
#2521 = DIRECTION('',(0.,-0.207911690818,-0.978147600734));
#2522 = DIRECTION('',(0.,-0.978147600734,0.207911690818));
#2523 = PCURVE('',#1580,#2524);
#2524 = DEFINITIONAL_REPRESENTATION('',(#2525),#2528);
#2525 = B_SPLINE_CURVE_WITH_KNOTS('',1,(#2526,#2527),.UNSPECIFIED.,.F.,
  .F.,(2,2),(3.14159265359,4.712388980385),.PIECEWISE_BEZIER_KNOTS.);
#2526 = CARTESIAN_POINT('',(0.,-2.78006268881E-14));
#2527 = CARTESIAN_POINT('',(-1.570796326795,-2.78006268881E-14));
#2528 = ( GEOMETRIC_REPRESENTATION_CONTEXT(2) 
PARAMETRIC_REPRESENTATION_CONTEXT() REPRESENTATION_CONTEXT('2D SPACE',''
  ) );
#2529 = PCURVE('',#2530,#2535);
#2530 = TOROIDAL_SURFACE('',#2531,28.2,3.2);
#2531 = AXIS2_PLACEMENT_3D('',#2532,#2533,#2534);
#2532 = CARTESIAN_POINT('',(-165.2,295.11626439748,157.97840308319));
#2533 = DIRECTION('',(-1.,-0.,-0.));
#2534 = DIRECTION('',(0.,-0.26004539941,-0.965596390966));
#2535 = DEFINITIONAL_REPRESENTATION('',(#2536),#2539);
#2536 = B_SPLINE_CURVE_WITH_KNOTS('',1,(#2537,#2538),.UNSPECIFIED.,.F.,
  .F.,(2,2),(3.14159265359,4.712388980385),.PIECEWISE_BEZIER_KNOTS.);
#2537 = CARTESIAN_POINT('',(1.51716661746,3.14159265359));
#2538 = CARTESIAN_POINT('',(1.51716661746,4.712388980385));
#2539 = ( GEOMETRIC_REPRESENTATION_CONTEXT(2) 
PARAMETRIC_REPRESENTATION_CONTEXT() REPRESENTATION_CONTEXT('2D SPACE',''
  ) );
#2540 = ORIENTED_EDGE('',*,*,#2541,.T.);
#2541 = EDGE_CURVE('',#2515,#1532,#2542,.T.);
#2542 = SURFACE_CURVE('',#2543,(#2547,#2553),.PCURVE_S1.);
#2543 = LINE('',#2544,#2545);
#2544 = CARTESIAN_POINT('',(-162.8527871265,269.65996557889,
    163.38930643292));
#2545 = VECTOR('',#2546,1.);
#2546 = DIRECTION('',(0.,0.207911690818,0.978147600734));
#2547 = PCURVE('',#1580,#2548);
#2548 = DEFINITIONAL_REPRESENTATION('',(#2549),#2552);
#2549 = B_SPLINE_CURVE_WITH_KNOTS('',1,(#2550,#2551),.UNSPECIFIED.,.F.,
  .F.,(2,2),(-6.000000484985E-07,206.75675528784),
  .PIECEWISE_BEZIER_KNOTS.);
#2550 = CARTESIAN_POINT('',(-0.823463073534,-5.999999653428E-07));
#2551 = CARTESIAN_POINT('',(-0.823463073534,206.75675528784));
#2552 = ( GEOMETRIC_REPRESENTATION_CONTEXT(2) 
PARAMETRIC_REPRESENTATION_CONTEXT() REPRESENTATION_CONTEXT('2D SPACE',''
  ) );
#2553 = PCURVE('',#1548,#2554);
#2554 = DEFINITIONAL_REPRESENTATION('',(#2555),#2558);
#2555 = B_SPLINE_CURVE_WITH_KNOTS('',1,(#2556,#2557),.UNSPECIFIED.,.F.,
  .F.,(2,2),(-6.000000484985E-07,206.75675528784),
  .PIECEWISE_BEZIER_KNOTS.);
#2556 = CARTESIAN_POINT('',(-1.154474801624,-6.000000440576E-07));
#2557 = CARTESIAN_POINT('',(-1.154474801624,206.75675528784));
#2558 = ( GEOMETRIC_REPRESENTATION_CONTEXT(2) 
PARAMETRIC_REPRESENTATION_CONTEXT() REPRESENTATION_CONTEXT('2D SPACE',''
  ) );
#2559 = ORIENTED_EDGE('',*,*,#1563,.T.);
#2560 = ADVANCED_FACE('',(#2561),#166,.T.);
#2561 = FACE_BOUND('',#2562,.F.);
#2562 = EDGE_LOOP('',(#2563,#2564,#2565,#2588));
#2563 = ORIENTED_EDGE('',*,*,#2463,.F.);
#2564 = ORIENTED_EDGE('',*,*,#149,.T.);
#2565 = ORIENTED_EDGE('',*,*,#2566,.T.);
#2566 = EDGE_CURVE('',#150,#2567,#2569,.T.);
#2567 = VERTEX_POINT('',#2568);
#2568 = CARTESIAN_POINT('',(-158.,160.31391404175,125.));
#2569 = SURFACE_CURVE('',#2570,(#2574,#2581),.PCURVE_S1.);
#2570 = LINE('',#2571,#2572);
#2571 = CARTESIAN_POINT('',(-158.,203.85924734217,329.86468617244));
#2572 = VECTOR('',#2573,1.);
#2573 = DIRECTION('',(0.,-0.207911690818,-0.978147600734));
#2574 = PCURVE('',#166,#2575);
#2575 = DEFINITIONAL_REPRESENTATION('',(#2576),#2580);
#2576 = LINE('',#2577,#2578);
#2577 = CARTESIAN_POINT('',(-1.570796326795,0.));
#2578 = VECTOR('',#2579,1.);
#2579 = DIRECTION('',(-0.,1.));
#2580 = ( GEOMETRIC_REPRESENTATION_CONTEXT(2) 
PARAMETRIC_REPRESENTATION_CONTEXT() REPRESENTATION_CONTEXT('2D SPACE',''
  ) );
#2581 = PCURVE('',#197,#2582);
#2582 = DEFINITIONAL_REPRESENTATION('',(#2583),#2587);
#2583 = LINE('',#2584,#2585);
#2584 = CARTESIAN_POINT('',(9.999999999999,-158.));
#2585 = VECTOR('',#2586,1.);
#2586 = DIRECTION('',(1.,0.));
#2587 = ( GEOMETRIC_REPRESENTATION_CONTEXT(2) 
PARAMETRIC_REPRESENTATION_CONTEXT() REPRESENTATION_CONTEXT('2D SPACE',''
  ) );
#2588 = ORIENTED_EDGE('',*,*,#2589,.F.);
#2589 = EDGE_CURVE('',#2464,#2567,#2590,.T.);
#2590 = SURFACE_CURVE('',#2591,(#2596,#2606),.PCURVE_S1.);
#2591 = ELLIPSE('',#2592,12.26808713838,12.);
#2592 = AXIS2_PLACEMENT_3D('',#2593,#2594,#2595);
#2593 = CARTESIAN_POINT('',(-158.,172.58200118013,125.));
#2594 = DIRECTION('',(0.,0.,1.));
#2595 = DIRECTION('',(0.,-1.,0.));
#2596 = PCURVE('',#166,#2597);
#2597 = DEFINITIONAL_REPRESENTATION('',(#2598),#2605);
#2598 = B_SPLINE_CURVE_WITH_KNOTS('',5,(#2599,#2600,#2601,#2602,#2603,
    #2604),.UNSPECIFIED.,.F.,.F.,(6,6),(5.866863782008,6.28318530718),
  .PIECEWISE_BEZIER_KNOTS.);
#2599 = CARTESIAN_POINT('',(-1.154474801623,209.22361302681));
#2600 = CARTESIAN_POINT('',(-1.237739106658,209.3094994702));
#2601 = CARTESIAN_POINT('',(-1.321003411692,209.3751697821));
#2602 = CARTESIAN_POINT('',(-1.404267716726,209.4193808818));
#2603 = CARTESIAN_POINT('',(-1.487532021761,209.44148512837));
#2604 = CARTESIAN_POINT('',(-1.570796326795,209.44148512837));
#2605 = ( GEOMETRIC_REPRESENTATION_CONTEXT(2) 
PARAMETRIC_REPRESENTATION_CONTEXT() REPRESENTATION_CONTEXT('2D SPACE',''
  ) );
#2606 = PCURVE('',#2159,#2607);
#2607 = DEFINITIONAL_REPRESENTATION('',(#2608),#2612);
#2608 = ELLIPSE('',#2609,12.26808713838,12.);
#2609 = AXIS2_PLACEMENT_2D('',#2610,#2611);
#2610 = CARTESIAN_POINT('',(62.,222.58200118013));
#2611 = DIRECTION('',(0.,-1.));
#2612 = ( GEOMETRIC_REPRESENTATION_CONTEXT(2) 
PARAMETRIC_REPRESENTATION_CONTEXT() REPRESENTATION_CONTEXT('2D SPACE',''
  ) );
#2613 = ADVANCED_FACE('',(#2614),#1548,.T.);
#2614 = FACE_BOUND('',#2615,.F.);
#2615 = EDGE_LOOP('',(#2616,#2617,#2644,#2665));
#2616 = ORIENTED_EDGE('',*,*,#2541,.F.);
#2617 = ORIENTED_EDGE('',*,*,#2618,.T.);
#2618 = EDGE_CURVE('',#2515,#2619,#2621,.T.);
#2619 = VERTEX_POINT('',#2620);
#2620 = CARTESIAN_POINT('',(-158.,270.66257437913,163.17619535364));
#2621 = SURFACE_CURVE('',#2622,(#2627,#2633),.PCURVE_S1.);
#2622 = CIRCLE('',#2623,12.);
#2623 = AXIS2_PLACEMENT_3D('',#2624,#2625,#2626);
#2624 = CARTESIAN_POINT('',(-158.,258.92480317033,165.67113564345));
#2625 = DIRECTION('',(0.,-0.207911690818,-0.978147600734));
#2626 = DIRECTION('',(0.,-0.978147600734,0.207911690818));
#2627 = PCURVE('',#1548,#2628);
#2628 = DEFINITIONAL_REPRESENTATION('',(#2629),#2632);
#2629 = B_SPLINE_CURVE_WITH_KNOTS('',1,(#2630,#2631),.UNSPECIFIED.,.F.,
  .F.,(2,2),(1.570796326795,3.14159265359),.PIECEWISE_BEZIER_KNOTS.);
#2630 = CARTESIAN_POINT('',(0.,-5.684341886081E-14));
#2631 = CARTESIAN_POINT('',(-1.570796326795,-5.684341886081E-14));
#2632 = ( GEOMETRIC_REPRESENTATION_CONTEXT(2) 
PARAMETRIC_REPRESENTATION_CONTEXT() REPRESENTATION_CONTEXT('2D SPACE',''
  ) );
#2633 = PCURVE('',#2634,#2639);
#2634 = TOROIDAL_SURFACE('',#2635,37.,12.);
#2635 = AXIS2_PLACEMENT_3D('',#2636,#2637,#2638);
#2636 = CARTESIAN_POINT('',(-158.,295.11626439748,157.97840308319));
#2637 = DIRECTION('',(-1.,-0.,-0.));
#2638 = DIRECTION('',(0.,-0.26004539941,-0.965596390966));
#2639 = DEFINITIONAL_REPRESENTATION('',(#2640),#2643);
#2640 = B_SPLINE_CURVE_WITH_KNOTS('',1,(#2641,#2642),.UNSPECIFIED.,.F.,
  .F.,(2,2),(1.570796326795,3.14159265359),.PIECEWISE_BEZIER_KNOTS.);
#2641 = CARTESIAN_POINT('',(1.51716661746,1.570796326795));
#2642 = CARTESIAN_POINT('',(1.51716661746,3.14159265359));
#2643 = ( GEOMETRIC_REPRESENTATION_CONTEXT(2) 
PARAMETRIC_REPRESENTATION_CONTEXT() REPRESENTATION_CONTEXT('2D SPACE',''
  ) );
#2644 = ORIENTED_EDGE('',*,*,#2645,.T.);
#2645 = EDGE_CURVE('',#2619,#1505,#2646,.T.);
#2646 = SURFACE_CURVE('',#2647,(#2651,#2658),.PCURVE_S1.);
#2647 = LINE('',#2648,#2649);
#2648 = CARTESIAN_POINT('',(-158.,270.66257435151,163.17619535951));
#2649 = VECTOR('',#2650,1.);
#2650 = DIRECTION('',(0.,0.207911690818,0.978147600734));
#2651 = PCURVE('',#1548,#2652);
#2652 = DEFINITIONAL_REPRESENTATION('',(#2653),#2657);
#2653 = LINE('',#2654,#2655);
#2654 = CARTESIAN_POINT('',(-1.570796326795,0.));
#2655 = VECTOR('',#2656,1.);
#2656 = DIRECTION('',(-0.,1.));
#2657 = ( GEOMETRIC_REPRESENTATION_CONTEXT(2) 
PARAMETRIC_REPRESENTATION_CONTEXT() REPRESENTATION_CONTEXT('2D SPACE',''
  ) );
#2658 = PCURVE('',#1520,#2659);
#2659 = DEFINITIONAL_REPRESENTATION('',(#2660),#2664);
#2660 = LINE('',#2661,#2662);
#2661 = CARTESIAN_POINT('',(5.684341886081E-14,-158.));
#2662 = VECTOR('',#2663,1.);
#2663 = DIRECTION('',(1.,0.));
#2664 = ( GEOMETRIC_REPRESENTATION_CONTEXT(2) 
PARAMETRIC_REPRESENTATION_CONTEXT() REPRESENTATION_CONTEXT('2D SPACE',''
  ) );
#2665 = ORIENTED_EDGE('',*,*,#1531,.T.);
#2666 = ADVANCED_FACE('',(#2667,#2850,#2881,#2912,#2943),#197,.T.);
#2667 = FACE_BOUND('',#2668,.T.);
#2668 = EDGE_LOOP('',(#2669,#2670,#2671,#2693,#2714,#2715,#2737,#2770,
    #2797,#2830));
#2669 = ORIENTED_EDGE('',*,*,#181,.F.);
#2670 = ORIENTED_EDGE('',*,*,#2566,.T.);
#2671 = ORIENTED_EDGE('',*,*,#2672,.T.);
#2672 = EDGE_CURVE('',#2567,#2673,#2675,.T.);
#2673 = VERTEX_POINT('',#2674);
#2674 = CARTESIAN_POINT('',(158.,160.31391404175,125.));
#2675 = SURFACE_CURVE('',#2676,(#2680,#2686),.PCURVE_S1.);
#2676 = LINE('',#2677,#2678);
#2677 = CARTESIAN_POINT('',(-110.,160.31391404175,125.));
#2678 = VECTOR('',#2679,1.);
#2679 = DIRECTION('',(1.,0.,-0.));
#2680 = PCURVE('',#197,#2681);
#2681 = DEFINITIONAL_REPRESENTATION('',(#2682),#2685);
#2682 = B_SPLINE_CURVE_WITH_KNOTS('',1,(#2683,#2684),.UNSPECIFIED.,.F.,
  .F.,(2,2),(-48.,268.),.PIECEWISE_BEZIER_KNOTS.);
#2683 = CARTESIAN_POINT('',(219.44148512837,-158.));
#2684 = CARTESIAN_POINT('',(219.44148512837,158.));
#2685 = ( GEOMETRIC_REPRESENTATION_CONTEXT(2) 
PARAMETRIC_REPRESENTATION_CONTEXT() REPRESENTATION_CONTEXT('2D SPACE',''
  ) );
#2686 = PCURVE('',#2159,#2687);
#2687 = DEFINITIONAL_REPRESENTATION('',(#2688),#2692);
#2688 = LINE('',#2689,#2690);
#2689 = CARTESIAN_POINT('',(110.,210.31391404175));
#2690 = VECTOR('',#2691,1.);
#2691 = DIRECTION('',(1.,0.));
#2692 = ( GEOMETRIC_REPRESENTATION_CONTEXT(2) 
PARAMETRIC_REPRESENTATION_CONTEXT() REPRESENTATION_CONTEXT('2D SPACE',''
  ) );
#2693 = ORIENTED_EDGE('',*,*,#2694,.F.);
#2694 = EDGE_CURVE('',#1204,#2673,#2695,.T.);
#2695 = SURFACE_CURVE('',#2696,(#2700,#2707),.PCURVE_S1.);
#2696 = LINE('',#2697,#2698);
#2697 = CARTESIAN_POINT('',(158.,203.85924734217,329.86468617244));
#2698 = VECTOR('',#2699,1.);
#2699 = DIRECTION('',(0.,-0.207911690818,-0.978147600734));
#2700 = PCURVE('',#197,#2701);
#2701 = DEFINITIONAL_REPRESENTATION('',(#2702),#2706);
#2702 = LINE('',#2703,#2704);
#2703 = CARTESIAN_POINT('',(9.999999999999,158.));
#2704 = VECTOR('',#2705,1.);
#2705 = DIRECTION('',(1.,0.));
#2706 = ( GEOMETRIC_REPRESENTATION_CONTEXT(2) 
PARAMETRIC_REPRESENTATION_CONTEXT() REPRESENTATION_CONTEXT('2D SPACE',''
  ) );
#2707 = PCURVE('',#1242,#2708);
#2708 = DEFINITIONAL_REPRESENTATION('',(#2709),#2713);
#2709 = LINE('',#2710,#2711);
#2710 = CARTESIAN_POINT('',(-0.,0.));
#2711 = VECTOR('',#2712,1.);
#2712 = DIRECTION('',(-0.,1.));
#2713 = ( GEOMETRIC_REPRESENTATION_CONTEXT(2) 
PARAMETRIC_REPRESENTATION_CONTEXT() REPRESENTATION_CONTEXT('2D SPACE',''
  ) );
#2714 = ORIENTED_EDGE('',*,*,#1203,.F.);
#2715 = ORIENTED_EDGE('',*,*,#2716,.F.);
#2716 = EDGE_CURVE('',#2717,#1177,#2719,.T.);
#2717 = VERTEX_POINT('',#2718);
#2718 = CARTESIAN_POINT('',(150.,163.3528521786,139.29707985948));
#2719 = SURFACE_CURVE('',#2720,(#2724,#2730),.PCURVE_S1.);
#2720 = LINE('',#2721,#2722);
#2721 = CARTESIAN_POINT('',(150.,183.19022637875,232.62458781449));
#2722 = VECTOR('',#2723,1.);
#2723 = DIRECTION('',(0.,0.207911690818,0.978147600734));
#2724 = PCURVE('',#197,#2725);
#2725 = DEFINITIONAL_REPRESENTATION('',(#2726),#2729);
#2726 = B_SPLINE_CURVE_WITH_KNOTS('',1,(#2727,#2728),.UNSPECIFIED.,.F.,
  .F.,(2,2),(-95.4125,76.5875),.PIECEWISE_BEZIER_KNOTS.);
#2727 = CARTESIAN_POINT('',(204.825,150.));
#2728 = CARTESIAN_POINT('',(32.825,150.));
#2729 = ( GEOMETRIC_REPRESENTATION_CONTEXT(2) 
PARAMETRIC_REPRESENTATION_CONTEXT() REPRESENTATION_CONTEXT('2D SPACE',''
  ) );
#2730 = PCURVE('',#1192,#2731);
#2731 = DEFINITIONAL_REPRESENTATION('',(#2732),#2736);
#2732 = LINE('',#2733,#2734);
#2733 = CARTESIAN_POINT('',(109.4125,-1.000000000001));
#2734 = VECTOR('',#2735,1.);
#2735 = DIRECTION('',(1.,-5.551115123126E-17));
#2736 = ( GEOMETRIC_REPRESENTATION_CONTEXT(2) 
PARAMETRIC_REPRESENTATION_CONTEXT() REPRESENTATION_CONTEXT('2D SPACE',''
  ) );
#2737 = ORIENTED_EDGE('',*,*,#2738,.T.);
#2738 = EDGE_CURVE('',#2717,#2739,#2741,.T.);
#2739 = VERTEX_POINT('',#2740);
#2740 = CARTESIAN_POINT('',(136.,160.44208850715,125.6030134492));
#2741 = SURFACE_CURVE('',#2742,(#2747,#2758),.PCURVE_S1.);
#2742 = CIRCLE('',#2743,14.);
#2743 = AXIS2_PLACEMENT_3D('',#2744,#2745,#2746);
#2744 = CARTESIAN_POINT('',(136.,163.3528521786,139.29707985948));
#2745 = DIRECTION('',(0.,0.978147600734,-0.207911690818));
#2746 = DIRECTION('',(1.,-0.,0.));
#2747 = PCURVE('',#197,#2748);
#2748 = DEFINITIONAL_REPRESENTATION('',(#2749),#2757);
#2749 = ( BOUNDED_CURVE() B_SPLINE_CURVE(2,(#2750,#2751,#2752,#2753,
#2754,#2755,#2756),.UNSPECIFIED.,.T.,.F.) B_SPLINE_CURVE_WITH_KNOTS((1,2
    ,2,2,2,1),(-2.094395102393,0.,2.094395102393,4.188790204786,
6.28318530718,8.377580409573),.UNSPECIFIED.) CURVE() 
GEOMETRIC_REPRESENTATION_ITEM() RATIONAL_B_SPLINE_CURVE((1.,0.5,1.,0.5,
1.,0.5,1.)) REPRESENTATION_ITEM('') );
#2750 = CARTESIAN_POINT('',(204.825,150.));
#2751 = CARTESIAN_POINT('',(229.07371130596,150.));
#2752 = CARTESIAN_POINT('',(216.94935565298,129.));
#2753 = CARTESIAN_POINT('',(204.825,108.));
#2754 = CARTESIAN_POINT('',(192.70064434701,129.));
#2755 = CARTESIAN_POINT('',(180.57628869403,150.));
#2756 = CARTESIAN_POINT('',(204.825,150.));
#2757 = ( GEOMETRIC_REPRESENTATION_CONTEXT(2) 
PARAMETRIC_REPRESENTATION_CONTEXT() REPRESENTATION_CONTEXT('2D SPACE',''
  ) );
#2758 = PCURVE('',#2759,#2764);
#2759 = CYLINDRICAL_SURFACE('',#2760,14.);
#2760 = AXIS2_PLACEMENT_3D('',#2761,#2762,#2763);
#2761 = CARTESIAN_POINT('',(136.,162.37470457787,139.50499155029));
#2762 = DIRECTION('',(0.,0.978147600734,-0.207911690818));
#2763 = DIRECTION('',(1.,-0.,0.));
#2764 = DEFINITIONAL_REPRESENTATION('',(#2765),#2769);
#2765 = LINE('',#2766,#2767);
#2766 = CARTESIAN_POINT('',(0.,1.000000000001));
#2767 = VECTOR('',#2768,1.);
#2768 = DIRECTION('',(1.,0.));
#2769 = ( GEOMETRIC_REPRESENTATION_CONTEXT(2) 
PARAMETRIC_REPRESENTATION_CONTEXT() REPRESENTATION_CONTEXT('2D SPACE',''
  ) );
#2770 = ORIENTED_EDGE('',*,*,#2771,.T.);
#2771 = EDGE_CURVE('',#2739,#2772,#2774,.T.);
#2772 = VERTEX_POINT('',#2773);
#2773 = CARTESIAN_POINT('',(-136.,160.44208850715,125.6030134492));
#2774 = SURFACE_CURVE('',#2775,(#2779,#2785),.PCURVE_S1.);
#2775 = LINE('',#2776,#2777);
#2776 = CARTESIAN_POINT('',(-75.,160.44208850715,125.6030134492));
#2777 = VECTOR('',#2778,1.);
#2778 = DIRECTION('',(-1.,0.,0.));
#2779 = PCURVE('',#197,#2780);
#2780 = DEFINITIONAL_REPRESENTATION('',(#2781),#2784);
#2781 = B_SPLINE_CURVE_WITH_KNOTS('',1,(#2782,#2783),.UNSPECIFIED.,.F.,
  .F.,(2,2),(-211.,61.),.PIECEWISE_BEZIER_KNOTS.);
#2782 = CARTESIAN_POINT('',(218.825,136.));
#2783 = CARTESIAN_POINT('',(218.825,-136.));
#2784 = ( GEOMETRIC_REPRESENTATION_CONTEXT(2) 
PARAMETRIC_REPRESENTATION_CONTEXT() REPRESENTATION_CONTEXT('2D SPACE',''
  ) );
#2785 = PCURVE('',#2786,#2791);
#2786 = PLANE('',#2787);
#2787 = AXIS2_PLACEMENT_3D('',#2788,#2789,#2790);
#2788 = CARTESIAN_POINT('',(-150.,159.46394090642,125.81092514002));
#2789 = DIRECTION('',(0.,0.207911690818,0.978147600734));
#2790 = DIRECTION('',(1.,0.,-0.));
#2791 = DEFINITIONAL_REPRESENTATION('',(#2792),#2796);
#2792 = LINE('',#2793,#2794);
#2793 = CARTESIAN_POINT('',(75.,1.000000000001));
#2794 = VECTOR('',#2795,1.);
#2795 = DIRECTION('',(-1.,0.));
#2796 = ( GEOMETRIC_REPRESENTATION_CONTEXT(2) 
PARAMETRIC_REPRESENTATION_CONTEXT() REPRESENTATION_CONTEXT('2D SPACE',''
  ) );
#2797 = ORIENTED_EDGE('',*,*,#2798,.T.);
#2798 = EDGE_CURVE('',#2772,#2799,#2801,.T.);
#2799 = VERTEX_POINT('',#2800);
#2800 = CARTESIAN_POINT('',(-150.,163.3528521786,139.29707985948));
#2801 = SURFACE_CURVE('',#2802,(#2807,#2818),.PCURVE_S1.);
#2802 = CIRCLE('',#2803,14.);
#2803 = AXIS2_PLACEMENT_3D('',#2804,#2805,#2806);
#2804 = CARTESIAN_POINT('',(-136.,163.3528521786,139.29707985948));
#2805 = DIRECTION('',(0.,0.978147600734,-0.207911690818));
#2806 = DIRECTION('',(-1.,0.,-0.));
#2807 = PCURVE('',#197,#2808);
#2808 = DEFINITIONAL_REPRESENTATION('',(#2809),#2817);
#2809 = ( BOUNDED_CURVE() B_SPLINE_CURVE(2,(#2810,#2811,#2812,#2813,
#2814,#2815,#2816),.UNSPECIFIED.,.T.,.F.) B_SPLINE_CURVE_WITH_KNOTS((1,2
    ,2,2,2,1),(-2.094395102393,0.,2.094395102393,4.188790204786,
6.28318530718,8.377580409573),.UNSPECIFIED.) CURVE() 
GEOMETRIC_REPRESENTATION_ITEM() RATIONAL_B_SPLINE_CURVE((1.,0.5,1.,0.5,
1.,0.5,1.)) REPRESENTATION_ITEM('') );
#2810 = CARTESIAN_POINT('',(204.825,-150.));
#2811 = CARTESIAN_POINT('',(180.57628869403,-150.));
#2812 = CARTESIAN_POINT('',(192.70064434701,-129.));
#2813 = CARTESIAN_POINT('',(204.825,-108.));
#2814 = CARTESIAN_POINT('',(216.94935565298,-129.));
#2815 = CARTESIAN_POINT('',(229.07371130596,-150.));
#2816 = CARTESIAN_POINT('',(204.825,-150.));
#2817 = ( GEOMETRIC_REPRESENTATION_CONTEXT(2) 
PARAMETRIC_REPRESENTATION_CONTEXT() REPRESENTATION_CONTEXT('2D SPACE',''
  ) );
#2818 = PCURVE('',#2819,#2824);
#2819 = CYLINDRICAL_SURFACE('',#2820,14.);
#2820 = AXIS2_PLACEMENT_3D('',#2821,#2822,#2823);
#2821 = CARTESIAN_POINT('',(-136.,162.37470457787,139.50499155029));
#2822 = DIRECTION('',(0.,0.978147600734,-0.207911690818));
#2823 = DIRECTION('',(-1.,0.,-0.));
#2824 = DEFINITIONAL_REPRESENTATION('',(#2825),#2829);
#2825 = LINE('',#2826,#2827);
#2826 = CARTESIAN_POINT('',(-6.28318530718,1.000000000001));
#2827 = VECTOR('',#2828,1.);
#2828 = DIRECTION('',(1.,-0.));
#2829 = ( GEOMETRIC_REPRESENTATION_CONTEXT(2) 
PARAMETRIC_REPRESENTATION_CONTEXT() REPRESENTATION_CONTEXT('2D SPACE',''
  ) );
#2830 = ORIENTED_EDGE('',*,*,#2831,.T.);
#2831 = EDGE_CURVE('',#2799,#182,#2832,.T.);
#2832 = SURFACE_CURVE('',#2833,(#2837,#2843),.PCURVE_S1.);
#2833 = LINE('',#2834,#2835);
#2834 = CARTESIAN_POINT('',(-150.,183.19022637875,232.62458781449));
#2835 = VECTOR('',#2836,1.);
#2836 = DIRECTION('',(0.,0.207911690818,0.978147600734));
#2837 = PCURVE('',#197,#2838);
#2838 = DEFINITIONAL_REPRESENTATION('',(#2839),#2842);
#2839 = B_SPLINE_CURVE_WITH_KNOTS('',1,(#2840,#2841),.UNSPECIFIED.,.F.,
  .F.,(2,2),(-95.4125,76.5875),.PIECEWISE_BEZIER_KNOTS.);
#2840 = CARTESIAN_POINT('',(204.825,-150.));
#2841 = CARTESIAN_POINT('',(32.825,-150.));
#2842 = ( GEOMETRIC_REPRESENTATION_CONTEXT(2) 
PARAMETRIC_REPRESENTATION_CONTEXT() REPRESENTATION_CONTEXT('2D SPACE',''
  ) );
#2843 = PCURVE('',#224,#2844);
#2844 = DEFINITIONAL_REPRESENTATION('',(#2845),#2849);
#2845 = LINE('',#2846,#2847);
#2846 = CARTESIAN_POINT('',(109.4125,-1.000000000001));
#2847 = VECTOR('',#2848,1.);
#2848 = DIRECTION('',(1.,-5.551115123126E-17));
#2849 = ( GEOMETRIC_REPRESENTATION_CONTEXT(2) 
PARAMETRIC_REPRESENTATION_CONTEXT() REPRESENTATION_CONTEXT('2D SPACE',''
  ) );
#2850 = FACE_BOUND('',#2851,.T.);
#2851 = EDGE_LOOP('',(#2852));
#2852 = ORIENTED_EDGE('',*,*,#2853,.F.);
#2853 = EDGE_CURVE('',#2854,#2854,#2856,.T.);
#2854 = VERTEX_POINT('',#2855);
#2855 = CARTESIAN_POINT('',(-152.3,192.6684005839,277.21589156294));
#2856 = SURFACE_CURVE('',#2857,(#2862,#2869),.PCURVE_S1.);
#2857 = CIRCLE('',#2858,1.7);
#2858 = AXIS2_PLACEMENT_3D('',#2859,#2860,#2861);
#2859 = CARTESIAN_POINT('',(-154.,192.6684005839,277.21589156294));
#2860 = DIRECTION('',(0.,-0.978147600734,0.207911690818));
#2861 = DIRECTION('',(1.,0.,0.));
#2862 = PCURVE('',#197,#2863);
#2863 = DEFINITIONAL_REPRESENTATION('',(#2864),#2868);
#2864 = CIRCLE('',#2865,1.7);
#2865 = AXIS2_PLACEMENT_2D('',#2866,#2867);
#2866 = CARTESIAN_POINT('',(63.825,-154.));
#2867 = DIRECTION('',(0.,1.));
#2868 = ( GEOMETRIC_REPRESENTATION_CONTEXT(2) 
PARAMETRIC_REPRESENTATION_CONTEXT() REPRESENTATION_CONTEXT('2D SPACE',''
  ) );
#2869 = PCURVE('',#2870,#2875);
#2870 = CYLINDRICAL_SURFACE('',#2871,1.7);
#2871 = AXIS2_PLACEMENT_3D('',#2872,#2873,#2874);
#2872 = CARTESIAN_POINT('',(-154.,196.58099098684,276.38424479967));
#2873 = DIRECTION('',(0.,-0.978147600734,0.207911690818));
#2874 = DIRECTION('',(1.,0.,0.));
#2875 = DEFINITIONAL_REPRESENTATION('',(#2876),#2880);
#2876 = LINE('',#2877,#2878);
#2877 = CARTESIAN_POINT('',(0.,3.999999999999));
#2878 = VECTOR('',#2879,1.);
#2879 = DIRECTION('',(1.,0.));
#2880 = ( GEOMETRIC_REPRESENTATION_CONTEXT(2) 
PARAMETRIC_REPRESENTATION_CONTEXT() REPRESENTATION_CONTEXT('2D SPACE',''
  ) );
#2881 = FACE_BOUND('',#2882,.T.);
#2882 = EDGE_LOOP('',(#2883));
#2883 = ORIENTED_EDGE('',*,*,#2884,.F.);
#2884 = EDGE_CURVE('',#2885,#2885,#2887,.T.);
#2885 = VERTEX_POINT('',#2886);
#2886 = CARTESIAN_POINT('',(-152.3,169.79811459395,169.61965548222));
#2887 = SURFACE_CURVE('',#2888,(#2893,#2900),.PCURVE_S1.);
#2888 = CIRCLE('',#2889,1.7);
#2889 = AXIS2_PLACEMENT_3D('',#2890,#2891,#2892);
#2890 = CARTESIAN_POINT('',(-154.,169.79811459395,169.61965548222));
#2891 = DIRECTION('',(0.,-0.978147600734,0.207911690818));
#2892 = DIRECTION('',(1.,0.,0.));
#2893 = PCURVE('',#197,#2894);
#2894 = DEFINITIONAL_REPRESENTATION('',(#2895),#2899);
#2895 = CIRCLE('',#2896,1.7);
#2896 = AXIS2_PLACEMENT_2D('',#2897,#2898);
#2897 = CARTESIAN_POINT('',(173.825,-154.));
#2898 = DIRECTION('',(0.,1.));
#2899 = ( GEOMETRIC_REPRESENTATION_CONTEXT(2) 
PARAMETRIC_REPRESENTATION_CONTEXT() REPRESENTATION_CONTEXT('2D SPACE',''
  ) );
#2900 = PCURVE('',#2901,#2906);
#2901 = CYLINDRICAL_SURFACE('',#2902,1.7);
#2902 = AXIS2_PLACEMENT_3D('',#2903,#2904,#2905);
#2903 = CARTESIAN_POINT('',(-154.,173.71070499688,168.78800871895));
#2904 = DIRECTION('',(0.,-0.978147600734,0.207911690818));
#2905 = DIRECTION('',(1.,0.,0.));
#2906 = DEFINITIONAL_REPRESENTATION('',(#2907),#2911);
#2907 = LINE('',#2908,#2909);
#2908 = CARTESIAN_POINT('',(0.,3.999999999999));
#2909 = VECTOR('',#2910,1.);
#2910 = DIRECTION('',(1.,0.));
#2911 = ( GEOMETRIC_REPRESENTATION_CONTEXT(2) 
PARAMETRIC_REPRESENTATION_CONTEXT() REPRESENTATION_CONTEXT('2D SPACE',''
  ) );
#2912 = FACE_BOUND('',#2913,.T.);
#2913 = EDGE_LOOP('',(#2914));
#2914 = ORIENTED_EDGE('',*,*,#2915,.F.);
#2915 = EDGE_CURVE('',#2916,#2916,#2918,.T.);
#2916 = VERTEX_POINT('',#2917);
#2917 = CARTESIAN_POINT('',(155.7,192.6684005839,277.21589156294));
#2918 = SURFACE_CURVE('',#2919,(#2924,#2931),.PCURVE_S1.);
#2919 = CIRCLE('',#2920,1.7);
#2920 = AXIS2_PLACEMENT_3D('',#2921,#2922,#2923);
#2921 = CARTESIAN_POINT('',(154.,192.6684005839,277.21589156294));
#2922 = DIRECTION('',(0.,-0.978147600734,0.207911690818));
#2923 = DIRECTION('',(1.,0.,0.));
#2924 = PCURVE('',#197,#2925);
#2925 = DEFINITIONAL_REPRESENTATION('',(#2926),#2930);
#2926 = CIRCLE('',#2927,1.7);
#2927 = AXIS2_PLACEMENT_2D('',#2928,#2929);
#2928 = CARTESIAN_POINT('',(63.825,154.));
#2929 = DIRECTION('',(0.,1.));
#2930 = ( GEOMETRIC_REPRESENTATION_CONTEXT(2) 
PARAMETRIC_REPRESENTATION_CONTEXT() REPRESENTATION_CONTEXT('2D SPACE',''
  ) );
#2931 = PCURVE('',#2932,#2937);
#2932 = CYLINDRICAL_SURFACE('',#2933,1.7);
#2933 = AXIS2_PLACEMENT_3D('',#2934,#2935,#2936);
#2934 = CARTESIAN_POINT('',(154.,196.58099098684,276.38424479967));
#2935 = DIRECTION('',(0.,-0.978147600734,0.207911690818));
#2936 = DIRECTION('',(1.,0.,0.));
#2937 = DEFINITIONAL_REPRESENTATION('',(#2938),#2942);
#2938 = LINE('',#2939,#2940);
#2939 = CARTESIAN_POINT('',(0.,3.999999999999));
#2940 = VECTOR('',#2941,1.);
#2941 = DIRECTION('',(1.,0.));
#2942 = ( GEOMETRIC_REPRESENTATION_CONTEXT(2) 
PARAMETRIC_REPRESENTATION_CONTEXT() REPRESENTATION_CONTEXT('2D SPACE',''
  ) );
#2943 = FACE_BOUND('',#2944,.T.);
#2944 = EDGE_LOOP('',(#2945));
#2945 = ORIENTED_EDGE('',*,*,#2946,.F.);
#2946 = EDGE_CURVE('',#2947,#2947,#2949,.T.);
#2947 = VERTEX_POINT('',#2948);
#2948 = CARTESIAN_POINT('',(155.7,169.79811459395,169.61965548222));
#2949 = SURFACE_CURVE('',#2950,(#2955,#2962),.PCURVE_S1.);
#2950 = CIRCLE('',#2951,1.7);
#2951 = AXIS2_PLACEMENT_3D('',#2952,#2953,#2954);
#2952 = CARTESIAN_POINT('',(154.,169.79811459395,169.61965548222));
#2953 = DIRECTION('',(0.,-0.978147600734,0.207911690818));
#2954 = DIRECTION('',(1.,0.,0.));
#2955 = PCURVE('',#197,#2956);
#2956 = DEFINITIONAL_REPRESENTATION('',(#2957),#2961);
#2957 = CIRCLE('',#2958,1.7);
#2958 = AXIS2_PLACEMENT_2D('',#2959,#2960);
#2959 = CARTESIAN_POINT('',(173.825,154.));
#2960 = DIRECTION('',(0.,1.));
#2961 = ( GEOMETRIC_REPRESENTATION_CONTEXT(2) 
PARAMETRIC_REPRESENTATION_CONTEXT() REPRESENTATION_CONTEXT('2D SPACE',''
  ) );
#2962 = PCURVE('',#2963,#2968);
#2963 = CYLINDRICAL_SURFACE('',#2964,1.7);
#2964 = AXIS2_PLACEMENT_3D('',#2965,#2966,#2967);
#2965 = CARTESIAN_POINT('',(154.,173.71070499688,168.78800871895));
#2966 = DIRECTION('',(0.,-0.978147600734,0.207911690818));
#2967 = DIRECTION('',(1.,0.,0.));
#2968 = DEFINITIONAL_REPRESENTATION('',(#2969),#2973);
#2969 = LINE('',#2970,#2971);
#2970 = CARTESIAN_POINT('',(0.,3.999999999999));
#2971 = VECTOR('',#2972,1.);
#2972 = DIRECTION('',(1.,0.));
#2973 = ( GEOMETRIC_REPRESENTATION_CONTEXT(2) 
PARAMETRIC_REPRESENTATION_CONTEXT() REPRESENTATION_CONTEXT('2D SPACE',''
  ) );
#2974 = ADVANCED_FACE('',(#2975,#3028,#3134),#1520,.T.);
#2975 = FACE_BOUND('',#2976,.T.);
#2976 = EDGE_LOOP('',(#2977,#3005,#3006,#3007));
#2977 = ORIENTED_EDGE('',*,*,#2978,.F.);
#2978 = EDGE_CURVE('',#2619,#2979,#2981,.T.);
#2979 = VERTEX_POINT('',#2980);
#2980 = CARTESIAN_POINT('',(158.,270.66257437913,163.17619535364));
#2981 = SURFACE_CURVE('',#2982,(#2986,#2993),.PCURVE_S1.);
#2982 = LINE('',#2983,#2984);
#2983 = CARTESIAN_POINT('',(-170.,270.66257436532,163.17619535657));
#2984 = VECTOR('',#2985,1.);
#2985 = DIRECTION('',(1.,0.,0.));
#2986 = PCURVE('',#1520,#2987);
#2987 = DEFINITIONAL_REPRESENTATION('',(#2988),#2992);
#2988 = LINE('',#2989,#2990);
#2989 = CARTESIAN_POINT('',(0.,-170.));
#2990 = VECTOR('',#2991,1.);
#2991 = DIRECTION('',(0.,1.));
#2992 = ( GEOMETRIC_REPRESENTATION_CONTEXT(2) 
PARAMETRIC_REPRESENTATION_CONTEXT() REPRESENTATION_CONTEXT('2D SPACE',''
  ) );
#2993 = PCURVE('',#2994,#2999);
#2994 = CYLINDRICAL_SURFACE('',#2995,25.);
#2995 = AXIS2_PLACEMENT_3D('',#2996,#2997,#2998);
#2996 = CARTESIAN_POINT('',(0.,295.11626439748,157.97840308319));
#2997 = DIRECTION('',(1.,-0.,-0.));
#2998 = DIRECTION('',(0.,-1.,0.));
#2999 = DEFINITIONAL_REPRESENTATION('',(#3000),#3004);
#3000 = LINE('',#3001,#3002);
#3001 = CARTESIAN_POINT('',(-6.492624817419,-170.));
#3002 = VECTOR('',#3003,1.);
#3003 = DIRECTION('',(0.,1.));
#3004 = ( GEOMETRIC_REPRESENTATION_CONTEXT(2) 
PARAMETRIC_REPRESENTATION_CONTEXT() REPRESENTATION_CONTEXT('2D SPACE',''
  ) );
#3005 = ORIENTED_EDGE('',*,*,#2645,.T.);
#3006 = ORIENTED_EDGE('',*,*,#1504,.F.);
#3007 = ORIENTED_EDGE('',*,*,#3008,.F.);
#3008 = EDGE_CURVE('',#2979,#1473,#3009,.T.);
#3009 = SURFACE_CURVE('',#3010,(#3014,#3021),.PCURVE_S1.);
#3010 = LINE('',#3011,#3012);
#3011 = CARTESIAN_POINT('',(158.,270.66257435151,163.17619535951));
#3012 = VECTOR('',#3013,1.);
#3013 = DIRECTION('',(0.,0.207911690818,0.978147600734));
#3014 = PCURVE('',#1520,#3015);
#3015 = DEFINITIONAL_REPRESENTATION('',(#3016),#3020);
#3016 = LINE('',#3017,#3018);
#3017 = CARTESIAN_POINT('',(5.684341886081E-14,158.));
#3018 = VECTOR('',#3019,1.);
#3019 = DIRECTION('',(1.,0.));
#3020 = ( GEOMETRIC_REPRESENTATION_CONTEXT(2) 
PARAMETRIC_REPRESENTATION_CONTEXT() REPRESENTATION_CONTEXT('2D SPACE',''
  ) );
#3021 = PCURVE('',#1489,#3022);
#3022 = DEFINITIONAL_REPRESENTATION('',(#3023),#3027);
#3023 = LINE('',#3024,#3025);
#3024 = CARTESIAN_POINT('',(-0.,0.));
#3025 = VECTOR('',#3026,1.);
#3026 = DIRECTION('',(-0.,1.));
#3027 = ( GEOMETRIC_REPRESENTATION_CONTEXT(2) 
PARAMETRIC_REPRESENTATION_CONTEXT() REPRESENTATION_CONTEXT('2D SPACE',''
  ) );
#3028 = FACE_BOUND('',#3029,.T.);
#3029 = EDGE_LOOP('',(#3030,#3058,#3084,#3110));
#3030 = ORIENTED_EDGE('',*,*,#3031,.F.);
#3031 = EDGE_CURVE('',#3032,#3034,#3036,.T.);
#3032 = VERTEX_POINT('',#3033);
#3033 = CARTESIAN_POINT('',(-152.,297.2453718205,288.2384247263));
#3034 = VERTEX_POINT('',#3035);
#3035 = CARTESIAN_POINT('',(-138.,297.2453718205,288.2384247263));
#3036 = SURFACE_CURVE('',#3037,(#3041,#3047),.PCURVE_S1.);
#3037 = LINE('',#3038,#3039);
#3038 = CARTESIAN_POINT('',(-76.,297.2453718205,288.2384247263));
#3039 = VECTOR('',#3040,1.);
#3040 = DIRECTION('',(1.,0.,0.));
#3041 = PCURVE('',#1520,#3042);
#3042 = DEFINITIONAL_REPRESENTATION('',(#3043),#3046);
#3043 = B_SPLINE_CURVE_WITH_KNOTS('',1,(#3044,#3045),.UNSPECIFIED.,.F.,
  .F.,(2,2),(-76.,-62.),.PIECEWISE_BEZIER_KNOTS.);
#3044 = CARTESIAN_POINT('',(127.85619396599,-152.));
#3045 = CARTESIAN_POINT('',(127.85619396599,-138.));
#3046 = ( GEOMETRIC_REPRESENTATION_CONTEXT(2) 
PARAMETRIC_REPRESENTATION_CONTEXT() REPRESENTATION_CONTEXT('2D SPACE',''
  ) );
#3047 = PCURVE('',#3048,#3053);
#3048 = PLANE('',#3049);
#3049 = AXIS2_PLACEMENT_3D('',#3050,#3051,#3052);
#3050 = CARTESIAN_POINT('',(-152.,297.2453718205,288.));
#3051 = DIRECTION('',(-0.,1.,0.));
#3052 = DIRECTION('',(0.,0.,1.));
#3053 = DEFINITIONAL_REPRESENTATION('',(#3054),#3057);
#3054 = B_SPLINE_CURVE_WITH_KNOTS('',1,(#3055,#3056),.UNSPECIFIED.,.F.,
  .F.,(2,2),(-76.,-62.),.PIECEWISE_BEZIER_KNOTS.);
#3055 = CARTESIAN_POINT('',(0.238424726304,0.));
#3056 = CARTESIAN_POINT('',(0.238424726304,14.));
#3057 = ( GEOMETRIC_REPRESENTATION_CONTEXT(2) 
PARAMETRIC_REPRESENTATION_CONTEXT() REPRESENTATION_CONTEXT('2D SPACE',''
  ) );
#3058 = ORIENTED_EDGE('',*,*,#3059,.T.);
#3059 = EDGE_CURVE('',#3032,#3060,#3062,.T.);
#3060 = VERTEX_POINT('',#3061);
#3061 = CARTESIAN_POINT('',(-152.,297.19469308046,288.));
#3062 = SURFACE_CURVE('',#3063,(#3067,#3073),.PCURVE_S1.);
#3063 = LINE('',#3064,#3065);
#3064 = CARTESIAN_POINT('',(-152.,283.62713816955,224.16967265414));
#3065 = VECTOR('',#3066,1.);
#3066 = DIRECTION('',(0.,-0.207911690818,-0.978147600734));
#3067 = PCURVE('',#1520,#3068);
#3068 = DEFINITIONAL_REPRESENTATION('',(#3069),#3072);
#3069 = B_SPLINE_CURVE_WITH_KNOTS('',1,(#3070,#3071),.UNSPECIFIED.,.F.,
  .F.,(2,2),(-65.50008610571,-65.25633482919),.PIECEWISE_BEZIER_KNOTS.);
#3070 = CARTESIAN_POINT('',(127.85619396599,-152.));
#3071 = CARTESIAN_POINT('',(127.61244268947,-152.));
#3072 = ( GEOMETRIC_REPRESENTATION_CONTEXT(2) 
PARAMETRIC_REPRESENTATION_CONTEXT() REPRESENTATION_CONTEXT('2D SPACE',''
  ) );
#3073 = PCURVE('',#3074,#3079);
#3074 = PLANE('',#3075);
#3075 = AXIS2_PLACEMENT_3D('',#3076,#3077,#3078);
#3076 = CARTESIAN_POINT('',(-152.,283.2453718205,288.));
#3077 = DIRECTION('',(1.,0.,-0.));
#3078 = DIRECTION('',(0.,0.,1.));
#3079 = DEFINITIONAL_REPRESENTATION('',(#3080),#3083);
#3080 = B_SPLINE_CURVE_WITH_KNOTS('',1,(#3081,#3082),.UNSPECIFIED.,.F.,
  .F.,(2,2),(-65.50008610571,-65.25633482919),.PIECEWISE_BEZIER_KNOTS.);
#3081 = CARTESIAN_POINT('',(0.238424726304,-14.));
#3082 = CARTESIAN_POINT('',(-7.105427357601E-15,-13.94932125996));
#3083 = ( GEOMETRIC_REPRESENTATION_CONTEXT(2) 
PARAMETRIC_REPRESENTATION_CONTEXT() REPRESENTATION_CONTEXT('2D SPACE',''
  ) );
#3084 = ORIENTED_EDGE('',*,*,#3085,.T.);
#3085 = EDGE_CURVE('',#3060,#3086,#3088,.T.);
#3086 = VERTEX_POINT('',#3087);
#3087 = CARTESIAN_POINT('',(-138.,297.19469308046,288.));
#3088 = SURFACE_CURVE('',#3089,(#3093,#3099),.PCURVE_S1.);
#3089 = LINE('',#3090,#3091);
#3090 = CARTESIAN_POINT('',(-76.,297.19469308046,288.));
#3091 = VECTOR('',#3092,1.);
#3092 = DIRECTION('',(1.,-0.,0.));
#3093 = PCURVE('',#1520,#3094);
#3094 = DEFINITIONAL_REPRESENTATION('',(#3095),#3098);
#3095 = B_SPLINE_CURVE_WITH_KNOTS('',1,(#3096,#3097),.UNSPECIFIED.,.F.,
  .F.,(2,2),(-76.,-62.),.PIECEWISE_BEZIER_KNOTS.);
#3096 = CARTESIAN_POINT('',(127.61244268947,-152.));
#3097 = CARTESIAN_POINT('',(127.61244268947,-138.));
#3098 = ( GEOMETRIC_REPRESENTATION_CONTEXT(2) 
PARAMETRIC_REPRESENTATION_CONTEXT() REPRESENTATION_CONTEXT('2D SPACE',''
  ) );
#3099 = PCURVE('',#3100,#3105);
#3100 = PLANE('',#3101);
#3101 = AXIS2_PLACEMENT_3D('',#3102,#3103,#3104);
#3102 = CARTESIAN_POINT('',(-152.,283.2453718205,288.));
#3103 = DIRECTION('',(0.,0.,1.));
#3104 = DIRECTION('',(1.,0.,-0.));
#3105 = DEFINITIONAL_REPRESENTATION('',(#3106),#3109);
#3106 = B_SPLINE_CURVE_WITH_KNOTS('',1,(#3107,#3108),.UNSPECIFIED.,.F.,
  .F.,(2,2),(-76.,-62.),.PIECEWISE_BEZIER_KNOTS.);
#3107 = CARTESIAN_POINT('',(0.,13.94932125996));
#3108 = CARTESIAN_POINT('',(14.,13.94932125996));
#3109 = ( GEOMETRIC_REPRESENTATION_CONTEXT(2) 
PARAMETRIC_REPRESENTATION_CONTEXT() REPRESENTATION_CONTEXT('2D SPACE',''
  ) );
#3110 = ORIENTED_EDGE('',*,*,#3111,.F.);
#3111 = EDGE_CURVE('',#3034,#3086,#3112,.T.);
#3112 = SURFACE_CURVE('',#3113,(#3117,#3123),.PCURVE_S1.);
#3113 = LINE('',#3114,#3115);
#3114 = CARTESIAN_POINT('',(-138.,283.62713816955,224.16967265414));
#3115 = VECTOR('',#3116,1.);
#3116 = DIRECTION('',(0.,-0.207911690818,-0.978147600734));
#3117 = PCURVE('',#1520,#3118);
#3118 = DEFINITIONAL_REPRESENTATION('',(#3119),#3122);
#3119 = B_SPLINE_CURVE_WITH_KNOTS('',1,(#3120,#3121),.UNSPECIFIED.,.F.,
  .F.,(2,2),(-65.50008610571,-65.25633482919),.PIECEWISE_BEZIER_KNOTS.);
#3120 = CARTESIAN_POINT('',(127.85619396599,-138.));
#3121 = CARTESIAN_POINT('',(127.61244268947,-138.));
#3122 = ( GEOMETRIC_REPRESENTATION_CONTEXT(2) 
PARAMETRIC_REPRESENTATION_CONTEXT() REPRESENTATION_CONTEXT('2D SPACE',''
  ) );
#3123 = PCURVE('',#3124,#3129);
#3124 = PLANE('',#3125);
#3125 = AXIS2_PLACEMENT_3D('',#3126,#3127,#3128);
#3126 = CARTESIAN_POINT('',(-138.,283.2453718205,288.));
#3127 = DIRECTION('',(1.,0.,-0.));
#3128 = DIRECTION('',(0.,0.,1.));
#3129 = DEFINITIONAL_REPRESENTATION('',(#3130),#3133);
#3130 = B_SPLINE_CURVE_WITH_KNOTS('',1,(#3131,#3132),.UNSPECIFIED.,.F.,
  .F.,(2,2),(-65.50008610571,-65.25633482919),.PIECEWISE_BEZIER_KNOTS.);
#3131 = CARTESIAN_POINT('',(0.238424726304,-14.));
#3132 = CARTESIAN_POINT('',(-7.105427357601E-15,-13.94932125996));
#3133 = ( GEOMETRIC_REPRESENTATION_CONTEXT(2) 
PARAMETRIC_REPRESENTATION_CONTEXT() REPRESENTATION_CONTEXT('2D SPACE',''
  ) );
#3134 = FACE_BOUND('',#3135,.T.);
#3135 = EDGE_LOOP('',(#3136,#3164,#3190,#3216));
#3136 = ORIENTED_EDGE('',*,*,#3137,.F.);
#3137 = EDGE_CURVE('',#3138,#3140,#3142,.T.);
#3138 = VERTEX_POINT('',#3139);
#3139 = CARTESIAN_POINT('',(138.,297.2453718205,288.2384247263));
#3140 = VERTEX_POINT('',#3141);
#3141 = CARTESIAN_POINT('',(152.,297.2453718205,288.2384247263));
#3142 = SURFACE_CURVE('',#3143,(#3147,#3153),.PCURVE_S1.);
#3143 = LINE('',#3144,#3145);
#3144 = CARTESIAN_POINT('',(69.,297.2453718205,288.2384247263));
#3145 = VECTOR('',#3146,1.);
#3146 = DIRECTION('',(1.,0.,0.));
#3147 = PCURVE('',#1520,#3148);
#3148 = DEFINITIONAL_REPRESENTATION('',(#3149),#3152);
#3149 = B_SPLINE_CURVE_WITH_KNOTS('',1,(#3150,#3151),.UNSPECIFIED.,.F.,
  .F.,(2,2),(69.,83.),.PIECEWISE_BEZIER_KNOTS.);
#3150 = CARTESIAN_POINT('',(127.85619396599,138.));
#3151 = CARTESIAN_POINT('',(127.85619396599,152.));
#3152 = ( GEOMETRIC_REPRESENTATION_CONTEXT(2) 
PARAMETRIC_REPRESENTATION_CONTEXT() REPRESENTATION_CONTEXT('2D SPACE',''
  ) );
#3153 = PCURVE('',#3154,#3159);
#3154 = PLANE('',#3155);
#3155 = AXIS2_PLACEMENT_3D('',#3156,#3157,#3158);
#3156 = CARTESIAN_POINT('',(138.,297.2453718205,288.));
#3157 = DIRECTION('',(-0.,1.,0.));
#3158 = DIRECTION('',(0.,0.,1.));
#3159 = DEFINITIONAL_REPRESENTATION('',(#3160),#3163);
#3160 = B_SPLINE_CURVE_WITH_KNOTS('',1,(#3161,#3162),.UNSPECIFIED.,.F.,
  .F.,(2,2),(69.,83.),.PIECEWISE_BEZIER_KNOTS.);
#3161 = CARTESIAN_POINT('',(0.238424726304,0.));
#3162 = CARTESIAN_POINT('',(0.238424726304,14.));
#3163 = ( GEOMETRIC_REPRESENTATION_CONTEXT(2) 
PARAMETRIC_REPRESENTATION_CONTEXT() REPRESENTATION_CONTEXT('2D SPACE',''
  ) );
#3164 = ORIENTED_EDGE('',*,*,#3165,.T.);
#3165 = EDGE_CURVE('',#3138,#3166,#3168,.T.);
#3166 = VERTEX_POINT('',#3167);
#3167 = CARTESIAN_POINT('',(138.,297.19469308046,288.));
#3168 = SURFACE_CURVE('',#3169,(#3173,#3179),.PCURVE_S1.);
#3169 = LINE('',#3170,#3171);
#3170 = CARTESIAN_POINT('',(138.,283.62713816955,224.16967265414));
#3171 = VECTOR('',#3172,1.);
#3172 = DIRECTION('',(0.,-0.207911690818,-0.978147600734));
#3173 = PCURVE('',#1520,#3174);
#3174 = DEFINITIONAL_REPRESENTATION('',(#3175),#3178);
#3175 = B_SPLINE_CURVE_WITH_KNOTS('',1,(#3176,#3177),.UNSPECIFIED.,.F.,
  .F.,(2,2),(-65.50008610571,-65.25633482919),.PIECEWISE_BEZIER_KNOTS.);
#3176 = CARTESIAN_POINT('',(127.85619396599,138.));
#3177 = CARTESIAN_POINT('',(127.61244268947,138.));
#3178 = ( GEOMETRIC_REPRESENTATION_CONTEXT(2) 
PARAMETRIC_REPRESENTATION_CONTEXT() REPRESENTATION_CONTEXT('2D SPACE',''
  ) );
#3179 = PCURVE('',#3180,#3185);
#3180 = PLANE('',#3181);
#3181 = AXIS2_PLACEMENT_3D('',#3182,#3183,#3184);
#3182 = CARTESIAN_POINT('',(138.,283.2453718205,288.));
#3183 = DIRECTION('',(1.,0.,-0.));
#3184 = DIRECTION('',(0.,0.,1.));
#3185 = DEFINITIONAL_REPRESENTATION('',(#3186),#3189);
#3186 = B_SPLINE_CURVE_WITH_KNOTS('',1,(#3187,#3188),.UNSPECIFIED.,.F.,
  .F.,(2,2),(-65.50008610571,-65.25633482919),.PIECEWISE_BEZIER_KNOTS.);
#3187 = CARTESIAN_POINT('',(0.238424726304,-14.));
#3188 = CARTESIAN_POINT('',(-7.105427357601E-15,-13.94932125996));
#3189 = ( GEOMETRIC_REPRESENTATION_CONTEXT(2) 
PARAMETRIC_REPRESENTATION_CONTEXT() REPRESENTATION_CONTEXT('2D SPACE',''
  ) );
#3190 = ORIENTED_EDGE('',*,*,#3191,.T.);
#3191 = EDGE_CURVE('',#3166,#3192,#3194,.T.);
#3192 = VERTEX_POINT('',#3193);
#3193 = CARTESIAN_POINT('',(152.,297.19469308046,288.));
#3194 = SURFACE_CURVE('',#3195,(#3199,#3205),.PCURVE_S1.);
#3195 = LINE('',#3196,#3197);
#3196 = CARTESIAN_POINT('',(69.,297.19469308046,288.));
#3197 = VECTOR('',#3198,1.);
#3198 = DIRECTION('',(1.,-0.,0.));
#3199 = PCURVE('',#1520,#3200);
#3200 = DEFINITIONAL_REPRESENTATION('',(#3201),#3204);
#3201 = B_SPLINE_CURVE_WITH_KNOTS('',1,(#3202,#3203),.UNSPECIFIED.,.F.,
  .F.,(2,2),(69.,83.),.PIECEWISE_BEZIER_KNOTS.);
#3202 = CARTESIAN_POINT('',(127.61244268947,138.));
#3203 = CARTESIAN_POINT('',(127.61244268947,152.));
#3204 = ( GEOMETRIC_REPRESENTATION_CONTEXT(2) 
PARAMETRIC_REPRESENTATION_CONTEXT() REPRESENTATION_CONTEXT('2D SPACE',''
  ) );
#3205 = PCURVE('',#3206,#3211);
#3206 = PLANE('',#3207);
#3207 = AXIS2_PLACEMENT_3D('',#3208,#3209,#3210);
#3208 = CARTESIAN_POINT('',(138.,283.2453718205,288.));
#3209 = DIRECTION('',(0.,0.,1.));
#3210 = DIRECTION('',(1.,0.,-0.));
#3211 = DEFINITIONAL_REPRESENTATION('',(#3212),#3215);
#3212 = B_SPLINE_CURVE_WITH_KNOTS('',1,(#3213,#3214),.UNSPECIFIED.,.F.,
  .F.,(2,2),(69.,83.),.PIECEWISE_BEZIER_KNOTS.);
#3213 = CARTESIAN_POINT('',(0.,13.94932125996));
#3214 = CARTESIAN_POINT('',(14.,13.94932125996));
#3215 = ( GEOMETRIC_REPRESENTATION_CONTEXT(2) 
PARAMETRIC_REPRESENTATION_CONTEXT() REPRESENTATION_CONTEXT('2D SPACE',''
  ) );
#3216 = ORIENTED_EDGE('',*,*,#3217,.F.);
#3217 = EDGE_CURVE('',#3140,#3192,#3218,.T.);
#3218 = SURFACE_CURVE('',#3219,(#3223,#3229),.PCURVE_S1.);
#3219 = LINE('',#3220,#3221);
#3220 = CARTESIAN_POINT('',(152.,283.62713816955,224.16967265414));
#3221 = VECTOR('',#3222,1.);
#3222 = DIRECTION('',(0.,-0.207911690818,-0.978147600734));
#3223 = PCURVE('',#1520,#3224);
#3224 = DEFINITIONAL_REPRESENTATION('',(#3225),#3228);
#3225 = B_SPLINE_CURVE_WITH_KNOTS('',1,(#3226,#3227),.UNSPECIFIED.,.F.,
  .F.,(2,2),(-65.50008610571,-65.25633482919),.PIECEWISE_BEZIER_KNOTS.);
#3226 = CARTESIAN_POINT('',(127.85619396599,152.));
#3227 = CARTESIAN_POINT('',(127.61244268947,152.));
#3228 = ( GEOMETRIC_REPRESENTATION_CONTEXT(2) 
PARAMETRIC_REPRESENTATION_CONTEXT() REPRESENTATION_CONTEXT('2D SPACE',''
  ) );
#3229 = PCURVE('',#3230,#3235);
#3230 = PLANE('',#3231);
#3231 = AXIS2_PLACEMENT_3D('',#3232,#3233,#3234);
#3232 = CARTESIAN_POINT('',(152.,283.2453718205,288.));
#3233 = DIRECTION('',(1.,0.,-0.));
#3234 = DIRECTION('',(0.,0.,1.));
#3235 = DEFINITIONAL_REPRESENTATION('',(#3236),#3239);
#3236 = B_SPLINE_CURVE_WITH_KNOTS('',1,(#3237,#3238),.UNSPECIFIED.,.F.,
  .F.,(2,2),(-65.50008610571,-65.25633482919),.PIECEWISE_BEZIER_KNOTS.);
#3237 = CARTESIAN_POINT('',(0.238424726304,-14.));
#3238 = CARTESIAN_POINT('',(-7.105427357601E-15,-13.94932125996));
#3239 = ( GEOMETRIC_REPRESENTATION_CONTEXT(2) 
PARAMETRIC_REPRESENTATION_CONTEXT() REPRESENTATION_CONTEXT('2D SPACE',''
  ) );
#3240 = ADVANCED_FACE('',(#3241,#3344,#3445),#224,.T.);
#3241 = FACE_BOUND('',#3242,.T.);
#3242 = EDGE_LOOP('',(#3243,#3244,#3267,#3294,#3322,#3343));
#3243 = ORIENTED_EDGE('',*,*,#2831,.F.);
#3244 = ORIENTED_EDGE('',*,*,#3245,.F.);
#3245 = EDGE_CURVE('',#3246,#2799,#3248,.T.);
#3246 = VERTEX_POINT('',#3247);
#3247 = CARTESIAN_POINT('',(-150.,166.2872949808,138.67334478702));
#3248 = SURFACE_CURVE('',#3249,(#3253,#3260),.PCURVE_S1.);
#3249 = LINE('',#3250,#3251);
#3250 = CARTESIAN_POINT('',(-150.,166.2872949808,138.67334478702));
#3251 = VECTOR('',#3252,1.);
#3252 = DIRECTION('',(0.,-0.978147600734,0.207911690818));
#3253 = PCURVE('',#224,#3254);
#3254 = DEFINITIONAL_REPRESENTATION('',(#3255),#3259);
#3255 = LINE('',#3256,#3257);
#3256 = CARTESIAN_POINT('',(14.,-4.000000000001));
#3257 = VECTOR('',#3258,1.);
#3258 = DIRECTION('',(3.552713678801E-15,1.));
#3259 = ( GEOMETRIC_REPRESENTATION_CONTEXT(2) 
PARAMETRIC_REPRESENTATION_CONTEXT() REPRESENTATION_CONTEXT('2D SPACE',''
  ) );
#3260 = PCURVE('',#2819,#3261);
#3261 = DEFINITIONAL_REPRESENTATION('',(#3262),#3266);
#3262 = LINE('',#3263,#3264);
#3263 = CARTESIAN_POINT('',(-0.,4.000000000001));
#3264 = VECTOR('',#3265,1.);
#3265 = DIRECTION('',(-0.,-1.));
#3266 = ( GEOMETRIC_REPRESENTATION_CONTEXT(2) 
PARAMETRIC_REPRESENTATION_CONTEXT() REPRESENTATION_CONTEXT('2D SPACE',''
  ) );
#3267 = ORIENTED_EDGE('',*,*,#3268,.F.);
#3268 = EDGE_CURVE('',#3269,#3246,#3271,.T.);
#3269 = VERTEX_POINT('',#3270);
#3270 = CARTESIAN_POINT('',(-150.,165.03982483589,132.80445918262));
#3271 = SURFACE_CURVE('',#3272,(#3276,#3283),.PCURVE_S1.);
#3272 = LINE('',#3273,#3274);
#3273 = CARTESIAN_POINT('',(-150.,186.12466918095,232.00085274204));
#3274 = VECTOR('',#3275,1.);
#3275 = DIRECTION('',(0.,0.207911690818,0.978147600734));
#3276 = PCURVE('',#224,#3277);
#3277 = DEFINITIONAL_REPRESENTATION('',(#3278),#3282);
#3278 = LINE('',#3279,#3280);
#3279 = CARTESIAN_POINT('',(109.4125,-4.000000000001));
#3280 = VECTOR('',#3281,1.);
#3281 = DIRECTION('',(1.,-5.551115123126E-17));
#3282 = ( GEOMETRIC_REPRESENTATION_CONTEXT(2) 
PARAMETRIC_REPRESENTATION_CONTEXT() REPRESENTATION_CONTEXT('2D SPACE',''
  ) );
#3283 = PCURVE('',#3284,#3289);
#3284 = PLANE('',#3285);
#3285 = AXIS2_PLACEMENT_3D('',#3286,#3287,#3288);
#3286 = CARTESIAN_POINT('',(0.,208.87280705255,339.02242710732));
#3287 = DIRECTION('',(0.,-0.978147600734,0.207911690818));
#3288 = DIRECTION('',(0.,-0.207911690818,-0.978147600734));
#3289 = DEFINITIONAL_REPRESENTATION('',(#3290),#3293);
#3290 = B_SPLINE_CURVE_WITH_KNOTS('',1,(#3291,#3292),.UNSPECIFIED.,.F.,
  .F.,(2,2),(-101.4125,82.5875),.PIECEWISE_BEZIER_KNOTS.);
#3291 = CARTESIAN_POINT('',(210.825,-150.));
#3292 = CARTESIAN_POINT('',(26.825,-150.));
#3293 = ( GEOMETRIC_REPRESENTATION_CONTEXT(2) 
PARAMETRIC_REPRESENTATION_CONTEXT() REPRESENTATION_CONTEXT('2D SPACE',''
  ) );
#3294 = ORIENTED_EDGE('',*,*,#3295,.T.);
#3295 = EDGE_CURVE('',#3269,#3296,#3298,.T.);
#3296 = VERTEX_POINT('',#3297);
#3297 = CARTESIAN_POINT('',(-150.,173.8431532425,130.93325396526));
#3298 = SURFACE_CURVE('',#3299,(#3303,#3310),.PCURVE_S1.);
#3299 = LINE('',#3300,#3301);
#3300 = CARTESIAN_POINT('',(-150.,164.55075103553,132.90841502803));
#3301 = VECTOR('',#3302,1.);
#3302 = DIRECTION('',(0.,0.978147600734,-0.207911690818));
#3303 = PCURVE('',#224,#3304);
#3304 = DEFINITIONAL_REPRESENTATION('',(#3305),#3309);
#3305 = LINE('',#3306,#3307);
#3306 = CARTESIAN_POINT('',(8.,-3.5));
#3307 = VECTOR('',#3308,1.);
#3308 = DIRECTION('',(0.,-1.));
#3309 = ( GEOMETRIC_REPRESENTATION_CONTEXT(2) 
PARAMETRIC_REPRESENTATION_CONTEXT() REPRESENTATION_CONTEXT('2D SPACE',''
  ) );
#3310 = PCURVE('',#3311,#3316);
#3311 = CYLINDRICAL_SURFACE('',#3312,8.);
#3312 = AXIS2_PLACEMENT_3D('',#3313,#3314,#3315);
#3313 = CARTESIAN_POINT('',(-142.,164.55075103553,132.90841502803));
#3314 = DIRECTION('',(0.,0.978147600734,-0.207911690818));
#3315 = DIRECTION('',(-1.,0.,-0.));
#3316 = DEFINITIONAL_REPRESENTATION('',(#3317),#3321);
#3317 = LINE('',#3318,#3319);
#3318 = CARTESIAN_POINT('',(-0.,0.));
#3319 = VECTOR('',#3320,1.);
#3320 = DIRECTION('',(-0.,1.));
#3321 = ( GEOMETRIC_REPRESENTATION_CONTEXT(2) 
PARAMETRIC_REPRESENTATION_CONTEXT() REPRESENTATION_CONTEXT('2D SPACE',''
  ) );
#3322 = ORIENTED_EDGE('',*,*,#3323,.T.);
#3323 = EDGE_CURVE('',#3296,#209,#3324,.T.);
#3324 = SURFACE_CURVE('',#3325,(#3329,#3336),.PCURVE_S1.);
#3325 = LINE('',#3326,#3327);
#3326 = CARTESIAN_POINT('',(-150.,172.17985971596,123.10807315939));
#3327 = VECTOR('',#3328,1.);
#3328 = DIRECTION('',(0.,0.207911690818,0.978147600734));
#3329 = PCURVE('',#224,#3330);
#3330 = DEFINITIONAL_REPRESENTATION('',(#3331),#3335);
#3331 = LINE('',#3332,#3333);
#3332 = CARTESIAN_POINT('',(-7.549516567451E-15,-13.));
#3333 = VECTOR('',#3334,1.);
#3334 = DIRECTION('',(1.,0.));
#3335 = ( GEOMETRIC_REPRESENTATION_CONTEXT(2) 
PARAMETRIC_REPRESENTATION_CONTEXT() REPRESENTATION_CONTEXT('2D SPACE',''
  ) );
#3336 = PCURVE('',#251,#3337);
#3337 = DEFINITIONAL_REPRESENTATION('',(#3338),#3342);
#3338 = LINE('',#3339,#3340);
#3339 = CARTESIAN_POINT('',(0.,0.));
#3340 = VECTOR('',#3341,1.);
#3341 = DIRECTION('',(1.,0.));
#3342 = ( GEOMETRIC_REPRESENTATION_CONTEXT(2) 
PARAMETRIC_REPRESENTATION_CONTEXT() REPRESENTATION_CONTEXT('2D SPACE',''
  ) );
#3343 = ORIENTED_EDGE('',*,*,#208,.F.);
#3344 = FACE_BOUND('',#3345,.T.);
#3345 = EDGE_LOOP('',(#3346,#3374,#3400,#3426));
#3346 = ORIENTED_EDGE('',*,*,#3347,.T.);
#3347 = EDGE_CURVE('',#3348,#3350,#3352,.T.);
#3348 = VERTEX_POINT('',#3349);
#3349 = CARTESIAN_POINT('',(-150.,178.55310474779,172.33077101022));
#3350 = VERTEX_POINT('',#3351);
#3351 = CARTESIAN_POINT('',(-150.,176.69348605185,163.58195290114));
#3352 = SURFACE_CURVE('',#3353,(#3357,#3363),.PCURVE_S1.);
#3353 = LINE('',#3354,#3355);
#3354 = CARTESIAN_POINT('',(-150.,172.94528235642,145.94804093917));
#3355 = VECTOR('',#3356,1.);
#3356 = DIRECTION('',(0.,-0.207911690818,-0.978147600734));
#3357 = PCURVE('',#224,#3358);
#3358 = DEFINITIONAL_REPRESENTATION('',(#3359),#3362);
#3359 = B_SPLINE_CURVE_WITH_KNOTS('',1,(#3360,#3361),.UNSPECIFIED.,.F.,
  .F.,(2,2),(-28.5,-16.5),.PIECEWISE_BEZIER_KNOTS.);
#3360 = CARTESIAN_POINT('',(51.,-9.));
#3361 = CARTESIAN_POINT('',(39.,-9.));
#3362 = ( GEOMETRIC_REPRESENTATION_CONTEXT(2) 
PARAMETRIC_REPRESENTATION_CONTEXT() REPRESENTATION_CONTEXT('2D SPACE',''
  ) );
#3363 = PCURVE('',#3364,#3369);
#3364 = PLANE('',#3365);
#3365 = AXIS2_PLACEMENT_3D('',#3366,#3367,#3368);
#3366 = CARTESIAN_POINT('',(-154.,177.62329539982,167.95636195568));
#3367 = DIRECTION('',(0.,-0.978147600734,0.207911690818));
#3368 = DIRECTION('',(1.,0.,0.));
#3369 = DEFINITIONAL_REPRESENTATION('',(#3370),#3373);
#3370 = B_SPLINE_CURVE_WITH_KNOTS('',1,(#3371,#3372),.UNSPECIFIED.,.F.,
  .F.,(2,2),(-28.5,-16.5),.PIECEWISE_BEZIER_KNOTS.);
#3371 = CARTESIAN_POINT('',(4.,6.));
#3372 = CARTESIAN_POINT('',(4.,-6.));
#3373 = ( GEOMETRIC_REPRESENTATION_CONTEXT(2) 
PARAMETRIC_REPRESENTATION_CONTEXT() REPRESENTATION_CONTEXT('2D SPACE',''
  ) );
#3374 = ORIENTED_EDGE('',*,*,#3375,.T.);
#3375 = EDGE_CURVE('',#3350,#3376,#3378,.T.);
#3376 = VERTEX_POINT('',#3377);
#3377 = CARTESIAN_POINT('',(-150.,171.80274804818,164.62151135523));
#3378 = SURFACE_CURVE('',#3379,(#3383,#3389),.PCURVE_S1.);
#3379 = LINE('',#3380,#3381);
#3380 = CARTESIAN_POINT('',(-150.,176.69348605185,163.58195290114));
#3381 = VECTOR('',#3382,1.);
#3382 = DIRECTION('',(0.,-0.978147600734,0.207911690818));
#3383 = PCURVE('',#224,#3384);
#3384 = DEFINITIONAL_REPRESENTATION('',(#3385),#3388);
#3385 = B_SPLINE_CURVE_WITH_KNOTS('',1,(#3386,#3387),.UNSPECIFIED.,.F.,
  .F.,(2,2),(-6.000000120967E-07,5.0000006),.PIECEWISE_BEZIER_KNOTS.);
#3386 = CARTESIAN_POINT('',(40.527864045,-9.0000006));
#3387 = CARTESIAN_POINT('',(40.527864045,-3.9999994));
#3388 = ( GEOMETRIC_REPRESENTATION_CONTEXT(2) 
PARAMETRIC_REPRESENTATION_CONTEXT() REPRESENTATION_CONTEXT('2D SPACE',''
  ) );
#3389 = PCURVE('',#3390,#3395);
#3390 = CYLINDRICAL_SURFACE('',#3391,6.);
#3391 = AXIS2_PLACEMENT_3D('',#3392,#3393,#3394);
#3392 = CARTESIAN_POINT('',(-154.,177.62329539982,167.95636195568));
#3393 = DIRECTION('',(0.,-0.978147600734,0.207911690818));
#3394 = DIRECTION('',(1.,0.,0.));
#3395 = DEFINITIONAL_REPRESENTATION('',(#3396),#3399);
#3396 = B_SPLINE_CURVE_WITH_KNOTS('',1,(#3397,#3398),.UNSPECIFIED.,.F.,
  .F.,(2,2),(0.,5.),.PIECEWISE_BEZIER_KNOTS.);
#3397 = CARTESIAN_POINT('',(5.442116636612,-3.330669073875E-16));
#3398 = CARTESIAN_POINT('',(5.442116636612,5.));
#3399 = ( GEOMETRIC_REPRESENTATION_CONTEXT(2) 
PARAMETRIC_REPRESENTATION_CONTEXT() REPRESENTATION_CONTEXT('2D SPACE',''
  ) );
#3400 = ORIENTED_EDGE('',*,*,#3401,.F.);
#3401 = EDGE_CURVE('',#3402,#3376,#3404,.T.);
#3402 = VERTEX_POINT('',#3403);
#3403 = CARTESIAN_POINT('',(-150.,173.66236674412,173.37032946431));
#3404 = SURFACE_CURVE('',#3405,(#3409,#3415),.PCURVE_S1.);
#3405 = LINE('',#3406,#3407);
#3406 = CARTESIAN_POINT('',(-150.,168.05454435275,146.98759939326));
#3407 = VECTOR('',#3408,1.);
#3408 = DIRECTION('',(0.,-0.207911690818,-0.978147600734));
#3409 = PCURVE('',#224,#3410);
#3410 = DEFINITIONAL_REPRESENTATION('',(#3411),#3414);
#3411 = B_SPLINE_CURVE_WITH_KNOTS('',1,(#3412,#3413),.UNSPECIFIED.,.F.,
  .F.,(2,2),(-28.5,-16.5),.PIECEWISE_BEZIER_KNOTS.);
#3412 = CARTESIAN_POINT('',(51.,-4.));
#3413 = CARTESIAN_POINT('',(39.,-4.));
#3414 = ( GEOMETRIC_REPRESENTATION_CONTEXT(2) 
PARAMETRIC_REPRESENTATION_CONTEXT() REPRESENTATION_CONTEXT('2D SPACE',''
  ) );
#3415 = PCURVE('',#3416,#3421);
#3416 = PLANE('',#3417);
#3417 = AXIS2_PLACEMENT_3D('',#3418,#3419,#3420);
#3418 = CARTESIAN_POINT('',(-154.,172.73255739615,168.99592040977));
#3419 = DIRECTION('',(0.,-0.978147600734,0.207911690818));
#3420 = DIRECTION('',(1.,0.,0.));
#3421 = DEFINITIONAL_REPRESENTATION('',(#3422),#3425);
#3422 = B_SPLINE_CURVE_WITH_KNOTS('',1,(#3423,#3424),.UNSPECIFIED.,.F.,
  .F.,(2,2),(-28.5,-16.5),.PIECEWISE_BEZIER_KNOTS.);
#3423 = CARTESIAN_POINT('',(4.,6.));
#3424 = CARTESIAN_POINT('',(4.,-6.));
#3425 = ( GEOMETRIC_REPRESENTATION_CONTEXT(2) 
PARAMETRIC_REPRESENTATION_CONTEXT() REPRESENTATION_CONTEXT('2D SPACE',''
  ) );
#3426 = ORIENTED_EDGE('',*,*,#3427,.F.);
#3427 = EDGE_CURVE('',#3348,#3402,#3428,.T.);
#3428 = SURFACE_CURVE('',#3429,(#3433,#3439),.PCURVE_S1.);
#3429 = LINE('',#3430,#3431);
#3430 = CARTESIAN_POINT('',(-150.,178.55310474779,172.33077101022));
#3431 = VECTOR('',#3432,1.);
#3432 = DIRECTION('',(0.,-0.978147600734,0.207911690818));
#3433 = PCURVE('',#224,#3434);
#3434 = DEFINITIONAL_REPRESENTATION('',(#3435),#3438);
#3435 = B_SPLINE_CURVE_WITH_KNOTS('',1,(#3436,#3437),.UNSPECIFIED.,.F.,
  .F.,(2,2),(-5.999999902052E-07,5.0000006),.PIECEWISE_BEZIER_KNOTS.);
#3436 = CARTESIAN_POINT('',(49.472135955,-9.0000006));
#3437 = CARTESIAN_POINT('',(49.472135955,-3.9999994));
#3438 = ( GEOMETRIC_REPRESENTATION_CONTEXT(2) 
PARAMETRIC_REPRESENTATION_CONTEXT() REPRESENTATION_CONTEXT('2D SPACE',''
  ) );
#3439 = PCURVE('',#3390,#3440);
#3440 = DEFINITIONAL_REPRESENTATION('',(#3441),#3444);
#3441 = B_SPLINE_CURVE_WITH_KNOTS('',1,(#3442,#3443),.UNSPECIFIED.,.F.,
  .F.,(2,2),(0.,5.),.PIECEWISE_BEZIER_KNOTS.);
#3442 = CARTESIAN_POINT('',(7.124253977748,3.330669073875E-16));
#3443 = CARTESIAN_POINT('',(7.124253977748,5.));
#3444 = ( GEOMETRIC_REPRESENTATION_CONTEXT(2) 
PARAMETRIC_REPRESENTATION_CONTEXT() REPRESENTATION_CONTEXT('2D SPACE',''
  ) );
#3445 = FACE_BOUND('',#3446,.T.);
#3446 = EDGE_LOOP('',(#3447,#3475,#3501,#3527));
#3447 = ORIENTED_EDGE('',*,*,#3448,.T.);
#3448 = EDGE_CURVE('',#3449,#3451,#3453,.T.);
#3449 = VERTEX_POINT('',#3450);
#3450 = CARTESIAN_POINT('',(-150.,201.42339073774,279.92700709094));
#3451 = VERTEX_POINT('',#3452);
#3452 = CARTESIAN_POINT('',(-150.,199.5637720418,271.17818898186));
#3453 = SURFACE_CURVE('',#3454,(#3458,#3464),.PCURVE_S1.);
#3454 = LINE('',#3455,#3456);
#3455 = CARTESIAN_POINT('',(-150.,184.3804253514,199.74615897953));
#3456 = VECTOR('',#3457,1.);
#3457 = DIRECTION('',(0.,-0.207911690818,-0.978147600734));
#3458 = PCURVE('',#224,#3459);
#3459 = DEFINITIONAL_REPRESENTATION('',(#3460),#3463);
#3460 = B_SPLINE_CURVE_WITH_KNOTS('',1,(#3461,#3462),.UNSPECIFIED.,.F.,
  .F.,(2,2),(-83.5,-71.5),.PIECEWISE_BEZIER_KNOTS.);
#3461 = CARTESIAN_POINT('',(161.,-9.));
#3462 = CARTESIAN_POINT('',(149.,-9.));
#3463 = ( GEOMETRIC_REPRESENTATION_CONTEXT(2) 
PARAMETRIC_REPRESENTATION_CONTEXT() REPRESENTATION_CONTEXT('2D SPACE',''
  ) );
#3464 = PCURVE('',#3465,#3470);
#3465 = PLANE('',#3466);
#3466 = AXIS2_PLACEMENT_3D('',#3467,#3468,#3469);
#3467 = CARTESIAN_POINT('',(-154.,200.49358138977,275.5525980364));
#3468 = DIRECTION('',(0.,-0.978147600734,0.207911690818));
#3469 = DIRECTION('',(1.,0.,0.));
#3470 = DEFINITIONAL_REPRESENTATION('',(#3471),#3474);
#3471 = B_SPLINE_CURVE_WITH_KNOTS('',1,(#3472,#3473),.UNSPECIFIED.,.F.,
  .F.,(2,2),(-83.5,-71.5),.PIECEWISE_BEZIER_KNOTS.);
#3472 = CARTESIAN_POINT('',(4.,6.));
#3473 = CARTESIAN_POINT('',(4.,-6.));
#3474 = ( GEOMETRIC_REPRESENTATION_CONTEXT(2) 
PARAMETRIC_REPRESENTATION_CONTEXT() REPRESENTATION_CONTEXT('2D SPACE',''
  ) );
#3475 = ORIENTED_EDGE('',*,*,#3476,.T.);
#3476 = EDGE_CURVE('',#3451,#3477,#3479,.T.);
#3477 = VERTEX_POINT('',#3478);
#3478 = CARTESIAN_POINT('',(-150.,194.67303403813,272.21774743595));
#3479 = SURFACE_CURVE('',#3480,(#3484,#3490),.PCURVE_S1.);
#3480 = LINE('',#3481,#3482);
#3481 = CARTESIAN_POINT('',(-150.,199.5637720418,271.17818898186));
#3482 = VECTOR('',#3483,1.);
#3483 = DIRECTION('',(0.,-0.978147600734,0.207911690818));
#3484 = PCURVE('',#224,#3485);
#3485 = DEFINITIONAL_REPRESENTATION('',(#3486),#3489);
#3486 = B_SPLINE_CURVE_WITH_KNOTS('',1,(#3487,#3488),.UNSPECIFIED.,.F.,
  .F.,(2,2),(-6.000000180059E-07,5.0000006),.PIECEWISE_BEZIER_KNOTS.);
#3487 = CARTESIAN_POINT('',(150.527864045,-9.0000006));
#3488 = CARTESIAN_POINT('',(150.527864045,-3.9999994));
#3489 = ( GEOMETRIC_REPRESENTATION_CONTEXT(2) 
PARAMETRIC_REPRESENTATION_CONTEXT() REPRESENTATION_CONTEXT('2D SPACE',''
  ) );
#3490 = PCURVE('',#3491,#3496);
#3491 = CYLINDRICAL_SURFACE('',#3492,6.);
#3492 = AXIS2_PLACEMENT_3D('',#3493,#3494,#3495);
#3493 = CARTESIAN_POINT('',(-154.,200.49358138977,275.5525980364));
#3494 = DIRECTION('',(0.,-0.978147600734,0.207911690818));
#3495 = DIRECTION('',(1.,0.,0.));
#3496 = DEFINITIONAL_REPRESENTATION('',(#3497),#3500);
#3497 = B_SPLINE_CURVE_WITH_KNOTS('',1,(#3498,#3499),.UNSPECIFIED.,.F.,
  .F.,(2,2),(0.,5.),.PIECEWISE_BEZIER_KNOTS.);
#3498 = CARTESIAN_POINT('',(5.442116636612,5.551115123126E-15));
#3499 = CARTESIAN_POINT('',(5.442116636612,5.));
#3500 = ( GEOMETRIC_REPRESENTATION_CONTEXT(2) 
PARAMETRIC_REPRESENTATION_CONTEXT() REPRESENTATION_CONTEXT('2D SPACE',''
  ) );
#3501 = ORIENTED_EDGE('',*,*,#3502,.F.);
#3502 = EDGE_CURVE('',#3503,#3477,#3505,.T.);
#3503 = VERTEX_POINT('',#3504);
#3504 = CARTESIAN_POINT('',(-150.,196.53265273408,280.96656554503));
#3505 = SURFACE_CURVE('',#3506,(#3510,#3516),.PCURVE_S1.);
#3506 = LINE('',#3507,#3508);
#3507 = CARTESIAN_POINT('',(-150.,179.48968734773,200.78571743362));
#3508 = VECTOR('',#3509,1.);
#3509 = DIRECTION('',(0.,-0.207911690818,-0.978147600734));
#3510 = PCURVE('',#224,#3511);
#3511 = DEFINITIONAL_REPRESENTATION('',(#3512),#3515);
#3512 = B_SPLINE_CURVE_WITH_KNOTS('',1,(#3513,#3514),.UNSPECIFIED.,.F.,
  .F.,(2,2),(-83.5,-71.5),.PIECEWISE_BEZIER_KNOTS.);
#3513 = CARTESIAN_POINT('',(161.,-4.));
#3514 = CARTESIAN_POINT('',(149.,-4.));
#3515 = ( GEOMETRIC_REPRESENTATION_CONTEXT(2) 
PARAMETRIC_REPRESENTATION_CONTEXT() REPRESENTATION_CONTEXT('2D SPACE',''
  ) );
#3516 = PCURVE('',#3517,#3522);
#3517 = PLANE('',#3518);
#3518 = AXIS2_PLACEMENT_3D('',#3519,#3520,#3521);
#3519 = CARTESIAN_POINT('',(-154.,195.6028433861,276.59215649049));
#3520 = DIRECTION('',(0.,-0.978147600734,0.207911690818));
#3521 = DIRECTION('',(1.,0.,0.));
#3522 = DEFINITIONAL_REPRESENTATION('',(#3523),#3526);
#3523 = B_SPLINE_CURVE_WITH_KNOTS('',1,(#3524,#3525),.UNSPECIFIED.,.F.,
  .F.,(2,2),(-83.5,-71.5),.PIECEWISE_BEZIER_KNOTS.);
#3524 = CARTESIAN_POINT('',(4.,6.));
#3525 = CARTESIAN_POINT('',(4.,-6.));
#3526 = ( GEOMETRIC_REPRESENTATION_CONTEXT(2) 
PARAMETRIC_REPRESENTATION_CONTEXT() REPRESENTATION_CONTEXT('2D SPACE',''
  ) );
#3527 = ORIENTED_EDGE('',*,*,#3528,.F.);
#3528 = EDGE_CURVE('',#3449,#3503,#3529,.T.);
#3529 = SURFACE_CURVE('',#3530,(#3534,#3540),.PCURVE_S1.);
#3530 = LINE('',#3531,#3532);
#3531 = CARTESIAN_POINT('',(-150.,201.42339073774,279.92700709094));
#3532 = VECTOR('',#3533,1.);
#3533 = DIRECTION('',(0.,-0.978147600734,0.207911690818));
#3534 = PCURVE('',#224,#3535);
#3535 = DEFINITIONAL_REPRESENTATION('',(#3536),#3539);
#3536 = B_SPLINE_CURVE_WITH_KNOTS('',1,(#3537,#3538),.UNSPECIFIED.,.F.,
  .F.,(2,2),(-5.999999783868E-07,5.0000006),.PIECEWISE_BEZIER_KNOTS.);
#3537 = CARTESIAN_POINT('',(159.472135955,-9.0000006));
#3538 = CARTESIAN_POINT('',(159.472135955,-3.9999994));
#3539 = ( GEOMETRIC_REPRESENTATION_CONTEXT(2) 
PARAMETRIC_REPRESENTATION_CONTEXT() REPRESENTATION_CONTEXT('2D SPACE',''
  ) );
#3540 = PCURVE('',#3491,#3541);
#3541 = DEFINITIONAL_REPRESENTATION('',(#3542),#3545);
#3542 = B_SPLINE_CURVE_WITH_KNOTS('',1,(#3543,#3544),.UNSPECIFIED.,.F.,
  .F.,(2,2),(0.,5.),.PIECEWISE_BEZIER_KNOTS.);
#3543 = CARTESIAN_POINT('',(7.124253977748,-5.551115123126E-15));
#3544 = CARTESIAN_POINT('',(7.124253977748,5.));
#3545 = ( GEOMETRIC_REPRESENTATION_CONTEXT(2) 
PARAMETRIC_REPRESENTATION_CONTEXT() REPRESENTATION_CONTEXT('2D SPACE',''
  ) );
#3546 = ADVANCED_FACE('',(#3547),#1489,.T.);
#3547 = FACE_BOUND('',#3548,.F.);
#3548 = EDGE_LOOP('',(#3549,#3550,#3577,#3596));
#3549 = ORIENTED_EDGE('',*,*,#3008,.F.);
#3550 = ORIENTED_EDGE('',*,*,#3551,.T.);
#3551 = EDGE_CURVE('',#2979,#3552,#3554,.T.);
#3552 = VERTEX_POINT('',#3553);
#3553 = CARTESIAN_POINT('',(162.85278712657,269.65996560651,
    163.38930642705));
#3554 = SURFACE_CURVE('',#3555,(#3560,#3566),.PCURVE_S1.);
#3555 = CIRCLE('',#3556,12.);
#3556 = AXIS2_PLACEMENT_3D('',#3557,#3558,#3559);
#3557 = CARTESIAN_POINT('',(158.,258.92480317033,165.67113564345));
#3558 = DIRECTION('',(0.,-0.207911690818,-0.978147600734));
#3559 = DIRECTION('',(0.,-0.978147600734,0.207911690818));
#3560 = PCURVE('',#1489,#3561);
#3561 = DEFINITIONAL_REPRESENTATION('',(#3562),#3565);
#3562 = B_SPLINE_CURVE_WITH_KNOTS('',1,(#3563,#3564),.UNSPECIFIED.,.F.,
  .F.,(2,2),(3.14159265359,4.712388980385),.PIECEWISE_BEZIER_KNOTS.);
#3563 = CARTESIAN_POINT('',(0.,-5.684341886081E-14));
#3564 = CARTESIAN_POINT('',(-1.570796326795,-5.684341886081E-14));
#3565 = ( GEOMETRIC_REPRESENTATION_CONTEXT(2) 
PARAMETRIC_REPRESENTATION_CONTEXT() REPRESENTATION_CONTEXT('2D SPACE',''
  ) );
#3566 = PCURVE('',#3567,#3572);
#3567 = TOROIDAL_SURFACE('',#3568,37.,12.);
#3568 = AXIS2_PLACEMENT_3D('',#3569,#3570,#3571);
#3569 = CARTESIAN_POINT('',(158.,295.11626439748,157.97840308319));
#3570 = DIRECTION('',(-1.,-0.,-0.));
#3571 = DIRECTION('',(0.,-0.26004539941,-0.965596390966));
#3572 = DEFINITIONAL_REPRESENTATION('',(#3573),#3576);
#3573 = B_SPLINE_CURVE_WITH_KNOTS('',1,(#3574,#3575),.UNSPECIFIED.,.F.,
  .F.,(2,2),(3.14159265359,4.712388980385),.PIECEWISE_BEZIER_KNOTS.);
#3574 = CARTESIAN_POINT('',(1.51716661746,3.14159265359));
#3575 = CARTESIAN_POINT('',(1.51716661746,4.712388980385));
#3576 = ( GEOMETRIC_REPRESENTATION_CONTEXT(2) 
PARAMETRIC_REPRESENTATION_CONTEXT() REPRESENTATION_CONTEXT('2D SPACE',''
  ) );
#3577 = ORIENTED_EDGE('',*,*,#3578,.T.);
#3578 = EDGE_CURVE('',#3552,#1440,#3579,.T.);
#3579 = SURFACE_CURVE('',#3580,(#3584,#3590),.PCURVE_S1.);
#3580 = LINE('',#3581,#3582);
#3581 = CARTESIAN_POINT('',(162.85278712657,269.65996557889,
    163.38930643292));
#3582 = VECTOR('',#3583,1.);
#3583 = DIRECTION('',(0.,0.207911690818,0.978147600734));
#3584 = PCURVE('',#1489,#3585);
#3585 = DEFINITIONAL_REPRESENTATION('',(#3586),#3589);
#3586 = B_SPLINE_CURVE_WITH_KNOTS('',1,(#3587,#3588),.UNSPECIFIED.,.F.,
  .F.,(2,2),(-6.000000484985E-07,206.75675528784),
  .PIECEWISE_BEZIER_KNOTS.);
#3587 = CARTESIAN_POINT('',(-0.416321525171,-6.000000440576E-07));
#3588 = CARTESIAN_POINT('',(-0.416321525171,206.75675528784));
#3589 = ( GEOMETRIC_REPRESENTATION_CONTEXT(2) 
PARAMETRIC_REPRESENTATION_CONTEXT() REPRESENTATION_CONTEXT('2D SPACE',''
  ) );
#3590 = PCURVE('',#1456,#3591);
#3591 = DEFINITIONAL_REPRESENTATION('',(#3592),#3595);
#3592 = B_SPLINE_CURVE_WITH_KNOTS('',1,(#3593,#3594),.UNSPECIFIED.,.F.,
  .F.,(2,2),(-6.000000484985E-07,206.75675528784),
  .PIECEWISE_BEZIER_KNOTS.);
#3593 = CARTESIAN_POINT('',(0.823463073534,-5.999999653428E-07));
#3594 = CARTESIAN_POINT('',(0.823463073534,206.75675528784));
#3595 = ( GEOMETRIC_REPRESENTATION_CONTEXT(2) 
PARAMETRIC_REPRESENTATION_CONTEXT() REPRESENTATION_CONTEXT('2D SPACE',''
  ) );
#3596 = ORIENTED_EDGE('',*,*,#1472,.T.);
#3597 = ADVANCED_FACE('',(#3598),#251,.F.);
#3598 = FACE_BOUND('',#3599,.F.);
#3599 = EDGE_LOOP('',(#3600,#3624,#3650,#3651,#3652,#3673,#3702,#3728,
    #3757,#3776,#3777,#3800));
#3600 = ORIENTED_EDGE('',*,*,#3601,.T.);
#3601 = EDGE_CURVE('',#3602,#3604,#3606,.T.);
#3602 = VERTEX_POINT('',#3603);
#3603 = CARTESIAN_POINT('',(147.21593643167,172.58200118013,125.));
#3604 = VERTEX_POINT('',#3605);
#3605 = CARTESIAN_POINT('',(-147.2159364316,172.58200118013,125.));
#3606 = SURFACE_CURVE('',#3607,(#3611,#3617),.PCURVE_S1.);
#3607 = LINE('',#3608,#3609);
#3608 = CARTESIAN_POINT('',(-185.,172.58200118013,125.));
#3609 = VECTOR('',#3610,1.);
#3610 = DIRECTION('',(-1.,0.,0.));
#3611 = PCURVE('',#251,#3612);
#3612 = DEFINITIONAL_REPRESENTATION('',(#3613),#3616);
#3613 = B_SPLINE_CURVE_WITH_KNOTS('',1,(#3614,#3615),.UNSPECIFIED.,.F.,
  .F.,(2,2),(-335.,-35.),.PIECEWISE_BEZIER_KNOTS.);
#3614 = CARTESIAN_POINT('',(1.934193611666,300.));
#3615 = CARTESIAN_POINT('',(1.934193611666,0.));
#3616 = ( GEOMETRIC_REPRESENTATION_CONTEXT(2) 
PARAMETRIC_REPRESENTATION_CONTEXT() REPRESENTATION_CONTEXT('2D SPACE',''
  ) );
#3617 = PCURVE('',#2159,#3618);
#3618 = DEFINITIONAL_REPRESENTATION('',(#3619),#3623);
#3619 = LINE('',#3620,#3621);
#3620 = CARTESIAN_POINT('',(35.,222.58200118013));
#3621 = VECTOR('',#3622,1.);
#3622 = DIRECTION('',(-1.,0.));
#3623 = ( GEOMETRIC_REPRESENTATION_CONTEXT(2) 
PARAMETRIC_REPRESENTATION_CONTEXT() REPRESENTATION_CONTEXT('2D SPACE',''
  ) );
#3624 = ORIENTED_EDGE('',*,*,#3625,.F.);
#3625 = EDGE_CURVE('',#3296,#3604,#3626,.T.);
#3626 = SURFACE_CURVE('',#3627,(#3632,#3643),.PCURVE_S1.);
#3627 = CIRCLE('',#3628,8.);
#3628 = AXIS2_PLACEMENT_3D('',#3629,#3630,#3631);
#3629 = CARTESIAN_POINT('',(-142.,173.8431532425,130.93325396526));
#3630 = DIRECTION('',(0.,-0.978147600734,0.207911690818));
#3631 = DIRECTION('',(0.,0.207911690818,0.978147600734));
#3632 = PCURVE('',#251,#3633);
#3633 = DEFINITIONAL_REPRESENTATION('',(#3634),#3642);
#3634 = ( BOUNDED_CURVE() B_SPLINE_CURVE(2,(#3635,#3636,#3637,#3638,
#3639,#3640,#3641),.UNSPECIFIED.,.T.,.F.) B_SPLINE_CURVE_WITH_KNOTS((1,2
    ,2,2,2,1),(-2.094395102393,0.,2.094395102393,4.188790204786,
6.28318530718,8.377580409573),.UNSPECIFIED.) CURVE() 
GEOMETRIC_REPRESENTATION_ITEM() RATIONAL_B_SPLINE_CURVE((1.,0.5,1.,0.5,
1.,0.5,1.)) REPRESENTATION_ITEM('') );
#3635 = CARTESIAN_POINT('',(16.,8.));
#3636 = CARTESIAN_POINT('',(16.,-5.856406460551));
#3637 = CARTESIAN_POINT('',(4.,1.071796769724));
#3638 = CARTESIAN_POINT('',(-8.,8.));
#3639 = CARTESIAN_POINT('',(4.,14.928203230276));
#3640 = CARTESIAN_POINT('',(16.,21.856406460551));
#3641 = CARTESIAN_POINT('',(16.,8.));
#3642 = ( GEOMETRIC_REPRESENTATION_CONTEXT(2) 
PARAMETRIC_REPRESENTATION_CONTEXT() REPRESENTATION_CONTEXT('2D SPACE',''
  ) );
#3643 = PCURVE('',#3311,#3644);
#3644 = DEFINITIONAL_REPRESENTATION('',(#3645),#3649);
#3645 = LINE('',#3646,#3647);
#3646 = CARTESIAN_POINT('',(1.570796326795,9.5));
#3647 = VECTOR('',#3648,1.);
#3648 = DIRECTION('',(-1.,0.));
#3649 = ( GEOMETRIC_REPRESENTATION_CONTEXT(2) 
PARAMETRIC_REPRESENTATION_CONTEXT() REPRESENTATION_CONTEXT('2D SPACE',''
  ) );
#3650 = ORIENTED_EDGE('',*,*,#3323,.T.);
#3651 = ORIENTED_EDGE('',*,*,#235,.F.);
#3652 = ORIENTED_EDGE('',*,*,#3653,.T.);
#3653 = EDGE_CURVE('',#236,#3654,#3656,.T.);
#3654 = VERTEX_POINT('',#3655);
#3655 = CARTESIAN_POINT('',(-126.5,175.29853507822,137.7802871704));
#3656 = SURFACE_CURVE('',#3657,(#3661,#3667),.PCURVE_S1.);
#3657 = LINE('',#3658,#3659);
#3658 = CARTESIAN_POINT('',(-126.5,172.699638943,125.55344216122));
#3659 = VECTOR('',#3660,1.);
#3660 = DIRECTION('',(0.,-0.207911690818,-0.978147600734));
#3661 = PCURVE('',#251,#3662);
#3662 = DEFINITIONAL_REPRESENTATION('',(#3663),#3666);
#3663 = B_SPLINE_CURVE_WITH_KNOTS('',1,(#3664,#3665),.UNSPECIFIED.,.F.,
  .F.,(2,2),(-182.5,-12.5),.PIECEWISE_BEZIER_KNOTS.);
#3664 = CARTESIAN_POINT('',(185.,23.5));
#3665 = CARTESIAN_POINT('',(15.,23.5));
#3666 = ( GEOMETRIC_REPRESENTATION_CONTEXT(2) 
PARAMETRIC_REPRESENTATION_CONTEXT() REPRESENTATION_CONTEXT('2D SPACE',''
  ) );
#3667 = PCURVE('',#278,#3668);
#3668 = DEFINITIONAL_REPRESENTATION('',(#3669),#3672);
#3669 = B_SPLINE_CURVE_WITH_KNOTS('',1,(#3670,#3671),.UNSPECIFIED.,.F.,
  .F.,(2,2),(-182.5,-12.5),.PIECEWISE_BEZIER_KNOTS.);
#3670 = CARTESIAN_POINT('',(180.,-1.));
#3671 = CARTESIAN_POINT('',(10.,-1.));
#3672 = ( GEOMETRIC_REPRESENTATION_CONTEXT(2) 
PARAMETRIC_REPRESENTATION_CONTEXT() REPRESENTATION_CONTEXT('2D SPACE',''
  ) );
#3673 = ORIENTED_EDGE('',*,*,#3674,.F.);
#3674 = EDGE_CURVE('',#3675,#3654,#3677,.T.);
#3675 = VERTEX_POINT('',#3676);
#3676 = CARTESIAN_POINT('',(-116.5,173.21941817004,127.99881116306));
#3677 = SURFACE_CURVE('',#3678,(#3683,#3690),.PCURVE_S1.);
#3678 = CIRCLE('',#3679,10.);
#3679 = AXIS2_PLACEMENT_3D('',#3680,#3681,#3682);
#3680 = CARTESIAN_POINT('',(-116.5,175.29853507822,137.7802871704));
#3681 = DIRECTION('',(0.,0.978147600734,-0.207911690818));
#3682 = DIRECTION('',(-1.,0.,-0.));
#3683 = PCURVE('',#251,#3684);
#3684 = DEFINITIONAL_REPRESENTATION('',(#3685),#3689);
#3685 = CIRCLE('',#3686,10.);
#3686 = AXIS2_PLACEMENT_2D('',#3687,#3688);
#3687 = CARTESIAN_POINT('',(15.,33.5));
#3688 = DIRECTION('',(0.,-1.));
#3689 = ( GEOMETRIC_REPRESENTATION_CONTEXT(2) 
PARAMETRIC_REPRESENTATION_CONTEXT() REPRESENTATION_CONTEXT('2D SPACE',''
  ) );
#3690 = PCURVE('',#3691,#3696);
#3691 = CYLINDRICAL_SURFACE('',#3692,10.);
#3692 = AXIS2_PLACEMENT_3D('',#3693,#3694,#3695);
#3693 = CARTESIAN_POINT('',(-116.5,174.32038747749,137.98819886121));
#3694 = DIRECTION('',(0.,0.978147600734,-0.207911690818));
#3695 = DIRECTION('',(-1.,0.,-0.));
#3696 = DEFINITIONAL_REPRESENTATION('',(#3697),#3701);
#3697 = LINE('',#3698,#3699);
#3698 = CARTESIAN_POINT('',(-6.28318530718,1.));
#3699 = VECTOR('',#3700,1.);
#3700 = DIRECTION('',(1.,-0.));
#3701 = ( GEOMETRIC_REPRESENTATION_CONTEXT(2) 
PARAMETRIC_REPRESENTATION_CONTEXT() REPRESENTATION_CONTEXT('2D SPACE',''
  ) );
#3702 = ORIENTED_EDGE('',*,*,#3703,.T.);
#3703 = EDGE_CURVE('',#3675,#3704,#3706,.T.);
#3704 = VERTEX_POINT('',#3705);
#3705 = CARTESIAN_POINT('',(116.5,173.21941817004,127.99881116306));
#3706 = SURFACE_CURVE('',#3707,(#3711,#3717),.PCURVE_S1.);
#3707 = LINE('',#3708,#3709);
#3708 = CARTESIAN_POINT('',(-138.25,173.21941817004,127.99881116306));
#3709 = VECTOR('',#3710,1.);
#3710 = DIRECTION('',(1.,-0.,0.));
#3711 = PCURVE('',#251,#3712);
#3712 = DEFINITIONAL_REPRESENTATION('',(#3713),#3716);
#3713 = B_SPLINE_CURVE_WITH_KNOTS('',1,(#3714,#3715),.UNSPECIFIED.,.F.,
  .F.,(2,2),(21.75,254.75),.PIECEWISE_BEZIER_KNOTS.);
#3714 = CARTESIAN_POINT('',(5.,33.5));
#3715 = CARTESIAN_POINT('',(5.,266.5));
#3716 = ( GEOMETRIC_REPRESENTATION_CONTEXT(2) 
PARAMETRIC_REPRESENTATION_CONTEXT() REPRESENTATION_CONTEXT('2D SPACE',''
  ) );
#3717 = PCURVE('',#3718,#3723);
#3718 = PLANE('',#3719);
#3719 = AXIS2_PLACEMENT_3D('',#3720,#3721,#3722);
#3720 = CARTESIAN_POINT('',(-126.5,172.24127056931,128.20672285388));
#3721 = DIRECTION('',(0.,0.207911690818,0.978147600734));
#3722 = DIRECTION('',(1.,0.,-0.));
#3723 = DEFINITIONAL_REPRESENTATION('',(#3724),#3727);
#3724 = B_SPLINE_CURVE_WITH_KNOTS('',1,(#3725,#3726),.UNSPECIFIED.,.F.,
  .F.,(2,2),(21.75,254.75),.PIECEWISE_BEZIER_KNOTS.);
#3725 = CARTESIAN_POINT('',(10.,1.));
#3726 = CARTESIAN_POINT('',(243.,1.));
#3727 = ( GEOMETRIC_REPRESENTATION_CONTEXT(2) 
PARAMETRIC_REPRESENTATION_CONTEXT() REPRESENTATION_CONTEXT('2D SPACE',''
  ) );
#3728 = ORIENTED_EDGE('',*,*,#3729,.F.);
#3729 = EDGE_CURVE('',#3730,#3704,#3732,.T.);
#3730 = VERTEX_POINT('',#3731);
#3731 = CARTESIAN_POINT('',(126.5,175.29853507822,137.7802871704));
#3732 = SURFACE_CURVE('',#3733,(#3738,#3745),.PCURVE_S1.);
#3733 = CIRCLE('',#3734,10.);
#3734 = AXIS2_PLACEMENT_3D('',#3735,#3736,#3737);
#3735 = CARTESIAN_POINT('',(116.5,175.29853507822,137.7802871704));
#3736 = DIRECTION('',(0.,0.978147600734,-0.207911690818));
#3737 = DIRECTION('',(1.,-0.,0.));
#3738 = PCURVE('',#251,#3739);
#3739 = DEFINITIONAL_REPRESENTATION('',(#3740),#3744);
#3740 = CIRCLE('',#3741,10.);
#3741 = AXIS2_PLACEMENT_2D('',#3742,#3743);
#3742 = CARTESIAN_POINT('',(15.,266.5));
#3743 = DIRECTION('',(0.,1.));
#3744 = ( GEOMETRIC_REPRESENTATION_CONTEXT(2) 
PARAMETRIC_REPRESENTATION_CONTEXT() REPRESENTATION_CONTEXT('2D SPACE',''
  ) );
#3745 = PCURVE('',#3746,#3751);
#3746 = CYLINDRICAL_SURFACE('',#3747,10.);
#3747 = AXIS2_PLACEMENT_3D('',#3748,#3749,#3750);
#3748 = CARTESIAN_POINT('',(116.5,174.32038747749,137.98819886121));
#3749 = DIRECTION('',(0.,0.978147600734,-0.207911690818));
#3750 = DIRECTION('',(1.,-0.,0.));
#3751 = DEFINITIONAL_REPRESENTATION('',(#3752),#3756);
#3752 = LINE('',#3753,#3754);
#3753 = CARTESIAN_POINT('',(0.,1.));
#3754 = VECTOR('',#3755,1.);
#3755 = DIRECTION('',(1.,0.));
#3756 = ( GEOMETRIC_REPRESENTATION_CONTEXT(2) 
PARAMETRIC_REPRESENTATION_CONTEXT() REPRESENTATION_CONTEXT('2D SPACE',''
  ) );
#3757 = ORIENTED_EDGE('',*,*,#3758,.F.);
#3758 = EDGE_CURVE('',#1128,#3730,#3759,.T.);
#3759 = SURFACE_CURVE('',#3760,(#3764,#3770),.PCURVE_S1.);
#3760 = LINE('',#3761,#3762);
#3761 = CARTESIAN_POINT('',(126.5,172.699638943,125.55344216122));
#3762 = VECTOR('',#3763,1.);
#3763 = DIRECTION('',(0.,-0.207911690818,-0.978147600734));
#3764 = PCURVE('',#251,#3765);
#3765 = DEFINITIONAL_REPRESENTATION('',(#3766),#3769);
#3766 = B_SPLINE_CURVE_WITH_KNOTS('',1,(#3767,#3768),.UNSPECIFIED.,.F.,
  .F.,(2,2),(-182.5,-12.5),.PIECEWISE_BEZIER_KNOTS.);
#3767 = CARTESIAN_POINT('',(185.,276.5));
#3768 = CARTESIAN_POINT('',(15.,276.5));
#3769 = ( GEOMETRIC_REPRESENTATION_CONTEXT(2) 
PARAMETRIC_REPRESENTATION_CONTEXT() REPRESENTATION_CONTEXT('2D SPACE',''
  ) );
#3770 = PCURVE('',#1143,#3771);
#3771 = DEFINITIONAL_REPRESENTATION('',(#3772),#3775);
#3772 = B_SPLINE_CURVE_WITH_KNOTS('',1,(#3773,#3774),.UNSPECIFIED.,.F.,
  .F.,(2,2),(-182.5,-12.5),.PIECEWISE_BEZIER_KNOTS.);
#3773 = CARTESIAN_POINT('',(180.,-1.));
#3774 = CARTESIAN_POINT('',(10.,-1.));
#3775 = ( GEOMETRIC_REPRESENTATION_CONTEXT(2) 
PARAMETRIC_REPRESENTATION_CONTEXT() REPRESENTATION_CONTEXT('2D SPACE',''
  ) );
#3776 = ORIENTED_EDGE('',*,*,#1154,.F.);
#3777 = ORIENTED_EDGE('',*,*,#3778,.F.);
#3778 = EDGE_CURVE('',#3779,#1155,#3781,.T.);
#3779 = VERTEX_POINT('',#3780);
#3780 = CARTESIAN_POINT('',(150.,173.8431532425,130.93325396526));
#3781 = SURFACE_CURVE('',#3782,(#3786,#3793),.PCURVE_S1.);
#3782 = LINE('',#3783,#3784);
#3783 = CARTESIAN_POINT('',(150.,172.17985971596,123.10807315939));
#3784 = VECTOR('',#3785,1.);
#3785 = DIRECTION('',(0.,0.207911690818,0.978147600734));
#3786 = PCURVE('',#251,#3787);
#3787 = DEFINITIONAL_REPRESENTATION('',(#3788),#3792);
#3788 = LINE('',#3789,#3790);
#3789 = CARTESIAN_POINT('',(0.,300.));
#3790 = VECTOR('',#3791,1.);
#3791 = DIRECTION('',(1.,0.));
#3792 = ( GEOMETRIC_REPRESENTATION_CONTEXT(2) 
PARAMETRIC_REPRESENTATION_CONTEXT() REPRESENTATION_CONTEXT('2D SPACE',''
  ) );
#3793 = PCURVE('',#1192,#3794);
#3794 = DEFINITIONAL_REPRESENTATION('',(#3795),#3799);
#3795 = LINE('',#3796,#3797);
#3796 = CARTESIAN_POINT('',(-7.549516567451E-15,-13.));
#3797 = VECTOR('',#3798,1.);
#3798 = DIRECTION('',(1.,0.));
#3799 = ( GEOMETRIC_REPRESENTATION_CONTEXT(2) 
PARAMETRIC_REPRESENTATION_CONTEXT() REPRESENTATION_CONTEXT('2D SPACE',''
  ) );
#3800 = ORIENTED_EDGE('',*,*,#3801,.T.);
#3801 = EDGE_CURVE('',#3779,#3602,#3802,.T.);
#3802 = SURFACE_CURVE('',#3803,(#3808,#3815),.PCURVE_S1.);
#3803 = CIRCLE('',#3804,8.);
#3804 = AXIS2_PLACEMENT_3D('',#3805,#3806,#3807);
#3805 = CARTESIAN_POINT('',(142.,173.8431532425,130.93325396526));
#3806 = DIRECTION('',(0.,0.978147600734,-0.207911690818));
#3807 = DIRECTION('',(0.,0.207911690818,0.978147600734));
#3808 = PCURVE('',#251,#3809);
#3809 = DEFINITIONAL_REPRESENTATION('',(#3810),#3814);
#3810 = CIRCLE('',#3811,8.);
#3811 = AXIS2_PLACEMENT_2D('',#3812,#3813);
#3812 = CARTESIAN_POINT('',(8.,292.));
#3813 = DIRECTION('',(1.,0.));
#3814 = ( GEOMETRIC_REPRESENTATION_CONTEXT(2) 
PARAMETRIC_REPRESENTATION_CONTEXT() REPRESENTATION_CONTEXT('2D SPACE',''
  ) );
#3815 = PCURVE('',#3816,#3821);
#3816 = CYLINDRICAL_SURFACE('',#3817,8.);
#3817 = AXIS2_PLACEMENT_3D('',#3818,#3819,#3820);
#3818 = CARTESIAN_POINT('',(142.,164.55075103553,132.90841502803));
#3819 = DIRECTION('',(0.,0.978147600734,-0.207911690818));
#3820 = DIRECTION('',(1.,-0.,0.));
#3821 = DEFINITIONAL_REPRESENTATION('',(#3822),#3826);
#3822 = LINE('',#3823,#3824);
#3823 = CARTESIAN_POINT('',(-1.570796326795,9.5));
#3824 = VECTOR('',#3825,1.);
#3825 = DIRECTION('',(1.,0.));
#3826 = ( GEOMETRIC_REPRESENTATION_CONTEXT(2) 
PARAMETRIC_REPRESENTATION_CONTEXT() REPRESENTATION_CONTEXT('2D SPACE',''
  ) );
#3827 = ADVANCED_FACE('',(#3828),#1456,.T.);
#3828 = FACE_BOUND('',#3829,.T.);
#3829 = EDGE_LOOP('',(#3830,#3853,#3878,#3879));
#3830 = ORIENTED_EDGE('',*,*,#3831,.F.);
#3831 = EDGE_CURVE('',#3832,#1413,#3834,.T.);
#3832 = VERTEX_POINT('',#3833);
#3833 = CARTESIAN_POINT('',(165.2,270.66257437913,163.17619535364));
#3834 = SURFACE_CURVE('',#3835,(#3839,#3846),.PCURVE_S1.);
#3835 = LINE('',#3836,#3837);
#3836 = CARTESIAN_POINT('',(165.2,270.66257435151,163.17619535951));
#3837 = VECTOR('',#3838,1.);
#3838 = DIRECTION('',(0.,0.207911690818,0.978147600734));
#3839 = PCURVE('',#1456,#3840);
#3840 = DEFINITIONAL_REPRESENTATION('',(#3841),#3845);
#3841 = LINE('',#3842,#3843);
#3842 = CARTESIAN_POINT('',(0.,0.));
#3843 = VECTOR('',#3844,1.);
#3844 = DIRECTION('',(0.,1.));
#3845 = ( GEOMETRIC_REPRESENTATION_CONTEXT(2) 
PARAMETRIC_REPRESENTATION_CONTEXT() REPRESENTATION_CONTEXT('2D SPACE',''
  ) );
#3846 = PCURVE('',#1428,#3847);
#3847 = DEFINITIONAL_REPRESENTATION('',(#3848),#3852);
#3848 = LINE('',#3849,#3850);
#3849 = CARTESIAN_POINT('',(0.,-0.8));
#3850 = VECTOR('',#3851,1.);
#3851 = DIRECTION('',(1.,0.));
#3852 = ( GEOMETRIC_REPRESENTATION_CONTEXT(2) 
PARAMETRIC_REPRESENTATION_CONTEXT() REPRESENTATION_CONTEXT('2D SPACE',''
  ) );
#3853 = ORIENTED_EDGE('',*,*,#3854,.T.);
#3854 = EDGE_CURVE('',#3832,#3552,#3855,.T.);
#3855 = SURFACE_CURVE('',#3856,(#3861,#3867),.PCURVE_S1.);
#3856 = CIRCLE('',#3857,3.2);
#3857 = AXIS2_PLACEMENT_3D('',#3858,#3859,#3860);
#3858 = CARTESIAN_POINT('',(165.2,267.53250205679,163.84151276425));
#3859 = DIRECTION('',(-0.,0.207911690818,0.978147600734));
#3860 = DIRECTION('',(0.,-0.978147600734,0.207911690818));
#3861 = PCURVE('',#1456,#3862);
#3862 = DEFINITIONAL_REPRESENTATION('',(#3863),#3866);
#3863 = B_SPLINE_CURVE_WITH_KNOTS('',1,(#3864,#3865),.UNSPECIFIED.,.F.,
  .F.,(2,2),(3.14159265359,4.712388980385),.PIECEWISE_BEZIER_KNOTS.);
#3864 = CARTESIAN_POINT('',(0.,-2.78006268881E-14));
#3865 = CARTESIAN_POINT('',(1.570796326795,-2.78006268881E-14));
#3866 = ( GEOMETRIC_REPRESENTATION_CONTEXT(2) 
PARAMETRIC_REPRESENTATION_CONTEXT() REPRESENTATION_CONTEXT('2D SPACE',''
  ) );
#3867 = PCURVE('',#3868,#3873);
#3868 = TOROIDAL_SURFACE('',#3869,28.2,3.2);
#3869 = AXIS2_PLACEMENT_3D('',#3870,#3871,#3872);
#3870 = CARTESIAN_POINT('',(165.2,295.11626439748,157.97840308319));
#3871 = DIRECTION('',(1.,0.,0.));
#3872 = DIRECTION('',(0.,-0.26004539941,-0.965596390966));
#3873 = DEFINITIONAL_REPRESENTATION('',(#3874),#3877);
#3874 = B_SPLINE_CURVE_WITH_KNOTS('',1,(#3875,#3876),.UNSPECIFIED.,.F.,
  .F.,(2,2),(3.14159265359,4.712388980385),.PIECEWISE_BEZIER_KNOTS.);
#3875 = CARTESIAN_POINT('',(-1.51716661746,3.14159265359));
#3876 = CARTESIAN_POINT('',(-1.51716661746,4.712388980385));
#3877 = ( GEOMETRIC_REPRESENTATION_CONTEXT(2) 
PARAMETRIC_REPRESENTATION_CONTEXT() REPRESENTATION_CONTEXT('2D SPACE',''
  ) );
#3878 = ORIENTED_EDGE('',*,*,#3578,.T.);
#3879 = ORIENTED_EDGE('',*,*,#1439,.F.);
#3880 = ADVANCED_FACE('',(#3881),#278,.T.);
#3881 = FACE_BOUND('',#3882,.T.);
#3882 = EDGE_LOOP('',(#3883,#3884,#3885,#3908));
#3883 = ORIENTED_EDGE('',*,*,#262,.F.);
#3884 = ORIENTED_EDGE('',*,*,#3653,.T.);
#3885 = ORIENTED_EDGE('',*,*,#3886,.T.);
#3886 = EDGE_CURVE('',#3654,#3887,#3889,.T.);
#3887 = VERTEX_POINT('',#3888);
#3888 = CARTESIAN_POINT('',(-126.5,181.65649448299,136.42886118008));
#3889 = SURFACE_CURVE('',#3890,(#3894,#3901),.PCURVE_S1.);
#3890 = LINE('',#3891,#3892);
#3891 = CARTESIAN_POINT('',(-126.5,174.32038747749,137.98819886121));
#3892 = VECTOR('',#3893,1.);
#3893 = DIRECTION('',(0.,0.978147600734,-0.207911690818));
#3894 = PCURVE('',#278,#3895);
#3895 = DEFINITIONAL_REPRESENTATION('',(#3896),#3900);
#3896 = LINE('',#3897,#3898);
#3897 = CARTESIAN_POINT('',(10.,0.));
#3898 = VECTOR('',#3899,1.);
#3899 = DIRECTION('',(0.,-1.));
#3900 = ( GEOMETRIC_REPRESENTATION_CONTEXT(2) 
PARAMETRIC_REPRESENTATION_CONTEXT() REPRESENTATION_CONTEXT('2D SPACE',''
  ) );
#3901 = PCURVE('',#3691,#3902);
#3902 = DEFINITIONAL_REPRESENTATION('',(#3903),#3907);
#3903 = LINE('',#3904,#3905);
#3904 = CARTESIAN_POINT('',(-0.,0.));
#3905 = VECTOR('',#3906,1.);
#3906 = DIRECTION('',(-0.,1.));
#3907 = ( GEOMETRIC_REPRESENTATION_CONTEXT(2) 
PARAMETRIC_REPRESENTATION_CONTEXT() REPRESENTATION_CONTEXT('2D SPACE',''
  ) );
#3908 = ORIENTED_EDGE('',*,*,#3909,.F.);
#3909 = EDGE_CURVE('',#263,#3887,#3910,.T.);
#3910 = SURFACE_CURVE('',#3911,(#3915,#3921),.PCURVE_S1.);
#3911 = LINE('',#3912,#3913);
#3912 = CARTESIAN_POINT('',(-126.5,178.32990742991,120.77849956834));
#3913 = VECTOR('',#3914,1.);
#3914 = DIRECTION('',(0.,-0.207911690818,-0.978147600734));
#3915 = PCURVE('',#278,#3916);
#3916 = DEFINITIONAL_REPRESENTATION('',(#3917),#3920);
#3917 = B_SPLINE_CURVE_WITH_KNOTS('',1,(#3918,#3919),.UNSPECIFIED.,.F.,
  .F.,(2,2),(-186.,-16.),.PIECEWISE_BEZIER_KNOTS.);
#3918 = CARTESIAN_POINT('',(180.,-7.5));
#3919 = CARTESIAN_POINT('',(10.,-7.5));
#3920 = ( GEOMETRIC_REPRESENTATION_CONTEXT(2) 
PARAMETRIC_REPRESENTATION_CONTEXT() REPRESENTATION_CONTEXT('2D SPACE',''
  ) );
#3921 = PCURVE('',#305,#3922);
#3922 = DEFINITIONAL_REPRESENTATION('',(#3923),#3926);
#3923 = B_SPLINE_CURVE_WITH_KNOTS('',1,(#3924,#3925),.UNSPECIFIED.,.F.,
  .F.,(2,2),(-186.,-16.),.PIECEWISE_BEZIER_KNOTS.);
#3924 = CARTESIAN_POINT('',(192.,12.));
#3925 = CARTESIAN_POINT('',(22.,12.));
#3926 = ( GEOMETRIC_REPRESENTATION_CONTEXT(2) 
PARAMETRIC_REPRESENTATION_CONTEXT() REPRESENTATION_CONTEXT('2D SPACE',''
  ) );
#3927 = ADVANCED_FACE('',(#3928),#1428,.T.);
#3928 = FACE_BOUND('',#3929,.T.);
#3929 = EDGE_LOOP('',(#3930,#3958,#3959,#3960));
#3930 = ORIENTED_EDGE('',*,*,#3931,.F.);
#3931 = EDGE_CURVE('',#3832,#3932,#3934,.T.);
#3932 = VERTEX_POINT('',#3933);
#3933 = CARTESIAN_POINT('',(166.8,270.66257437913,163.17619535364));
#3934 = SURFACE_CURVE('',#3935,(#3939,#3946),.PCURVE_S1.);
#3935 = LINE('',#3936,#3937);
#3936 = CARTESIAN_POINT('',(162.,270.66257436532,163.17619535657));
#3937 = VECTOR('',#3938,1.);
#3938 = DIRECTION('',(1.,0.,0.));
#3939 = PCURVE('',#1428,#3940);
#3940 = DEFINITIONAL_REPRESENTATION('',(#3941),#3945);
#3941 = LINE('',#3942,#3943);
#3942 = CARTESIAN_POINT('',(-2.78006268881E-14,-4.));
#3943 = VECTOR('',#3944,1.);
#3944 = DIRECTION('',(0.,1.));
#3945 = ( GEOMETRIC_REPRESENTATION_CONTEXT(2) 
PARAMETRIC_REPRESENTATION_CONTEXT() REPRESENTATION_CONTEXT('2D SPACE',''
  ) );
#3946 = PCURVE('',#3947,#3952);
#3947 = CYLINDRICAL_SURFACE('',#3948,25.);
#3948 = AXIS2_PLACEMENT_3D('',#3949,#3950,#3951);
#3949 = CARTESIAN_POINT('',(166.,295.11626439748,157.97840308319));
#3950 = DIRECTION('',(1.,-0.,-0.));
#3951 = DIRECTION('',(0.,-1.,0.));
#3952 = DEFINITIONAL_REPRESENTATION('',(#3953),#3957);
#3953 = LINE('',#3954,#3955);
#3954 = CARTESIAN_POINT('',(-6.492624817419,-4.));
#3955 = VECTOR('',#3956,1.);
#3956 = DIRECTION('',(0.,1.));
#3957 = ( GEOMETRIC_REPRESENTATION_CONTEXT(2) 
PARAMETRIC_REPRESENTATION_CONTEXT() REPRESENTATION_CONTEXT('2D SPACE',''
  ) );
#3958 = ORIENTED_EDGE('',*,*,#3831,.T.);
#3959 = ORIENTED_EDGE('',*,*,#1412,.F.);
#3960 = ORIENTED_EDGE('',*,*,#3961,.F.);
#3961 = EDGE_CURVE('',#3932,#1379,#3962,.T.);
#3962 = SURFACE_CURVE('',#3963,(#3967,#3974),.PCURVE_S1.);
#3963 = LINE('',#3964,#3965);
#3964 = CARTESIAN_POINT('',(166.8,270.66257435151,163.17619535951));
#3965 = VECTOR('',#3966,1.);
#3966 = DIRECTION('',(0.,0.207911690818,0.978147600734));
#3967 = PCURVE('',#1428,#3968);
#3968 = DEFINITIONAL_REPRESENTATION('',(#3969),#3973);
#3969 = LINE('',#3970,#3971);
#3970 = CARTESIAN_POINT('',(0.,0.8));
#3971 = VECTOR('',#3972,1.);
#3972 = DIRECTION('',(1.,0.));
#3973 = ( GEOMETRIC_REPRESENTATION_CONTEXT(2) 
PARAMETRIC_REPRESENTATION_CONTEXT() REPRESENTATION_CONTEXT('2D SPACE',''
  ) );
#3974 = PCURVE('',#1395,#3975);
#3975 = DEFINITIONAL_REPRESENTATION('',(#3976),#3980);
#3976 = LINE('',#3977,#3978);
#3977 = CARTESIAN_POINT('',(-0.,0.));
#3978 = VECTOR('',#3979,1.);
#3979 = DIRECTION('',(-0.,1.));
#3980 = ( GEOMETRIC_REPRESENTATION_CONTEXT(2) 
PARAMETRIC_REPRESENTATION_CONTEXT() REPRESENTATION_CONTEXT('2D SPACE',''
  ) );
#3981 = ADVANCED_FACE('',(#3982),#305,.T.);
#3982 = FACE_BOUND('',#3983,.T.);
#3983 = EDGE_LOOP('',(#3984,#4007,#4029,#4050,#4051,#4052,#4076,#4097,
    #4121,#4140));
#3984 = ORIENTED_EDGE('',*,*,#3985,.F.);
#3985 = EDGE_CURVE('',#3986,#1079,#3988,.T.);
#3986 = VERTEX_POINT('',#3987);
#3987 = CARTESIAN_POINT('',(138.5,179.22721504675,125.));
#3988 = SURFACE_CURVE('',#3989,(#3993,#4000),.PCURVE_S1.);
#3989 = LINE('',#3990,#3991);
#3990 = CARTESIAN_POINT('',(138.5,177.082437285,114.90961396394));
#3991 = VECTOR('',#3992,1.);
#3992 = DIRECTION('',(0.,0.207911690818,0.978147600734));
#3993 = PCURVE('',#305,#3994);
#3994 = DEFINITIONAL_REPRESENTATION('',(#3995),#3999);
#3995 = LINE('',#3996,#3997);
#3996 = CARTESIAN_POINT('',(0.,277.));
#3997 = VECTOR('',#3998,1.);
#3998 = DIRECTION('',(1.,0.));
#3999 = ( GEOMETRIC_REPRESENTATION_CONTEXT(2) 
PARAMETRIC_REPRESENTATION_CONTEXT() REPRESENTATION_CONTEXT('2D SPACE',''
  ) );
#4000 = PCURVE('',#1094,#4001);
#4001 = DEFINITIONAL_REPRESENTATION('',(#4002),#4006);
#4002 = LINE('',#4003,#4004);
#4003 = CARTESIAN_POINT('',(0.,-4.));
#4004 = VECTOR('',#4005,1.);
#4005 = DIRECTION('',(1.,0.));
#4006 = ( GEOMETRIC_REPRESENTATION_CONTEXT(2) 
PARAMETRIC_REPRESENTATION_CONTEXT() REPRESENTATION_CONTEXT('2D SPACE',''
  ) );
#4007 = ORIENTED_EDGE('',*,*,#4008,.T.);
#4008 = EDGE_CURVE('',#3986,#4009,#4011,.T.);
#4009 = VERTEX_POINT('',#4010);
#4010 = CARTESIAN_POINT('',(-138.5,179.22721504675,125.));
#4011 = SURFACE_CURVE('',#4012,(#4016,#4022),.PCURVE_S1.);
#4012 = LINE('',#4013,#4014);
#4013 = CARTESIAN_POINT('',(-179.25,179.22721504675,125.));
#4014 = VECTOR('',#4015,1.);
#4015 = DIRECTION('',(-1.,0.,0.));
#4016 = PCURVE('',#305,#4017);
#4017 = DEFINITIONAL_REPRESENTATION('',(#4018),#4021);
#4018 = B_SPLINE_CURVE_WITH_KNOTS('',1,(#4019,#4020),.UNSPECIFIED.,.F.,
  .F.,(2,2),(-317.75,-40.75),.PIECEWISE_BEZIER_KNOTS.);
#4019 = CARTESIAN_POINT('',(10.315811262521,277.));
#4020 = CARTESIAN_POINT('',(10.315811262521,0.));
#4021 = ( GEOMETRIC_REPRESENTATION_CONTEXT(2) 
PARAMETRIC_REPRESENTATION_CONTEXT() REPRESENTATION_CONTEXT('2D SPACE',''
  ) );
#4022 = PCURVE('',#2159,#4023);
#4023 = DEFINITIONAL_REPRESENTATION('',(#4024),#4028);
#4024 = LINE('',#4025,#4026);
#4025 = CARTESIAN_POINT('',(40.75,229.22721504675));
#4026 = VECTOR('',#4027,1.);
#4027 = DIRECTION('',(-1.,0.));
#4028 = ( GEOMETRIC_REPRESENTATION_CONTEXT(2) 
PARAMETRIC_REPRESENTATION_CONTEXT() REPRESENTATION_CONTEXT('2D SPACE',''
  ) );
#4029 = ORIENTED_EDGE('',*,*,#4030,.T.);
#4030 = EDGE_CURVE('',#4009,#290,#4031,.T.);
#4031 = SURFACE_CURVE('',#4032,(#4036,#4043),.PCURVE_S1.);
#4032 = LINE('',#4033,#4034);
#4033 = CARTESIAN_POINT('',(-138.5,177.082437285,114.90961396394));
#4034 = VECTOR('',#4035,1.);
#4035 = DIRECTION('',(0.,0.207911690818,0.978147600734));
#4036 = PCURVE('',#305,#4037);
#4037 = DEFINITIONAL_REPRESENTATION('',(#4038),#4042);
#4038 = LINE('',#4039,#4040);
#4039 = CARTESIAN_POINT('',(0.,0.));
#4040 = VECTOR('',#4041,1.);
#4041 = DIRECTION('',(1.,0.));
#4042 = ( GEOMETRIC_REPRESENTATION_CONTEXT(2) 
PARAMETRIC_REPRESENTATION_CONTEXT() REPRESENTATION_CONTEXT('2D SPACE',''
  ) );
#4043 = PCURVE('',#332,#4044);
#4044 = DEFINITIONAL_REPRESENTATION('',(#4045),#4049);
#4045 = LINE('',#4046,#4047);
#4046 = CARTESIAN_POINT('',(0.,-4.));
#4047 = VECTOR('',#4048,1.);
#4048 = DIRECTION('',(1.,0.));
#4049 = ( GEOMETRIC_REPRESENTATION_CONTEXT(2) 
PARAMETRIC_REPRESENTATION_CONTEXT() REPRESENTATION_CONTEXT('2D SPACE',''
  ) );
#4050 = ORIENTED_EDGE('',*,*,#289,.F.);
#4051 = ORIENTED_EDGE('',*,*,#3909,.T.);
#4052 = ORIENTED_EDGE('',*,*,#4053,.F.);
#4053 = EDGE_CURVE('',#4054,#3887,#4056,.T.);
#4054 = VERTEX_POINT('',#4055);
#4055 = CARTESIAN_POINT('',(-116.5,179.57737757481,126.64738517274));
#4056 = SURFACE_CURVE('',#4057,(#4062,#4069),.PCURVE_S1.);
#4057 = CIRCLE('',#4058,10.);
#4058 = AXIS2_PLACEMENT_3D('',#4059,#4060,#4061);
#4059 = CARTESIAN_POINT('',(-116.5,181.65649448299,136.42886118008));
#4060 = DIRECTION('',(0.,0.978147600734,-0.207911690818));
#4061 = DIRECTION('',(-1.,0.,-0.));
#4062 = PCURVE('',#305,#4063);
#4063 = DEFINITIONAL_REPRESENTATION('',(#4064),#4068);
#4064 = CIRCLE('',#4065,10.);
#4065 = AXIS2_PLACEMENT_2D('',#4066,#4067);
#4066 = CARTESIAN_POINT('',(22.,22.));
#4067 = DIRECTION('',(0.,-1.));
#4068 = ( GEOMETRIC_REPRESENTATION_CONTEXT(2) 
PARAMETRIC_REPRESENTATION_CONTEXT() REPRESENTATION_CONTEXT('2D SPACE',''
  ) );
#4069 = PCURVE('',#3691,#4070);
#4070 = DEFINITIONAL_REPRESENTATION('',(#4071),#4075);
#4071 = LINE('',#4072,#4073);
#4072 = CARTESIAN_POINT('',(-6.28318530718,7.5));
#4073 = VECTOR('',#4074,1.);
#4074 = DIRECTION('',(1.,-0.));
#4075 = ( GEOMETRIC_REPRESENTATION_CONTEXT(2) 
PARAMETRIC_REPRESENTATION_CONTEXT() REPRESENTATION_CONTEXT('2D SPACE',''
  ) );
#4076 = ORIENTED_EDGE('',*,*,#4077,.T.);
#4077 = EDGE_CURVE('',#4054,#4078,#4080,.T.);
#4078 = VERTEX_POINT('',#4079);
#4079 = CARTESIAN_POINT('',(116.5,179.57737757481,126.64738517274));
#4080 = SURFACE_CURVE('',#4081,(#4085,#4091),.PCURVE_S1.);
#4081 = LINE('',#4082,#4083);
#4082 = CARTESIAN_POINT('',(-132.5,179.57737757481,126.64738517274));
#4083 = VECTOR('',#4084,1.);
#4084 = DIRECTION('',(1.,-0.,0.));
#4085 = PCURVE('',#305,#4086);
#4086 = DEFINITIONAL_REPRESENTATION('',(#4087),#4090);
#4087 = B_SPLINE_CURVE_WITH_KNOTS('',1,(#4088,#4089),.UNSPECIFIED.,.F.,
  .F.,(2,2),(16.,249.),.PIECEWISE_BEZIER_KNOTS.);
#4088 = CARTESIAN_POINT('',(12.,22.));
#4089 = CARTESIAN_POINT('',(12.,255.));
#4090 = ( GEOMETRIC_REPRESENTATION_CONTEXT(2) 
PARAMETRIC_REPRESENTATION_CONTEXT() REPRESENTATION_CONTEXT('2D SPACE',''
  ) );
#4091 = PCURVE('',#3718,#4092);
#4092 = DEFINITIONAL_REPRESENTATION('',(#4093),#4096);
#4093 = B_SPLINE_CURVE_WITH_KNOTS('',1,(#4094,#4095),.UNSPECIFIED.,.F.,
  .F.,(2,2),(16.,249.),.PIECEWISE_BEZIER_KNOTS.);
#4094 = CARTESIAN_POINT('',(10.,7.5));
#4095 = CARTESIAN_POINT('',(243.,7.5));
#4096 = ( GEOMETRIC_REPRESENTATION_CONTEXT(2) 
PARAMETRIC_REPRESENTATION_CONTEXT() REPRESENTATION_CONTEXT('2D SPACE',''
  ) );
#4097 = ORIENTED_EDGE('',*,*,#4098,.F.);
#4098 = EDGE_CURVE('',#4099,#4078,#4101,.T.);
#4099 = VERTEX_POINT('',#4100);
#4100 = CARTESIAN_POINT('',(126.5,181.65649448299,136.42886118008));
#4101 = SURFACE_CURVE('',#4102,(#4107,#4114),.PCURVE_S1.);
#4102 = CIRCLE('',#4103,10.);
#4103 = AXIS2_PLACEMENT_3D('',#4104,#4105,#4106);
#4104 = CARTESIAN_POINT('',(116.5,181.65649448299,136.42886118008));
#4105 = DIRECTION('',(0.,0.978147600734,-0.207911690818));
#4106 = DIRECTION('',(1.,-0.,0.));
#4107 = PCURVE('',#305,#4108);
#4108 = DEFINITIONAL_REPRESENTATION('',(#4109),#4113);
#4109 = CIRCLE('',#4110,10.);
#4110 = AXIS2_PLACEMENT_2D('',#4111,#4112);
#4111 = CARTESIAN_POINT('',(22.,255.));
#4112 = DIRECTION('',(0.,1.));
#4113 = ( GEOMETRIC_REPRESENTATION_CONTEXT(2) 
PARAMETRIC_REPRESENTATION_CONTEXT() REPRESENTATION_CONTEXT('2D SPACE',''
  ) );
#4114 = PCURVE('',#3746,#4115);
#4115 = DEFINITIONAL_REPRESENTATION('',(#4116),#4120);
#4116 = LINE('',#4117,#4118);
#4117 = CARTESIAN_POINT('',(0.,7.5));
#4118 = VECTOR('',#4119,1.);
#4119 = DIRECTION('',(1.,0.));
#4120 = ( GEOMETRIC_REPRESENTATION_CONTEXT(2) 
PARAMETRIC_REPRESENTATION_CONTEXT() REPRESENTATION_CONTEXT('2D SPACE',''
  ) );
#4121 = ORIENTED_EDGE('',*,*,#4122,.F.);
#4122 = EDGE_CURVE('',#1106,#4099,#4123,.T.);
#4123 = SURFACE_CURVE('',#4124,(#4128,#4134),.PCURVE_S1.);
#4124 = LINE('',#4125,#4126);
#4125 = CARTESIAN_POINT('',(126.5,178.32990742991,120.77849956834));
#4126 = VECTOR('',#4127,1.);
#4127 = DIRECTION('',(0.,-0.207911690818,-0.978147600734));
#4128 = PCURVE('',#305,#4129);
#4129 = DEFINITIONAL_REPRESENTATION('',(#4130),#4133);
#4130 = B_SPLINE_CURVE_WITH_KNOTS('',1,(#4131,#4132),.UNSPECIFIED.,.F.,
  .F.,(2,2),(-186.,-16.),.PIECEWISE_BEZIER_KNOTS.);
#4131 = CARTESIAN_POINT('',(192.,265.));
#4132 = CARTESIAN_POINT('',(22.,265.));
#4133 = ( GEOMETRIC_REPRESENTATION_CONTEXT(2) 
PARAMETRIC_REPRESENTATION_CONTEXT() REPRESENTATION_CONTEXT('2D SPACE',''
  ) );
#4134 = PCURVE('',#1143,#4135);
#4135 = DEFINITIONAL_REPRESENTATION('',(#4136),#4139);
#4136 = B_SPLINE_CURVE_WITH_KNOTS('',1,(#4137,#4138),.UNSPECIFIED.,.F.,
  .F.,(2,2),(-186.,-16.),.PIECEWISE_BEZIER_KNOTS.);
#4137 = CARTESIAN_POINT('',(180.,-7.5));
#4138 = CARTESIAN_POINT('',(10.,-7.5));
#4139 = ( GEOMETRIC_REPRESENTATION_CONTEXT(2) 
PARAMETRIC_REPRESENTATION_CONTEXT() REPRESENTATION_CONTEXT('2D SPACE',''
  ) );
#4140 = ORIENTED_EDGE('',*,*,#1105,.F.);
#4141 = ADVANCED_FACE('',(#4142),#1395,.T.);
#4142 = FACE_BOUND('',#4143,.F.);
#4143 = EDGE_LOOP('',(#4144,#4145,#4172,#4193));
#4144 = ORIENTED_EDGE('',*,*,#3961,.F.);
#4145 = ORIENTED_EDGE('',*,*,#4146,.T.);
#4146 = EDGE_CURVE('',#3932,#4147,#4149,.T.);
#4147 = VERTEX_POINT('',#4148);
#4148 = CARTESIAN_POINT('',(170.,267.53250205679,163.84151276425));
#4149 = SURFACE_CURVE('',#4150,(#4155,#4161),.PCURVE_S1.);
#4150 = CIRCLE('',#4151,3.2);
#4151 = AXIS2_PLACEMENT_3D('',#4152,#4153,#4154);
#4152 = CARTESIAN_POINT('',(166.8,267.53250205679,163.84151276425));
#4153 = DIRECTION('',(0.,-0.207911690818,-0.978147600734));
#4154 = DIRECTION('',(0.,-0.978147600734,0.207911690818));
#4155 = PCURVE('',#1395,#4156);
#4156 = DEFINITIONAL_REPRESENTATION('',(#4157),#4160);
#4157 = B_SPLINE_CURVE_WITH_KNOTS('',1,(#4158,#4159),.UNSPECIFIED.,.F.,
  .F.,(2,2),(3.14159265359,4.712388980385),.PIECEWISE_BEZIER_KNOTS.);
#4158 = CARTESIAN_POINT('',(0.,-2.78006268881E-14));
#4159 = CARTESIAN_POINT('',(-1.570796326795,-2.78006268881E-14));
#4160 = ( GEOMETRIC_REPRESENTATION_CONTEXT(2) 
PARAMETRIC_REPRESENTATION_CONTEXT() REPRESENTATION_CONTEXT('2D SPACE',''
  ) );
#4161 = PCURVE('',#4162,#4167);
#4162 = TOROIDAL_SURFACE('',#4163,28.2,3.2);
#4163 = AXIS2_PLACEMENT_3D('',#4164,#4165,#4166);
#4164 = CARTESIAN_POINT('',(166.8,295.11626439748,157.97840308319));
#4165 = DIRECTION('',(-1.,-0.,-0.));
#4166 = DIRECTION('',(0.,-0.26004539941,-0.965596390966));
#4167 = DEFINITIONAL_REPRESENTATION('',(#4168),#4171);
#4168 = B_SPLINE_CURVE_WITH_KNOTS('',1,(#4169,#4170),.UNSPECIFIED.,.F.,
  .F.,(2,2),(3.14159265359,4.712388980385),.PIECEWISE_BEZIER_KNOTS.);
#4169 = CARTESIAN_POINT('',(1.51716661746,3.14159265359));
#4170 = CARTESIAN_POINT('',(1.51716661746,4.712388980385));
#4171 = ( GEOMETRIC_REPRESENTATION_CONTEXT(2) 
PARAMETRIC_REPRESENTATION_CONTEXT() REPRESENTATION_CONTEXT('2D SPACE',''
  ) );
#4172 = ORIENTED_EDGE('',*,*,#4173,.T.);
#4173 = EDGE_CURVE('',#4147,#1352,#4174,.T.);
#4174 = SURFACE_CURVE('',#4175,(#4179,#4186),.PCURVE_S1.);
#4175 = LINE('',#4176,#4177);
#4176 = CARTESIAN_POINT('',(170.,267.53250202916,163.84151277013));
#4177 = VECTOR('',#4178,1.);
#4178 = DIRECTION('',(0.,0.207911690818,0.978147600734));
#4179 = PCURVE('',#1395,#4180);
#4180 = DEFINITIONAL_REPRESENTATION('',(#4181),#4185);
#4181 = LINE('',#4182,#4183);
#4182 = CARTESIAN_POINT('',(-1.570796326795,0.));
#4183 = VECTOR('',#4184,1.);
#4184 = DIRECTION('',(-0.,1.));
#4185 = ( GEOMETRIC_REPRESENTATION_CONTEXT(2) 
PARAMETRIC_REPRESENTATION_CONTEXT() REPRESENTATION_CONTEXT('2D SPACE',''
  ) );
#4186 = PCURVE('',#1367,#4187);
#4187 = DEFINITIONAL_REPRESENTATION('',(#4188),#4192);
#4188 = LINE('',#4189,#4190);
#4189 = CARTESIAN_POINT('',(68.400480705348,-3.972743888004));
#4190 = VECTOR('',#4191,1.);
#4191 = DIRECTION('',(0.207911690818,0.978147600734));
#4192 = ( GEOMETRIC_REPRESENTATION_CONTEXT(2) 
PARAMETRIC_REPRESENTATION_CONTEXT() REPRESENTATION_CONTEXT('2D SPACE',''
  ) );
#4193 = ORIENTED_EDGE('',*,*,#1378,.T.);
#4194 = ADVANCED_FACE('',(#4195),#332,.F.);
#4195 = FACE_BOUND('',#4196,.F.);
#4196 = EDGE_LOOP('',(#4197,#4198,#4219,#4239));
#4197 = ORIENTED_EDGE('',*,*,#316,.F.);
#4198 = ORIENTED_EDGE('',*,*,#4199,.T.);
#4199 = EDGE_CURVE('',#317,#4200,#4202,.T.);
#4200 = VERTEX_POINT('',#4201);
#4201 = CARTESIAN_POINT('',(-138.5,175.64902296472,125.));
#4202 = SURFACE_CURVE('',#4203,(#4207,#4213),.PCURVE_S1.);
#4203 = LINE('',#4204,#4205);
#4204 = CARTESIAN_POINT('',(-138.5,173.65892068243,115.6373048818));
#4205 = VECTOR('',#4206,1.);
#4206 = DIRECTION('',(0.,-0.207911690818,-0.978147600734));
#4207 = PCURVE('',#332,#4208);
#4208 = DEFINITIONAL_REPRESENTATION('',(#4209),#4212);
#4209 = B_SPLINE_CURVE_WITH_KNOTS('',1,(#4210,#4211),.UNSPECIFIED.,.F.,
  .F.,(2,2),(-214.,1.859623566247E-15),.PIECEWISE_BEZIER_KNOTS.);
#4210 = CARTESIAN_POINT('',(214.,-0.5));
#4211 = CARTESIAN_POINT('',(0.,-0.5));
#4212 = ( GEOMETRIC_REPRESENTATION_CONTEXT(2) 
PARAMETRIC_REPRESENTATION_CONTEXT() REPRESENTATION_CONTEXT('2D SPACE',''
  ) );
#4213 = PCURVE('',#359,#4214);
#4214 = DEFINITIONAL_REPRESENTATION('',(#4215),#4218);
#4215 = B_SPLINE_CURVE_WITH_KNOTS('',1,(#4216,#4217),.UNSPECIFIED.,.F.,
  .F.,(2,2),(-214.,1.859623566247E-15),.PIECEWISE_BEZIER_KNOTS.);
#4216 = CARTESIAN_POINT('',(214.,18.5));
#4217 = CARTESIAN_POINT('',(1.20406898778E-14,18.5));
#4218 = ( GEOMETRIC_REPRESENTATION_CONTEXT(2) 
PARAMETRIC_REPRESENTATION_CONTEXT() REPRESENTATION_CONTEXT('2D SPACE',''
  ) );
#4219 = ORIENTED_EDGE('',*,*,#4220,.T.);
#4220 = EDGE_CURVE('',#4200,#4009,#4221,.T.);
#4221 = SURFACE_CURVE('',#4222,(#4226,#4232),.PCURVE_S1.);
#4222 = LINE('',#4223,#4224);
#4223 = CARTESIAN_POINT('',(-138.5,61.584923441035,125.));
#4224 = VECTOR('',#4225,1.);
#4225 = DIRECTION('',(-0.,1.,0.));
#4226 = PCURVE('',#332,#4227);
#4227 = DEFINITIONAL_REPRESENTATION('',(#4228),#4231);
#4228 = B_SPLINE_CURVE_WITH_KNOTS('',1,(#4229,#4230),.UNSPECIFIED.,.F.,
  .F.,(2,2),(114.06409952369,117.64229160571),.PIECEWISE_BEZIER_KNOTS.);
#4229 = CARTESIAN_POINT('',(9.571863296676,-0.5));
#4230 = CARTESIAN_POINT('',(10.315811262521,-4.));
#4231 = ( GEOMETRIC_REPRESENTATION_CONTEXT(2) 
PARAMETRIC_REPRESENTATION_CONTEXT() REPRESENTATION_CONTEXT('2D SPACE',''
  ) );
#4232 = PCURVE('',#2159,#4233);
#4233 = DEFINITIONAL_REPRESENTATION('',(#4234),#4238);
#4234 = LINE('',#4235,#4236);
#4235 = CARTESIAN_POINT('',(81.5,111.58492344103));
#4236 = VECTOR('',#4237,1.);
#4237 = DIRECTION('',(0.,1.));
#4238 = ( GEOMETRIC_REPRESENTATION_CONTEXT(2) 
PARAMETRIC_REPRESENTATION_CONTEXT() REPRESENTATION_CONTEXT('2D SPACE',''
  ) );
#4239 = ORIENTED_EDGE('',*,*,#4030,.T.);
#4240 = ADVANCED_FACE('',(#4241),#1367,.T.);
#4241 = FACE_BOUND('',#4242,.T.);
#4242 = EDGE_LOOP('',(#4243,#4244,#4267,#4289,#4317,#4343));
#4243 = ORIENTED_EDGE('',*,*,#1351,.F.);
#4244 = ORIENTED_EDGE('',*,*,#4245,.T.);
#4245 = EDGE_CURVE('',#1318,#4246,#4248,.T.);
#4246 = VERTEX_POINT('',#4247);
#4247 = CARTESIAN_POINT('',(170.,163.58540394531,125.));
#4248 = SURFACE_CURVE('',#4249,(#4253,#4260),.PCURVE_S1.);
#4249 = LINE('',#4250,#4251);
#4250 = CARTESIAN_POINT('',(170.,209.06843657269,338.98084476916));
#4251 = VECTOR('',#4252,1.);
#4252 = DIRECTION('',(0.,-0.207911690818,-0.978147600734));
#4253 = PCURVE('',#1367,#4254);
#4254 = DEFINITIONAL_REPRESENTATION('',(#4255),#4259);
#4255 = LINE('',#4256,#4257);
#4256 = CARTESIAN_POINT('',(9.936415248881,171.16658811103));
#4257 = VECTOR('',#4258,1.);
#4258 = DIRECTION('',(-0.207911690818,-0.978147600734));
#4259 = ( GEOMETRIC_REPRESENTATION_CONTEXT(2) 
PARAMETRIC_REPRESENTATION_CONTEXT() REPRESENTATION_CONTEXT('2D SPACE',''
  ) );
#4260 = PCURVE('',#1334,#4261);
#4261 = DEFINITIONAL_REPRESENTATION('',(#4262),#4266);
#4262 = LINE('',#4263,#4264);
#4263 = CARTESIAN_POINT('',(-1.570796326795,0.));
#4264 = VECTOR('',#4265,1.);
#4265 = DIRECTION('',(-0.,1.));
#4266 = ( GEOMETRIC_REPRESENTATION_CONTEXT(2) 
PARAMETRIC_REPRESENTATION_CONTEXT() REPRESENTATION_CONTEXT('2D SPACE',''
  ) );
#4267 = ORIENTED_EDGE('',*,*,#4268,.T.);
#4268 = EDGE_CURVE('',#4246,#4269,#4271,.T.);
#4269 = VERTEX_POINT('',#4270);
#4270 = CARTESIAN_POINT('',(170.,309.12853688993,125.));
#4271 = SURFACE_CURVE('',#4272,(#4276,#4282),.PCURVE_S1.);
#4272 = LINE('',#4273,#4274);
#4273 = CARTESIAN_POINT('',(170.,74.566010661909,125.));
#4274 = VECTOR('',#4275,1.);
#4275 = DIRECTION('',(0.,1.,0.));
#4276 = PCURVE('',#1367,#4277);
#4277 = DEFINITIONAL_REPRESENTATION('',(#4278),#4281);
#4278 = B_SPLINE_CURVE_WITH_KNOTS('',1,(#4279,#4280),.UNSPECIFIED.,.F.,
  .F.,(2,2),(-77.87582092017,262.23398933809),.PIECEWISE_BEZIER_KNOTS.);
#4279 = CARTESIAN_POINT('',(-202.441831582,-42.81425665813));
#4280 = CARTESIAN_POINT('',(137.66797867618,-42.81425665813));
#4281 = ( GEOMETRIC_REPRESENTATION_CONTEXT(2) 
PARAMETRIC_REPRESENTATION_CONTEXT() REPRESENTATION_CONTEXT('2D SPACE',''
  ) );
#4282 = PCURVE('',#2159,#4283);
#4283 = DEFINITIONAL_REPRESENTATION('',(#4284),#4288);
#4284 = LINE('',#4285,#4286);
#4285 = CARTESIAN_POINT('',(390.,124.5660106619));
#4286 = VECTOR('',#4287,1.);
#4287 = DIRECTION('',(0.,1.));
#4288 = ( GEOMETRIC_REPRESENTATION_CONTEXT(2) 
PARAMETRIC_REPRESENTATION_CONTEXT() REPRESENTATION_CONTEXT('2D SPACE',''
  ) );
#4289 = ORIENTED_EDGE('',*,*,#4290,.T.);
#4290 = EDGE_CURVE('',#4269,#4291,#4293,.T.);
#4291 = VERTEX_POINT('',#4292);
#4292 = CARTESIAN_POINT('',(170.,287.78298413412,130.74858485797));
#4293 = SURFACE_CURVE('',#4294,(#4298,#4305),.PCURVE_S1.);
#4294 = LINE('',#4295,#4296);
#4295 = CARTESIAN_POINT('',(170.,320.66898970713,121.89203305822));
#4296 = VECTOR('',#4297,1.);
#4297 = DIRECTION('',(0.,-0.965596390966,0.26004539941));
#4298 = PCURVE('',#1367,#4299);
#4299 = DEFINITIONAL_REPRESENTATION('',(#4300),#4304);
#4300 = LINE('',#4301,#4302);
#4301 = CARTESIAN_POINT('',(121.53696838332,-45.92222359991));
#4302 = VECTOR('',#4303,1.);
#4303 = DIRECTION('',(-0.965596390966,0.26004539941));
#4304 = ( GEOMETRIC_REPRESENTATION_CONTEXT(2) 
PARAMETRIC_REPRESENTATION_CONTEXT() REPRESENTATION_CONTEXT('2D SPACE',''
  ) );
#4305 = PCURVE('',#4306,#4311);
#4306 = CYLINDRICAL_SURFACE('',#4307,3.2);
#4307 = AXIS2_PLACEMENT_3D('',#4308,#4309,#4310);
#4308 = CARTESIAN_POINT('',(166.8,320.66898970713,121.89203305822));
#4309 = DIRECTION('',(0.,-0.965596390966,0.26004539941));
#4310 = DIRECTION('',(-0.,0.26004539941,0.965596390966));
#4311 = DEFINITIONAL_REPRESENTATION('',(#4312),#4316);
#4312 = LINE('',#4313,#4314);
#4313 = CARTESIAN_POINT('',(-1.570796326795,0.));
#4314 = VECTOR('',#4315,1.);
#4315 = DIRECTION('',(-0.,1.));
#4316 = ( GEOMETRIC_REPRESENTATION_CONTEXT(2) 
PARAMETRIC_REPRESENTATION_CONTEXT() REPRESENTATION_CONTEXT('2D SPACE',''
  ) );
#4317 = ORIENTED_EDGE('',*,*,#4318,.T.);
#4318 = EDGE_CURVE('',#4291,#4147,#4319,.T.);
#4319 = SURFACE_CURVE('',#4320,(#4325,#4336),.PCURVE_S1.);
#4320 = CIRCLE('',#4321,28.2);
#4321 = AXIS2_PLACEMENT_3D('',#4322,#4323,#4324);
#4322 = CARTESIAN_POINT('',(170.,295.11626439748,157.97840308319));
#4323 = DIRECTION('',(-1.,-0.,0.));
#4324 = DIRECTION('',(0.,-0.26004539941,-0.965596390966));
#4325 = PCURVE('',#1367,#4326);
#4326 = DEFINITIONAL_REPRESENTATION('',(#4327),#4335);
#4327 = ( BOUNDED_CURVE() B_SPLINE_CURVE(2,(#4328,#4329,#4330,#4331,
#4332,#4333,#4334),.UNSPECIFIED.,.T.,.F.) B_SPLINE_CURVE_WITH_KNOTS((1,2
    ,2,2,2,1),(-2.094395102393,0.,2.094395102393,4.188790204786,
6.28318530718,8.377580409573),.UNSPECIFIED.) CURVE() 
GEOMETRIC_REPRESENTATION_ITEM() RATIONAL_B_SPLINE_CURVE((1.,0.5,1.,0.5,
1.,0.5,1.)) REPRESENTATION_ITEM('') );
#4328 = CARTESIAN_POINT('',(88.650962810302,-37.06567180016));
#4329 = CARTESIAN_POINT('',(41.487534163342,-24.36405779787));
#4330 = CARTESIAN_POINT('',(76.069168881866,10.129862538821));
#4331 = CARTESIAN_POINT('',(110.65080360039,44.623782875521));
#4332 = CARTESIAN_POINT('',(123.23259752882,-2.571751463465));
#4333 = CARTESIAN_POINT('',(135.81439145726,-49.76728580245));
#4334 = CARTESIAN_POINT('',(88.650962810302,-37.06567180016));
#4335 = ( GEOMETRIC_REPRESENTATION_CONTEXT(2) 
PARAMETRIC_REPRESENTATION_CONTEXT() REPRESENTATION_CONTEXT('2D SPACE',''
  ) );
#4336 = PCURVE('',#4162,#4337);
#4337 = DEFINITIONAL_REPRESENTATION('',(#4338),#4342);
#4338 = LINE('',#4339,#4340);
#4339 = CARTESIAN_POINT('',(0.,4.712388980385));
#4340 = VECTOR('',#4341,1.);
#4341 = DIRECTION('',(1.,0.));
#4342 = ( GEOMETRIC_REPRESENTATION_CONTEXT(2) 
PARAMETRIC_REPRESENTATION_CONTEXT() REPRESENTATION_CONTEXT('2D SPACE',''
  ) );
#4343 = ORIENTED_EDGE('',*,*,#4173,.T.);
#4344 = ADVANCED_FACE('',(#4345),#359,.T.);
#4345 = FACE_BOUND('',#4346,.T.);
#4346 = EDGE_LOOP('',(#4347,#4348,#4349,#4371,#4397,#4423,#4446,#4472));
#4347 = ORIENTED_EDGE('',*,*,#343,.F.);
#4348 = ORIENTED_EDGE('',*,*,#4199,.T.);
#4349 = ORIENTED_EDGE('',*,*,#4350,.T.);
#4350 = EDGE_CURVE('',#4200,#4351,#4353,.T.);
#4351 = VERTEX_POINT('',#4352);
#4352 = CARTESIAN_POINT('',(-155.,175.64902296472,125.));
#4353 = SURFACE_CURVE('',#4354,(#4358,#4364),.PCURVE_S1.);
#4354 = LINE('',#4355,#4356);
#4355 = CARTESIAN_POINT('',(-188.5,175.64902296472,125.));
#4356 = VECTOR('',#4357,1.);
#4357 = DIRECTION('',(-1.,0.,0.));
#4358 = PCURVE('',#359,#4359);
#4359 = DEFINITIONAL_REPRESENTATION('',(#4360),#4363);
#4360 = B_SPLINE_CURVE_WITH_KNOTS('',1,(#4361,#4362),.UNSPECIFIED.,.F.,
  .F.,(2,2),(-50.,-31.5),.PIECEWISE_BEZIER_KNOTS.);
#4361 = CARTESIAN_POINT('',(9.571863296676,18.5));
#4362 = CARTESIAN_POINT('',(9.571863296676,-7.105427357601E-15));
#4363 = ( GEOMETRIC_REPRESENTATION_CONTEXT(2) 
PARAMETRIC_REPRESENTATION_CONTEXT() REPRESENTATION_CONTEXT('2D SPACE',''
  ) );
#4364 = PCURVE('',#2159,#4365);
#4365 = DEFINITIONAL_REPRESENTATION('',(#4366),#4370);
#4366 = LINE('',#4367,#4368);
#4367 = CARTESIAN_POINT('',(31.5,225.64902296472));
#4368 = VECTOR('',#4369,1.);
#4369 = DIRECTION('',(-1.,0.));
#4370 = ( GEOMETRIC_REPRESENTATION_CONTEXT(2) 
PARAMETRIC_REPRESENTATION_CONTEXT() REPRESENTATION_CONTEXT('2D SPACE',''
  ) );
#4371 = ORIENTED_EDGE('',*,*,#4372,.F.);
#4372 = EDGE_CURVE('',#4373,#4351,#4375,.T.);
#4373 = VERTEX_POINT('',#4374);
#4374 = CARTESIAN_POINT('',(-155.,178.19970170476,137.));
#4375 = SURFACE_CURVE('',#4376,(#4380,#4386),.PCURVE_S1.);
#4376 = LINE('',#4377,#4378);
#4377 = CARTESIAN_POINT('',(-155.,174.46301299892,119.42026180476));
#4378 = VECTOR('',#4379,1.);
#4379 = DIRECTION('',(0.,-0.207911690818,-0.978147600734));
#4380 = PCURVE('',#359,#4381);
#4381 = DEFINITIONAL_REPRESENTATION('',(#4382),#4385);
#4382 = B_SPLINE_CURVE_WITH_KNOTS('',1,(#4383,#4384),.UNSPECIFIED.,.F.,
  .F.,(2,2),(-17.97248000408,-5.704392865705),.PIECEWISE_BEZIER_KNOTS.);
#4383 = CARTESIAN_POINT('',(21.839950435056,2.));
#4384 = CARTESIAN_POINT('',(9.571863296676,2.));
#4385 = ( GEOMETRIC_REPRESENTATION_CONTEXT(2) 
PARAMETRIC_REPRESENTATION_CONTEXT() REPRESENTATION_CONTEXT('2D SPACE',''
  ) );
#4386 = PCURVE('',#4387,#4392);
#4387 = PLANE('',#4388);
#4388 = AXIS2_PLACEMENT_3D('',#4389,#4390,#4391);
#4389 = CARTESIAN_POINT('',(-155.,166.81391404175,125.));
#4390 = DIRECTION('',(1.,0.,-0.));
#4391 = DIRECTION('',(0.,0.,1.));
#4392 = DEFINITIONAL_REPRESENTATION('',(#4393),#4396);
#4393 = B_SPLINE_CURVE_WITH_KNOTS('',1,(#4394,#4395),.UNSPECIFIED.,.F.,
  .F.,(2,2),(-17.97248000408,-5.704392865705),.PIECEWISE_BEZIER_KNOTS.);
#4394 = CARTESIAN_POINT('',(12.,-11.38578766301));
#4395 = CARTESIAN_POINT('',(0.,-8.835108922975));
#4396 = ( GEOMETRIC_REPRESENTATION_CONTEXT(2) 
PARAMETRIC_REPRESENTATION_CONTEXT() REPRESENTATION_CONTEXT('2D SPACE',''
  ) );
#4397 = ORIENTED_EDGE('',*,*,#4398,.F.);
#4398 = EDGE_CURVE('',#4399,#4373,#4401,.T.);
#4399 = VERTEX_POINT('',#4400);
#4400 = CARTESIAN_POINT('',(-157.,178.19970170476,137.));
#4401 = SURFACE_CURVE('',#4402,(#4406,#4412),.PCURVE_S1.);
#4402 = LINE('',#4403,#4404);
#4403 = CARTESIAN_POINT('',(-163.,178.19970170476,137.));
#4404 = VECTOR('',#4405,1.);
#4405 = DIRECTION('',(1.,-0.,0.));
#4406 = PCURVE('',#359,#4407);
#4407 = DEFINITIONAL_REPRESENTATION('',(#4408),#4411);
#4408 = B_SPLINE_CURVE_WITH_KNOTS('',1,(#4409,#4410),.UNSPECIFIED.,.F.,
  .F.,(2,2),(6.,8.),.PIECEWISE_BEZIER_KNOTS.);
#4409 = CARTESIAN_POINT('',(21.839950435056,-7.105427357601E-15));
#4410 = CARTESIAN_POINT('',(21.839950435056,2.));
#4411 = ( GEOMETRIC_REPRESENTATION_CONTEXT(2) 
PARAMETRIC_REPRESENTATION_CONTEXT() REPRESENTATION_CONTEXT('2D SPACE',''
  ) );
#4412 = PCURVE('',#4413,#4418);
#4413 = PLANE('',#4414);
#4414 = AXIS2_PLACEMENT_3D('',#4415,#4416,#4417);
#4415 = CARTESIAN_POINT('',(-169.,166.81391404175,137.));
#4416 = DIRECTION('',(0.,0.,1.));
#4417 = DIRECTION('',(1.,0.,-0.));
#4418 = DEFINITIONAL_REPRESENTATION('',(#4419),#4422);
#4419 = B_SPLINE_CURVE_WITH_KNOTS('',1,(#4420,#4421),.UNSPECIFIED.,.F.,
  .F.,(2,2),(6.,8.),.PIECEWISE_BEZIER_KNOTS.);
#4420 = CARTESIAN_POINT('',(12.,11.385787663016));
#4421 = CARTESIAN_POINT('',(14.,11.385787663016));
#4422 = ( GEOMETRIC_REPRESENTATION_CONTEXT(2) 
PARAMETRIC_REPRESENTATION_CONTEXT() REPRESENTATION_CONTEXT('2D SPACE',''
  ) );
#4423 = ORIENTED_EDGE('',*,*,#4424,.T.);
#4424 = EDGE_CURVE('',#4399,#4425,#4427,.T.);
#4425 = VERTEX_POINT('',#4426);
#4426 = CARTESIAN_POINT('',(-157.,210.29574251694,288.));
#4427 = SURFACE_CURVE('',#4428,(#4432,#4439),.PCURVE_S1.);
#4428 = LINE('',#4429,#4430);
#4429 = CARTESIAN_POINT('',(-157.,173.65892068243,115.6373048818));
#4430 = VECTOR('',#4431,1.);
#4431 = DIRECTION('',(0.,0.207911690818,0.978147600734));
#4432 = PCURVE('',#359,#4433);
#4433 = DEFINITIONAL_REPRESENTATION('',(#4434),#4438);
#4434 = LINE('',#4435,#4436);
#4435 = CARTESIAN_POINT('',(0.,0.));
#4436 = VECTOR('',#4437,1.);
#4437 = DIRECTION('',(1.,0.));
#4438 = ( GEOMETRIC_REPRESENTATION_CONTEXT(2) 
PARAMETRIC_REPRESENTATION_CONTEXT() REPRESENTATION_CONTEXT('2D SPACE',''
  ) );
#4439 = PCURVE('',#1725,#4440);
#4440 = DEFINITIONAL_REPRESENTATION('',(#4441),#4445);
#4441 = LINE('',#4442,#4443);
#4442 = CARTESIAN_POINT('',(0.,-12.5));
#4443 = VECTOR('',#4444,1.);
#4444 = DIRECTION('',(1.,0.));
#4445 = ( GEOMETRIC_REPRESENTATION_CONTEXT(2) 
PARAMETRIC_REPRESENTATION_CONTEXT() REPRESENTATION_CONTEXT('2D SPACE',''
  ) );
#4446 = ORIENTED_EDGE('',*,*,#4447,.T.);
#4447 = EDGE_CURVE('',#4425,#4448,#4450,.T.);
#4448 = VERTEX_POINT('',#4449);
#4449 = CARTESIAN_POINT('',(-155.,210.29574251694,288.));
#4450 = SURFACE_CURVE('',#4451,(#4455,#4461),.PCURVE_S1.);
#4451 = LINE('',#4452,#4453);
#4452 = CARTESIAN_POINT('',(-163.,210.29574251694,288.));
#4453 = VECTOR('',#4454,1.);
#4454 = DIRECTION('',(1.,-0.,0.));
#4455 = PCURVE('',#359,#4456);
#4456 = DEFINITIONAL_REPRESENTATION('',(#4457),#4460);
#4457 = B_SPLINE_CURVE_WITH_KNOTS('',1,(#4458,#4459),.UNSPECIFIED.,.F.,
  .F.,(2,2),(6.,8.),.PIECEWISE_BEZIER_KNOTS.);
#4458 = CARTESIAN_POINT('',(176.21338025967,-7.105427357601E-15));
#4459 = CARTESIAN_POINT('',(176.21338025967,2.));
#4460 = ( GEOMETRIC_REPRESENTATION_CONTEXT(2) 
PARAMETRIC_REPRESENTATION_CONTEXT() REPRESENTATION_CONTEXT('2D SPACE',''
  ) );
#4461 = PCURVE('',#4462,#4467);
#4462 = PLANE('',#4463);
#4463 = AXIS2_PLACEMENT_3D('',#4464,#4465,#4466);
#4464 = CARTESIAN_POINT('',(-169.,204.011312334,288.));
#4465 = DIRECTION('',(0.,0.,1.));
#4466 = DIRECTION('',(1.,0.,-0.));
#4467 = DEFINITIONAL_REPRESENTATION('',(#4468),#4471);
#4468 = B_SPLINE_CURVE_WITH_KNOTS('',1,(#4469,#4470),.UNSPECIFIED.,.F.,
  .F.,(2,2),(6.,8.),.PIECEWISE_BEZIER_KNOTS.);
#4469 = CARTESIAN_POINT('',(12.,6.284430182935));
#4470 = CARTESIAN_POINT('',(14.,6.284430182935));
#4471 = ( GEOMETRIC_REPRESENTATION_CONTEXT(2) 
PARAMETRIC_REPRESENTATION_CONTEXT() REPRESENTATION_CONTEXT('2D SPACE',''
  ) );
#4472 = ORIENTED_EDGE('',*,*,#4473,.F.);
#4473 = EDGE_CURVE('',#344,#4448,#4474,.T.);
#4474 = SURFACE_CURVE('',#4475,(#4479,#4485),.PCURVE_S1.);
#4475 = LINE('',#4476,#4477);
#4476 = CARTESIAN_POINT('',(-155.,191.84150221582,201.17962543183));
#4477 = VECTOR('',#4478,1.);
#4478 = DIRECTION('',(0.,-0.207911690818,-0.978147600734));
#4479 = PCURVE('',#359,#4480);
#4480 = DEFINITIONAL_REPRESENTATION('',(#4481),#4484);
#4481 = B_SPLINE_CURVE_WITH_KNOTS('',1,(#4482,#4483),.UNSPECIFIED.,.F.,
  .F.,(2,2),(-101.0280805207,-88.75999338241),.PIECEWISE_BEZIER_KNOTS.);
#4482 = CARTESIAN_POINT('',(188.48146739805,2.));
#4483 = CARTESIAN_POINT('',(176.21338025967,2.));
#4484 = ( GEOMETRIC_REPRESENTATION_CONTEXT(2) 
PARAMETRIC_REPRESENTATION_CONTEXT() REPRESENTATION_CONTEXT('2D SPACE',''
  ) );
#4485 = PCURVE('',#386,#4486);
#4486 = DEFINITIONAL_REPRESENTATION('',(#4487),#4490);
#4487 = B_SPLINE_CURVE_WITH_KNOTS('',1,(#4488,#4489),.UNSPECIFIED.,.F.,
  .F.,(2,2),(-101.0280805207,-88.75999338241),.PIECEWISE_BEZIER_KNOTS.);
#4488 = CARTESIAN_POINT('',(12.,-8.835108922975));
#4489 = CARTESIAN_POINT('',(1.42108547152E-14,-6.284430182935));
#4490 = ( GEOMETRIC_REPRESENTATION_CONTEXT(2) 
PARAMETRIC_REPRESENTATION_CONTEXT() REPRESENTATION_CONTEXT('2D SPACE',''
  ) );
#4491 = ADVANCED_FACE('',(#4492),#1334,.T.);
#4492 = FACE_BOUND('',#4493,.F.);
#4493 = EDGE_LOOP('',(#4494,#4517,#4518,#4519));
#4494 = ORIENTED_EDGE('',*,*,#4495,.F.);
#4495 = EDGE_CURVE('',#1291,#4496,#4498,.T.);
#4496 = VERTEX_POINT('',#4497);
#4497 = CARTESIAN_POINT('',(166.8,160.31391404175,125.));
#4498 = SURFACE_CURVE('',#4499,(#4503,#4510),.PCURVE_S1.);
#4499 = LINE('',#4500,#4501);
#4500 = CARTESIAN_POINT('',(166.8,205.93836425035,339.64616217978));
#4501 = VECTOR('',#4502,1.);
#4502 = DIRECTION('',(0.,-0.207911690818,-0.978147600734));
#4503 = PCURVE('',#1334,#4504);
#4504 = DEFINITIONAL_REPRESENTATION('',(#4505),#4509);
#4505 = LINE('',#4506,#4507);
#4506 = CARTESIAN_POINT('',(-0.,0.));
#4507 = VECTOR('',#4508,1.);
#4508 = DIRECTION('',(-0.,1.));
#4509 = ( GEOMETRIC_REPRESENTATION_CONTEXT(2) 
PARAMETRIC_REPRESENTATION_CONTEXT() REPRESENTATION_CONTEXT('2D SPACE',''
  ) );
#4510 = PCURVE('',#1306,#4511);
#4511 = DEFINITIONAL_REPRESENTATION('',(#4512),#4516);
#4512 = LINE('',#4513,#4514);
#4513 = CARTESIAN_POINT('',(0.,0.8));
#4514 = VECTOR('',#4515,1.);
#4515 = DIRECTION('',(1.,0.));
#4516 = ( GEOMETRIC_REPRESENTATION_CONTEXT(2) 
PARAMETRIC_REPRESENTATION_CONTEXT() REPRESENTATION_CONTEXT('2D SPACE',''
  ) );
#4517 = ORIENTED_EDGE('',*,*,#1317,.T.);
#4518 = ORIENTED_EDGE('',*,*,#4245,.T.);
#4519 = ORIENTED_EDGE('',*,*,#4520,.F.);
#4520 = EDGE_CURVE('',#4496,#4246,#4521,.T.);
#4521 = SURFACE_CURVE('',#4522,(#4527,#4539),.PCURVE_S1.);
#4522 = ELLIPSE('',#4523,3.271489903568,3.2);
#4523 = AXIS2_PLACEMENT_3D('',#4524,#4525,#4526);
#4524 = CARTESIAN_POINT('',(166.8,163.58540394531,125.));
#4525 = DIRECTION('',(0.,0.,1.));
#4526 = DIRECTION('',(0.,-1.,0.));
#4527 = PCURVE('',#1334,#4528);
#4528 = DEFINITIONAL_REPRESENTATION('',(#4529),#4538);
#4529 = B_SPLINE_CURVE_WITH_KNOTS('',7,(#4530,#4531,#4532,#4533,#4534,
    #4535,#4536,#4537),.UNSPECIFIED.,.F.,.F.,(8,8),(0.,1.570796326795),
  .PIECEWISE_BEZIER_KNOTS.);
#4530 = CARTESIAN_POINT('',(0.,219.44148512837));
#4531 = CARTESIAN_POINT('',(-0.224399475256,219.44148512837));
#4532 = CARTESIAN_POINT('',(-0.448798950513,219.40152539766));
#4533 = CARTESIAN_POINT('',(-0.673198425769,219.32161173294));
#4534 = CARTESIAN_POINT('',(-0.897597901026,219.2066504801));
#4535 = CARTESIAN_POINT('',(-1.121997376282,219.066568029));
#4536 = CARTESIAN_POINT('',(-1.346396851538,218.91393638991));
#4537 = CARTESIAN_POINT('',(-1.570796326795,218.76130413103));
#4538 = ( GEOMETRIC_REPRESENTATION_CONTEXT(2) 
PARAMETRIC_REPRESENTATION_CONTEXT() REPRESENTATION_CONTEXT('2D SPACE',''
  ) );
#4539 = PCURVE('',#2159,#4540);
#4540 = DEFINITIONAL_REPRESENTATION('',(#4541),#4545);
#4541 = ELLIPSE('',#4542,3.271489903568,3.2);
#4542 = AXIS2_PLACEMENT_2D('',#4543,#4544);
#4543 = CARTESIAN_POINT('',(386.8,213.58540394531));
#4544 = DIRECTION('',(0.,-1.));
#4545 = ( GEOMETRIC_REPRESENTATION_CONTEXT(2) 
PARAMETRIC_REPRESENTATION_CONTEXT() REPRESENTATION_CONTEXT('2D SPACE',''
  ) );
#4546 = ADVANCED_FACE('',(#4547),#386,.T.);
#4547 = FACE_BOUND('',#4548,.T.);
#4548 = EDGE_LOOP('',(#4549,#4550,#4551,#4574));
#4549 = ORIENTED_EDGE('',*,*,#370,.F.);
#4550 = ORIENTED_EDGE('',*,*,#4473,.T.);
#4551 = ORIENTED_EDGE('',*,*,#4552,.T.);
#4552 = EDGE_CURVE('',#4448,#4553,#4555,.T.);
#4553 = VERTEX_POINT('',#4554);
#4554 = CARTESIAN_POINT('',(-155.,218.011312334,288.));
#4555 = SURFACE_CURVE('',#4556,(#4560,#4567),.PCURVE_S1.);
#4556 = LINE('',#4557,#4558);
#4557 = CARTESIAN_POINT('',(-155.,204.011312334,288.));
#4558 = VECTOR('',#4559,1.);
#4559 = DIRECTION('',(-0.,1.,0.));
#4560 = PCURVE('',#386,#4561);
#4561 = DEFINITIONAL_REPRESENTATION('',(#4562),#4566);
#4562 = LINE('',#4563,#4564);
#4563 = CARTESIAN_POINT('',(0.,0.));
#4564 = VECTOR('',#4565,1.);
#4565 = DIRECTION('',(0.,-1.));
#4566 = ( GEOMETRIC_REPRESENTATION_CONTEXT(2) 
PARAMETRIC_REPRESENTATION_CONTEXT() REPRESENTATION_CONTEXT('2D SPACE',''
  ) );
#4567 = PCURVE('',#4462,#4568);
#4568 = DEFINITIONAL_REPRESENTATION('',(#4569),#4573);
#4569 = LINE('',#4570,#4571);
#4570 = CARTESIAN_POINT('',(14.,0.));
#4571 = VECTOR('',#4572,1.);
#4572 = DIRECTION('',(0.,1.));
#4573 = ( GEOMETRIC_REPRESENTATION_CONTEXT(2) 
PARAMETRIC_REPRESENTATION_CONTEXT() REPRESENTATION_CONTEXT('2D SPACE',''
  ) );
#4574 = ORIENTED_EDGE('',*,*,#4575,.T.);
#4575 = EDGE_CURVE('',#4553,#371,#4576,.T.);
#4576 = SURFACE_CURVE('',#4577,(#4581,#4588),.PCURVE_S1.);
#4577 = LINE('',#4578,#4579);
#4578 = CARTESIAN_POINT('',(-155.,218.011312334,288.));
#4579 = VECTOR('',#4580,1.);
#4580 = DIRECTION('',(0.,0.,1.));
#4581 = PCURVE('',#386,#4582);
#4582 = DEFINITIONAL_REPRESENTATION('',(#4583),#4587);
#4583 = LINE('',#4584,#4585);
#4584 = CARTESIAN_POINT('',(0.,-14.));
#4585 = VECTOR('',#4586,1.);
#4586 = DIRECTION('',(1.,0.));
#4587 = ( GEOMETRIC_REPRESENTATION_CONTEXT(2) 
PARAMETRIC_REPRESENTATION_CONTEXT() REPRESENTATION_CONTEXT('2D SPACE',''
  ) );
#4588 = PCURVE('',#414,#4589);
#4589 = DEFINITIONAL_REPRESENTATION('',(#4590),#4594);
#4590 = LINE('',#4591,#4592);
#4591 = CARTESIAN_POINT('',(0.,14.));
#4592 = VECTOR('',#4593,1.);
#4593 = DIRECTION('',(1.,0.));
#4594 = ( GEOMETRIC_REPRESENTATION_CONTEXT(2) 
PARAMETRIC_REPRESENTATION_CONTEXT() REPRESENTATION_CONTEXT('2D SPACE',''
  ) );
#4595 = ADVANCED_FACE('',(#4596),#1306,.T.);
#4596 = FACE_BOUND('',#4597,.T.);
#4597 = EDGE_LOOP('',(#4598,#4599,#4600,#4623));
#4598 = ORIENTED_EDGE('',*,*,#4495,.F.);
#4599 = ORIENTED_EDGE('',*,*,#1290,.F.);
#4600 = ORIENTED_EDGE('',*,*,#4601,.T.);
#4601 = EDGE_CURVE('',#1258,#4602,#4604,.T.);
#4602 = VERTEX_POINT('',#4603);
#4603 = CARTESIAN_POINT('',(165.2,160.31391404175,125.));
#4604 = SURFACE_CURVE('',#4605,(#4609,#4616),.PCURVE_S1.);
#4605 = LINE('',#4606,#4607);
#4606 = CARTESIAN_POINT('',(165.2,205.93836425035,339.64616217978));
#4607 = VECTOR('',#4608,1.);
#4608 = DIRECTION('',(0.,-0.207911690818,-0.978147600734));
#4609 = PCURVE('',#1306,#4610);
#4610 = DEFINITIONAL_REPRESENTATION('',(#4611),#4615);
#4611 = LINE('',#4612,#4613);
#4612 = CARTESIAN_POINT('',(0.,-0.8));
#4613 = VECTOR('',#4614,1.);
#4614 = DIRECTION('',(1.,0.));
#4615 = ( GEOMETRIC_REPRESENTATION_CONTEXT(2) 
PARAMETRIC_REPRESENTATION_CONTEXT() REPRESENTATION_CONTEXT('2D SPACE',''
  ) );
#4616 = PCURVE('',#1274,#4617);
#4617 = DEFINITIONAL_REPRESENTATION('',(#4618),#4622);
#4618 = LINE('',#4619,#4620);
#4619 = CARTESIAN_POINT('',(0.,0.));
#4620 = VECTOR('',#4621,1.);
#4621 = DIRECTION('',(0.,1.));
#4622 = ( GEOMETRIC_REPRESENTATION_CONTEXT(2) 
PARAMETRIC_REPRESENTATION_CONTEXT() REPRESENTATION_CONTEXT('2D SPACE',''
  ) );
#4623 = ORIENTED_EDGE('',*,*,#4624,.T.);
#4624 = EDGE_CURVE('',#4602,#4496,#4625,.T.);
#4625 = SURFACE_CURVE('',#4626,(#4630,#4636),.PCURVE_S1.);
#4626 = LINE('',#4627,#4628);
#4627 = CARTESIAN_POINT('',(-27.,160.31391404175,125.));
#4628 = VECTOR('',#4629,1.);
#4629 = DIRECTION('',(1.,0.,-0.));
#4630 = PCURVE('',#1306,#4631);
#4631 = DEFINITIONAL_REPRESENTATION('',(#4632),#4635);
#4632 = B_SPLINE_CURVE_WITH_KNOTS('',1,(#4633,#4634),.UNSPECIFIED.,.F.,
  .F.,(2,2),(192.19999999809,193.8),.PIECEWISE_BEZIER_KNOTS.);
#4633 = CARTESIAN_POINT('',(219.44148512837,-0.800000001908));
#4634 = CARTESIAN_POINT('',(219.44148512837,0.8));
#4635 = ( GEOMETRIC_REPRESENTATION_CONTEXT(2) 
PARAMETRIC_REPRESENTATION_CONTEXT() REPRESENTATION_CONTEXT('2D SPACE',''
  ) );
#4636 = PCURVE('',#2159,#4637);
#4637 = DEFINITIONAL_REPRESENTATION('',(#4638),#4642);
#4638 = LINE('',#4639,#4640);
#4639 = CARTESIAN_POINT('',(193.,210.31391404175));
#4640 = VECTOR('',#4641,1.);
#4641 = DIRECTION('',(1.,0.));
#4642 = ( GEOMETRIC_REPRESENTATION_CONTEXT(2) 
PARAMETRIC_REPRESENTATION_CONTEXT() REPRESENTATION_CONTEXT('2D SPACE',''
  ) );
#4643 = ADVANCED_FACE('',(#4644),#414,.T.);
#4644 = FACE_BOUND('',#4645,.T.);
#4645 = EDGE_LOOP('',(#4646,#4669,#4688,#4689));
#4646 = ORIENTED_EDGE('',*,*,#4647,.F.);
#4647 = EDGE_CURVE('',#4648,#4553,#4650,.T.);
#4648 = VERTEX_POINT('',#4649);
#4649 = CARTESIAN_POINT('',(-162.,218.011312334,288.));
#4650 = SURFACE_CURVE('',#4651,(#4655,#4662),.PCURVE_S1.);
#4651 = LINE('',#4652,#4653);
#4652 = CARTESIAN_POINT('',(-169.,218.011312334,288.));
#4653 = VECTOR('',#4654,1.);
#4654 = DIRECTION('',(1.,0.,-0.));
#4655 = PCURVE('',#414,#4656);
#4656 = DEFINITIONAL_REPRESENTATION('',(#4657),#4661);
#4657 = LINE('',#4658,#4659);
#4658 = CARTESIAN_POINT('',(0.,0.));
#4659 = VECTOR('',#4660,1.);
#4660 = DIRECTION('',(0.,1.));
#4661 = ( GEOMETRIC_REPRESENTATION_CONTEXT(2) 
PARAMETRIC_REPRESENTATION_CONTEXT() REPRESENTATION_CONTEXT('2D SPACE',''
  ) );
#4662 = PCURVE('',#4462,#4663);
#4663 = DEFINITIONAL_REPRESENTATION('',(#4664),#4668);
#4664 = LINE('',#4665,#4666);
#4665 = CARTESIAN_POINT('',(0.,14.));
#4666 = VECTOR('',#4667,1.);
#4667 = DIRECTION('',(1.,0.));
#4668 = ( GEOMETRIC_REPRESENTATION_CONTEXT(2) 
PARAMETRIC_REPRESENTATION_CONTEXT() REPRESENTATION_CONTEXT('2D SPACE',''
  ) );
#4669 = ORIENTED_EDGE('',*,*,#4670,.T.);
#4670 = EDGE_CURVE('',#4648,#399,#4671,.T.);
#4671 = SURFACE_CURVE('',#4672,(#4676,#4682),.PCURVE_S1.);
#4672 = LINE('',#4673,#4674);
#4673 = CARTESIAN_POINT('',(-162.,218.011312334,227.90712832906));
#4674 = VECTOR('',#4675,1.);
#4675 = DIRECTION('',(0.,-0.,1.));
#4676 = PCURVE('',#414,#4677);
#4677 = DEFINITIONAL_REPRESENTATION('',(#4678),#4681);
#4678 = B_SPLINE_CURVE_WITH_KNOTS('',1,(#4679,#4680),.UNSPECIFIED.,.F.,
  .F.,(2,2),(60.092871670933,72.092871670933),.PIECEWISE_BEZIER_KNOTS.);
#4679 = CARTESIAN_POINT('',(0.,7.));
#4680 = CARTESIAN_POINT('',(12.,7.));
#4681 = ( GEOMETRIC_REPRESENTATION_CONTEXT(2) 
PARAMETRIC_REPRESENTATION_CONTEXT() REPRESENTATION_CONTEXT('2D SPACE',''
  ) );
#4682 = PCURVE('',#442,#4683);
#4683 = DEFINITIONAL_REPRESENTATION('',(#4684),#4687);
#4684 = B_SPLINE_CURVE_WITH_KNOTS('',1,(#4685,#4686),.UNSPECIFIED.,.F.,
  .F.,(2,2),(60.092871670933,72.092871670933),.PIECEWISE_BEZIER_KNOTS.);
#4685 = CARTESIAN_POINT('',(18.879291010186,120.18574334186));
#4686 = CARTESIAN_POINT('',(18.879291010186,132.18574334186));
#4687 = ( GEOMETRIC_REPRESENTATION_CONTEXT(2) 
PARAMETRIC_REPRESENTATION_CONTEXT() REPRESENTATION_CONTEXT('2D SPACE',''
  ) );
#4688 = ORIENTED_EDGE('',*,*,#398,.T.);
#4689 = ORIENTED_EDGE('',*,*,#4575,.F.);
#4690 = ADVANCED_FACE('',(#4691),#1274,.T.);
#4691 = FACE_BOUND('',#4692,.T.);
#4692 = EDGE_LOOP('',(#4693,#4694,#4695,#4716));
#4693 = ORIENTED_EDGE('',*,*,#4601,.F.);
#4694 = ORIENTED_EDGE('',*,*,#1257,.F.);
#4695 = ORIENTED_EDGE('',*,*,#4696,.T.);
#4696 = EDGE_CURVE('',#1226,#4697,#4699,.T.);
#4697 = VERTEX_POINT('',#4698);
#4698 = CARTESIAN_POINT('',(162.85278712657,161.36182097138,125.));
#4699 = SURFACE_CURVE('',#4700,(#4704,#4710),.PCURVE_S1.);
#4700 = LINE('',#4701,#4702);
#4701 = CARTESIAN_POINT('',(162.85278712657,204.86185611479,
    329.65157509903));
#4702 = VECTOR('',#4703,1.);
#4703 = DIRECTION('',(0.,-0.207911690818,-0.978147600734));
#4704 = PCURVE('',#1274,#4705);
#4705 = DEFINITIONAL_REPRESENTATION('',(#4706),#4709);
#4706 = B_SPLINE_CURVE_WITH_KNOTS('',1,(#4707,#4708),.UNSPECIFIED.,.F.,
  .F.,(2,2),(-6.000002511569E-07,220.88491811451),
  .PIECEWISE_BEZIER_KNOTS.);
#4707 = CARTESIAN_POINT('',(0.823463073535,9.9999994));
#4708 = CARTESIAN_POINT('',(0.823463073535,230.88491811451));
#4709 = ( GEOMETRIC_REPRESENTATION_CONTEXT(2) 
PARAMETRIC_REPRESENTATION_CONTEXT() REPRESENTATION_CONTEXT('2D SPACE',''
  ) );
#4710 = PCURVE('',#1242,#4711);
#4711 = DEFINITIONAL_REPRESENTATION('',(#4712),#4715);
#4712 = B_SPLINE_CURVE_WITH_KNOTS('',1,(#4713,#4714),.UNSPECIFIED.,.F.,
  .F.,(2,2),(-6.000002511569E-07,220.88491811451),
  .PIECEWISE_BEZIER_KNOTS.);
#4713 = CARTESIAN_POINT('',(-0.416321525171,-6.000002440515E-07));
#4714 = CARTESIAN_POINT('',(-0.416321525171,220.88491811451));
#4715 = ( GEOMETRIC_REPRESENTATION_CONTEXT(2) 
PARAMETRIC_REPRESENTATION_CONTEXT() REPRESENTATION_CONTEXT('2D SPACE',''
  ) );
#4716 = ORIENTED_EDGE('',*,*,#4717,.T.);
#4717 = EDGE_CURVE('',#4697,#4602,#4718,.T.);
#4718 = SURFACE_CURVE('',#4719,(#4724,#4735),.PCURVE_S1.);
#4719 = ELLIPSE('',#4720,3.271489903568,3.2);
#4720 = AXIS2_PLACEMENT_3D('',#4721,#4722,#4723);
#4721 = CARTESIAN_POINT('',(165.2,163.58540394531,125.));
#4722 = DIRECTION('',(0.,0.,1.));
#4723 = DIRECTION('',(0.,-1.,0.));
#4724 = PCURVE('',#1274,#4725);
#4725 = DEFINITIONAL_REPRESENTATION('',(#4726),#4734);
#4726 = B_SPLINE_CURVE_WITH_KNOTS('',6,(#4727,#4728,#4729,#4730,#4731,
    #4732,#4733),.UNSPECIFIED.,.F.,.F.,(7,7),(5.459722233645,
    6.28318530718),.PIECEWISE_BEZIER_KNOTS.);
#4727 = CARTESIAN_POINT('',(0.823463073535,219.22361302681));
#4728 = CARTESIAN_POINT('',(0.686219227946,219.29208610836));
#4729 = CARTESIAN_POINT('',(0.548975382356,219.35010951326));
#4730 = CARTESIAN_POINT('',(0.411731536767,219.39536234389));
#4731 = CARTESIAN_POINT('',(0.274487691178,219.42611103771));
#4732 = CARTESIAN_POINT('',(0.137243845589,219.44148512837));
#4733 = CARTESIAN_POINT('',(0.,219.44148512837));
#4734 = ( GEOMETRIC_REPRESENTATION_CONTEXT(2) 
PARAMETRIC_REPRESENTATION_CONTEXT() REPRESENTATION_CONTEXT('2D SPACE',''
  ) );
#4735 = PCURVE('',#2159,#4736);
#4736 = DEFINITIONAL_REPRESENTATION('',(#4737),#4741);
#4737 = ELLIPSE('',#4738,3.271489903568,3.2);
#4738 = AXIS2_PLACEMENT_2D('',#4739,#4740);
#4739 = CARTESIAN_POINT('',(385.2,213.58540394531));
#4740 = DIRECTION('',(0.,-1.));
#4741 = ( GEOMETRIC_REPRESENTATION_CONTEXT(2) 
PARAMETRIC_REPRESENTATION_CONTEXT() REPRESENTATION_CONTEXT('2D SPACE',''
  ) );
#4742 = ADVANCED_FACE('',(#4743),#442,.T.);
#4743 = FACE_BOUND('',#4744,.T.);
#4744 = EDGE_LOOP('',(#4745,#4773,#4795,#4821,#4854,#4873,#4874,#4895,
    #4921,#4942,#4968,#4989,#5010,#5029,#5030,#5031,#5052,#5073,#5099,
    #5120,#5141,#5160,#5161,#5182,#5203,#5229,#5251,#5277));
#4745 = ORIENTED_EDGE('',*,*,#4746,.F.);
#4746 = EDGE_CURVE('',#4747,#4749,#4751,.T.);
#4747 = VERTEX_POINT('',#4748);
#4748 = CARTESIAN_POINT('',(-162.,257.,125.));
#4749 = VERTEX_POINT('',#4750);
#4750 = CARTESIAN_POINT('',(-162.,257.,137.));
#4751 = SURFACE_CURVE('',#4752,(#4756,#4762),.PCURVE_S1.);
#4752 = LINE('',#4753,#4754);
#4753 = CARTESIAN_POINT('',(-162.,257.,146.40712832906));
#4754 = VECTOR('',#4755,1.);
#4755 = DIRECTION('',(0.,-0.,1.));
#4756 = PCURVE('',#442,#4757);
#4757 = DEFINITIONAL_REPRESENTATION('',(#4758),#4761);
#4758 = B_SPLINE_CURVE_WITH_KNOTS('',1,(#4759,#4760),.UNSPECIFIED.,.F.,
  .F.,(2,2),(-21.40712832906,-9.407128329067),.PIECEWISE_BEZIER_KNOTS.);
#4759 = CARTESIAN_POINT('',(57.867978676182,-42.81425665813));
#4760 = CARTESIAN_POINT('',(57.867978676182,-30.81425665813));
#4761 = ( GEOMETRIC_REPRESENTATION_CONTEXT(2) 
PARAMETRIC_REPRESENTATION_CONTEXT() REPRESENTATION_CONTEXT('2D SPACE',''
  ) );
#4762 = PCURVE('',#4763,#4768);
#4763 = PLANE('',#4764);
#4764 = AXIS2_PLACEMENT_3D('',#4765,#4766,#4767);
#4765 = CARTESIAN_POINT('',(-167.5,257.,125.));
#4766 = DIRECTION('',(-0.,1.,0.));
#4767 = DIRECTION('',(0.,0.,1.));
#4768 = DEFINITIONAL_REPRESENTATION('',(#4769),#4772);
#4769 = B_SPLINE_CURVE_WITH_KNOTS('',1,(#4770,#4771),.UNSPECIFIED.,.F.,
  .F.,(2,2),(-21.40712832906,-9.407128329067),.PIECEWISE_BEZIER_KNOTS.);
#4770 = CARTESIAN_POINT('',(0.,5.5));
#4771 = CARTESIAN_POINT('',(12.,5.5));
#4772 = ( GEOMETRIC_REPRESENTATION_CONTEXT(2) 
PARAMETRIC_REPRESENTATION_CONTEXT() REPRESENTATION_CONTEXT('2D SPACE',''
  ) );
#4773 = ORIENTED_EDGE('',*,*,#4774,.T.);
#4774 = EDGE_CURVE('',#4747,#4775,#4777,.T.);
#4775 = VERTEX_POINT('',#4776);
#4776 = CARTESIAN_POINT('',(-162.,306.2915620641,125.));
#4777 = SURFACE_CURVE('',#4778,(#4782,#4788),.PCURVE_S1.);
#4778 = LINE('',#4779,#4780);
#4779 = CARTESIAN_POINT('',(-162.,74.566010661909,125.));
#4780 = VECTOR('',#4781,1.);
#4781 = DIRECTION('',(0.,1.,0.));
#4782 = PCURVE('',#442,#4783);
#4783 = DEFINITIONAL_REPRESENTATION('',(#4784),#4787);
#4784 = B_SPLINE_CURVE_WITH_KNOTS('',1,(#4785,#4786),.UNSPECIFIED.,.F.,
  .F.,(2,2),(-69.1766924527,261.50308108701),.PIECEWISE_BEZIER_KNOTS.);
#4785 = CARTESIAN_POINT('',(-193.7427031146,-42.81425665813));
#4786 = CARTESIAN_POINT('',(136.9370704251,-42.81425665813));
#4787 = ( GEOMETRIC_REPRESENTATION_CONTEXT(2) 
PARAMETRIC_REPRESENTATION_CONTEXT() REPRESENTATION_CONTEXT('2D SPACE',''
  ) );
#4788 = PCURVE('',#2159,#4789);
#4789 = DEFINITIONAL_REPRESENTATION('',(#4790),#4794);
#4790 = LINE('',#4791,#4792);
#4791 = CARTESIAN_POINT('',(58.,124.5660106619));
#4792 = VECTOR('',#4793,1.);
#4793 = DIRECTION('',(0.,1.));
#4794 = ( GEOMETRIC_REPRESENTATION_CONTEXT(2) 
PARAMETRIC_REPRESENTATION_CONTEXT() REPRESENTATION_CONTEXT('2D SPACE',''
  ) );
#4795 = ORIENTED_EDGE('',*,*,#4796,.T.);
#4796 = EDGE_CURVE('',#4775,#4797,#4799,.T.);
#4797 = VERTEX_POINT('',#4798);
#4798 = CARTESIAN_POINT('',(-162.,287.59113765561,130.03622360226));
#4799 = SURFACE_CURVE('',#4800,(#4804,#4810),.PCURVE_S1.);
#4800 = LINE('',#4801,#4802);
#4801 = CARTESIAN_POINT('',(-162.,320.47714322863,121.17967180251));
#4802 = VECTOR('',#4803,1.);
#4803 = DIRECTION('',(0.,-0.965596390966,0.26004539941));
#4804 = PCURVE('',#442,#4805);
#4805 = DEFINITIONAL_REPRESENTATION('',(#4806),#4809);
#4806 = B_SPLINE_CURVE_WITH_KNOTS('',1,(#4807,#4808),.UNSPECIFIED.,.F.,
  .F.,(2,2),(-5.999998971638E-07,34.05771444474),
  .PIECEWISE_BEZIER_KNOTS.);
#4807 = CARTESIAN_POINT('',(121.34512248417,-46.63458501164));
#4808 = CARTESIAN_POINT('',(88.459115752439,-37.77803289984));
#4809 = ( GEOMETRIC_REPRESENTATION_CONTEXT(2) 
PARAMETRIC_REPRESENTATION_CONTEXT() REPRESENTATION_CONTEXT('2D SPACE',''
  ) );
#4810 = PCURVE('',#4811,#4816);
#4811 = CYLINDRICAL_SURFACE('',#4812,9.);
#4812 = AXIS2_PLACEMENT_3D('',#4813,#4814,#4815);
#4813 = CARTESIAN_POINT('',(-158.,318.38059019233,113.39478481772));
#4814 = DIRECTION('',(0.,-0.965596390966,0.26004539941));
#4815 = DIRECTION('',(-1.,-0.,0.));
#4816 = DEFINITIONAL_REPRESENTATION('',(#4817),#4820);
#4817 = B_SPLINE_CURVE_WITH_KNOTS('',1,(#4818,#4819),.UNSPECIFIED.,.F.,
  .F.,(2,2),(-5.999998971638E-07,34.05771444474),
  .PIECEWISE_BEZIER_KNOTS.);
#4818 = CARTESIAN_POINT('',(-1.110242335114,-5.999999153714E-07));
#4819 = CARTESIAN_POINT('',(-1.110242335114,34.05771444474));
#4820 = ( GEOMETRIC_REPRESENTATION_CONTEXT(2) 
PARAMETRIC_REPRESENTATION_CONTEXT() REPRESENTATION_CONTEXT('2D SPACE',''
  ) );
#4821 = ORIENTED_EDGE('',*,*,#4822,.T.);
#4822 = EDGE_CURVE('',#4797,#4823,#4825,.T.);
#4823 = VERTEX_POINT('',#4824);
#4824 = CARTESIAN_POINT('',(-162.,266.81088124332,163.99489800319));
#4825 = SURFACE_CURVE('',#4826,(#4831,#4842),.PCURVE_S1.);
#4826 = CIRCLE('',#4827,28.937742251701);
#4827 = AXIS2_PLACEMENT_3D('',#4828,#4829,#4830);
#4828 = CARTESIAN_POINT('',(-162.,295.11626439748,157.97840308319));
#4829 = DIRECTION('',(-1.,-0.,0.));
#4830 = DIRECTION('',(0.,-0.26004539941,-0.965596390966));
#4831 = PCURVE('',#442,#4832);
#4832 = DEFINITIONAL_REPRESENTATION('',(#4833),#4841);
#4833 = ( BOUNDED_CURVE() B_SPLINE_CURVE(2,(#4834,#4835,#4836,#4837,
#4838,#4839,#4840),.UNSPECIFIED.,.T.,.F.) B_SPLINE_CURVE_WITH_KNOTS((1,2
    ,2,2,2,1),(-2.094395102393,0.,2.094395102393,4.188790204786,
6.28318530718,8.377580409573),.UNSPECIFIED.) CURVE() 
GEOMETRIC_REPRESENTATION_ITEM() RATIONAL_B_SPLINE_CURVE((1.,0.5,1.,0.5,
1.,0.5,1.)) REPRESENTATION_ITEM('') );
#4834 = CARTESIAN_POINT('',(88.459116331797,-37.77803305587));
#4835 = CARTESIAN_POINT('',(40.06184179661,-24.74413120555));
#4836 = CARTESIAN_POINT('',(75.548169177006,10.652187090686));
#4837 = CARTESIAN_POINT('',(111.0344965574,46.048505386932));
#4838 = CARTESIAN_POINT('',(123.94544371219,-2.381714759624));
#4839 = CARTESIAN_POINT('',(136.85639086698,-50.81193490618));
#4840 = CARTESIAN_POINT('',(88.459116331797,-37.77803305587));
#4841 = ( GEOMETRIC_REPRESENTATION_CONTEXT(2) 
PARAMETRIC_REPRESENTATION_CONTEXT() REPRESENTATION_CONTEXT('2D SPACE',''
  ) );
#4842 = PCURVE('',#4843,#4848);
#4843 = TOROIDAL_SURFACE('',#4844,37.,9.);
#4844 = AXIS2_PLACEMENT_3D('',#4845,#4846,#4847);
#4845 = CARTESIAN_POINT('',(-158.,295.11626439748,157.97840308319));
#4846 = DIRECTION('',(-1.,-0.,-0.));
#4847 = DIRECTION('',(0.,-0.26004539941,-0.965596390966));
#4848 = DEFINITIONAL_REPRESENTATION('',(#4849),#4853);
#4849 = LINE('',#4850,#4851);
#4850 = CARTESIAN_POINT('',(0.,2.681038661908));
#4851 = VECTOR('',#4852,1.);
#4852 = DIRECTION('',(1.,0.));
#4853 = ( GEOMETRIC_REPRESENTATION_CONTEXT(2) 
PARAMETRIC_REPRESENTATION_CONTEXT() REPRESENTATION_CONTEXT('2D SPACE',''
  ) );
#4854 = ORIENTED_EDGE('',*,*,#4855,.T.);
#4855 = EDGE_CURVE('',#4823,#538,#4856,.T.);
#4856 = SURFACE_CURVE('',#4857,(#4861,#4867),.PCURVE_S1.);
#4857 = LINE('',#4858,#4859);
#4858 = CARTESIAN_POINT('',(-162.,266.8108812157,163.99489800906));
#4859 = VECTOR('',#4860,1.);
#4860 = DIRECTION('',(0.,0.207911690818,0.978147600734));
#4861 = PCURVE('',#442,#4862);
#4862 = DEFINITIONAL_REPRESENTATION('',(#4863),#4866);
#4863 = B_SPLINE_CURVE_WITH_KNOTS('',1,(#4864,#4865),.UNSPECIFIED.,.F.,
  .F.,(2,2),(-6.000000458065E-07,206.75675528784),
  .PIECEWISE_BEZIER_KNOTS.);
#4864 = CARTESIAN_POINT('',(67.678859767139,-3.819359235953));
#4865 = CARTESIAN_POINT('',(110.66600647177,198.41926547124));
#4866 = ( GEOMETRIC_REPRESENTATION_CONTEXT(2) 
PARAMETRIC_REPRESENTATION_CONTEXT() REPRESENTATION_CONTEXT('2D SPACE',''
  ) );
#4867 = PCURVE('',#576,#4868);
#4868 = DEFINITIONAL_REPRESENTATION('',(#4869),#4872);
#4869 = B_SPLINE_CURVE_WITH_KNOTS('',1,(#4870,#4871),.UNSPECIFIED.,.F.,
  .F.,(2,2),(-6.000000458065E-07,206.75675528784),
  .PIECEWISE_BEZIER_KNOTS.);
#4870 = CARTESIAN_POINT('',(-1.110242335114,-6.00000053356E-07));
#4871 = CARTESIAN_POINT('',(-1.110242335114,206.75675528784));
#4872 = ( GEOMETRIC_REPRESENTATION_CONTEXT(2) 
PARAMETRIC_REPRESENTATION_CONTEXT() REPRESENTATION_CONTEXT('2D SPACE',''
  ) );
#4873 = ORIENTED_EDGE('',*,*,#537,.F.);
#4874 = ORIENTED_EDGE('',*,*,#4875,.F.);
#4875 = EDGE_CURVE('',#4876,#510,#4878,.T.);
#4876 = VERTEX_POINT('',#4877);
#4877 = CARTESIAN_POINT('',(-162.,282.,288.));
#4878 = SURFACE_CURVE('',#4879,(#4883,#4889),.PCURVE_S1.);
#4879 = LINE('',#4880,#4881);
#4880 = CARTESIAN_POINT('',(-162.,282.,227.90712832906));
#4881 = VECTOR('',#4882,1.);
#4882 = DIRECTION('',(0.,-0.,1.));
#4883 = PCURVE('',#442,#4884);
#4884 = DEFINITIONAL_REPRESENTATION('',(#4885),#4888);
#4885 = B_SPLINE_CURVE_WITH_KNOTS('',1,(#4886,#4887),.UNSPECIFIED.,.F.,
  .F.,(2,2),(60.092871670933,72.092871670933),.PIECEWISE_BEZIER_KNOTS.);
#4886 = CARTESIAN_POINT('',(82.867978676182,120.18574334186));
#4887 = CARTESIAN_POINT('',(82.867978676182,132.18574334186));
#4888 = ( GEOMETRIC_REPRESENTATION_CONTEXT(2) 
PARAMETRIC_REPRESENTATION_CONTEXT() REPRESENTATION_CONTEXT('2D SPACE',''
  ) );
#4889 = PCURVE('',#525,#4890);
#4890 = DEFINITIONAL_REPRESENTATION('',(#4891),#4894);
#4891 = B_SPLINE_CURVE_WITH_KNOTS('',1,(#4892,#4893),.UNSPECIFIED.,.F.,
  .F.,(2,2),(60.092871670933,72.092871670933),.PIECEWISE_BEZIER_KNOTS.);
#4892 = CARTESIAN_POINT('',(0.,5.5));
#4893 = CARTESIAN_POINT('',(12.,5.5));
#4894 = ( GEOMETRIC_REPRESENTATION_CONTEXT(2) 
PARAMETRIC_REPRESENTATION_CONTEXT() REPRESENTATION_CONTEXT('2D SPACE',''
  ) );
#4895 = ORIENTED_EDGE('',*,*,#4896,.T.);
#4896 = EDGE_CURVE('',#4876,#4897,#4899,.T.);
#4897 = VERTEX_POINT('',#4898);
#4898 = CARTESIAN_POINT('',(-162.,275.80000000001,288.));
#4899 = SURFACE_CURVE('',#4900,(#4904,#4910),.PCURVE_S1.);
#4900 = LINE('',#4901,#4902);
#4901 = CARTESIAN_POINT('',(-162.,233.5660106619,288.));
#4902 = VECTOR('',#4903,1.);
#4903 = DIRECTION('',(0.,-1.,0.));
#4904 = PCURVE('',#442,#4905);
#4905 = DEFINITIONAL_REPRESENTATION('',(#4906),#4909);
#4906 = B_SPLINE_CURVE_WITH_KNOTS('',1,(#4907,#4908),.UNSPECIFIED.,.F.,
  .F.,(2,2),(-48.43398933809,-34.43398933809),.PIECEWISE_BEZIER_KNOTS.);
#4907 = CARTESIAN_POINT('',(82.867978676182,120.18574334186));
#4908 = CARTESIAN_POINT('',(68.867978676182,120.18574334186));
#4909 = ( GEOMETRIC_REPRESENTATION_CONTEXT(2) 
PARAMETRIC_REPRESENTATION_CONTEXT() REPRESENTATION_CONTEXT('2D SPACE',''
  ) );
#4910 = PCURVE('',#4911,#4916);
#4911 = PLANE('',#4912);
#4912 = AXIS2_PLACEMENT_3D('',#4913,#4914,#4915);
#4913 = CARTESIAN_POINT('',(-167.5,268.,288.));
#4914 = DIRECTION('',(0.,0.,1.));
#4915 = DIRECTION('',(1.,0.,-0.));
#4916 = DEFINITIONAL_REPRESENTATION('',(#4917),#4920);
#4917 = B_SPLINE_CURVE_WITH_KNOTS('',1,(#4918,#4919),.UNSPECIFIED.,.F.,
  .F.,(2,2),(-48.43398933809,-34.43398933809),.PIECEWISE_BEZIER_KNOTS.);
#4918 = CARTESIAN_POINT('',(5.5,14.));
#4919 = CARTESIAN_POINT('',(5.5,0.));
#4920 = ( GEOMETRIC_REPRESENTATION_CONTEXT(2) 
PARAMETRIC_REPRESENTATION_CONTEXT() REPRESENTATION_CONTEXT('2D SPACE',''
  ) );
#4921 = ORIENTED_EDGE('',*,*,#4922,.F.);
#4922 = EDGE_CURVE('',#4923,#4897,#4925,.T.);
#4923 = VERTEX_POINT('',#4924);
#4924 = CARTESIAN_POINT('',(-162.,275.8,287.));
#4925 = SURFACE_CURVE('',#4926,(#4930,#4936),.PCURVE_S1.);
#4926 = LINE('',#4927,#4928);
#4927 = CARTESIAN_POINT('',(-162.,275.8,287.));
#4928 = VECTOR('',#4929,1.);
#4929 = DIRECTION('',(0.,0.,1.));
#4930 = PCURVE('',#442,#4931);
#4931 = DEFINITIONAL_REPRESENTATION('',(#4932),#4935);
#4932 = B_SPLINE_CURVE_WITH_KNOTS('',1,(#4933,#4934),.UNSPECIFIED.,.F.,
  .F.,(2,2),(-6.000000212225E-07,14.0000006),.PIECEWISE_BEZIER_KNOTS.);
#4933 = CARTESIAN_POINT('',(76.667978676182,119.18574274186));
#4934 = CARTESIAN_POINT('',(76.667978676182,133.18574394186));
#4935 = ( GEOMETRIC_REPRESENTATION_CONTEXT(2) 
PARAMETRIC_REPRESENTATION_CONTEXT() REPRESENTATION_CONTEXT('2D SPACE',''
  ) );
#4936 = PCURVE('',#2012,#4937);
#4937 = DEFINITIONAL_REPRESENTATION('',(#4938),#4941);
#4938 = B_SPLINE_CURVE_WITH_KNOTS('',1,(#4939,#4940),.UNSPECIFIED.,.F.,
  .F.,(2,2),(-6.000000212225E-07,14.0000006),.PIECEWISE_BEZIER_KNOTS.);
#4939 = CARTESIAN_POINT('',(2.651635327336,-6.000000212225E-07));
#4940 = CARTESIAN_POINT('',(2.651635327336,14.0000006));
#4941 = ( GEOMETRIC_REPRESENTATION_CONTEXT(2) 
PARAMETRIC_REPRESENTATION_CONTEXT() REPRESENTATION_CONTEXT('2D SPACE',''
  ) );
#4942 = ORIENTED_EDGE('',*,*,#4943,.T.);
#4943 = EDGE_CURVE('',#4923,#4944,#4946,.T.);
#4944 = VERTEX_POINT('',#4945);
#4945 = CARTESIAN_POINT('',(-162.,274.2,287.));
#4946 = SURFACE_CURVE('',#4947,(#4951,#4957),.PCURVE_S1.);
#4947 = LINE('',#4948,#4949);
#4948 = CARTESIAN_POINT('',(-162.,237.0660106619,287.));
#4949 = VECTOR('',#4950,1.);
#4950 = DIRECTION('',(0.,-1.,0.));
#4951 = PCURVE('',#442,#4952);
#4952 = DEFINITIONAL_REPRESENTATION('',(#4953),#4956);
#4953 = B_SPLINE_CURVE_WITH_KNOTS('',1,(#4954,#4955),.UNSPECIFIED.,.F.,
  .F.,(2,2),(-39.63398933809,-36.23398933809),.PIECEWISE_BEZIER_KNOTS.);
#4954 = CARTESIAN_POINT('',(77.567978676182,119.18574334186));
#4955 = CARTESIAN_POINT('',(74.167978676182,119.18574334186));
#4956 = ( GEOMETRIC_REPRESENTATION_CONTEXT(2) 
PARAMETRIC_REPRESENTATION_CONTEXT() REPRESENTATION_CONTEXT('2D SPACE',''
  ) );
#4957 = PCURVE('',#4958,#4963);
#4958 = PLANE('',#4959);
#4959 = AXIS2_PLACEMENT_3D('',#4960,#4961,#4962);
#4960 = CARTESIAN_POINT('',(-160.5,275.,287.));
#4961 = DIRECTION('',(0.,0.,1.));
#4962 = DIRECTION('',(1.,0.,-0.));
#4963 = DEFINITIONAL_REPRESENTATION('',(#4964),#4967);
#4964 = B_SPLINE_CURVE_WITH_KNOTS('',1,(#4965,#4966),.UNSPECIFIED.,.F.,
  .F.,(2,2),(-39.63398933809,-36.23398933809),.PIECEWISE_BEZIER_KNOTS.);
#4965 = CARTESIAN_POINT('',(-1.5,1.7));
#4966 = CARTESIAN_POINT('',(-1.5,-1.7));
#4967 = ( GEOMETRIC_REPRESENTATION_CONTEXT(2) 
PARAMETRIC_REPRESENTATION_CONTEXT() REPRESENTATION_CONTEXT('2D SPACE',''
  ) );
#4968 = ORIENTED_EDGE('',*,*,#4969,.T.);
#4969 = EDGE_CURVE('',#4944,#4970,#4972,.T.);
#4970 = VERTEX_POINT('',#4971);
#4971 = CARTESIAN_POINT('',(-162.,274.19999999998,288.));
#4972 = SURFACE_CURVE('',#4973,(#4977,#4983),.PCURVE_S1.);
#4973 = LINE('',#4974,#4975);
#4974 = CARTESIAN_POINT('',(-162.,274.2,287.));
#4975 = VECTOR('',#4976,1.);
#4976 = DIRECTION('',(0.,0.,1.));
#4977 = PCURVE('',#442,#4978);
#4978 = DEFINITIONAL_REPRESENTATION('',(#4979),#4982);
#4979 = B_SPLINE_CURVE_WITH_KNOTS('',1,(#4980,#4981),.UNSPECIFIED.,.F.,
  .F.,(2,2),(-6.000000212225E-07,14.0000006),.PIECEWISE_BEZIER_KNOTS.);
#4980 = CARTESIAN_POINT('',(75.067978676182,119.18574274186));
#4981 = CARTESIAN_POINT('',(75.067978676182,133.18574394186));
#4982 = ( GEOMETRIC_REPRESENTATION_CONTEXT(2) 
PARAMETRIC_REPRESENTATION_CONTEXT() REPRESENTATION_CONTEXT('2D SPACE',''
  ) );
#4983 = PCURVE('',#2012,#4984);
#4984 = DEFINITIONAL_REPRESENTATION('',(#4985),#4988);
#4985 = B_SPLINE_CURVE_WITH_KNOTS('',1,(#4986,#4987),.UNSPECIFIED.,.F.,
  .F.,(2,2),(-6.000000212225E-07,14.0000006),.PIECEWISE_BEZIER_KNOTS.);
#4986 = CARTESIAN_POINT('',(3.631549979844,-6.000000212225E-07));
#4987 = CARTESIAN_POINT('',(3.631549979844,14.0000006));
#4988 = ( GEOMETRIC_REPRESENTATION_CONTEXT(2) 
PARAMETRIC_REPRESENTATION_CONTEXT() REPRESENTATION_CONTEXT('2D SPACE',''
  ) );
#4989 = ORIENTED_EDGE('',*,*,#4990,.T.);
#4990 = EDGE_CURVE('',#4970,#4991,#4993,.T.);
#4991 = VERTEX_POINT('',#4992);
#4992 = CARTESIAN_POINT('',(-162.,268.,288.));
#4993 = SURFACE_CURVE('',#4994,(#4998,#5004),.PCURVE_S1.);
#4994 = LINE('',#4995,#4996);
#4995 = CARTESIAN_POINT('',(-162.,233.5660106619,288.));
#4996 = VECTOR('',#4997,1.);
#4997 = DIRECTION('',(0.,-1.,0.));
#4998 = PCURVE('',#442,#4999);
#4999 = DEFINITIONAL_REPRESENTATION('',(#5000),#5003);
#5000 = B_SPLINE_CURVE_WITH_KNOTS('',1,(#5001,#5002),.UNSPECIFIED.,.F.,
  .F.,(2,2),(-48.43398933809,-34.43398933809),.PIECEWISE_BEZIER_KNOTS.);
#5001 = CARTESIAN_POINT('',(82.867978676182,120.18574334186));
#5002 = CARTESIAN_POINT('',(68.867978676182,120.18574334186));
#5003 = ( GEOMETRIC_REPRESENTATION_CONTEXT(2) 
PARAMETRIC_REPRESENTATION_CONTEXT() REPRESENTATION_CONTEXT('2D SPACE',''
  ) );
#5004 = PCURVE('',#4911,#5005);
#5005 = DEFINITIONAL_REPRESENTATION('',(#5006),#5009);
#5006 = B_SPLINE_CURVE_WITH_KNOTS('',1,(#5007,#5008),.UNSPECIFIED.,.F.,
  .F.,(2,2),(-48.43398933809,-34.43398933809),.PIECEWISE_BEZIER_KNOTS.);
#5007 = CARTESIAN_POINT('',(5.5,14.));
#5008 = CARTESIAN_POINT('',(5.5,0.));
#5009 = ( GEOMETRIC_REPRESENTATION_CONTEXT(2) 
PARAMETRIC_REPRESENTATION_CONTEXT() REPRESENTATION_CONTEXT('2D SPACE',''
  ) );
#5010 = ORIENTED_EDGE('',*,*,#5011,.T.);
#5011 = EDGE_CURVE('',#4991,#427,#5012,.T.);
#5012 = SURFACE_CURVE('',#5013,(#5017,#5023),.PCURVE_S1.);
#5013 = LINE('',#5014,#5015);
#5014 = CARTESIAN_POINT('',(-162.,268.,227.90712832906));
#5015 = VECTOR('',#5016,1.);
#5016 = DIRECTION('',(0.,-0.,1.));
#5017 = PCURVE('',#442,#5018);
#5018 = DEFINITIONAL_REPRESENTATION('',(#5019),#5022);
#5019 = B_SPLINE_CURVE_WITH_KNOTS('',1,(#5020,#5021),.UNSPECIFIED.,.F.,
  .F.,(2,2),(60.092871670933,72.092871670933),.PIECEWISE_BEZIER_KNOTS.);
#5020 = CARTESIAN_POINT('',(68.867978676182,120.18574334186));
#5021 = CARTESIAN_POINT('',(68.867978676182,132.18574334186));
#5022 = ( GEOMETRIC_REPRESENTATION_CONTEXT(2) 
PARAMETRIC_REPRESENTATION_CONTEXT() REPRESENTATION_CONTEXT('2D SPACE',''
  ) );
#5023 = PCURVE('',#469,#5024);
#5024 = DEFINITIONAL_REPRESENTATION('',(#5025),#5028);
#5025 = B_SPLINE_CURVE_WITH_KNOTS('',1,(#5026,#5027),.UNSPECIFIED.,.F.,
  .F.,(2,2),(60.092871670933,72.092871670933),.PIECEWISE_BEZIER_KNOTS.);
#5026 = CARTESIAN_POINT('',(0.,5.5));
#5027 = CARTESIAN_POINT('',(12.,5.5));
#5028 = ( GEOMETRIC_REPRESENTATION_CONTEXT(2) 
PARAMETRIC_REPRESENTATION_CONTEXT() REPRESENTATION_CONTEXT('2D SPACE',''
  ) );
#5029 = ORIENTED_EDGE('',*,*,#426,.F.);
#5030 = ORIENTED_EDGE('',*,*,#4670,.F.);
#5031 = ORIENTED_EDGE('',*,*,#5032,.T.);
#5032 = EDGE_CURVE('',#4648,#5033,#5035,.T.);
#5033 = VERTEX_POINT('',#5034);
#5034 = CARTESIAN_POINT('',(-162.,212.711312334,288.));
#5035 = SURFACE_CURVE('',#5036,(#5040,#5046),.PCURVE_S1.);
#5036 = LINE('',#5037,#5038);
#5037 = CARTESIAN_POINT('',(-162.,201.57166682891,288.));
#5038 = VECTOR('',#5039,1.);
#5039 = DIRECTION('',(0.,-1.,0.));
#5040 = PCURVE('',#442,#5041);
#5041 = DEFINITIONAL_REPRESENTATION('',(#5042),#5045);
#5042 = B_SPLINE_CURVE_WITH_KNOTS('',1,(#5043,#5044),.UNSPECIFIED.,.F.,
  .F.,(2,2),(-16.43964550509,-2.439645505093),.PIECEWISE_BEZIER_KNOTS.);
#5043 = CARTESIAN_POINT('',(18.879291010186,120.18574334186));
#5044 = CARTESIAN_POINT('',(4.879291010186,120.18574334186));
#5045 = ( GEOMETRIC_REPRESENTATION_CONTEXT(2) 
PARAMETRIC_REPRESENTATION_CONTEXT() REPRESENTATION_CONTEXT('2D SPACE',''
  ) );
#5046 = PCURVE('',#4462,#5047);
#5047 = DEFINITIONAL_REPRESENTATION('',(#5048),#5051);
#5048 = B_SPLINE_CURVE_WITH_KNOTS('',1,(#5049,#5050),.UNSPECIFIED.,.F.,
  .F.,(2,2),(-16.43964550509,-2.439645505093),.PIECEWISE_BEZIER_KNOTS.);
#5049 = CARTESIAN_POINT('',(7.,14.));
#5050 = CARTESIAN_POINT('',(7.,0.));
#5051 = ( GEOMETRIC_REPRESENTATION_CONTEXT(2) 
PARAMETRIC_REPRESENTATION_CONTEXT() REPRESENTATION_CONTEXT('2D SPACE',''
  ) );
#5052 = ORIENTED_EDGE('',*,*,#5053,.F.);
#5053 = EDGE_CURVE('',#5054,#5033,#5056,.T.);
#5054 = VERTEX_POINT('',#5055);
#5055 = CARTESIAN_POINT('',(-162.,212.711312334,287.));
#5056 = SURFACE_CURVE('',#5057,(#5061,#5067),.PCURVE_S1.);
#5057 = LINE('',#5058,#5059);
#5058 = CARTESIAN_POINT('',(-162.,212.711312334,287.));
#5059 = VECTOR('',#5060,1.);
#5060 = DIRECTION('',(0.,0.,1.));
#5061 = PCURVE('',#442,#5062);
#5062 = DEFINITIONAL_REPRESENTATION('',(#5063),#5066);
#5063 = B_SPLINE_CURVE_WITH_KNOTS('',1,(#5064,#5065),.UNSPECIFIED.,.F.,
  .F.,(2,2),(-6.000000212225E-07,14.0000006),.PIECEWISE_BEZIER_KNOTS.);
#5064 = CARTESIAN_POINT('',(13.579291010186,119.18574274186));
#5065 = CARTESIAN_POINT('',(13.579291010186,133.18574394186));
#5066 = ( GEOMETRIC_REPRESENTATION_CONTEXT(2) 
PARAMETRIC_REPRESENTATION_CONTEXT() REPRESENTATION_CONTEXT('2D SPACE',''
  ) );
#5067 = PCURVE('',#1812,#5068);
#5068 = DEFINITIONAL_REPRESENTATION('',(#5069),#5072);
#5069 = B_SPLINE_CURVE_WITH_KNOTS('',1,(#5070,#5071),.UNSPECIFIED.,.F.,
  .F.,(2,2),(-6.000000212225E-07,14.0000006),.PIECEWISE_BEZIER_KNOTS.);
#5070 = CARTESIAN_POINT('',(1.570796326795,-6.000000212225E-07));
#5071 = CARTESIAN_POINT('',(1.570796326795,14.0000006));
#5072 = ( GEOMETRIC_REPRESENTATION_CONTEXT(2) 
PARAMETRIC_REPRESENTATION_CONTEXT() REPRESENTATION_CONTEXT('2D SPACE',''
  ) );
#5073 = ORIENTED_EDGE('',*,*,#5074,.T.);
#5074 = EDGE_CURVE('',#5054,#5075,#5077,.T.);
#5075 = VERTEX_POINT('',#5076);
#5076 = CARTESIAN_POINT('',(-162.,209.311312334,287.));
#5077 = SURFACE_CURVE('',#5078,(#5082,#5088),.PCURVE_S1.);
#5078 = LINE('',#5079,#5080);
#5079 = CARTESIAN_POINT('',(-162.,205.07166682891,287.));
#5080 = VECTOR('',#5081,1.);
#5081 = DIRECTION('',(0.,-1.,0.));
#5082 = PCURVE('',#442,#5083);
#5083 = DEFINITIONAL_REPRESENTATION('',(#5084),#5087);
#5084 = B_SPLINE_CURVE_WITH_KNOTS('',1,(#5085,#5086),.UNSPECIFIED.,.F.,
  .F.,(2,2),(-7.639645505093,-4.239645505093),.PIECEWISE_BEZIER_KNOTS.);
#5085 = CARTESIAN_POINT('',(13.579291010186,119.18574334186));
#5086 = CARTESIAN_POINT('',(10.179291010186,119.18574334186));
#5087 = ( GEOMETRIC_REPRESENTATION_CONTEXT(2) 
PARAMETRIC_REPRESENTATION_CONTEXT() REPRESENTATION_CONTEXT('2D SPACE',''
  ) );
#5088 = PCURVE('',#5089,#5094);
#5089 = PLANE('',#5090);
#5090 = AXIS2_PLACEMENT_3D('',#5091,#5092,#5093);
#5091 = CARTESIAN_POINT('',(-162.,211.011312334,287.));
#5092 = DIRECTION('',(0.,0.,1.));
#5093 = DIRECTION('',(1.,0.,-0.));
#5094 = DEFINITIONAL_REPRESENTATION('',(#5095),#5098);
#5095 = B_SPLINE_CURVE_WITH_KNOTS('',1,(#5096,#5097),.UNSPECIFIED.,.F.,
  .F.,(2,2),(-7.639645505093,-4.239645505093),.PIECEWISE_BEZIER_KNOTS.);
#5096 = CARTESIAN_POINT('',(0.,1.7));
#5097 = CARTESIAN_POINT('',(0.,-1.7));
#5098 = ( GEOMETRIC_REPRESENTATION_CONTEXT(2) 
PARAMETRIC_REPRESENTATION_CONTEXT() REPRESENTATION_CONTEXT('2D SPACE',''
  ) );
#5099 = ORIENTED_EDGE('',*,*,#5100,.T.);
#5100 = EDGE_CURVE('',#5075,#5101,#5103,.T.);
#5101 = VERTEX_POINT('',#5102);
#5102 = CARTESIAN_POINT('',(-162.,209.311312334,288.));
#5103 = SURFACE_CURVE('',#5104,(#5108,#5114),.PCURVE_S1.);
#5104 = LINE('',#5105,#5106);
#5105 = CARTESIAN_POINT('',(-162.,209.311312334,287.));
#5106 = VECTOR('',#5107,1.);
#5107 = DIRECTION('',(0.,0.,1.));
#5108 = PCURVE('',#442,#5109);
#5109 = DEFINITIONAL_REPRESENTATION('',(#5110),#5113);
#5110 = B_SPLINE_CURVE_WITH_KNOTS('',1,(#5111,#5112),.UNSPECIFIED.,.F.,
  .F.,(2,2),(-6.000000212225E-07,14.0000006),.PIECEWISE_BEZIER_KNOTS.);
#5111 = CARTESIAN_POINT('',(10.179291010186,119.18574274186));
#5112 = CARTESIAN_POINT('',(10.179291010186,133.18574394186));
#5113 = ( GEOMETRIC_REPRESENTATION_CONTEXT(2) 
PARAMETRIC_REPRESENTATION_CONTEXT() REPRESENTATION_CONTEXT('2D SPACE',''
  ) );
#5114 = PCURVE('',#1812,#5115);
#5115 = DEFINITIONAL_REPRESENTATION('',(#5116),#5119);
#5116 = B_SPLINE_CURVE_WITH_KNOTS('',1,(#5117,#5118),.UNSPECIFIED.,.F.,
  .F.,(2,2),(-6.000000212225E-07,14.0000006),.PIECEWISE_BEZIER_KNOTS.);
#5117 = CARTESIAN_POINT('',(4.712388980385,-6.000000212225E-07));
#5118 = CARTESIAN_POINT('',(4.712388980385,14.0000006));
#5119 = ( GEOMETRIC_REPRESENTATION_CONTEXT(2) 
PARAMETRIC_REPRESENTATION_CONTEXT() REPRESENTATION_CONTEXT('2D SPACE',''
  ) );
#5120 = ORIENTED_EDGE('',*,*,#5121,.T.);
#5121 = EDGE_CURVE('',#5101,#5122,#5124,.T.);
#5122 = VERTEX_POINT('',#5123);
#5123 = CARTESIAN_POINT('',(-162.,204.011312334,288.));
#5124 = SURFACE_CURVE('',#5125,(#5129,#5135),.PCURVE_S1.);
#5125 = LINE('',#5126,#5127);
#5126 = CARTESIAN_POINT('',(-162.,201.57166682891,288.));
#5127 = VECTOR('',#5128,1.);
#5128 = DIRECTION('',(0.,-1.,0.));
#5129 = PCURVE('',#442,#5130);
#5130 = DEFINITIONAL_REPRESENTATION('',(#5131),#5134);
#5131 = B_SPLINE_CURVE_WITH_KNOTS('',1,(#5132,#5133),.UNSPECIFIED.,.F.,
  .F.,(2,2),(-16.43964550509,-2.439645505093),.PIECEWISE_BEZIER_KNOTS.);
#5132 = CARTESIAN_POINT('',(18.879291010186,120.18574334186));
#5133 = CARTESIAN_POINT('',(4.879291010186,120.18574334186));
#5134 = ( GEOMETRIC_REPRESENTATION_CONTEXT(2) 
PARAMETRIC_REPRESENTATION_CONTEXT() REPRESENTATION_CONTEXT('2D SPACE',''
  ) );
#5135 = PCURVE('',#4462,#5136);
#5136 = DEFINITIONAL_REPRESENTATION('',(#5137),#5140);
#5137 = B_SPLINE_CURVE_WITH_KNOTS('',1,(#5138,#5139),.UNSPECIFIED.,.F.,
  .F.,(2,2),(-16.43964550509,-2.439645505093),.PIECEWISE_BEZIER_KNOTS.);
#5138 = CARTESIAN_POINT('',(7.,14.));
#5139 = CARTESIAN_POINT('',(7.,0.));
#5140 = ( GEOMETRIC_REPRESENTATION_CONTEXT(2) 
PARAMETRIC_REPRESENTATION_CONTEXT() REPRESENTATION_CONTEXT('2D SPACE',''
  ) );
#5141 = ORIENTED_EDGE('',*,*,#5142,.T.);
#5142 = EDGE_CURVE('',#5122,#1660,#5143,.T.);
#5143 = SURFACE_CURVE('',#5144,(#5148,#5154),.PCURVE_S1.);
#5144 = LINE('',#5145,#5146);
#5145 = CARTESIAN_POINT('',(-162.,204.011312334,227.90712832906));
#5146 = VECTOR('',#5147,1.);
#5147 = DIRECTION('',(0.,-0.,1.));
#5148 = PCURVE('',#442,#5149);
#5149 = DEFINITIONAL_REPRESENTATION('',(#5150),#5153);
#5150 = B_SPLINE_CURVE_WITH_KNOTS('',1,(#5151,#5152),.UNSPECIFIED.,.F.,
  .F.,(2,2),(60.092871670933,72.092871670933),.PIECEWISE_BEZIER_KNOTS.);
#5151 = CARTESIAN_POINT('',(4.879291010186,120.18574334186));
#5152 = CARTESIAN_POINT('',(4.879291010186,132.18574334186));
#5153 = ( GEOMETRIC_REPRESENTATION_CONTEXT(2) 
PARAMETRIC_REPRESENTATION_CONTEXT() REPRESENTATION_CONTEXT('2D SPACE',''
  ) );
#5154 = PCURVE('',#1697,#5155);
#5155 = DEFINITIONAL_REPRESENTATION('',(#5156),#5159);
#5156 = B_SPLINE_CURVE_WITH_KNOTS('',1,(#5157,#5158),.UNSPECIFIED.,.F.,
  .F.,(2,2),(60.092871670933,72.092871670933),.PIECEWISE_BEZIER_KNOTS.);
#5157 = CARTESIAN_POINT('',(0.,7.));
#5158 = CARTESIAN_POINT('',(12.,7.));
#5159 = ( GEOMETRIC_REPRESENTATION_CONTEXT(2) 
PARAMETRIC_REPRESENTATION_CONTEXT() REPRESENTATION_CONTEXT('2D SPACE',''
  ) );
#5160 = ORIENTED_EDGE('',*,*,#1657,.F.);
#5161 = ORIENTED_EDGE('',*,*,#5162,.T.);
#5162 = EDGE_CURVE('',#1658,#5163,#5165,.T.);
#5163 = VERTEX_POINT('',#5164);
#5164 = CARTESIAN_POINT('',(-162.,166.89030653782,137.));
#5165 = SURFACE_CURVE('',#5166,(#5170,#5176),.PCURVE_S1.);
#5166 = LINE('',#5167,#5168);
#5167 = CARTESIAN_POINT('',(-162.,207.71094047798,329.04598352288));
#5168 = VECTOR('',#5169,1.);
#5169 = DIRECTION('',(0.,-0.207911690818,-0.978147600734));
#5170 = PCURVE('',#442,#5171);
#5171 = DEFINITIONAL_REPRESENTATION('',(#5172),#5175);
#5172 = B_SPLINE_CURVE_WITH_KNOTS('',1,(#5173,#5174),.UNSPECIFIED.,.F.,
  .F.,(2,2),(-6.000002463201E-07,220.9958498358),
  .PIECEWISE_BEZIER_KNOTS.);
#5173 = CARTESIAN_POINT('',(8.578919278913,161.23172745164));
#5174 = CARTESIAN_POINT('',(-37.3687016489,-54.93483342426));
#5175 = ( GEOMETRIC_REPRESENTATION_CONTEXT(2) 
PARAMETRIC_REPRESENTATION_CONTEXT() REPRESENTATION_CONTEXT('2D SPACE',''
  ) );
#5176 = PCURVE('',#1778,#5177);
#5177 = DEFINITIONAL_REPRESENTATION('',(#5178),#5181);
#5178 = B_SPLINE_CURVE_WITH_KNOTS('',1,(#5179,#5180),.UNSPECIFIED.,.F.,
  .F.,(2,2),(-6.000002463201E-07,220.9958498358),
  .PIECEWISE_BEZIER_KNOTS.);
#5179 = CARTESIAN_POINT('',(-1.110242335114,-6.000002545357E-07));
#5180 = CARTESIAN_POINT('',(-1.110242335114,220.9958498358));
#5181 = ( GEOMETRIC_REPRESENTATION_CONTEXT(2) 
PARAMETRIC_REPRESENTATION_CONTEXT() REPRESENTATION_CONTEXT('2D SPACE',''
  ) );
#5182 = ORIENTED_EDGE('',*,*,#5183,.F.);
#5183 = EDGE_CURVE('',#5184,#5163,#5186,.T.);
#5184 = VERTEX_POINT('',#5185);
#5185 = CARTESIAN_POINT('',(-162.,180.81391404175,137.));
#5186 = SURFACE_CURVE('',#5187,(#5191,#5197),.PCURVE_S1.);
#5187 = LINE('',#5188,#5189);
#5188 = CARTESIAN_POINT('',(-162.,182.97296768278,137.));
#5189 = VECTOR('',#5190,1.);
#5190 = DIRECTION('',(0.,-1.,0.));
#5191 = PCURVE('',#442,#5192);
#5192 = DEFINITIONAL_REPRESENTATION('',(#5193),#5196);
#5193 = B_SPLINE_CURVE_WITH_KNOTS('',1,(#5194,#5195),.UNSPECIFIED.,.F.,
  .F.,(2,2),(2.159053641034,16.159053641034),.PIECEWISE_BEZIER_KNOTS.);
#5194 = CARTESIAN_POINT('',(-18.31810728206,-30.81425665813));
#5195 = CARTESIAN_POINT('',(-32.31810728206,-30.81425665813));
#5196 = ( GEOMETRIC_REPRESENTATION_CONTEXT(2) 
PARAMETRIC_REPRESENTATION_CONTEXT() REPRESENTATION_CONTEXT('2D SPACE',''
  ) );
#5197 = PCURVE('',#4413,#5198);
#5198 = DEFINITIONAL_REPRESENTATION('',(#5199),#5202);
#5199 = B_SPLINE_CURVE_WITH_KNOTS('',1,(#5200,#5201),.UNSPECIFIED.,.F.,
  .F.,(2,2),(2.159053641034,16.159053641034),.PIECEWISE_BEZIER_KNOTS.);
#5200 = CARTESIAN_POINT('',(7.,14.));
#5201 = CARTESIAN_POINT('',(7.,0.));
#5202 = ( GEOMETRIC_REPRESENTATION_CONTEXT(2) 
PARAMETRIC_REPRESENTATION_CONTEXT() REPRESENTATION_CONTEXT('2D SPACE',''
  ) );
#5203 = ORIENTED_EDGE('',*,*,#5204,.F.);
#5204 = EDGE_CURVE('',#5205,#5184,#5207,.T.);
#5205 = VERTEX_POINT('',#5206);
#5206 = CARTESIAN_POINT('',(-162.,180.81391404175,125.));
#5207 = SURFACE_CURVE('',#5208,(#5212,#5218),.PCURVE_S1.);
#5208 = LINE('',#5209,#5210);
#5209 = CARTESIAN_POINT('',(-162.,180.81391404175,146.40712832906));
#5210 = VECTOR('',#5211,1.);
#5211 = DIRECTION('',(0.,-0.,1.));
#5212 = PCURVE('',#442,#5213);
#5213 = DEFINITIONAL_REPRESENTATION('',(#5214),#5217);
#5214 = B_SPLINE_CURVE_WITH_KNOTS('',1,(#5215,#5216),.UNSPECIFIED.,.F.,
  .F.,(2,2),(-21.40712832906,-9.407128329067),.PIECEWISE_BEZIER_KNOTS.);
#5215 = CARTESIAN_POINT('',(-18.31810728206,-42.81425665813));
#5216 = CARTESIAN_POINT('',(-18.31810728206,-30.81425665813));
#5217 = ( GEOMETRIC_REPRESENTATION_CONTEXT(2) 
PARAMETRIC_REPRESENTATION_CONTEXT() REPRESENTATION_CONTEXT('2D SPACE',''
  ) );
#5218 = PCURVE('',#5219,#5224);
#5219 = PLANE('',#5220);
#5220 = AXIS2_PLACEMENT_3D('',#5221,#5222,#5223);
#5221 = CARTESIAN_POINT('',(-169.,180.81391404175,125.));
#5222 = DIRECTION('',(-0.,1.,0.));
#5223 = DIRECTION('',(0.,0.,1.));
#5224 = DEFINITIONAL_REPRESENTATION('',(#5225),#5228);
#5225 = B_SPLINE_CURVE_WITH_KNOTS('',1,(#5226,#5227),.UNSPECIFIED.,.F.,
  .F.,(2,2),(-21.40712832906,-9.407128329067),.PIECEWISE_BEZIER_KNOTS.);
#5226 = CARTESIAN_POINT('',(0.,7.));
#5227 = CARTESIAN_POINT('',(12.,7.));
#5228 = ( GEOMETRIC_REPRESENTATION_CONTEXT(2) 
PARAMETRIC_REPRESENTATION_CONTEXT() REPRESENTATION_CONTEXT('2D SPACE',''
  ) );
#5229 = ORIENTED_EDGE('',*,*,#5230,.T.);
#5230 = EDGE_CURVE('',#5205,#5231,#5233,.T.);
#5231 = VERTEX_POINT('',#5232);
#5232 = CARTESIAN_POINT('',(-162.,243.,125.));
#5233 = SURFACE_CURVE('',#5234,(#5238,#5244),.PCURVE_S1.);
#5234 = LINE('',#5235,#5236);
#5235 = CARTESIAN_POINT('',(-162.,74.566010661909,125.));
#5236 = VECTOR('',#5237,1.);
#5237 = DIRECTION('',(0.,1.,0.));
#5238 = PCURVE('',#442,#5239);
#5239 = DEFINITIONAL_REPRESENTATION('',(#5240),#5243);
#5240 = B_SPLINE_CURVE_WITH_KNOTS('',1,(#5241,#5242),.UNSPECIFIED.,.F.,
  .F.,(2,2),(-69.1766924527,261.50308108701),.PIECEWISE_BEZIER_KNOTS.);
#5241 = CARTESIAN_POINT('',(-193.7427031146,-42.81425665813));
#5242 = CARTESIAN_POINT('',(136.9370704251,-42.81425665813));
#5243 = ( GEOMETRIC_REPRESENTATION_CONTEXT(2) 
PARAMETRIC_REPRESENTATION_CONTEXT() REPRESENTATION_CONTEXT('2D SPACE',''
  ) );
#5244 = PCURVE('',#2159,#5245);
#5245 = DEFINITIONAL_REPRESENTATION('',(#5246),#5250);
#5246 = LINE('',#5247,#5248);
#5247 = CARTESIAN_POINT('',(58.,124.5660106619));
#5248 = VECTOR('',#5249,1.);
#5249 = DIRECTION('',(0.,1.));
#5250 = ( GEOMETRIC_REPRESENTATION_CONTEXT(2) 
PARAMETRIC_REPRESENTATION_CONTEXT() REPRESENTATION_CONTEXT('2D SPACE',''
  ) );
#5251 = ORIENTED_EDGE('',*,*,#5252,.T.);
#5252 = EDGE_CURVE('',#5231,#5253,#5255,.T.);
#5253 = VERTEX_POINT('',#5254);
#5254 = CARTESIAN_POINT('',(-162.,243.,137.));
#5255 = SURFACE_CURVE('',#5256,(#5260,#5266),.PCURVE_S1.);
#5256 = LINE('',#5257,#5258);
#5257 = CARTESIAN_POINT('',(-162.,243.,146.40712832906));
#5258 = VECTOR('',#5259,1.);
#5259 = DIRECTION('',(0.,-0.,1.));
#5260 = PCURVE('',#442,#5261);
#5261 = DEFINITIONAL_REPRESENTATION('',(#5262),#5265);
#5262 = B_SPLINE_CURVE_WITH_KNOTS('',1,(#5263,#5264),.UNSPECIFIED.,.F.,
  .F.,(2,2),(-21.40712832906,-9.407128329067),.PIECEWISE_BEZIER_KNOTS.);
#5263 = CARTESIAN_POINT('',(43.867978676182,-42.81425665813));
#5264 = CARTESIAN_POINT('',(43.867978676182,-30.81425665813));
#5265 = ( GEOMETRIC_REPRESENTATION_CONTEXT(2) 
PARAMETRIC_REPRESENTATION_CONTEXT() REPRESENTATION_CONTEXT('2D SPACE',''
  ) );
#5266 = PCURVE('',#5267,#5272);
#5267 = PLANE('',#5268);
#5268 = AXIS2_PLACEMENT_3D('',#5269,#5270,#5271);
#5269 = CARTESIAN_POINT('',(-167.5,243.,125.));
#5270 = DIRECTION('',(-0.,1.,0.));
#5271 = DIRECTION('',(0.,0.,1.));
#5272 = DEFINITIONAL_REPRESENTATION('',(#5273),#5276);
#5273 = B_SPLINE_CURVE_WITH_KNOTS('',1,(#5274,#5275),.UNSPECIFIED.,.F.,
  .F.,(2,2),(-21.40712832906,-9.407128329067),.PIECEWISE_BEZIER_KNOTS.);
#5274 = CARTESIAN_POINT('',(0.,5.5));
#5275 = CARTESIAN_POINT('',(12.,5.5));
#5276 = ( GEOMETRIC_REPRESENTATION_CONTEXT(2) 
PARAMETRIC_REPRESENTATION_CONTEXT() REPRESENTATION_CONTEXT('2D SPACE',''
  ) );
#5277 = ORIENTED_EDGE('',*,*,#5278,.F.);
#5278 = EDGE_CURVE('',#4749,#5253,#5279,.T.);
#5279 = SURFACE_CURVE('',#5280,(#5284,#5290),.PCURVE_S1.);
#5280 = LINE('',#5281,#5282);
#5281 = CARTESIAN_POINT('',(-162.,221.0660106619,137.));
#5282 = VECTOR('',#5283,1.);
#5283 = DIRECTION('',(0.,-1.,0.));
#5284 = PCURVE('',#442,#5285);
#5285 = DEFINITIONAL_REPRESENTATION('',(#5286),#5289);
#5286 = B_SPLINE_CURVE_WITH_KNOTS('',1,(#5287,#5288),.UNSPECIFIED.,.F.,
  .F.,(2,2),(-35.93398933809,-21.93398933809),.PIECEWISE_BEZIER_KNOTS.);
#5287 = CARTESIAN_POINT('',(57.867978676182,-30.81425665813));
#5288 = CARTESIAN_POINT('',(43.867978676182,-30.81425665813));
#5289 = ( GEOMETRIC_REPRESENTATION_CONTEXT(2) 
PARAMETRIC_REPRESENTATION_CONTEXT() REPRESENTATION_CONTEXT('2D SPACE',''
  ) );
#5290 = PCURVE('',#5291,#5296);
#5291 = PLANE('',#5292);
#5292 = AXIS2_PLACEMENT_3D('',#5293,#5294,#5295);
#5293 = CARTESIAN_POINT('',(-167.5,243.,137.));
#5294 = DIRECTION('',(0.,0.,1.));
#5295 = DIRECTION('',(1.,0.,-0.));
#5296 = DEFINITIONAL_REPRESENTATION('',(#5297),#5300);
#5297 = B_SPLINE_CURVE_WITH_KNOTS('',1,(#5298,#5299),.UNSPECIFIED.,.F.,
  .F.,(2,2),(-35.93398933809,-21.93398933809),.PIECEWISE_BEZIER_KNOTS.);
#5298 = CARTESIAN_POINT('',(5.5,14.));
#5299 = CARTESIAN_POINT('',(5.5,0.));
#5300 = ( GEOMETRIC_REPRESENTATION_CONTEXT(2) 
PARAMETRIC_REPRESENTATION_CONTEXT() REPRESENTATION_CONTEXT('2D SPACE',''
  ) );
#5301 = ADVANCED_FACE('',(#5302),#1242,.T.);
#5302 = FACE_BOUND('',#5303,.F.);
#5303 = EDGE_LOOP('',(#5304,#5305,#5306,#5307));
#5304 = ORIENTED_EDGE('',*,*,#2694,.F.);
#5305 = ORIENTED_EDGE('',*,*,#1225,.T.);
#5306 = ORIENTED_EDGE('',*,*,#4696,.T.);
#5307 = ORIENTED_EDGE('',*,*,#5308,.F.);
#5308 = EDGE_CURVE('',#2673,#4697,#5309,.T.);
#5309 = SURFACE_CURVE('',#5310,(#5315,#5325),.PCURVE_S1.);
#5310 = ELLIPSE('',#5311,12.26808713838,12.);
#5311 = AXIS2_PLACEMENT_3D('',#5312,#5313,#5314);
#5312 = CARTESIAN_POINT('',(158.,172.58200118013,125.));
#5313 = DIRECTION('',(0.,0.,1.));
#5314 = DIRECTION('',(0.,-1.,0.));
#5315 = PCURVE('',#1242,#5316);
#5316 = DEFINITIONAL_REPRESENTATION('',(#5317),#5324);
#5317 = B_SPLINE_CURVE_WITH_KNOTS('',5,(#5318,#5319,#5320,#5321,#5322,
    #5323),.UNSPECIFIED.,.F.,.F.,(6,6),(0.,0.416321525172),
  .PIECEWISE_BEZIER_KNOTS.);
#5318 = CARTESIAN_POINT('',(0.,209.44148512837));
#5319 = CARTESIAN_POINT('',(-8.326430503432E-02,209.44148512837));
#5320 = CARTESIAN_POINT('',(-0.166528610069,209.4193808818));
#5321 = CARTESIAN_POINT('',(-0.249792915103,209.3751697821));
#5322 = CARTESIAN_POINT('',(-0.333057220137,209.3094994702));
#5323 = CARTESIAN_POINT('',(-0.416321525172,209.22361302681));
#5324 = ( GEOMETRIC_REPRESENTATION_CONTEXT(2) 
PARAMETRIC_REPRESENTATION_CONTEXT() REPRESENTATION_CONTEXT('2D SPACE',''
  ) );
#5325 = PCURVE('',#2159,#5326);
#5326 = DEFINITIONAL_REPRESENTATION('',(#5327),#5331);
#5327 = ELLIPSE('',#5328,12.26808713838,12.);
#5328 = AXIS2_PLACEMENT_2D('',#5329,#5330);
#5329 = CARTESIAN_POINT('',(378.,222.58200118013));
#5330 = DIRECTION('',(0.,-1.));
#5331 = ( GEOMETRIC_REPRESENTATION_CONTEXT(2) 
PARAMETRIC_REPRESENTATION_CONTEXT() REPRESENTATION_CONTEXT('2D SPACE',''
  ) );
#5332 = ADVANCED_FACE('',(#5333),#469,.F.);
#5333 = FACE_BOUND('',#5334,.F.);
#5334 = EDGE_LOOP('',(#5335,#5358,#5359,#5360));
#5335 = ORIENTED_EDGE('',*,*,#5336,.F.);
#5336 = EDGE_CURVE('',#4991,#5337,#5339,.T.);
#5337 = VERTEX_POINT('',#5338);
#5338 = CARTESIAN_POINT('',(-153.5,268.,288.));
#5339 = SURFACE_CURVE('',#5340,(#5344,#5351),.PCURVE_S1.);
#5340 = LINE('',#5341,#5342);
#5341 = CARTESIAN_POINT('',(-167.5,268.,288.));
#5342 = VECTOR('',#5343,1.);
#5343 = DIRECTION('',(1.,0.,-0.));
#5344 = PCURVE('',#469,#5345);
#5345 = DEFINITIONAL_REPRESENTATION('',(#5346),#5350);
#5346 = LINE('',#5347,#5348);
#5347 = CARTESIAN_POINT('',(0.,0.));
#5348 = VECTOR('',#5349,1.);
#5349 = DIRECTION('',(0.,1.));
#5350 = ( GEOMETRIC_REPRESENTATION_CONTEXT(2) 
PARAMETRIC_REPRESENTATION_CONTEXT() REPRESENTATION_CONTEXT('2D SPACE',''
  ) );
#5351 = PCURVE('',#4911,#5352);
#5352 = DEFINITIONAL_REPRESENTATION('',(#5353),#5357);
#5353 = LINE('',#5354,#5355);
#5354 = CARTESIAN_POINT('',(0.,0.));
#5355 = VECTOR('',#5356,1.);
#5356 = DIRECTION('',(1.,0.));
#5357 = ( GEOMETRIC_REPRESENTATION_CONTEXT(2) 
PARAMETRIC_REPRESENTATION_CONTEXT() REPRESENTATION_CONTEXT('2D SPACE',''
  ) );
#5358 = ORIENTED_EDGE('',*,*,#5011,.T.);
#5359 = ORIENTED_EDGE('',*,*,#453,.T.);
#5360 = ORIENTED_EDGE('',*,*,#5361,.F.);
#5361 = EDGE_CURVE('',#5337,#454,#5362,.T.);
#5362 = SURFACE_CURVE('',#5363,(#5367,#5374),.PCURVE_S1.);
#5363 = LINE('',#5364,#5365);
#5364 = CARTESIAN_POINT('',(-153.5,268.,288.));
#5365 = VECTOR('',#5366,1.);
#5366 = DIRECTION('',(0.,0.,1.));
#5367 = PCURVE('',#469,#5368);
#5368 = DEFINITIONAL_REPRESENTATION('',(#5369),#5373);
#5369 = LINE('',#5370,#5371);
#5370 = CARTESIAN_POINT('',(0.,14.));
#5371 = VECTOR('',#5372,1.);
#5372 = DIRECTION('',(1.,0.));
#5373 = ( GEOMETRIC_REPRESENTATION_CONTEXT(2) 
PARAMETRIC_REPRESENTATION_CONTEXT() REPRESENTATION_CONTEXT('2D SPACE',''
  ) );
#5374 = PCURVE('',#497,#5375);
#5375 = DEFINITIONAL_REPRESENTATION('',(#5376),#5380);
#5376 = LINE('',#5377,#5378);
#5377 = CARTESIAN_POINT('',(0.,0.));
#5378 = VECTOR('',#5379,1.);
#5379 = DIRECTION('',(1.,0.));
#5380 = ( GEOMETRIC_REPRESENTATION_CONTEXT(2) 
PARAMETRIC_REPRESENTATION_CONTEXT() REPRESENTATION_CONTEXT('2D SPACE',''
  ) );
#5381 = ADVANCED_FACE('',(#5382),#497,.T.);
#5382 = FACE_BOUND('',#5383,.T.);
#5383 = EDGE_LOOP('',(#5384,#5385,#5408,#5429));
#5384 = ORIENTED_EDGE('',*,*,#5361,.F.);
#5385 = ORIENTED_EDGE('',*,*,#5386,.T.);
#5386 = EDGE_CURVE('',#5337,#5387,#5389,.T.);
#5387 = VERTEX_POINT('',#5388);
#5388 = CARTESIAN_POINT('',(-153.5,282.,288.));
#5389 = SURFACE_CURVE('',#5390,(#5394,#5401),.PCURVE_S1.);
#5390 = LINE('',#5391,#5392);
#5391 = CARTESIAN_POINT('',(-153.5,268.,288.));
#5392 = VECTOR('',#5393,1.);
#5393 = DIRECTION('',(-0.,1.,0.));
#5394 = PCURVE('',#497,#5395);
#5395 = DEFINITIONAL_REPRESENTATION('',(#5396),#5400);
#5396 = LINE('',#5397,#5398);
#5397 = CARTESIAN_POINT('',(0.,0.));
#5398 = VECTOR('',#5399,1.);
#5399 = DIRECTION('',(0.,-1.));
#5400 = ( GEOMETRIC_REPRESENTATION_CONTEXT(2) 
PARAMETRIC_REPRESENTATION_CONTEXT() REPRESENTATION_CONTEXT('2D SPACE',''
  ) );
#5401 = PCURVE('',#4911,#5402);
#5402 = DEFINITIONAL_REPRESENTATION('',(#5403),#5407);
#5403 = LINE('',#5404,#5405);
#5404 = CARTESIAN_POINT('',(14.,0.));
#5405 = VECTOR('',#5406,1.);
#5406 = DIRECTION('',(0.,1.));
#5407 = ( GEOMETRIC_REPRESENTATION_CONTEXT(2) 
PARAMETRIC_REPRESENTATION_CONTEXT() REPRESENTATION_CONTEXT('2D SPACE',''
  ) );
#5408 = ORIENTED_EDGE('',*,*,#5409,.T.);
#5409 = EDGE_CURVE('',#5387,#482,#5410,.T.);
#5410 = SURFACE_CURVE('',#5411,(#5415,#5422),.PCURVE_S1.);
#5411 = LINE('',#5412,#5413);
#5412 = CARTESIAN_POINT('',(-153.5,282.,288.));
#5413 = VECTOR('',#5414,1.);
#5414 = DIRECTION('',(0.,0.,1.));
#5415 = PCURVE('',#497,#5416);
#5416 = DEFINITIONAL_REPRESENTATION('',(#5417),#5421);
#5417 = LINE('',#5418,#5419);
#5418 = CARTESIAN_POINT('',(0.,-14.));
#5419 = VECTOR('',#5420,1.);
#5420 = DIRECTION('',(1.,0.));
#5421 = ( GEOMETRIC_REPRESENTATION_CONTEXT(2) 
PARAMETRIC_REPRESENTATION_CONTEXT() REPRESENTATION_CONTEXT('2D SPACE',''
  ) );
#5422 = PCURVE('',#525,#5423);
#5423 = DEFINITIONAL_REPRESENTATION('',(#5424),#5428);
#5424 = LINE('',#5425,#5426);
#5425 = CARTESIAN_POINT('',(0.,14.));
#5426 = VECTOR('',#5427,1.);
#5427 = DIRECTION('',(1.,0.));
#5428 = ( GEOMETRIC_REPRESENTATION_CONTEXT(2) 
PARAMETRIC_REPRESENTATION_CONTEXT() REPRESENTATION_CONTEXT('2D SPACE',''
  ) );
#5429 = ORIENTED_EDGE('',*,*,#481,.F.);
#5430 = ADVANCED_FACE('',(#5431,#5507,#5608),#1192,.F.);
#5431 = FACE_BOUND('',#5432,.F.);
#5432 = EDGE_LOOP('',(#5433,#5434,#5457,#5484,#5505,#5506));
#5433 = ORIENTED_EDGE('',*,*,#2716,.F.);
#5434 = ORIENTED_EDGE('',*,*,#5435,.T.);
#5435 = EDGE_CURVE('',#2717,#5436,#5438,.T.);
#5436 = VERTEX_POINT('',#5437);
#5437 = CARTESIAN_POINT('',(150.,166.2872949808,138.67334478702));
#5438 = SURFACE_CURVE('',#5439,(#5443,#5450),.PCURVE_S1.);
#5439 = LINE('',#5440,#5441);
#5440 = CARTESIAN_POINT('',(150.,163.3528521786,139.29707985948));
#5441 = VECTOR('',#5442,1.);
#5442 = DIRECTION('',(0.,0.978147600734,-0.207911690818));
#5443 = PCURVE('',#1192,#5444);
#5444 = DEFINITIONAL_REPRESENTATION('',(#5445),#5449);
#5445 = LINE('',#5446,#5447);
#5446 = CARTESIAN_POINT('',(14.,-1.000000000001));
#5447 = VECTOR('',#5448,1.);
#5448 = DIRECTION('',(-3.552713678801E-15,-1.));
#5449 = ( GEOMETRIC_REPRESENTATION_CONTEXT(2) 
PARAMETRIC_REPRESENTATION_CONTEXT() REPRESENTATION_CONTEXT('2D SPACE',''
  ) );
#5450 = PCURVE('',#2759,#5451);
#5451 = DEFINITIONAL_REPRESENTATION('',(#5452),#5456);
#5452 = LINE('',#5453,#5454);
#5453 = CARTESIAN_POINT('',(0.,1.000000000001));
#5454 = VECTOR('',#5455,1.);
#5455 = DIRECTION('',(0.,1.));
#5456 = ( GEOMETRIC_REPRESENTATION_CONTEXT(2) 
PARAMETRIC_REPRESENTATION_CONTEXT() REPRESENTATION_CONTEXT('2D SPACE',''
  ) );
#5457 = ORIENTED_EDGE('',*,*,#5458,.F.);
#5458 = EDGE_CURVE('',#5459,#5436,#5461,.T.);
#5459 = VERTEX_POINT('',#5460);
#5460 = CARTESIAN_POINT('',(150.,165.03982483589,132.80445918262));
#5461 = SURFACE_CURVE('',#5462,(#5466,#5473),.PCURVE_S1.);
#5462 = LINE('',#5463,#5464);
#5463 = CARTESIAN_POINT('',(150.,186.12466918095,232.00085274204));
#5464 = VECTOR('',#5465,1.);
#5465 = DIRECTION('',(0.,0.207911690818,0.978147600734));
#5466 = PCURVE('',#1192,#5467);
#5467 = DEFINITIONAL_REPRESENTATION('',(#5468),#5472);
#5468 = LINE('',#5469,#5470);
#5469 = CARTESIAN_POINT('',(109.4125,-4.000000000001));
#5470 = VECTOR('',#5471,1.);
#5471 = DIRECTION('',(1.,-5.551115123126E-17));
#5472 = ( GEOMETRIC_REPRESENTATION_CONTEXT(2) 
PARAMETRIC_REPRESENTATION_CONTEXT() REPRESENTATION_CONTEXT('2D SPACE',''
  ) );
#5473 = PCURVE('',#5474,#5479);
#5474 = PLANE('',#5475);
#5475 = AXIS2_PLACEMENT_3D('',#5476,#5477,#5478);
#5476 = CARTESIAN_POINT('',(0.,208.87280705255,339.02242710732));
#5477 = DIRECTION('',(0.,-0.978147600734,0.207911690818));
#5478 = DIRECTION('',(0.,-0.207911690818,-0.978147600734));
#5479 = DEFINITIONAL_REPRESENTATION('',(#5480),#5483);
#5480 = B_SPLINE_CURVE_WITH_KNOTS('',1,(#5481,#5482),.UNSPECIFIED.,.F.,
  .F.,(2,2),(-101.4125,82.5875),.PIECEWISE_BEZIER_KNOTS.);
#5481 = CARTESIAN_POINT('',(210.825,150.));
#5482 = CARTESIAN_POINT('',(26.825,150.));
#5483 = ( GEOMETRIC_REPRESENTATION_CONTEXT(2) 
PARAMETRIC_REPRESENTATION_CONTEXT() REPRESENTATION_CONTEXT('2D SPACE',''
  ) );
#5484 = ORIENTED_EDGE('',*,*,#5485,.T.);
#5485 = EDGE_CURVE('',#5459,#3779,#5486,.T.);
#5486 = SURFACE_CURVE('',#5487,(#5491,#5498),.PCURVE_S1.);
#5487 = LINE('',#5488,#5489);
#5488 = CARTESIAN_POINT('',(150.,164.55075103553,132.90841502803));
#5489 = VECTOR('',#5490,1.);
#5490 = DIRECTION('',(0.,0.978147600734,-0.207911690818));
#5491 = PCURVE('',#1192,#5492);
#5492 = DEFINITIONAL_REPRESENTATION('',(#5493),#5497);
#5493 = LINE('',#5494,#5495);
#5494 = CARTESIAN_POINT('',(8.,-3.5));
#5495 = VECTOR('',#5496,1.);
#5496 = DIRECTION('',(0.,-1.));
#5497 = ( GEOMETRIC_REPRESENTATION_CONTEXT(2) 
PARAMETRIC_REPRESENTATION_CONTEXT() REPRESENTATION_CONTEXT('2D SPACE',''
  ) );
#5498 = PCURVE('',#3816,#5499);
#5499 = DEFINITIONAL_REPRESENTATION('',(#5500),#5504);
#5500 = LINE('',#5501,#5502);
#5501 = CARTESIAN_POINT('',(0.,0.));
#5502 = VECTOR('',#5503,1.);
#5503 = DIRECTION('',(0.,1.));
#5504 = ( GEOMETRIC_REPRESENTATION_CONTEXT(2) 
PARAMETRIC_REPRESENTATION_CONTEXT() REPRESENTATION_CONTEXT('2D SPACE',''
  ) );
#5505 = ORIENTED_EDGE('',*,*,#3778,.T.);
#5506 = ORIENTED_EDGE('',*,*,#1176,.F.);
#5507 = FACE_BOUND('',#5508,.F.);
#5508 = EDGE_LOOP('',(#5509,#5537,#5563,#5589));
#5509 = ORIENTED_EDGE('',*,*,#5510,.T.);
#5510 = EDGE_CURVE('',#5511,#5513,#5515,.T.);
#5511 = VERTEX_POINT('',#5512);
#5512 = CARTESIAN_POINT('',(150.,178.55310474779,172.33077101022));
#5513 = VERTEX_POINT('',#5514);
#5514 = CARTESIAN_POINT('',(150.,176.69348605185,163.58195290114));
#5515 = SURFACE_CURVE('',#5516,(#5520,#5526),.PCURVE_S1.);
#5516 = LINE('',#5517,#5518);
#5517 = CARTESIAN_POINT('',(150.,172.94528235642,145.94804093917));
#5518 = VECTOR('',#5519,1.);
#5519 = DIRECTION('',(0.,-0.207911690818,-0.978147600734));
#5520 = PCURVE('',#1192,#5521);
#5521 = DEFINITIONAL_REPRESENTATION('',(#5522),#5525);
#5522 = B_SPLINE_CURVE_WITH_KNOTS('',1,(#5523,#5524),.UNSPECIFIED.,.F.,
  .F.,(2,2),(-28.5,-16.5),.PIECEWISE_BEZIER_KNOTS.);
#5523 = CARTESIAN_POINT('',(51.,-9.));
#5524 = CARTESIAN_POINT('',(39.,-9.));
#5525 = ( GEOMETRIC_REPRESENTATION_CONTEXT(2) 
PARAMETRIC_REPRESENTATION_CONTEXT() REPRESENTATION_CONTEXT('2D SPACE',''
  ) );
#5526 = PCURVE('',#5527,#5532);
#5527 = PLANE('',#5528);
#5528 = AXIS2_PLACEMENT_3D('',#5529,#5530,#5531);
#5529 = CARTESIAN_POINT('',(154.,177.62329539982,167.95636195568));
#5530 = DIRECTION('',(0.,-0.978147600734,0.207911690818));
#5531 = DIRECTION('',(1.,0.,0.));
#5532 = DEFINITIONAL_REPRESENTATION('',(#5533),#5536);
#5533 = B_SPLINE_CURVE_WITH_KNOTS('',1,(#5534,#5535),.UNSPECIFIED.,.F.,
  .F.,(2,2),(-28.5,-16.5),.PIECEWISE_BEZIER_KNOTS.);
#5534 = CARTESIAN_POINT('',(-4.,6.));
#5535 = CARTESIAN_POINT('',(-4.,-6.));
#5536 = ( GEOMETRIC_REPRESENTATION_CONTEXT(2) 
PARAMETRIC_REPRESENTATION_CONTEXT() REPRESENTATION_CONTEXT('2D SPACE',''
  ) );
#5537 = ORIENTED_EDGE('',*,*,#5538,.T.);
#5538 = EDGE_CURVE('',#5513,#5539,#5541,.T.);
#5539 = VERTEX_POINT('',#5540);
#5540 = CARTESIAN_POINT('',(150.,171.80274804818,164.62151135523));
#5541 = SURFACE_CURVE('',#5542,(#5546,#5552),.PCURVE_S1.);
#5542 = LINE('',#5543,#5544);
#5543 = CARTESIAN_POINT('',(150.,176.69348605185,163.58195290114));
#5544 = VECTOR('',#5545,1.);
#5545 = DIRECTION('',(0.,-0.978147600734,0.207911690818));
#5546 = PCURVE('',#1192,#5547);
#5547 = DEFINITIONAL_REPRESENTATION('',(#5548),#5551);
#5548 = B_SPLINE_CURVE_WITH_KNOTS('',1,(#5549,#5550),.UNSPECIFIED.,.F.,
  .F.,(2,2),(-6.000000120967E-07,5.0000006),.PIECEWISE_BEZIER_KNOTS.);
#5549 = CARTESIAN_POINT('',(40.527864045,-9.0000006));
#5550 = CARTESIAN_POINT('',(40.527864045,-3.9999994));
#5551 = ( GEOMETRIC_REPRESENTATION_CONTEXT(2) 
PARAMETRIC_REPRESENTATION_CONTEXT() REPRESENTATION_CONTEXT('2D SPACE',''
  ) );
#5552 = PCURVE('',#5553,#5558);
#5553 = CYLINDRICAL_SURFACE('',#5554,6.);
#5554 = AXIS2_PLACEMENT_3D('',#5555,#5556,#5557);
#5555 = CARTESIAN_POINT('',(154.,177.62329539982,167.95636195568));
#5556 = DIRECTION('',(0.,-0.978147600734,0.207911690818));
#5557 = DIRECTION('',(1.,0.,0.));
#5558 = DEFINITIONAL_REPRESENTATION('',(#5559),#5562);
#5559 = B_SPLINE_CURVE_WITH_KNOTS('',1,(#5560,#5561),.UNSPECIFIED.,.F.,
  .F.,(2,2),(-6.000000120967E-07,5.0000006),.PIECEWISE_BEZIER_KNOTS.);
#5560 = CARTESIAN_POINT('',(3.982661324158,-6.000000124297E-07));
#5561 = CARTESIAN_POINT('',(3.982661324158,5.0000006));
#5562 = ( GEOMETRIC_REPRESENTATION_CONTEXT(2) 
PARAMETRIC_REPRESENTATION_CONTEXT() REPRESENTATION_CONTEXT('2D SPACE',''
  ) );
#5563 = ORIENTED_EDGE('',*,*,#5564,.F.);
#5564 = EDGE_CURVE('',#5565,#5539,#5567,.T.);
#5565 = VERTEX_POINT('',#5566);
#5566 = CARTESIAN_POINT('',(150.,173.66236674412,173.37032946431));
#5567 = SURFACE_CURVE('',#5568,(#5572,#5578),.PCURVE_S1.);
#5568 = LINE('',#5569,#5570);
#5569 = CARTESIAN_POINT('',(150.,168.05454435275,146.98759939326));
#5570 = VECTOR('',#5571,1.);
#5571 = DIRECTION('',(0.,-0.207911690818,-0.978147600734));
#5572 = PCURVE('',#1192,#5573);
#5573 = DEFINITIONAL_REPRESENTATION('',(#5574),#5577);
#5574 = B_SPLINE_CURVE_WITH_KNOTS('',1,(#5575,#5576),.UNSPECIFIED.,.F.,
  .F.,(2,2),(-28.5,-16.5),.PIECEWISE_BEZIER_KNOTS.);
#5575 = CARTESIAN_POINT('',(51.,-4.));
#5576 = CARTESIAN_POINT('',(39.,-4.));
#5577 = ( GEOMETRIC_REPRESENTATION_CONTEXT(2) 
PARAMETRIC_REPRESENTATION_CONTEXT() REPRESENTATION_CONTEXT('2D SPACE',''
  ) );
#5578 = PCURVE('',#5579,#5584);
#5579 = PLANE('',#5580);
#5580 = AXIS2_PLACEMENT_3D('',#5581,#5582,#5583);
#5581 = CARTESIAN_POINT('',(154.,172.73255739615,168.99592040977));
#5582 = DIRECTION('',(0.,-0.978147600734,0.207911690818));
#5583 = DIRECTION('',(1.,0.,0.));
#5584 = DEFINITIONAL_REPRESENTATION('',(#5585),#5588);
#5585 = B_SPLINE_CURVE_WITH_KNOTS('',1,(#5586,#5587),.UNSPECIFIED.,.F.,
  .F.,(2,2),(-28.5,-16.5),.PIECEWISE_BEZIER_KNOTS.);
#5586 = CARTESIAN_POINT('',(-4.,6.));
#5587 = CARTESIAN_POINT('',(-4.,-6.));
#5588 = ( GEOMETRIC_REPRESENTATION_CONTEXT(2) 
PARAMETRIC_REPRESENTATION_CONTEXT() REPRESENTATION_CONTEXT('2D SPACE',''
  ) );
#5589 = ORIENTED_EDGE('',*,*,#5590,.F.);
#5590 = EDGE_CURVE('',#5511,#5565,#5591,.T.);
#5591 = SURFACE_CURVE('',#5592,(#5596,#5602),.PCURVE_S1.);
#5592 = LINE('',#5593,#5594);
#5593 = CARTESIAN_POINT('',(150.,178.55310474779,172.33077101022));
#5594 = VECTOR('',#5595,1.);
#5595 = DIRECTION('',(0.,-0.978147600734,0.207911690818));
#5596 = PCURVE('',#1192,#5597);
#5597 = DEFINITIONAL_REPRESENTATION('',(#5598),#5601);
#5598 = B_SPLINE_CURVE_WITH_KNOTS('',1,(#5599,#5600),.UNSPECIFIED.,.F.,
  .F.,(2,2),(-5.999999902052E-07,5.0000006),.PIECEWISE_BEZIER_KNOTS.);
#5599 = CARTESIAN_POINT('',(49.472135955,-9.0000006));
#5600 = CARTESIAN_POINT('',(49.472135955,-3.9999994));
#5601 = ( GEOMETRIC_REPRESENTATION_CONTEXT(2) 
PARAMETRIC_REPRESENTATION_CONTEXT() REPRESENTATION_CONTEXT('2D SPACE',''
  ) );
#5602 = PCURVE('',#5553,#5603);
#5603 = DEFINITIONAL_REPRESENTATION('',(#5604),#5607);
#5604 = B_SPLINE_CURVE_WITH_KNOTS('',1,(#5605,#5606),.UNSPECIFIED.,.F.,
  .F.,(2,2),(-5.999999902052E-07,5.0000006),.PIECEWISE_BEZIER_KNOTS.);
#5605 = CARTESIAN_POINT('',(2.300523983022,-5.999999898722E-07));
#5606 = CARTESIAN_POINT('',(2.300523983022,5.0000006));
#5607 = ( GEOMETRIC_REPRESENTATION_CONTEXT(2) 
PARAMETRIC_REPRESENTATION_CONTEXT() REPRESENTATION_CONTEXT('2D SPACE',''
  ) );
#5608 = FACE_BOUND('',#5609,.F.);
#5609 = EDGE_LOOP('',(#5610,#5638,#5664,#5690));
#5610 = ORIENTED_EDGE('',*,*,#5611,.T.);
#5611 = EDGE_CURVE('',#5612,#5614,#5616,.T.);
#5612 = VERTEX_POINT('',#5613);
#5613 = CARTESIAN_POINT('',(150.,201.42339073774,279.92700709094));
#5614 = VERTEX_POINT('',#5615);
#5615 = CARTESIAN_POINT('',(150.,199.5637720418,271.17818898186));
#5616 = SURFACE_CURVE('',#5617,(#5621,#5627),.PCURVE_S1.);
#5617 = LINE('',#5618,#5619);
#5618 = CARTESIAN_POINT('',(150.,184.3804253514,199.74615897953));
#5619 = VECTOR('',#5620,1.);
#5620 = DIRECTION('',(0.,-0.207911690818,-0.978147600734));
#5621 = PCURVE('',#1192,#5622);
#5622 = DEFINITIONAL_REPRESENTATION('',(#5623),#5626);
#5623 = B_SPLINE_CURVE_WITH_KNOTS('',1,(#5624,#5625),.UNSPECIFIED.,.F.,
  .F.,(2,2),(-83.5,-71.5),.PIECEWISE_BEZIER_KNOTS.);
#5624 = CARTESIAN_POINT('',(161.,-9.));
#5625 = CARTESIAN_POINT('',(149.,-9.));
#5626 = ( GEOMETRIC_REPRESENTATION_CONTEXT(2) 
PARAMETRIC_REPRESENTATION_CONTEXT() REPRESENTATION_CONTEXT('2D SPACE',''
  ) );
#5627 = PCURVE('',#5628,#5633);
#5628 = PLANE('',#5629);
#5629 = AXIS2_PLACEMENT_3D('',#5630,#5631,#5632);
#5630 = CARTESIAN_POINT('',(154.,200.49358138977,275.5525980364));
#5631 = DIRECTION('',(0.,-0.978147600734,0.207911690818));
#5632 = DIRECTION('',(1.,0.,0.));
#5633 = DEFINITIONAL_REPRESENTATION('',(#5634),#5637);
#5634 = B_SPLINE_CURVE_WITH_KNOTS('',1,(#5635,#5636),.UNSPECIFIED.,.F.,
  .F.,(2,2),(-83.5,-71.5),.PIECEWISE_BEZIER_KNOTS.);
#5635 = CARTESIAN_POINT('',(-4.,6.));
#5636 = CARTESIAN_POINT('',(-4.,-6.));
#5637 = ( GEOMETRIC_REPRESENTATION_CONTEXT(2) 
PARAMETRIC_REPRESENTATION_CONTEXT() REPRESENTATION_CONTEXT('2D SPACE',''
  ) );
#5638 = ORIENTED_EDGE('',*,*,#5639,.T.);
#5639 = EDGE_CURVE('',#5614,#5640,#5642,.T.);
#5640 = VERTEX_POINT('',#5641);
#5641 = CARTESIAN_POINT('',(150.,194.67303403813,272.21774743595));
#5642 = SURFACE_CURVE('',#5643,(#5647,#5653),.PCURVE_S1.);
#5643 = LINE('',#5644,#5645);
#5644 = CARTESIAN_POINT('',(150.,199.5637720418,271.17818898186));
#5645 = VECTOR('',#5646,1.);
#5646 = DIRECTION('',(0.,-0.978147600734,0.207911690818));
#5647 = PCURVE('',#1192,#5648);
#5648 = DEFINITIONAL_REPRESENTATION('',(#5649),#5652);
#5649 = B_SPLINE_CURVE_WITH_KNOTS('',1,(#5650,#5651),.UNSPECIFIED.,.F.,
  .F.,(2,2),(-6.000000180059E-07,5.0000006),.PIECEWISE_BEZIER_KNOTS.);
#5650 = CARTESIAN_POINT('',(150.527864045,-9.0000006));
#5651 = CARTESIAN_POINT('',(150.527864045,-3.9999994));
#5652 = ( GEOMETRIC_REPRESENTATION_CONTEXT(2) 
PARAMETRIC_REPRESENTATION_CONTEXT() REPRESENTATION_CONTEXT('2D SPACE',''
  ) );
#5653 = PCURVE('',#5654,#5659);
#5654 = CYLINDRICAL_SURFACE('',#5655,6.);
#5655 = AXIS2_PLACEMENT_3D('',#5656,#5657,#5658);
#5656 = CARTESIAN_POINT('',(154.,200.49358138977,275.5525980364));
#5657 = DIRECTION('',(0.,-0.978147600734,0.207911690818));
#5658 = DIRECTION('',(1.,0.,0.));
#5659 = DEFINITIONAL_REPRESENTATION('',(#5660),#5663);
#5660 = B_SPLINE_CURVE_WITH_KNOTS('',1,(#5661,#5662),.UNSPECIFIED.,.F.,
  .F.,(2,2),(-6.000000180059E-07,5.0000006),.PIECEWISE_BEZIER_KNOTS.);
#5661 = CARTESIAN_POINT('',(3.982661324158,-6.000000124547E-07));
#5662 = CARTESIAN_POINT('',(3.982661324158,5.0000006));
#5663 = ( GEOMETRIC_REPRESENTATION_CONTEXT(2) 
PARAMETRIC_REPRESENTATION_CONTEXT() REPRESENTATION_CONTEXT('2D SPACE',''
  ) );
#5664 = ORIENTED_EDGE('',*,*,#5665,.F.);
#5665 = EDGE_CURVE('',#5666,#5640,#5668,.T.);
#5666 = VERTEX_POINT('',#5667);
#5667 = CARTESIAN_POINT('',(150.,196.53265273408,280.96656554503));
#5668 = SURFACE_CURVE('',#5669,(#5673,#5679),.PCURVE_S1.);
#5669 = LINE('',#5670,#5671);
#5670 = CARTESIAN_POINT('',(150.,179.48968734773,200.78571743362));
#5671 = VECTOR('',#5672,1.);
#5672 = DIRECTION('',(0.,-0.207911690818,-0.978147600734));
#5673 = PCURVE('',#1192,#5674);
#5674 = DEFINITIONAL_REPRESENTATION('',(#5675),#5678);
#5675 = B_SPLINE_CURVE_WITH_KNOTS('',1,(#5676,#5677),.UNSPECIFIED.,.F.,
  .F.,(2,2),(-83.5,-71.5),.PIECEWISE_BEZIER_KNOTS.);
#5676 = CARTESIAN_POINT('',(161.,-4.));
#5677 = CARTESIAN_POINT('',(149.,-4.));
#5678 = ( GEOMETRIC_REPRESENTATION_CONTEXT(2) 
PARAMETRIC_REPRESENTATION_CONTEXT() REPRESENTATION_CONTEXT('2D SPACE',''
  ) );
#5679 = PCURVE('',#5680,#5685);
#5680 = PLANE('',#5681);
#5681 = AXIS2_PLACEMENT_3D('',#5682,#5683,#5684);
#5682 = CARTESIAN_POINT('',(154.,195.6028433861,276.59215649049));
#5683 = DIRECTION('',(0.,-0.978147600734,0.207911690818));
#5684 = DIRECTION('',(1.,0.,0.));
#5685 = DEFINITIONAL_REPRESENTATION('',(#5686),#5689);
#5686 = B_SPLINE_CURVE_WITH_KNOTS('',1,(#5687,#5688),.UNSPECIFIED.,.F.,
  .F.,(2,2),(-83.5,-71.5),.PIECEWISE_BEZIER_KNOTS.);
#5687 = CARTESIAN_POINT('',(-4.,6.));
#5688 = CARTESIAN_POINT('',(-4.,-6.));
#5689 = ( GEOMETRIC_REPRESENTATION_CONTEXT(2) 
PARAMETRIC_REPRESENTATION_CONTEXT() REPRESENTATION_CONTEXT('2D SPACE',''
  ) );
#5690 = ORIENTED_EDGE('',*,*,#5691,.F.);
#5691 = EDGE_CURVE('',#5612,#5666,#5692,.T.);
#5692 = SURFACE_CURVE('',#5693,(#5697,#5703),.PCURVE_S1.);
#5693 = LINE('',#5694,#5695);
#5694 = CARTESIAN_POINT('',(150.,201.42339073774,279.92700709094));
#5695 = VECTOR('',#5696,1.);
#5696 = DIRECTION('',(0.,-0.978147600734,0.207911690818));
#5697 = PCURVE('',#1192,#5698);
#5698 = DEFINITIONAL_REPRESENTATION('',(#5699),#5702);
#5699 = B_SPLINE_CURVE_WITH_KNOTS('',1,(#5700,#5701),.UNSPECIFIED.,.F.,
  .F.,(2,2),(-5.999999783868E-07,5.0000006),.PIECEWISE_BEZIER_KNOTS.);
#5700 = CARTESIAN_POINT('',(159.472135955,-9.0000006));
#5701 = CARTESIAN_POINT('',(159.472135955,-3.9999994));
#5702 = ( GEOMETRIC_REPRESENTATION_CONTEXT(2) 
PARAMETRIC_REPRESENTATION_CONTEXT() REPRESENTATION_CONTEXT('2D SPACE',''
  ) );
#5703 = PCURVE('',#5654,#5704);
#5704 = DEFINITIONAL_REPRESENTATION('',(#5705),#5708);
#5705 = B_SPLINE_CURVE_WITH_KNOTS('',1,(#5706,#5707),.UNSPECIFIED.,.F.,
  .F.,(2,2),(-5.999999783868E-07,5.0000006),.PIECEWISE_BEZIER_KNOTS.);
#5706 = CARTESIAN_POINT('',(2.300523983022,-5.999999839379E-07));
#5707 = CARTESIAN_POINT('',(2.300523983022,5.0000006));
#5708 = ( GEOMETRIC_REPRESENTATION_CONTEXT(2) 
PARAMETRIC_REPRESENTATION_CONTEXT() REPRESENTATION_CONTEXT('2D SPACE',''
  ) );
#5709 = ADVANCED_FACE('',(#5710),#525,.T.);
#5710 = FACE_BOUND('',#5711,.T.);
#5711 = EDGE_LOOP('',(#5712,#5733,#5734,#5735));
#5712 = ORIENTED_EDGE('',*,*,#5713,.F.);
#5713 = EDGE_CURVE('',#4876,#5387,#5714,.T.);
#5714 = SURFACE_CURVE('',#5715,(#5719,#5726),.PCURVE_S1.);
#5715 = LINE('',#5716,#5717);
#5716 = CARTESIAN_POINT('',(-167.5,282.,288.));
#5717 = VECTOR('',#5718,1.);
#5718 = DIRECTION('',(1.,0.,-0.));
#5719 = PCURVE('',#525,#5720);
#5720 = DEFINITIONAL_REPRESENTATION('',(#5721),#5725);
#5721 = LINE('',#5722,#5723);
#5722 = CARTESIAN_POINT('',(0.,0.));
#5723 = VECTOR('',#5724,1.);
#5724 = DIRECTION('',(0.,1.));
#5725 = ( GEOMETRIC_REPRESENTATION_CONTEXT(2) 
PARAMETRIC_REPRESENTATION_CONTEXT() REPRESENTATION_CONTEXT('2D SPACE',''
  ) );
#5726 = PCURVE('',#4911,#5727);
#5727 = DEFINITIONAL_REPRESENTATION('',(#5728),#5732);
#5728 = LINE('',#5729,#5730);
#5729 = CARTESIAN_POINT('',(0.,14.));
#5730 = VECTOR('',#5731,1.);
#5731 = DIRECTION('',(1.,0.));
#5732 = ( GEOMETRIC_REPRESENTATION_CONTEXT(2) 
PARAMETRIC_REPRESENTATION_CONTEXT() REPRESENTATION_CONTEXT('2D SPACE',''
  ) );
#5733 = ORIENTED_EDGE('',*,*,#4875,.T.);
#5734 = ORIENTED_EDGE('',*,*,#509,.T.);
#5735 = ORIENTED_EDGE('',*,*,#5409,.F.);
#5736 = ADVANCED_FACE('',(#5737),#1143,.F.);
#5737 = FACE_BOUND('',#5738,.F.);
#5738 = EDGE_LOOP('',(#5739,#5740,#5741,#5762));
#5739 = ORIENTED_EDGE('',*,*,#1127,.F.);
#5740 = ORIENTED_EDGE('',*,*,#3758,.T.);
#5741 = ORIENTED_EDGE('',*,*,#5742,.T.);
#5742 = EDGE_CURVE('',#3730,#4099,#5743,.T.);
#5743 = SURFACE_CURVE('',#5744,(#5748,#5755),.PCURVE_S1.);
#5744 = LINE('',#5745,#5746);
#5745 = CARTESIAN_POINT('',(126.5,174.32038747749,137.98819886121));
#5746 = VECTOR('',#5747,1.);
#5747 = DIRECTION('',(0.,0.978147600734,-0.207911690818));
#5748 = PCURVE('',#1143,#5749);
#5749 = DEFINITIONAL_REPRESENTATION('',(#5750),#5754);
#5750 = LINE('',#5751,#5752);
#5751 = CARTESIAN_POINT('',(10.,0.));
#5752 = VECTOR('',#5753,1.);
#5753 = DIRECTION('',(0.,-1.));
#5754 = ( GEOMETRIC_REPRESENTATION_CONTEXT(2) 
PARAMETRIC_REPRESENTATION_CONTEXT() REPRESENTATION_CONTEXT('2D SPACE',''
  ) );
#5755 = PCURVE('',#3746,#5756);
#5756 = DEFINITIONAL_REPRESENTATION('',(#5757),#5761);
#5757 = LINE('',#5758,#5759);
#5758 = CARTESIAN_POINT('',(0.,0.));
#5759 = VECTOR('',#5760,1.);
#5760 = DIRECTION('',(0.,1.));
#5761 = ( GEOMETRIC_REPRESENTATION_CONTEXT(2) 
PARAMETRIC_REPRESENTATION_CONTEXT() REPRESENTATION_CONTEXT('2D SPACE',''
  ) );
#5762 = ORIENTED_EDGE('',*,*,#4122,.F.);
#5763 = ADVANCED_FACE('',(#5764),#576,.F.);
#5764 = FACE_BOUND('',#5765,.T.);
#5765 = EDGE_LOOP('',(#5766,#5767,#5791,#5812));
#5766 = ORIENTED_EDGE('',*,*,#4855,.F.);
#5767 = ORIENTED_EDGE('',*,*,#5768,.T.);
#5768 = EDGE_CURVE('',#4823,#5769,#5771,.T.);
#5769 = VERTEX_POINT('',#5770);
#5770 = CARTESIAN_POINT('',(-158.,267.72813154931,163.79993043196));
#5771 = SURFACE_CURVE('',#5772,(#5777,#5784),.PCURVE_S1.);
#5772 = CIRCLE('',#5773,9.);
#5773 = AXIS2_PLACEMENT_3D('',#5774,#5775,#5776);
#5774 = CARTESIAN_POINT('',(-158.,258.92480317033,165.67113564345));
#5775 = DIRECTION('',(-0.,-0.207911690818,-0.978147600734));
#5776 = DIRECTION('',(0.,-0.978147600734,0.207911690818));
#5777 = PCURVE('',#576,#5778);
#5778 = DEFINITIONAL_REPRESENTATION('',(#5779),#5783);
#5779 = LINE('',#5780,#5781);
#5780 = CARTESIAN_POINT('',(1.570796326795,-5.684341886081E-14));
#5781 = VECTOR('',#5782,1.);
#5782 = DIRECTION('',(-1.,0.));
#5783 = ( GEOMETRIC_REPRESENTATION_CONTEXT(2) 
PARAMETRIC_REPRESENTATION_CONTEXT() REPRESENTATION_CONTEXT('2D SPACE',''
  ) );
#5784 = PCURVE('',#4843,#5785);
#5785 = DEFINITIONAL_REPRESENTATION('',(#5786),#5790);
#5786 = LINE('',#5787,#5788);
#5787 = CARTESIAN_POINT('',(1.51716661746,0.));
#5788 = VECTOR('',#5789,1.);
#5789 = DIRECTION('',(0.,1.));
#5790 = ( GEOMETRIC_REPRESENTATION_CONTEXT(2) 
PARAMETRIC_REPRESENTATION_CONTEXT() REPRESENTATION_CONTEXT('2D SPACE',''
  ) );
#5791 = ORIENTED_EDGE('',*,*,#5792,.T.);
#5792 = EDGE_CURVE('',#5769,#560,#5793,.T.);
#5793 = SURFACE_CURVE('',#5794,(#5798,#5805),.PCURVE_S1.);
#5794 = LINE('',#5795,#5796);
#5795 = CARTESIAN_POINT('',(-158.,267.72813154931,163.79993043196));
#5796 = VECTOR('',#5797,1.);
#5797 = DIRECTION('',(0.,0.207911690818,0.978147600734));
#5798 = PCURVE('',#576,#5799);
#5799 = DEFINITIONAL_REPRESENTATION('',(#5800),#5804);
#5800 = LINE('',#5801,#5802);
#5801 = CARTESIAN_POINT('',(-1.570796326795,0.));
#5802 = VECTOR('',#5803,1.);
#5803 = DIRECTION('',(-0.,1.));
#5804 = ( GEOMETRIC_REPRESENTATION_CONTEXT(2) 
PARAMETRIC_REPRESENTATION_CONTEXT() REPRESENTATION_CONTEXT('2D SPACE',''
  ) );
#5805 = PCURVE('',#607,#5806);
#5806 = DEFINITIONAL_REPRESENTATION('',(#5807),#5811);
#5807 = LINE('',#5808,#5809);
#5808 = CARTESIAN_POINT('',(5.684341886081E-14,-158.));
#5809 = VECTOR('',#5810,1.);
#5810 = DIRECTION('',(1.,0.));
#5811 = ( GEOMETRIC_REPRESENTATION_CONTEXT(2) 
PARAMETRIC_REPRESENTATION_CONTEXT() REPRESENTATION_CONTEXT('2D SPACE',''
  ) );
#5812 = ORIENTED_EDGE('',*,*,#559,.T.);
#5813 = ADVANCED_FACE('',(#5814),#607,.F.);
#5814 = FACE_BOUND('',#5815,.F.);
#5815 = EDGE_LOOP('',(#5816,#5844,#5845,#5846,#5867,#5893,#5912,#5913,
    #5934,#5960,#5979,#5980));
#5816 = ORIENTED_EDGE('',*,*,#5817,.F.);
#5817 = EDGE_CURVE('',#5769,#5818,#5820,.T.);
#5818 = VERTEX_POINT('',#5819);
#5819 = CARTESIAN_POINT('',(158.,267.72813154931,163.79993043196));
#5820 = SURFACE_CURVE('',#5821,(#5825,#5832),.PCURVE_S1.);
#5821 = LINE('',#5822,#5823);
#5822 = CARTESIAN_POINT('',(-170.,267.72813157693,163.79993042609));
#5823 = VECTOR('',#5824,1.);
#5824 = DIRECTION('',(1.,-0.,-0.));
#5825 = PCURVE('',#607,#5826);
#5826 = DEFINITIONAL_REPRESENTATION('',(#5827),#5831);
#5827 = LINE('',#5828,#5829);
#5828 = CARTESIAN_POINT('',(0.,-170.));
#5829 = VECTOR('',#5830,1.);
#5830 = DIRECTION('',(0.,1.));
#5831 = ( GEOMETRIC_REPRESENTATION_CONTEXT(2) 
PARAMETRIC_REPRESENTATION_CONTEXT() REPRESENTATION_CONTEXT('2D SPACE',''
  ) );
#5832 = PCURVE('',#5833,#5838);
#5833 = CYLINDRICAL_SURFACE('',#5834,28.);
#5834 = AXIS2_PLACEMENT_3D('',#5835,#5836,#5837);
#5835 = CARTESIAN_POINT('',(0.,295.11626439748,157.97840308319));
#5836 = DIRECTION('',(1.,-0.,-0.));
#5837 = DIRECTION('',(0.,-1.,0.));
#5838 = DEFINITIONAL_REPRESENTATION('',(#5839),#5843);
#5839 = LINE('',#5840,#5841);
#5840 = CARTESIAN_POINT('',(-6.492624817419,-170.));
#5841 = VECTOR('',#5842,1.);
#5842 = DIRECTION('',(0.,1.));
#5843 = ( GEOMETRIC_REPRESENTATION_CONTEXT(2) 
PARAMETRIC_REPRESENTATION_CONTEXT() REPRESENTATION_CONTEXT('2D SPACE',''
  ) );
#5844 = ORIENTED_EDGE('',*,*,#5792,.T.);
#5845 = ORIENTED_EDGE('',*,*,#591,.F.);
#5846 = ORIENTED_EDGE('',*,*,#5847,.T.);
#5847 = EDGE_CURVE('',#592,#5848,#5850,.T.);
#5848 = VERTEX_POINT('',#5849);
#5849 = CARTESIAN_POINT('',(-152.,294.12767129587,288.));
#5850 = SURFACE_CURVE('',#5851,(#5855,#5861),.PCURVE_S1.);
#5851 = LINE('',#5852,#5853);
#5852 = CARTESIAN_POINT('',(-152.,280.69269536735,224.79340772659));
#5853 = VECTOR('',#5854,1.);
#5854 = DIRECTION('',(0.,-0.207911690818,-0.978147600734));
#5855 = PCURVE('',#607,#5856);
#5856 = DEFINITIONAL_REPRESENTATION('',(#5857),#5860);
#5857 = B_SPLINE_CURVE_WITH_KNOTS('',1,(#5858,#5859),.UNSPECIFIED.,.F.,
  .F.,(2,2),(-76.88675228256,-64.61866514418),.PIECEWISE_BEZIER_KNOTS.);
#5858 = CARTESIAN_POINT('',(139.24286014284,-152.));
#5859 = CARTESIAN_POINT('',(126.97477300446,-152.));
#5860 = ( GEOMETRIC_REPRESENTATION_CONTEXT(2) 
PARAMETRIC_REPRESENTATION_CONTEXT() REPRESENTATION_CONTEXT('2D SPACE',''
  ) );
#5861 = PCURVE('',#634,#5862);
#5862 = DEFINITIONAL_REPRESENTATION('',(#5863),#5866);
#5863 = B_SPLINE_CURVE_WITH_KNOTS('',1,(#5864,#5865),.UNSPECIFIED.,.F.,
  .F.,(2,2),(-76.88675228256,-64.61866514418),.PIECEWISE_BEZIER_KNOTS.);
#5864 = CARTESIAN_POINT('',(12.,-13.4329782154));
#5865 = CARTESIAN_POINT('',(0.,-10.88229947536));
#5866 = ( GEOMETRIC_REPRESENTATION_CONTEXT(2) 
PARAMETRIC_REPRESENTATION_CONTEXT() REPRESENTATION_CONTEXT('2D SPACE',''
  ) );
#5867 = ORIENTED_EDGE('',*,*,#5868,.T.);
#5868 = EDGE_CURVE('',#5848,#5869,#5871,.T.);
#5869 = VERTEX_POINT('',#5870);
#5870 = CARTESIAN_POINT('',(-138.,294.12767129587,288.));
#5871 = SURFACE_CURVE('',#5872,(#5876,#5882),.PCURVE_S1.);
#5872 = LINE('',#5873,#5874);
#5873 = CARTESIAN_POINT('',(-76.,294.12767129587,288.));
#5874 = VECTOR('',#5875,1.);
#5875 = DIRECTION('',(1.,-0.,0.));
#5876 = PCURVE('',#607,#5877);
#5877 = DEFINITIONAL_REPRESENTATION('',(#5878),#5881);
#5878 = B_SPLINE_CURVE_WITH_KNOTS('',1,(#5879,#5880),.UNSPECIFIED.,.F.,
  .F.,(2,2),(-76.,-62.),.PIECEWISE_BEZIER_KNOTS.);
#5879 = CARTESIAN_POINT('',(126.97477300446,-152.));
#5880 = CARTESIAN_POINT('',(126.97477300446,-138.));
#5881 = ( GEOMETRIC_REPRESENTATION_CONTEXT(2) 
PARAMETRIC_REPRESENTATION_CONTEXT() REPRESENTATION_CONTEXT('2D SPACE',''
  ) );
#5882 = PCURVE('',#5883,#5888);
#5883 = PLANE('',#5884);
#5884 = AXIS2_PLACEMENT_3D('',#5885,#5886,#5887);
#5885 = CARTESIAN_POINT('',(-152.,283.2453718205,288.));
#5886 = DIRECTION('',(0.,0.,1.));
#5887 = DIRECTION('',(1.,0.,-0.));
#5888 = DEFINITIONAL_REPRESENTATION('',(#5889),#5892);
#5889 = B_SPLINE_CURVE_WITH_KNOTS('',1,(#5890,#5891),.UNSPECIFIED.,.F.,
  .F.,(2,2),(-76.,-62.),.PIECEWISE_BEZIER_KNOTS.);
#5890 = CARTESIAN_POINT('',(0.,10.882299475365));
#5891 = CARTESIAN_POINT('',(14.,10.882299475365));
#5892 = ( GEOMETRIC_REPRESENTATION_CONTEXT(2) 
PARAMETRIC_REPRESENTATION_CONTEXT() REPRESENTATION_CONTEXT('2D SPACE',''
  ) );
#5893 = ORIENTED_EDGE('',*,*,#5894,.F.);
#5894 = EDGE_CURVE('',#675,#5869,#5895,.T.);
#5895 = SURFACE_CURVE('',#5896,(#5900,#5906),.PCURVE_S1.);
#5896 = LINE('',#5897,#5898);
#5897 = CARTESIAN_POINT('',(-138.,280.69269536735,224.79340772659));
#5898 = VECTOR('',#5899,1.);
#5899 = DIRECTION('',(0.,-0.207911690818,-0.978147600734));
#5900 = PCURVE('',#607,#5901);
#5901 = DEFINITIONAL_REPRESENTATION('',(#5902),#5905);
#5902 = B_SPLINE_CURVE_WITH_KNOTS('',1,(#5903,#5904),.UNSPECIFIED.,.F.,
  .F.,(2,2),(-76.88675228256,-64.61866514418),.PIECEWISE_BEZIER_KNOTS.);
#5903 = CARTESIAN_POINT('',(139.24286014284,-138.));
#5904 = CARTESIAN_POINT('',(126.97477300446,-138.));
#5905 = ( GEOMETRIC_REPRESENTATION_CONTEXT(2) 
PARAMETRIC_REPRESENTATION_CONTEXT() REPRESENTATION_CONTEXT('2D SPACE',''
  ) );
#5906 = PCURVE('',#690,#5907);
#5907 = DEFINITIONAL_REPRESENTATION('',(#5908),#5911);
#5908 = B_SPLINE_CURVE_WITH_KNOTS('',1,(#5909,#5910),.UNSPECIFIED.,.F.,
  .F.,(2,2),(-76.88675228256,-64.61866514418),.PIECEWISE_BEZIER_KNOTS.);
#5909 = CARTESIAN_POINT('',(12.,-13.4329782154));
#5910 = CARTESIAN_POINT('',(0.,-10.88229947536));
#5911 = ( GEOMETRIC_REPRESENTATION_CONTEXT(2) 
PARAMETRIC_REPRESENTATION_CONTEXT() REPRESENTATION_CONTEXT('2D SPACE',''
  ) );
#5912 = ORIENTED_EDGE('',*,*,#702,.F.);
#5913 = ORIENTED_EDGE('',*,*,#5914,.T.);
#5914 = EDGE_CURVE('',#703,#5915,#5917,.T.);
#5915 = VERTEX_POINT('',#5916);
#5916 = CARTESIAN_POINT('',(138.,294.12767129587,288.));
#5917 = SURFACE_CURVE('',#5918,(#5922,#5928),.PCURVE_S1.);
#5918 = LINE('',#5919,#5920);
#5919 = CARTESIAN_POINT('',(138.,280.69269536735,224.79340772659));
#5920 = VECTOR('',#5921,1.);
#5921 = DIRECTION('',(0.,-0.207911690818,-0.978147600734));
#5922 = PCURVE('',#607,#5923);
#5923 = DEFINITIONAL_REPRESENTATION('',(#5924),#5927);
#5924 = B_SPLINE_CURVE_WITH_KNOTS('',1,(#5925,#5926),.UNSPECIFIED.,.F.,
  .F.,(2,2),(-76.88675228256,-64.61866514418),.PIECEWISE_BEZIER_KNOTS.);
#5925 = CARTESIAN_POINT('',(139.24286014284,138.));
#5926 = CARTESIAN_POINT('',(126.97477300446,138.));
#5927 = ( GEOMETRIC_REPRESENTATION_CONTEXT(2) 
PARAMETRIC_REPRESENTATION_CONTEXT() REPRESENTATION_CONTEXT('2D SPACE',''
  ) );
#5928 = PCURVE('',#740,#5929);
#5929 = DEFINITIONAL_REPRESENTATION('',(#5930),#5933);
#5930 = B_SPLINE_CURVE_WITH_KNOTS('',1,(#5931,#5932),.UNSPECIFIED.,.F.,
  .F.,(2,2),(-76.88675228256,-64.61866514418),.PIECEWISE_BEZIER_KNOTS.);
#5931 = CARTESIAN_POINT('',(12.,-13.4329782154));
#5932 = CARTESIAN_POINT('',(0.,-10.88229947536));
#5933 = ( GEOMETRIC_REPRESENTATION_CONTEXT(2) 
PARAMETRIC_REPRESENTATION_CONTEXT() REPRESENTATION_CONTEXT('2D SPACE',''
  ) );
#5934 = ORIENTED_EDGE('',*,*,#5935,.T.);
#5935 = EDGE_CURVE('',#5915,#5936,#5938,.T.);
#5936 = VERTEX_POINT('',#5937);
#5937 = CARTESIAN_POINT('',(152.,294.12767129587,288.));
#5938 = SURFACE_CURVE('',#5939,(#5943,#5949),.PCURVE_S1.);
#5939 = LINE('',#5940,#5941);
#5940 = CARTESIAN_POINT('',(69.,294.12767129587,288.));
#5941 = VECTOR('',#5942,1.);
#5942 = DIRECTION('',(1.,-0.,0.));
#5943 = PCURVE('',#607,#5944);
#5944 = DEFINITIONAL_REPRESENTATION('',(#5945),#5948);
#5945 = B_SPLINE_CURVE_WITH_KNOTS('',1,(#5946,#5947),.UNSPECIFIED.,.F.,
  .F.,(2,2),(69.,83.),.PIECEWISE_BEZIER_KNOTS.);
#5946 = CARTESIAN_POINT('',(126.97477300446,138.));
#5947 = CARTESIAN_POINT('',(126.97477300446,152.));
#5948 = ( GEOMETRIC_REPRESENTATION_CONTEXT(2) 
PARAMETRIC_REPRESENTATION_CONTEXT() REPRESENTATION_CONTEXT('2D SPACE',''
  ) );
#5949 = PCURVE('',#5950,#5955);
#5950 = PLANE('',#5951);
#5951 = AXIS2_PLACEMENT_3D('',#5952,#5953,#5954);
#5952 = CARTESIAN_POINT('',(138.,283.2453718205,288.));
#5953 = DIRECTION('',(0.,0.,1.));
#5954 = DIRECTION('',(1.,0.,-0.));
#5955 = DEFINITIONAL_REPRESENTATION('',(#5956),#5959);
#5956 = B_SPLINE_CURVE_WITH_KNOTS('',1,(#5957,#5958),.UNSPECIFIED.,.F.,
  .F.,(2,2),(69.,83.),.PIECEWISE_BEZIER_KNOTS.);
#5957 = CARTESIAN_POINT('',(0.,10.882299475365));
#5958 = CARTESIAN_POINT('',(14.,10.882299475365));
#5959 = ( GEOMETRIC_REPRESENTATION_CONTEXT(2) 
PARAMETRIC_REPRESENTATION_CONTEXT() REPRESENTATION_CONTEXT('2D SPACE',''
  ) );
#5960 = ORIENTED_EDGE('',*,*,#5961,.F.);
#5961 = EDGE_CURVE('',#781,#5936,#5962,.T.);
#5962 = SURFACE_CURVE('',#5963,(#5967,#5973),.PCURVE_S1.);
#5963 = LINE('',#5964,#5965);
#5964 = CARTESIAN_POINT('',(152.,280.69269536735,224.79340772659));
#5965 = VECTOR('',#5966,1.);
#5966 = DIRECTION('',(0.,-0.207911690818,-0.978147600734));
#5967 = PCURVE('',#607,#5968);
#5968 = DEFINITIONAL_REPRESENTATION('',(#5969),#5972);
#5969 = B_SPLINE_CURVE_WITH_KNOTS('',1,(#5970,#5971),.UNSPECIFIED.,.F.,
  .F.,(2,2),(-76.88675228256,-64.61866514418),.PIECEWISE_BEZIER_KNOTS.);
#5970 = CARTESIAN_POINT('',(139.24286014284,152.));
#5971 = CARTESIAN_POINT('',(126.97477300446,152.));
#5972 = ( GEOMETRIC_REPRESENTATION_CONTEXT(2) 
PARAMETRIC_REPRESENTATION_CONTEXT() REPRESENTATION_CONTEXT('2D SPACE',''
  ) );
#5973 = PCURVE('',#796,#5974);
#5974 = DEFINITIONAL_REPRESENTATION('',(#5975),#5978);
#5975 = B_SPLINE_CURVE_WITH_KNOTS('',1,(#5976,#5977),.UNSPECIFIED.,.F.,
  .F.,(2,2),(-76.88675228256,-64.61866514418),.PIECEWISE_BEZIER_KNOTS.);
#5976 = CARTESIAN_POINT('',(12.,-13.4329782154));
#5977 = CARTESIAN_POINT('',(0.,-10.88229947536));
#5978 = ( GEOMETRIC_REPRESENTATION_CONTEXT(2) 
PARAMETRIC_REPRESENTATION_CONTEXT() REPRESENTATION_CONTEXT('2D SPACE',''
  ) );
#5979 = ORIENTED_EDGE('',*,*,#808,.F.);
#5980 = ORIENTED_EDGE('',*,*,#5981,.F.);
#5981 = EDGE_CURVE('',#5818,#809,#5982,.T.);
#5982 = SURFACE_CURVE('',#5983,(#5987,#5994),.PCURVE_S1.);
#5983 = LINE('',#5984,#5985);
#5984 = CARTESIAN_POINT('',(158.,267.72813154931,163.79993043196));
#5985 = VECTOR('',#5986,1.);
#5986 = DIRECTION('',(0.,0.207911690818,0.978147600734));
#5987 = PCURVE('',#607,#5988);
#5988 = DEFINITIONAL_REPRESENTATION('',(#5989),#5993);
#5989 = LINE('',#5990,#5991);
#5990 = CARTESIAN_POINT('',(5.684341886081E-14,158.));
#5991 = VECTOR('',#5992,1.);
#5992 = DIRECTION('',(1.,0.));
#5993 = ( GEOMETRIC_REPRESENTATION_CONTEXT(2) 
PARAMETRIC_REPRESENTATION_CONTEXT() REPRESENTATION_CONTEXT('2D SPACE',''
  ) );
#5994 = PCURVE('',#847,#5995);
#5995 = DEFINITIONAL_REPRESENTATION('',(#5996),#6000);
#5996 = LINE('',#5997,#5998);
#5997 = CARTESIAN_POINT('',(-0.,0.));
#5998 = VECTOR('',#5999,1.);
#5999 = DIRECTION('',(-0.,1.));
#6000 = ( GEOMETRIC_REPRESENTATION_CONTEXT(2) 
PARAMETRIC_REPRESENTATION_CONTEXT() REPRESENTATION_CONTEXT('2D SPACE',''
  ) );
#6001 = ADVANCED_FACE('',(#6002),#1094,.T.);
#6002 = FACE_BOUND('',#6003,.T.);
#6003 = EDGE_LOOP('',(#6004,#6005,#6026,#6046));
#6004 = ORIENTED_EDGE('',*,*,#1078,.F.);
#6005 = ORIENTED_EDGE('',*,*,#6006,.T.);
#6006 = EDGE_CURVE('',#1052,#6007,#6009,.T.);
#6007 = VERTEX_POINT('',#6008);
#6008 = CARTESIAN_POINT('',(138.5,175.64902296472,125.));
#6009 = SURFACE_CURVE('',#6010,(#6014,#6020),.PCURVE_S1.);
#6010 = LINE('',#6011,#6012);
#6011 = CARTESIAN_POINT('',(138.5,173.65892068243,115.6373048818));
#6012 = VECTOR('',#6013,1.);
#6013 = DIRECTION('',(0.,-0.207911690818,-0.978147600734));
#6014 = PCURVE('',#1094,#6015);
#6015 = DEFINITIONAL_REPRESENTATION('',(#6016),#6019);
#6016 = B_SPLINE_CURVE_WITH_KNOTS('',1,(#6017,#6018),.UNSPECIFIED.,.F.,
  .F.,(2,2),(-214.,1.859623566247E-15),.PIECEWISE_BEZIER_KNOTS.);
#6017 = CARTESIAN_POINT('',(214.,-0.5));
#6018 = CARTESIAN_POINT('',(0.,-0.5));
#6019 = ( GEOMETRIC_REPRESENTATION_CONTEXT(2) 
PARAMETRIC_REPRESENTATION_CONTEXT() REPRESENTATION_CONTEXT('2D SPACE',''
  ) );
#6020 = PCURVE('',#1067,#6021);
#6021 = DEFINITIONAL_REPRESENTATION('',(#6022),#6025);
#6022 = B_SPLINE_CURVE_WITH_KNOTS('',1,(#6023,#6024),.UNSPECIFIED.,.F.,
  .F.,(2,2),(-214.,1.859623566247E-15),.PIECEWISE_BEZIER_KNOTS.);
#6023 = CARTESIAN_POINT('',(214.,295.5));
#6024 = CARTESIAN_POINT('',(1.20406898778E-14,295.5));
#6025 = ( GEOMETRIC_REPRESENTATION_CONTEXT(2) 
PARAMETRIC_REPRESENTATION_CONTEXT() REPRESENTATION_CONTEXT('2D SPACE',''
  ) );
#6026 = ORIENTED_EDGE('',*,*,#6027,.T.);
#6027 = EDGE_CURVE('',#6007,#3986,#6028,.T.);
#6028 = SURFACE_CURVE('',#6029,(#6033,#6039),.PCURVE_S1.);
#6029 = LINE('',#6030,#6031);
#6030 = CARTESIAN_POINT('',(138.5,61.584923441035,125.));
#6031 = VECTOR('',#6032,1.);
#6032 = DIRECTION('',(-0.,1.,0.));
#6033 = PCURVE('',#1094,#6034);
#6034 = DEFINITIONAL_REPRESENTATION('',(#6035),#6038);
#6035 = B_SPLINE_CURVE_WITH_KNOTS('',1,(#6036,#6037),.UNSPECIFIED.,.F.,
  .F.,(2,2),(114.06409952369,117.64229160571),.PIECEWISE_BEZIER_KNOTS.);
#6036 = CARTESIAN_POINT('',(9.571863296676,-0.5));
#6037 = CARTESIAN_POINT('',(10.315811262521,-4.));
#6038 = ( GEOMETRIC_REPRESENTATION_CONTEXT(2) 
PARAMETRIC_REPRESENTATION_CONTEXT() REPRESENTATION_CONTEXT('2D SPACE',''
  ) );
#6039 = PCURVE('',#2159,#6040);
#6040 = DEFINITIONAL_REPRESENTATION('',(#6041),#6045);
#6041 = LINE('',#6042,#6043);
#6042 = CARTESIAN_POINT('',(358.5,111.58492344103));
#6043 = VECTOR('',#6044,1.);
#6044 = DIRECTION('',(0.,1.));
#6045 = ( GEOMETRIC_REPRESENTATION_CONTEXT(2) 
PARAMETRIC_REPRESENTATION_CONTEXT() REPRESENTATION_CONTEXT('2D SPACE',''
  ) );
#6046 = ORIENTED_EDGE('',*,*,#3985,.T.);
#6047 = ADVANCED_FACE('',(#6048),#634,.F.);
#6048 = FACE_BOUND('',#6049,.F.);
#6049 = EDGE_LOOP('',(#6050,#6051,#6074,#6095));
#6050 = ORIENTED_EDGE('',*,*,#618,.F.);
#6051 = ORIENTED_EDGE('',*,*,#6052,.F.);
#6052 = EDGE_CURVE('',#6053,#619,#6055,.T.);
#6053 = VERTEX_POINT('',#6054);
#6054 = CARTESIAN_POINT('',(-152.,283.2453718205,288.));
#6055 = SURFACE_CURVE('',#6056,(#6060,#6067),.PCURVE_S1.);
#6056 = LINE('',#6057,#6058);
#6057 = CARTESIAN_POINT('',(-152.,283.2453718205,288.));
#6058 = VECTOR('',#6059,1.);
#6059 = DIRECTION('',(0.,0.,1.));
#6060 = PCURVE('',#634,#6061);
#6061 = DEFINITIONAL_REPRESENTATION('',(#6062),#6066);
#6062 = LINE('',#6063,#6064);
#6063 = CARTESIAN_POINT('',(0.,0.));
#6064 = VECTOR('',#6065,1.);
#6065 = DIRECTION('',(1.,0.));
#6066 = ( GEOMETRIC_REPRESENTATION_CONTEXT(2) 
PARAMETRIC_REPRESENTATION_CONTEXT() REPRESENTATION_CONTEXT('2D SPACE',''
  ) );
#6067 = PCURVE('',#662,#6068);
#6068 = DEFINITIONAL_REPRESENTATION('',(#6069),#6073);
#6069 = LINE('',#6070,#6071);
#6070 = CARTESIAN_POINT('',(0.,0.));
#6071 = VECTOR('',#6072,1.);
#6072 = DIRECTION('',(1.,0.));
#6073 = ( GEOMETRIC_REPRESENTATION_CONTEXT(2) 
PARAMETRIC_REPRESENTATION_CONTEXT() REPRESENTATION_CONTEXT('2D SPACE',''
  ) );
#6074 = ORIENTED_EDGE('',*,*,#6075,.T.);
#6075 = EDGE_CURVE('',#6053,#5848,#6076,.T.);
#6076 = SURFACE_CURVE('',#6077,(#6081,#6088),.PCURVE_S1.);
#6077 = LINE('',#6078,#6079);
#6078 = CARTESIAN_POINT('',(-152.,283.2453718205,288.));
#6079 = VECTOR('',#6080,1.);
#6080 = DIRECTION('',(-0.,1.,0.));
#6081 = PCURVE('',#634,#6082);
#6082 = DEFINITIONAL_REPRESENTATION('',(#6083),#6087);
#6083 = LINE('',#6084,#6085);
#6084 = CARTESIAN_POINT('',(0.,0.));
#6085 = VECTOR('',#6086,1.);
#6086 = DIRECTION('',(0.,-1.));
#6087 = ( GEOMETRIC_REPRESENTATION_CONTEXT(2) 
PARAMETRIC_REPRESENTATION_CONTEXT() REPRESENTATION_CONTEXT('2D SPACE',''
  ) );
#6088 = PCURVE('',#5883,#6089);
#6089 = DEFINITIONAL_REPRESENTATION('',(#6090),#6094);
#6090 = LINE('',#6091,#6092);
#6091 = CARTESIAN_POINT('',(0.,0.));
#6092 = VECTOR('',#6093,1.);
#6093 = DIRECTION('',(0.,1.));
#6094 = ( GEOMETRIC_REPRESENTATION_CONTEXT(2) 
PARAMETRIC_REPRESENTATION_CONTEXT() REPRESENTATION_CONTEXT('2D SPACE',''
  ) );
#6095 = ORIENTED_EDGE('',*,*,#5847,.F.);
#6096 = ADVANCED_FACE('',(#6097),#1067,.T.);
#6097 = FACE_BOUND('',#6098,.T.);
#6098 = EDGE_LOOP('',(#6099,#6127,#6153,#6173,#6174,#6175,#6196,#6222));
#6099 = ORIENTED_EDGE('',*,*,#6100,.F.);
#6100 = EDGE_CURVE('',#6101,#6103,#6105,.T.);
#6101 = VERTEX_POINT('',#6102);
#6102 = CARTESIAN_POINT('',(155.,178.19970170476,137.));
#6103 = VERTEX_POINT('',#6104);
#6104 = CARTESIAN_POINT('',(157.,178.19970170476,137.));
#6105 = SURFACE_CURVE('',#6106,(#6110,#6116),.PCURVE_S1.);
#6106 = LINE('',#6107,#6108);
#6107 = CARTESIAN_POINT('',(-1.,178.19970170476,137.));
#6108 = VECTOR('',#6109,1.);
#6109 = DIRECTION('',(1.,-0.,0.));
#6110 = PCURVE('',#1067,#6111);
#6111 = DEFINITIONAL_REPRESENTATION('',(#6112),#6115);
#6112 = B_SPLINE_CURVE_WITH_KNOTS('',1,(#6113,#6114),.UNSPECIFIED.,.F.,
  .F.,(2,2),(156.,158.),.PIECEWISE_BEZIER_KNOTS.);
#6113 = CARTESIAN_POINT('',(21.839950435056,312.));
#6114 = CARTESIAN_POINT('',(21.839950435056,314.));
#6115 = ( GEOMETRIC_REPRESENTATION_CONTEXT(2) 
PARAMETRIC_REPRESENTATION_CONTEXT() REPRESENTATION_CONTEXT('2D SPACE',''
  ) );
#6116 = PCURVE('',#6117,#6122);
#6117 = PLANE('',#6118);
#6118 = AXIS2_PLACEMENT_3D('',#6119,#6120,#6121);
#6119 = CARTESIAN_POINT('',(155.,166.81391404175,137.));
#6120 = DIRECTION('',(0.,0.,1.));
#6121 = DIRECTION('',(1.,0.,-0.));
#6122 = DEFINITIONAL_REPRESENTATION('',(#6123),#6126);
#6123 = B_SPLINE_CURVE_WITH_KNOTS('',1,(#6124,#6125),.UNSPECIFIED.,.F.,
  .F.,(2,2),(156.,158.),.PIECEWISE_BEZIER_KNOTS.);
#6124 = CARTESIAN_POINT('',(0.,11.385787663016));
#6125 = CARTESIAN_POINT('',(2.,11.385787663016));
#6126 = ( GEOMETRIC_REPRESENTATION_CONTEXT(2) 
PARAMETRIC_REPRESENTATION_CONTEXT() REPRESENTATION_CONTEXT('2D SPACE',''
  ) );
#6127 = ORIENTED_EDGE('',*,*,#6128,.T.);
#6128 = EDGE_CURVE('',#6101,#6129,#6131,.T.);
#6129 = VERTEX_POINT('',#6130);
#6130 = CARTESIAN_POINT('',(155.,175.64902296472,125.));
#6131 = SURFACE_CURVE('',#6132,(#6136,#6142),.PCURVE_S1.);
#6132 = LINE('',#6133,#6134);
#6133 = CARTESIAN_POINT('',(155.,174.46301299892,119.42026180476));
#6134 = VECTOR('',#6135,1.);
#6135 = DIRECTION('',(0.,-0.207911690818,-0.978147600734));
#6136 = PCURVE('',#1067,#6137);
#6137 = DEFINITIONAL_REPRESENTATION('',(#6138),#6141);
#6138 = B_SPLINE_CURVE_WITH_KNOTS('',1,(#6139,#6140),.UNSPECIFIED.,.F.,
  .F.,(2,2),(-17.97248000408,-5.704392865705),.PIECEWISE_BEZIER_KNOTS.);
#6139 = CARTESIAN_POINT('',(21.839950435056,312.));
#6140 = CARTESIAN_POINT('',(9.571863296676,312.));
#6141 = ( GEOMETRIC_REPRESENTATION_CONTEXT(2) 
PARAMETRIC_REPRESENTATION_CONTEXT() REPRESENTATION_CONTEXT('2D SPACE',''
  ) );
#6142 = PCURVE('',#6143,#6148);
#6143 = PLANE('',#6144);
#6144 = AXIS2_PLACEMENT_3D('',#6145,#6146,#6147);
#6145 = CARTESIAN_POINT('',(155.,166.81391404175,125.));
#6146 = DIRECTION('',(1.,0.,-0.));
#6147 = DIRECTION('',(0.,0.,1.));
#6148 = DEFINITIONAL_REPRESENTATION('',(#6149),#6152);
#6149 = B_SPLINE_CURVE_WITH_KNOTS('',1,(#6150,#6151),.UNSPECIFIED.,.F.,
  .F.,(2,2),(-17.97248000408,-5.704392865705),.PIECEWISE_BEZIER_KNOTS.);
#6150 = CARTESIAN_POINT('',(12.,-11.38578766301));
#6151 = CARTESIAN_POINT('',(0.,-8.835108922975));
#6152 = ( GEOMETRIC_REPRESENTATION_CONTEXT(2) 
PARAMETRIC_REPRESENTATION_CONTEXT() REPRESENTATION_CONTEXT('2D SPACE',''
  ) );
#6153 = ORIENTED_EDGE('',*,*,#6154,.T.);
#6154 = EDGE_CURVE('',#6129,#6007,#6155,.T.);
#6155 = SURFACE_CURVE('',#6156,(#6160,#6166),.PCURVE_S1.);
#6156 = LINE('',#6157,#6158);
#6157 = CARTESIAN_POINT('',(-188.5,175.64902296472,125.));
#6158 = VECTOR('',#6159,1.);
#6159 = DIRECTION('',(-1.,0.,0.));
#6160 = PCURVE('',#1067,#6161);
#6161 = DEFINITIONAL_REPRESENTATION('',(#6162),#6165);
#6162 = B_SPLINE_CURVE_WITH_KNOTS('',1,(#6163,#6164),.UNSPECIFIED.,.F.,
  .F.,(2,2),(-345.5,-327.),.PIECEWISE_BEZIER_KNOTS.);
#6163 = CARTESIAN_POINT('',(9.571863296676,314.));
#6164 = CARTESIAN_POINT('',(9.571863296676,295.5));
#6165 = ( GEOMETRIC_REPRESENTATION_CONTEXT(2) 
PARAMETRIC_REPRESENTATION_CONTEXT() REPRESENTATION_CONTEXT('2D SPACE',''
  ) );
#6166 = PCURVE('',#2159,#6167);
#6167 = DEFINITIONAL_REPRESENTATION('',(#6168),#6172);
#6168 = LINE('',#6169,#6170);
#6169 = CARTESIAN_POINT('',(31.5,225.64902296472));
#6170 = VECTOR('',#6171,1.);
#6171 = DIRECTION('',(-1.,0.));
#6172 = ( GEOMETRIC_REPRESENTATION_CONTEXT(2) 
PARAMETRIC_REPRESENTATION_CONTEXT() REPRESENTATION_CONTEXT('2D SPACE',''
  ) );
#6173 = ORIENTED_EDGE('',*,*,#6006,.F.);
#6174 = ORIENTED_EDGE('',*,*,#1051,.F.);
#6175 = ORIENTED_EDGE('',*,*,#6176,.T.);
#6176 = EDGE_CURVE('',#1024,#6177,#6179,.T.);
#6177 = VERTEX_POINT('',#6178);
#6178 = CARTESIAN_POINT('',(155.,210.29574251694,288.));
#6179 = SURFACE_CURVE('',#6180,(#6184,#6190),.PCURVE_S1.);
#6180 = LINE('',#6181,#6182);
#6181 = CARTESIAN_POINT('',(155.,191.84150221582,201.17962543183));
#6182 = VECTOR('',#6183,1.);
#6183 = DIRECTION('',(0.,-0.207911690818,-0.978147600734));
#6184 = PCURVE('',#1067,#6185);
#6185 = DEFINITIONAL_REPRESENTATION('',(#6186),#6189);
#6186 = B_SPLINE_CURVE_WITH_KNOTS('',1,(#6187,#6188),.UNSPECIFIED.,.F.,
  .F.,(2,2),(-101.0280805207,-88.75999338241),.PIECEWISE_BEZIER_KNOTS.);
#6187 = CARTESIAN_POINT('',(188.48146739805,312.));
#6188 = CARTESIAN_POINT('',(176.21338025967,312.));
#6189 = ( GEOMETRIC_REPRESENTATION_CONTEXT(2) 
PARAMETRIC_REPRESENTATION_CONTEXT() REPRESENTATION_CONTEXT('2D SPACE',''
  ) );
#6190 = PCURVE('',#1039,#6191);
#6191 = DEFINITIONAL_REPRESENTATION('',(#6192),#6195);
#6192 = B_SPLINE_CURVE_WITH_KNOTS('',1,(#6193,#6194),.UNSPECIFIED.,.F.,
  .F.,(2,2),(-101.0280805207,-88.75999338241),.PIECEWISE_BEZIER_KNOTS.);
#6193 = CARTESIAN_POINT('',(12.,-8.835108922975));
#6194 = CARTESIAN_POINT('',(1.42108547152E-14,-6.284430182935));
#6195 = ( GEOMETRIC_REPRESENTATION_CONTEXT(2) 
PARAMETRIC_REPRESENTATION_CONTEXT() REPRESENTATION_CONTEXT('2D SPACE',''
  ) );
#6196 = ORIENTED_EDGE('',*,*,#6197,.T.);
#6197 = EDGE_CURVE('',#6177,#6198,#6200,.T.);
#6198 = VERTEX_POINT('',#6199);
#6199 = CARTESIAN_POINT('',(157.,210.29574251694,288.));
#6200 = SURFACE_CURVE('',#6201,(#6205,#6211),.PCURVE_S1.);
#6201 = LINE('',#6202,#6203);
#6202 = CARTESIAN_POINT('',(-1.,210.29574251694,288.));
#6203 = VECTOR('',#6204,1.);
#6204 = DIRECTION('',(1.,-0.,0.));
#6205 = PCURVE('',#1067,#6206);
#6206 = DEFINITIONAL_REPRESENTATION('',(#6207),#6210);
#6207 = B_SPLINE_CURVE_WITH_KNOTS('',1,(#6208,#6209),.UNSPECIFIED.,.F.,
  .F.,(2,2),(156.,158.),.PIECEWISE_BEZIER_KNOTS.);
#6208 = CARTESIAN_POINT('',(176.21338025967,312.));
#6209 = CARTESIAN_POINT('',(176.21338025967,314.));
#6210 = ( GEOMETRIC_REPRESENTATION_CONTEXT(2) 
PARAMETRIC_REPRESENTATION_CONTEXT() REPRESENTATION_CONTEXT('2D SPACE',''
  ) );
#6211 = PCURVE('',#6212,#6217);
#6212 = PLANE('',#6213);
#6213 = AXIS2_PLACEMENT_3D('',#6214,#6215,#6216);
#6214 = CARTESIAN_POINT('',(155.,204.011312334,288.));
#6215 = DIRECTION('',(0.,0.,1.));
#6216 = DIRECTION('',(1.,0.,-0.));
#6217 = DEFINITIONAL_REPRESENTATION('',(#6218),#6221);
#6218 = B_SPLINE_CURVE_WITH_KNOTS('',1,(#6219,#6220),.UNSPECIFIED.,.F.,
  .F.,(2,2),(156.,158.),.PIECEWISE_BEZIER_KNOTS.);
#6219 = CARTESIAN_POINT('',(0.,6.284430182935));
#6220 = CARTESIAN_POINT('',(2.,6.284430182935));
#6221 = ( GEOMETRIC_REPRESENTATION_CONTEXT(2) 
PARAMETRIC_REPRESENTATION_CONTEXT() REPRESENTATION_CONTEXT('2D SPACE',''
  ) );
#6222 = ORIENTED_EDGE('',*,*,#6223,.F.);
#6223 = EDGE_CURVE('',#6103,#6198,#6224,.T.);
#6224 = SURFACE_CURVE('',#6225,(#6229,#6236),.PCURVE_S1.);
#6225 = LINE('',#6226,#6227);
#6226 = CARTESIAN_POINT('',(157.,173.65892068243,115.6373048818));
#6227 = VECTOR('',#6228,1.);
#6228 = DIRECTION('',(0.,0.207911690818,0.978147600734));
#6229 = PCURVE('',#1067,#6230);
#6230 = DEFINITIONAL_REPRESENTATION('',(#6231),#6235);
#6231 = LINE('',#6232,#6233);
#6232 = CARTESIAN_POINT('',(0.,314.));
#6233 = VECTOR('',#6234,1.);
#6234 = DIRECTION('',(1.,0.));
#6235 = ( GEOMETRIC_REPRESENTATION_CONTEXT(2) 
PARAMETRIC_REPRESENTATION_CONTEXT() REPRESENTATION_CONTEXT('2D SPACE',''
  ) );
#6236 = PCURVE('',#1844,#6237);
#6237 = DEFINITIONAL_REPRESENTATION('',(#6238),#6242);
#6238 = LINE('',#6239,#6240);
#6239 = CARTESIAN_POINT('',(0.,-12.5));
#6240 = VECTOR('',#6241,1.);
#6241 = DIRECTION('',(1.,0.));
#6242 = ( GEOMETRIC_REPRESENTATION_CONTEXT(2) 
PARAMETRIC_REPRESENTATION_CONTEXT() REPRESENTATION_CONTEXT('2D SPACE',''
  ) );
#6243 = ADVANCED_FACE('',(#6244),#662,.F.);
#6244 = FACE_BOUND('',#6245,.F.);
#6245 = EDGE_LOOP('',(#6246,#6269,#6270,#6271));
#6246 = ORIENTED_EDGE('',*,*,#6247,.F.);
#6247 = EDGE_CURVE('',#6053,#6248,#6250,.T.);
#6248 = VERTEX_POINT('',#6249);
#6249 = CARTESIAN_POINT('',(-138.,283.2453718205,288.));
#6250 = SURFACE_CURVE('',#6251,(#6255,#6262),.PCURVE_S1.);
#6251 = LINE('',#6252,#6253);
#6252 = CARTESIAN_POINT('',(-152.,283.2453718205,288.));
#6253 = VECTOR('',#6254,1.);
#6254 = DIRECTION('',(1.,0.,-0.));
#6255 = PCURVE('',#662,#6256);
#6256 = DEFINITIONAL_REPRESENTATION('',(#6257),#6261);
#6257 = LINE('',#6258,#6259);
#6258 = CARTESIAN_POINT('',(0.,0.));
#6259 = VECTOR('',#6260,1.);
#6260 = DIRECTION('',(0.,1.));
#6261 = ( GEOMETRIC_REPRESENTATION_CONTEXT(2) 
PARAMETRIC_REPRESENTATION_CONTEXT() REPRESENTATION_CONTEXT('2D SPACE',''
  ) );
#6262 = PCURVE('',#5883,#6263);
#6263 = DEFINITIONAL_REPRESENTATION('',(#6264),#6268);
#6264 = LINE('',#6265,#6266);
#6265 = CARTESIAN_POINT('',(0.,0.));
#6266 = VECTOR('',#6267,1.);
#6267 = DIRECTION('',(1.,0.));
#6268 = ( GEOMETRIC_REPRESENTATION_CONTEXT(2) 
PARAMETRIC_REPRESENTATION_CONTEXT() REPRESENTATION_CONTEXT('2D SPACE',''
  ) );
#6269 = ORIENTED_EDGE('',*,*,#6052,.T.);
#6270 = ORIENTED_EDGE('',*,*,#646,.T.);
#6271 = ORIENTED_EDGE('',*,*,#6272,.F.);
#6272 = EDGE_CURVE('',#6248,#647,#6273,.T.);
#6273 = SURFACE_CURVE('',#6274,(#6278,#6285),.PCURVE_S1.);
#6274 = LINE('',#6275,#6276);
#6275 = CARTESIAN_POINT('',(-138.,283.2453718205,288.));
#6276 = VECTOR('',#6277,1.);
#6277 = DIRECTION('',(0.,0.,1.));
#6278 = PCURVE('',#662,#6279);
#6279 = DEFINITIONAL_REPRESENTATION('',(#6280),#6284);
#6280 = LINE('',#6281,#6282);
#6281 = CARTESIAN_POINT('',(0.,14.));
#6282 = VECTOR('',#6283,1.);
#6283 = DIRECTION('',(1.,0.));
#6284 = ( GEOMETRIC_REPRESENTATION_CONTEXT(2) 
PARAMETRIC_REPRESENTATION_CONTEXT() REPRESENTATION_CONTEXT('2D SPACE',''
  ) );
#6285 = PCURVE('',#690,#6286);
#6286 = DEFINITIONAL_REPRESENTATION('',(#6287),#6291);
#6287 = LINE('',#6288,#6289);
#6288 = CARTESIAN_POINT('',(0.,0.));
#6289 = VECTOR('',#6290,1.);
#6290 = DIRECTION('',(1.,0.));
#6291 = ( GEOMETRIC_REPRESENTATION_CONTEXT(2) 
PARAMETRIC_REPRESENTATION_CONTEXT() REPRESENTATION_CONTEXT('2D SPACE',''
  ) );
#6292 = ADVANCED_FACE('',(#6293),#1039,.F.);
#6293 = FACE_BOUND('',#6294,.F.);
#6294 = EDGE_LOOP('',(#6295,#6296,#6297,#6320));
#6295 = ORIENTED_EDGE('',*,*,#1023,.F.);
#6296 = ORIENTED_EDGE('',*,*,#6176,.T.);
#6297 = ORIENTED_EDGE('',*,*,#6298,.T.);
#6298 = EDGE_CURVE('',#6177,#6299,#6301,.T.);
#6299 = VERTEX_POINT('',#6300);
#6300 = CARTESIAN_POINT('',(155.,218.011312334,288.));
#6301 = SURFACE_CURVE('',#6302,(#6306,#6313),.PCURVE_S1.);
#6302 = LINE('',#6303,#6304);
#6303 = CARTESIAN_POINT('',(155.,204.011312334,288.));
#6304 = VECTOR('',#6305,1.);
#6305 = DIRECTION('',(-0.,1.,0.));
#6306 = PCURVE('',#1039,#6307);
#6307 = DEFINITIONAL_REPRESENTATION('',(#6308),#6312);
#6308 = LINE('',#6309,#6310);
#6309 = CARTESIAN_POINT('',(0.,0.));
#6310 = VECTOR('',#6311,1.);
#6311 = DIRECTION('',(0.,-1.));
#6312 = ( GEOMETRIC_REPRESENTATION_CONTEXT(2) 
PARAMETRIC_REPRESENTATION_CONTEXT() REPRESENTATION_CONTEXT('2D SPACE',''
  ) );
#6313 = PCURVE('',#6212,#6314);
#6314 = DEFINITIONAL_REPRESENTATION('',(#6315),#6319);
#6315 = LINE('',#6316,#6317);
#6316 = CARTESIAN_POINT('',(0.,0.));
#6317 = VECTOR('',#6318,1.);
#6318 = DIRECTION('',(0.,1.));
#6319 = ( GEOMETRIC_REPRESENTATION_CONTEXT(2) 
PARAMETRIC_REPRESENTATION_CONTEXT() REPRESENTATION_CONTEXT('2D SPACE',''
  ) );
#6320 = ORIENTED_EDGE('',*,*,#6321,.T.);
#6321 = EDGE_CURVE('',#6299,#996,#6322,.T.);
#6322 = SURFACE_CURVE('',#6323,(#6327,#6334),.PCURVE_S1.);
#6323 = LINE('',#6324,#6325);
#6324 = CARTESIAN_POINT('',(155.,218.011312334,288.));
#6325 = VECTOR('',#6326,1.);
#6326 = DIRECTION('',(0.,0.,1.));
#6327 = PCURVE('',#1039,#6328);
#6328 = DEFINITIONAL_REPRESENTATION('',(#6329),#6333);
#6329 = LINE('',#6330,#6331);
#6330 = CARTESIAN_POINT('',(0.,-14.));
#6331 = VECTOR('',#6332,1.);
#6332 = DIRECTION('',(1.,0.));
#6333 = ( GEOMETRIC_REPRESENTATION_CONTEXT(2) 
PARAMETRIC_REPRESENTATION_CONTEXT() REPRESENTATION_CONTEXT('2D SPACE',''
  ) );
#6334 = PCURVE('',#1011,#6335);
#6335 = DEFINITIONAL_REPRESENTATION('',(#6336),#6340);
#6336 = LINE('',#6337,#6338);
#6337 = CARTESIAN_POINT('',(0.,0.));
#6338 = VECTOR('',#6339,1.);
#6339 = DIRECTION('',(1.,0.));
#6340 = ( GEOMETRIC_REPRESENTATION_CONTEXT(2) 
PARAMETRIC_REPRESENTATION_CONTEXT() REPRESENTATION_CONTEXT('2D SPACE',''
  ) );
#6341 = ADVANCED_FACE('',(#6342),#690,.T.);
#6342 = FACE_BOUND('',#6343,.T.);
#6343 = EDGE_LOOP('',(#6344,#6345,#6346,#6367));
#6344 = ORIENTED_EDGE('',*,*,#674,.F.);
#6345 = ORIENTED_EDGE('',*,*,#6272,.F.);
#6346 = ORIENTED_EDGE('',*,*,#6347,.T.);
#6347 = EDGE_CURVE('',#6248,#5869,#6348,.T.);
#6348 = SURFACE_CURVE('',#6349,(#6353,#6360),.PCURVE_S1.);
#6349 = LINE('',#6350,#6351);
#6350 = CARTESIAN_POINT('',(-138.,283.2453718205,288.));
#6351 = VECTOR('',#6352,1.);
#6352 = DIRECTION('',(-0.,1.,0.));
#6353 = PCURVE('',#690,#6354);
#6354 = DEFINITIONAL_REPRESENTATION('',(#6355),#6359);
#6355 = LINE('',#6356,#6357);
#6356 = CARTESIAN_POINT('',(0.,0.));
#6357 = VECTOR('',#6358,1.);
#6358 = DIRECTION('',(0.,-1.));
#6359 = ( GEOMETRIC_REPRESENTATION_CONTEXT(2) 
PARAMETRIC_REPRESENTATION_CONTEXT() REPRESENTATION_CONTEXT('2D SPACE',''
  ) );
#6360 = PCURVE('',#5883,#6361);
#6361 = DEFINITIONAL_REPRESENTATION('',(#6362),#6366);
#6362 = LINE('',#6363,#6364);
#6363 = CARTESIAN_POINT('',(14.,0.));
#6364 = VECTOR('',#6365,1.);
#6365 = DIRECTION('',(0.,1.));
#6366 = ( GEOMETRIC_REPRESENTATION_CONTEXT(2) 
PARAMETRIC_REPRESENTATION_CONTEXT() REPRESENTATION_CONTEXT('2D SPACE',''
  ) );
#6367 = ORIENTED_EDGE('',*,*,#5894,.F.);
#6368 = ADVANCED_FACE('',(#6369),#1011,.T.);
#6369 = FACE_BOUND('',#6370,.T.);
#6370 = EDGE_LOOP('',(#6371,#6394,#6395,#6396));
#6371 = ORIENTED_EDGE('',*,*,#6372,.F.);
#6372 = EDGE_CURVE('',#6299,#6373,#6375,.T.);
#6373 = VERTEX_POINT('',#6374);
#6374 = CARTESIAN_POINT('',(162.,218.011312334,288.));
#6375 = SURFACE_CURVE('',#6376,(#6380,#6387),.PCURVE_S1.);
#6376 = LINE('',#6377,#6378);
#6377 = CARTESIAN_POINT('',(155.,218.011312334,288.));
#6378 = VECTOR('',#6379,1.);
#6379 = DIRECTION('',(1.,0.,-0.));
#6380 = PCURVE('',#1011,#6381);
#6381 = DEFINITIONAL_REPRESENTATION('',(#6382),#6386);
#6382 = LINE('',#6383,#6384);
#6383 = CARTESIAN_POINT('',(0.,0.));
#6384 = VECTOR('',#6385,1.);
#6385 = DIRECTION('',(0.,1.));
#6386 = ( GEOMETRIC_REPRESENTATION_CONTEXT(2) 
PARAMETRIC_REPRESENTATION_CONTEXT() REPRESENTATION_CONTEXT('2D SPACE',''
  ) );
#6387 = PCURVE('',#6212,#6388);
#6388 = DEFINITIONAL_REPRESENTATION('',(#6389),#6393);
#6389 = LINE('',#6390,#6391);
#6390 = CARTESIAN_POINT('',(0.,14.));
#6391 = VECTOR('',#6392,1.);
#6392 = DIRECTION('',(1.,0.));
#6393 = ( GEOMETRIC_REPRESENTATION_CONTEXT(2) 
PARAMETRIC_REPRESENTATION_CONTEXT() REPRESENTATION_CONTEXT('2D SPACE',''
  ) );
#6394 = ORIENTED_EDGE('',*,*,#6321,.T.);
#6395 = ORIENTED_EDGE('',*,*,#995,.T.);
#6396 = ORIENTED_EDGE('',*,*,#6397,.F.);
#6397 = EDGE_CURVE('',#6373,#974,#6398,.T.);
#6398 = SURFACE_CURVE('',#6399,(#6403,#6409),.PCURVE_S1.);
#6399 = LINE('',#6400,#6401);
#6400 = CARTESIAN_POINT('',(162.,218.011312334,227.90712832906));
#6401 = VECTOR('',#6402,1.);
#6402 = DIRECTION('',(0.,-0.,1.));
#6403 = PCURVE('',#1011,#6404);
#6404 = DEFINITIONAL_REPRESENTATION('',(#6405),#6408);
#6405 = B_SPLINE_CURVE_WITH_KNOTS('',1,(#6406,#6407),.UNSPECIFIED.,.F.,
  .F.,(2,2),(60.092871670933,72.092871670933),.PIECEWISE_BEZIER_KNOTS.);
#6406 = CARTESIAN_POINT('',(0.,7.));
#6407 = CARTESIAN_POINT('',(12.,7.));
#6408 = ( GEOMETRIC_REPRESENTATION_CONTEXT(2) 
PARAMETRIC_REPRESENTATION_CONTEXT() REPRESENTATION_CONTEXT('2D SPACE',''
  ) );
#6409 = PCURVE('',#878,#6410);
#6410 = DEFINITIONAL_REPRESENTATION('',(#6411),#6414);
#6411 = B_SPLINE_CURVE_WITH_KNOTS('',1,(#6412,#6413),.UNSPECIFIED.,.F.,
  .F.,(2,2),(60.092871670933,72.092871670933),.PIECEWISE_BEZIER_KNOTS.);
#6412 = CARTESIAN_POINT('',(18.879291010186,120.18574334186));
#6413 = CARTESIAN_POINT('',(18.879291010186,132.18574334186));
#6414 = ( GEOMETRIC_REPRESENTATION_CONTEXT(2) 
PARAMETRIC_REPRESENTATION_CONTEXT() REPRESENTATION_CONTEXT('2D SPACE',''
  ) );
#6415 = ADVANCED_FACE('',(#6416),#878,.F.);
#6416 = FACE_BOUND('',#6417,.F.);
#6417 = EDGE_LOOP('',(#6418,#6446,#6468,#6494,#6527,#6546,#6547,#6568,
    #6594,#6615,#6641,#6662,#6683,#6702,#6703,#6704,#6725,#6746,#6772,
    #6793,#6814,#6833,#6834,#6855,#6876,#6902,#6924,#6950));
#6418 = ORIENTED_EDGE('',*,*,#6419,.F.);
#6419 = EDGE_CURVE('',#6420,#6422,#6424,.T.);
#6420 = VERTEX_POINT('',#6421);
#6421 = CARTESIAN_POINT('',(162.,257.,125.));
#6422 = VERTEX_POINT('',#6423);
#6423 = CARTESIAN_POINT('',(162.,257.,137.));
#6424 = SURFACE_CURVE('',#6425,(#6429,#6435),.PCURVE_S1.);
#6425 = LINE('',#6426,#6427);
#6426 = CARTESIAN_POINT('',(162.,257.,146.40712832906));
#6427 = VECTOR('',#6428,1.);
#6428 = DIRECTION('',(0.,-0.,1.));
#6429 = PCURVE('',#878,#6430);
#6430 = DEFINITIONAL_REPRESENTATION('',(#6431),#6434);
#6431 = B_SPLINE_CURVE_WITH_KNOTS('',1,(#6432,#6433),.UNSPECIFIED.,.F.,
  .F.,(2,2),(-21.40712832906,-9.407128329067),.PIECEWISE_BEZIER_KNOTS.);
#6432 = CARTESIAN_POINT('',(57.867978676182,-42.81425665813));
#6433 = CARTESIAN_POINT('',(57.867978676182,-30.81425665813));
#6434 = ( GEOMETRIC_REPRESENTATION_CONTEXT(2) 
PARAMETRIC_REPRESENTATION_CONTEXT() REPRESENTATION_CONTEXT('2D SPACE',''
  ) );
#6435 = PCURVE('',#6436,#6441);
#6436 = PLANE('',#6437);
#6437 = AXIS2_PLACEMENT_3D('',#6438,#6439,#6440);
#6438 = CARTESIAN_POINT('',(153.5,257.,125.));
#6439 = DIRECTION('',(-0.,1.,0.));
#6440 = DIRECTION('',(0.,0.,1.));
#6441 = DEFINITIONAL_REPRESENTATION('',(#6442),#6445);
#6442 = B_SPLINE_CURVE_WITH_KNOTS('',1,(#6443,#6444),.UNSPECIFIED.,.F.,
  .F.,(2,2),(-21.40712832906,-9.407128329067),.PIECEWISE_BEZIER_KNOTS.);
#6443 = CARTESIAN_POINT('',(0.,8.5));
#6444 = CARTESIAN_POINT('',(12.,8.5));
#6445 = ( GEOMETRIC_REPRESENTATION_CONTEXT(2) 
PARAMETRIC_REPRESENTATION_CONTEXT() REPRESENTATION_CONTEXT('2D SPACE',''
  ) );
#6446 = ORIENTED_EDGE('',*,*,#6447,.T.);
#6447 = EDGE_CURVE('',#6420,#6448,#6450,.T.);
#6448 = VERTEX_POINT('',#6449);
#6449 = CARTESIAN_POINT('',(162.,306.2915620641,125.));
#6450 = SURFACE_CURVE('',#6451,(#6455,#6461),.PCURVE_S1.);
#6451 = LINE('',#6452,#6453);
#6452 = CARTESIAN_POINT('',(162.,74.566010661909,125.));
#6453 = VECTOR('',#6454,1.);
#6454 = DIRECTION('',(0.,1.,0.));
#6455 = PCURVE('',#878,#6456);
#6456 = DEFINITIONAL_REPRESENTATION('',(#6457),#6460);
#6457 = B_SPLINE_CURVE_WITH_KNOTS('',1,(#6458,#6459),.UNSPECIFIED.,.F.,
  .F.,(2,2),(-69.17634586862,261.50308108701),.PIECEWISE_BEZIER_KNOTS.);
#6458 = CARTESIAN_POINT('',(-193.7423565305,-42.81425665813));
#6459 = CARTESIAN_POINT('',(136.9370704251,-42.81425665813));
#6460 = ( GEOMETRIC_REPRESENTATION_CONTEXT(2) 
PARAMETRIC_REPRESENTATION_CONTEXT() REPRESENTATION_CONTEXT('2D SPACE',''
  ) );
#6461 = PCURVE('',#2159,#6462);
#6462 = DEFINITIONAL_REPRESENTATION('',(#6463),#6467);
#6463 = LINE('',#6464,#6465);
#6464 = CARTESIAN_POINT('',(382.,124.5660106619));
#6465 = VECTOR('',#6466,1.);
#6466 = DIRECTION('',(0.,1.));
#6467 = ( GEOMETRIC_REPRESENTATION_CONTEXT(2) 
PARAMETRIC_REPRESENTATION_CONTEXT() REPRESENTATION_CONTEXT('2D SPACE',''
  ) );
#6468 = ORIENTED_EDGE('',*,*,#6469,.T.);
#6469 = EDGE_CURVE('',#6448,#6470,#6472,.T.);
#6470 = VERTEX_POINT('',#6471);
#6471 = CARTESIAN_POINT('',(162.,287.59113765561,130.03622360226));
#6472 = SURFACE_CURVE('',#6473,(#6477,#6483),.PCURVE_S1.);
#6473 = LINE('',#6474,#6475);
#6474 = CARTESIAN_POINT('',(162.,320.47714322863,121.17967180251));
#6475 = VECTOR('',#6476,1.);
#6476 = DIRECTION('',(0.,-0.965596390966,0.26004539941));
#6477 = PCURVE('',#878,#6478);
#6478 = DEFINITIONAL_REPRESENTATION('',(#6479),#6482);
#6479 = B_SPLINE_CURVE_WITH_KNOTS('',1,(#6480,#6481),.UNSPECIFIED.,.F.,
  .F.,(2,2),(-5.999998971638E-07,34.05771444474),
  .PIECEWISE_BEZIER_KNOTS.);
#6480 = CARTESIAN_POINT('',(121.34512248417,-46.63458501164));
#6481 = CARTESIAN_POINT('',(88.459115752439,-37.77803289984));
#6482 = ( GEOMETRIC_REPRESENTATION_CONTEXT(2) 
PARAMETRIC_REPRESENTATION_CONTEXT() REPRESENTATION_CONTEXT('2D SPACE',''
  ) );
#6483 = PCURVE('',#6484,#6489);
#6484 = CYLINDRICAL_SURFACE('',#6485,9.);
#6485 = AXIS2_PLACEMENT_3D('',#6486,#6487,#6488);
#6486 = CARTESIAN_POINT('',(158.,318.38059019233,113.39478481772));
#6487 = DIRECTION('',(0.,-0.965596390966,0.26004539941));
#6488 = DIRECTION('',(-0.,0.26004539941,0.965596390966));
#6489 = DEFINITIONAL_REPRESENTATION('',(#6490),#6493);
#6490 = B_SPLINE_CURVE_WITH_KNOTS('',1,(#6491,#6492),.UNSPECIFIED.,.F.,
  .F.,(2,2),(-5.999998971638E-07,34.05771444474),
  .PIECEWISE_BEZIER_KNOTS.);
#6491 = CARTESIAN_POINT('',(-0.460553991681,-5.999999153714E-07));
#6492 = CARTESIAN_POINT('',(-0.460553991681,34.05771444474));
#6493 = ( GEOMETRIC_REPRESENTATION_CONTEXT(2) 
PARAMETRIC_REPRESENTATION_CONTEXT() REPRESENTATION_CONTEXT('2D SPACE',''
  ) );
#6494 = ORIENTED_EDGE('',*,*,#6495,.T.);
#6495 = EDGE_CURVE('',#6470,#6496,#6498,.T.);
#6496 = VERTEX_POINT('',#6497);
#6497 = CARTESIAN_POINT('',(162.,266.81088124332,163.99489800319));
#6498 = SURFACE_CURVE('',#6499,(#6504,#6515),.PCURVE_S1.);
#6499 = CIRCLE('',#6500,28.937742251701);
#6500 = AXIS2_PLACEMENT_3D('',#6501,#6502,#6503);
#6501 = CARTESIAN_POINT('',(162.,295.11626439748,157.97840308319));
#6502 = DIRECTION('',(-1.,-0.,0.));
#6503 = DIRECTION('',(0.,-0.26004539941,-0.965596390966));
#6504 = PCURVE('',#878,#6505);
#6505 = DEFINITIONAL_REPRESENTATION('',(#6506),#6514);
#6506 = ( BOUNDED_CURVE() B_SPLINE_CURVE(2,(#6507,#6508,#6509,#6510,
#6511,#6512,#6513),.UNSPECIFIED.,.T.,.F.) B_SPLINE_CURVE_WITH_KNOTS((1,2
    ,2,2,2,1),(-2.094395102393,0.,2.094395102393,4.188790204786,
6.28318530718,8.377580409573),.UNSPECIFIED.) CURVE() 
GEOMETRIC_REPRESENTATION_ITEM() RATIONAL_B_SPLINE_CURVE((1.,0.5,1.,0.5,
1.,0.5,1.)) REPRESENTATION_ITEM('') );
#6507 = CARTESIAN_POINT('',(88.459116331797,-37.77803305587));
#6508 = CARTESIAN_POINT('',(40.06184179661,-24.74413120555));
#6509 = CARTESIAN_POINT('',(75.548169177006,10.652187090686));
#6510 = CARTESIAN_POINT('',(111.0344965574,46.048505386932));
#6511 = CARTESIAN_POINT('',(123.94544371219,-2.381714759624));
#6512 = CARTESIAN_POINT('',(136.85639086698,-50.81193490618));
#6513 = CARTESIAN_POINT('',(88.459116331797,-37.77803305587));
#6514 = ( GEOMETRIC_REPRESENTATION_CONTEXT(2) 
PARAMETRIC_REPRESENTATION_CONTEXT() REPRESENTATION_CONTEXT('2D SPACE',''
  ) );
#6515 = PCURVE('',#6516,#6521);
#6516 = TOROIDAL_SURFACE('',#6517,37.,9.);
#6517 = AXIS2_PLACEMENT_3D('',#6518,#6519,#6520);
#6518 = CARTESIAN_POINT('',(158.,295.11626439748,157.97840308319));
#6519 = DIRECTION('',(-1.,-0.,-0.));
#6520 = DIRECTION('',(0.,-0.26004539941,-0.965596390966));
#6521 = DEFINITIONAL_REPRESENTATION('',(#6522),#6526);
#6522 = LINE('',#6523,#6524);
#6523 = CARTESIAN_POINT('',(0.,3.602146645271));
#6524 = VECTOR('',#6525,1.);
#6525 = DIRECTION('',(1.,0.));
#6526 = ( GEOMETRIC_REPRESENTATION_CONTEXT(2) 
PARAMETRIC_REPRESENTATION_CONTEXT() REPRESENTATION_CONTEXT('2D SPACE',''
  ) );
#6527 = ORIENTED_EDGE('',*,*,#6528,.T.);
#6528 = EDGE_CURVE('',#6496,#831,#6529,.T.);
#6529 = SURFACE_CURVE('',#6530,(#6534,#6540),.PCURVE_S1.);
#6530 = LINE('',#6531,#6532);
#6531 = CARTESIAN_POINT('',(162.,266.8108812157,163.99489800906));
#6532 = VECTOR('',#6533,1.);
#6533 = DIRECTION('',(0.,0.207911690818,0.978147600734));
#6534 = PCURVE('',#878,#6535);
#6535 = DEFINITIONAL_REPRESENTATION('',(#6536),#6539);
#6536 = B_SPLINE_CURVE_WITH_KNOTS('',1,(#6537,#6538),.UNSPECIFIED.,.F.,
  .F.,(2,2),(-6.000000458065E-07,206.75675528784),
  .PIECEWISE_BEZIER_KNOTS.);
#6537 = CARTESIAN_POINT('',(67.678859767139,-3.819359235953));
#6538 = CARTESIAN_POINT('',(110.66600647177,198.41926547124));
#6539 = ( GEOMETRIC_REPRESENTATION_CONTEXT(2) 
PARAMETRIC_REPRESENTATION_CONTEXT() REPRESENTATION_CONTEXT('2D SPACE',''
  ) );
#6540 = PCURVE('',#847,#6541);
#6541 = DEFINITIONAL_REPRESENTATION('',(#6542),#6545);
#6542 = B_SPLINE_CURVE_WITH_KNOTS('',1,(#6543,#6544),.UNSPECIFIED.,.F.,
  .F.,(2,2),(-6.000000458065E-07,206.75675528784),
  .PIECEWISE_BEZIER_KNOTS.);
#6543 = CARTESIAN_POINT('',(-0.460553991681,-6.00000053356E-07));
#6544 = CARTESIAN_POINT('',(-0.460553991681,206.75675528784));
#6545 = ( GEOMETRIC_REPRESENTATION_CONTEXT(2) 
PARAMETRIC_REPRESENTATION_CONTEXT() REPRESENTATION_CONTEXT('2D SPACE',''
  ) );
#6546 = ORIENTED_EDGE('',*,*,#862,.F.);
#6547 = ORIENTED_EDGE('',*,*,#6548,.F.);
#6548 = EDGE_CURVE('',#6549,#863,#6551,.T.);
#6549 = VERTEX_POINT('',#6550);
#6550 = CARTESIAN_POINT('',(162.,282.,288.));
#6551 = SURFACE_CURVE('',#6552,(#6556,#6562),.PCURVE_S1.);
#6552 = LINE('',#6553,#6554);
#6553 = CARTESIAN_POINT('',(162.,282.,227.90712832906));
#6554 = VECTOR('',#6555,1.);
#6555 = DIRECTION('',(0.,-0.,1.));
#6556 = PCURVE('',#878,#6557);
#6557 = DEFINITIONAL_REPRESENTATION('',(#6558),#6561);
#6558 = B_SPLINE_CURVE_WITH_KNOTS('',1,(#6559,#6560),.UNSPECIFIED.,.F.,
  .F.,(2,2),(60.092871670933,72.092871670933),.PIECEWISE_BEZIER_KNOTS.);
#6559 = CARTESIAN_POINT('',(82.867978676182,120.18574334186));
#6560 = CARTESIAN_POINT('',(82.867978676182,132.18574334186));
#6561 = ( GEOMETRIC_REPRESENTATION_CONTEXT(2) 
PARAMETRIC_REPRESENTATION_CONTEXT() REPRESENTATION_CONTEXT('2D SPACE',''
  ) );
#6562 = PCURVE('',#905,#6563);
#6563 = DEFINITIONAL_REPRESENTATION('',(#6564),#6567);
#6564 = B_SPLINE_CURVE_WITH_KNOTS('',1,(#6565,#6566),.UNSPECIFIED.,.F.,
  .F.,(2,2),(60.092871670933,72.092871670933),.PIECEWISE_BEZIER_KNOTS.);
#6565 = CARTESIAN_POINT('',(0.,8.5));
#6566 = CARTESIAN_POINT('',(12.,8.5));
#6567 = ( GEOMETRIC_REPRESENTATION_CONTEXT(2) 
PARAMETRIC_REPRESENTATION_CONTEXT() REPRESENTATION_CONTEXT('2D SPACE',''
  ) );
#6568 = ORIENTED_EDGE('',*,*,#6569,.T.);
#6569 = EDGE_CURVE('',#6549,#6570,#6572,.T.);
#6570 = VERTEX_POINT('',#6571);
#6571 = CARTESIAN_POINT('',(162.,275.80000000001,288.));
#6572 = SURFACE_CURVE('',#6573,(#6577,#6583),.PCURVE_S1.);
#6573 = LINE('',#6574,#6575);
#6574 = CARTESIAN_POINT('',(162.,233.5660106619,288.));
#6575 = VECTOR('',#6576,1.);
#6576 = DIRECTION('',(0.,-1.,0.));
#6577 = PCURVE('',#878,#6578);
#6578 = DEFINITIONAL_REPRESENTATION('',(#6579),#6582);
#6579 = B_SPLINE_CURVE_WITH_KNOTS('',1,(#6580,#6581),.UNSPECIFIED.,.F.,
  .F.,(2,2),(-48.43398933809,-34.43398933809),.PIECEWISE_BEZIER_KNOTS.);
#6580 = CARTESIAN_POINT('',(82.867978676182,120.18574334186));
#6581 = CARTESIAN_POINT('',(68.867978676182,120.18574334186));
#6582 = ( GEOMETRIC_REPRESENTATION_CONTEXT(2) 
PARAMETRIC_REPRESENTATION_CONTEXT() REPRESENTATION_CONTEXT('2D SPACE',''
  ) );
#6583 = PCURVE('',#6584,#6589);
#6584 = PLANE('',#6585);
#6585 = AXIS2_PLACEMENT_3D('',#6586,#6587,#6588);
#6586 = CARTESIAN_POINT('',(153.5,268.,288.));
#6587 = DIRECTION('',(0.,0.,1.));
#6588 = DIRECTION('',(1.,0.,-0.));
#6589 = DEFINITIONAL_REPRESENTATION('',(#6590),#6593);
#6590 = B_SPLINE_CURVE_WITH_KNOTS('',1,(#6591,#6592),.UNSPECIFIED.,.F.,
  .F.,(2,2),(-48.43398933809,-34.43398933809),.PIECEWISE_BEZIER_KNOTS.);
#6591 = CARTESIAN_POINT('',(8.5,14.));
#6592 = CARTESIAN_POINT('',(8.5,0.));
#6593 = ( GEOMETRIC_REPRESENTATION_CONTEXT(2) 
PARAMETRIC_REPRESENTATION_CONTEXT() REPRESENTATION_CONTEXT('2D SPACE',''
  ) );
#6594 = ORIENTED_EDGE('',*,*,#6595,.F.);
#6595 = EDGE_CURVE('',#6596,#6570,#6598,.T.);
#6596 = VERTEX_POINT('',#6597);
#6597 = CARTESIAN_POINT('',(162.,275.8,287.));
#6598 = SURFACE_CURVE('',#6599,(#6603,#6609),.PCURVE_S1.);
#6599 = LINE('',#6600,#6601);
#6600 = CARTESIAN_POINT('',(162.,275.8,287.));
#6601 = VECTOR('',#6602,1.);
#6602 = DIRECTION('',(0.,0.,1.));
#6603 = PCURVE('',#878,#6604);
#6604 = DEFINITIONAL_REPRESENTATION('',(#6605),#6608);
#6605 = B_SPLINE_CURVE_WITH_KNOTS('',1,(#6606,#6607),.UNSPECIFIED.,.F.,
  .F.,(2,2),(-6.000000212225E-07,14.0000006),.PIECEWISE_BEZIER_KNOTS.);
#6606 = CARTESIAN_POINT('',(76.667978676182,119.18574274186));
#6607 = CARTESIAN_POINT('',(76.667978676182,133.18574394186));
#6608 = ( GEOMETRIC_REPRESENTATION_CONTEXT(2) 
PARAMETRIC_REPRESENTATION_CONTEXT() REPRESENTATION_CONTEXT('2D SPACE',''
  ) );
#6609 = PCURVE('',#2074,#6610);
#6610 = DEFINITIONAL_REPRESENTATION('',(#6611),#6614);
#6611 = B_SPLINE_CURVE_WITH_KNOTS('',1,(#6612,#6613),.UNSPECIFIED.,.F.,
  .F.,(2,2),(-6.000000212225E-07,14.0000006),.PIECEWISE_BEZIER_KNOTS.);
#6612 = CARTESIAN_POINT('',(0.489957326254,-6.000000212225E-07));
#6613 = CARTESIAN_POINT('',(0.489957326254,14.0000006));
#6614 = ( GEOMETRIC_REPRESENTATION_CONTEXT(2) 
PARAMETRIC_REPRESENTATION_CONTEXT() REPRESENTATION_CONTEXT('2D SPACE',''
  ) );
#6615 = ORIENTED_EDGE('',*,*,#6616,.T.);
#6616 = EDGE_CURVE('',#6596,#6617,#6619,.T.);
#6617 = VERTEX_POINT('',#6618);
#6618 = CARTESIAN_POINT('',(162.,274.2,287.));
#6619 = SURFACE_CURVE('',#6620,(#6624,#6630),.PCURVE_S1.);
#6620 = LINE('',#6621,#6622);
#6621 = CARTESIAN_POINT('',(162.,237.0660106619,287.));
#6622 = VECTOR('',#6623,1.);
#6623 = DIRECTION('',(0.,-1.,0.));
#6624 = PCURVE('',#878,#6625);
#6625 = DEFINITIONAL_REPRESENTATION('',(#6626),#6629);
#6626 = B_SPLINE_CURVE_WITH_KNOTS('',1,(#6627,#6628),.UNSPECIFIED.,.F.,
  .F.,(2,2),(-39.63398933809,-36.23398933809),.PIECEWISE_BEZIER_KNOTS.);
#6627 = CARTESIAN_POINT('',(77.567978676182,119.18574334186));
#6628 = CARTESIAN_POINT('',(74.167978676182,119.18574334186));
#6629 = ( GEOMETRIC_REPRESENTATION_CONTEXT(2) 
PARAMETRIC_REPRESENTATION_CONTEXT() REPRESENTATION_CONTEXT('2D SPACE',''
  ) );
#6630 = PCURVE('',#6631,#6636);
#6631 = PLANE('',#6632);
#6632 = AXIS2_PLACEMENT_3D('',#6633,#6634,#6635);
#6633 = CARTESIAN_POINT('',(160.5,275.,287.));
#6634 = DIRECTION('',(0.,0.,1.));
#6635 = DIRECTION('',(1.,0.,-0.));
#6636 = DEFINITIONAL_REPRESENTATION('',(#6637),#6640);
#6637 = B_SPLINE_CURVE_WITH_KNOTS('',1,(#6638,#6639),.UNSPECIFIED.,.F.,
  .F.,(2,2),(-39.63398933809,-36.23398933809),.PIECEWISE_BEZIER_KNOTS.);
#6638 = CARTESIAN_POINT('',(1.5,1.7));
#6639 = CARTESIAN_POINT('',(1.5,-1.7));
#6640 = ( GEOMETRIC_REPRESENTATION_CONTEXT(2) 
PARAMETRIC_REPRESENTATION_CONTEXT() REPRESENTATION_CONTEXT('2D SPACE',''
  ) );
#6641 = ORIENTED_EDGE('',*,*,#6642,.T.);
#6642 = EDGE_CURVE('',#6617,#6643,#6645,.T.);
#6643 = VERTEX_POINT('',#6644);
#6644 = CARTESIAN_POINT('',(162.,274.19999999998,288.));
#6645 = SURFACE_CURVE('',#6646,(#6650,#6656),.PCURVE_S1.);
#6646 = LINE('',#6647,#6648);
#6647 = CARTESIAN_POINT('',(162.,274.2,287.));
#6648 = VECTOR('',#6649,1.);
#6649 = DIRECTION('',(0.,0.,1.));
#6650 = PCURVE('',#878,#6651);
#6651 = DEFINITIONAL_REPRESENTATION('',(#6652),#6655);
#6652 = B_SPLINE_CURVE_WITH_KNOTS('',1,(#6653,#6654),.UNSPECIFIED.,.F.,
  .F.,(2,2),(-6.000000212225E-07,14.0000006),.PIECEWISE_BEZIER_KNOTS.);
#6653 = CARTESIAN_POINT('',(75.067978676182,119.18574274186));
#6654 = CARTESIAN_POINT('',(75.067978676182,133.18574394186));
#6655 = ( GEOMETRIC_REPRESENTATION_CONTEXT(2) 
PARAMETRIC_REPRESENTATION_CONTEXT() REPRESENTATION_CONTEXT('2D SPACE',''
  ) );
#6656 = PCURVE('',#2074,#6657);
#6657 = DEFINITIONAL_REPRESENTATION('',(#6658),#6661);
#6658 = B_SPLINE_CURVE_WITH_KNOTS('',1,(#6659,#6660),.UNSPECIFIED.,.F.,
  .F.,(2,2),(-6.000000212225E-07,14.0000006),.PIECEWISE_BEZIER_KNOTS.);
#6659 = CARTESIAN_POINT('',(5.793227980926,-6.000000212225E-07));
#6660 = CARTESIAN_POINT('',(5.793227980926,14.0000006));
#6661 = ( GEOMETRIC_REPRESENTATION_CONTEXT(2) 
PARAMETRIC_REPRESENTATION_CONTEXT() REPRESENTATION_CONTEXT('2D SPACE',''
  ) );
#6662 = ORIENTED_EDGE('',*,*,#6663,.T.);
#6663 = EDGE_CURVE('',#6643,#6664,#6666,.T.);
#6664 = VERTEX_POINT('',#6665);
#6665 = CARTESIAN_POINT('',(162.,268.,288.));
#6666 = SURFACE_CURVE('',#6667,(#6671,#6677),.PCURVE_S1.);
#6667 = LINE('',#6668,#6669);
#6668 = CARTESIAN_POINT('',(162.,233.5660106619,288.));
#6669 = VECTOR('',#6670,1.);
#6670 = DIRECTION('',(0.,-1.,0.));
#6671 = PCURVE('',#878,#6672);
#6672 = DEFINITIONAL_REPRESENTATION('',(#6673),#6676);
#6673 = B_SPLINE_CURVE_WITH_KNOTS('',1,(#6674,#6675),.UNSPECIFIED.,.F.,
  .F.,(2,2),(-48.43398933809,-34.43398933809),.PIECEWISE_BEZIER_KNOTS.);
#6674 = CARTESIAN_POINT('',(82.867978676182,120.18574334186));
#6675 = CARTESIAN_POINT('',(68.867978676182,120.18574334186));
#6676 = ( GEOMETRIC_REPRESENTATION_CONTEXT(2) 
PARAMETRIC_REPRESENTATION_CONTEXT() REPRESENTATION_CONTEXT('2D SPACE',''
  ) );
#6677 = PCURVE('',#6584,#6678);
#6678 = DEFINITIONAL_REPRESENTATION('',(#6679),#6682);
#6679 = B_SPLINE_CURVE_WITH_KNOTS('',1,(#6680,#6681),.UNSPECIFIED.,.F.,
  .F.,(2,2),(-48.43398933809,-34.43398933809),.PIECEWISE_BEZIER_KNOTS.);
#6680 = CARTESIAN_POINT('',(8.5,14.));
#6681 = CARTESIAN_POINT('',(8.5,0.));
#6682 = ( GEOMETRIC_REPRESENTATION_CONTEXT(2) 
PARAMETRIC_REPRESENTATION_CONTEXT() REPRESENTATION_CONTEXT('2D SPACE',''
  ) );
#6683 = ORIENTED_EDGE('',*,*,#6684,.T.);
#6684 = EDGE_CURVE('',#6664,#946,#6685,.T.);
#6685 = SURFACE_CURVE('',#6686,(#6690,#6696),.PCURVE_S1.);
#6686 = LINE('',#6687,#6688);
#6687 = CARTESIAN_POINT('',(162.,268.,227.90712832906));
#6688 = VECTOR('',#6689,1.);
#6689 = DIRECTION('',(0.,-0.,1.));
#6690 = PCURVE('',#878,#6691);
#6691 = DEFINITIONAL_REPRESENTATION('',(#6692),#6695);
#6692 = B_SPLINE_CURVE_WITH_KNOTS('',1,(#6693,#6694),.UNSPECIFIED.,.F.,
  .F.,(2,2),(60.092871670933,72.092871670933),.PIECEWISE_BEZIER_KNOTS.);
#6693 = CARTESIAN_POINT('',(68.867978676182,120.18574334186));
#6694 = CARTESIAN_POINT('',(68.867978676182,132.18574334186));
#6695 = ( GEOMETRIC_REPRESENTATION_CONTEXT(2) 
PARAMETRIC_REPRESENTATION_CONTEXT() REPRESENTATION_CONTEXT('2D SPACE',''
  ) );
#6696 = PCURVE('',#961,#6697);
#6697 = DEFINITIONAL_REPRESENTATION('',(#6698),#6701);
#6698 = B_SPLINE_CURVE_WITH_KNOTS('',1,(#6699,#6700),.UNSPECIFIED.,.F.,
  .F.,(2,2),(60.092871670933,72.092871670933),.PIECEWISE_BEZIER_KNOTS.);
#6699 = CARTESIAN_POINT('',(0.,8.5));
#6700 = CARTESIAN_POINT('',(12.,8.5));
#6701 = ( GEOMETRIC_REPRESENTATION_CONTEXT(2) 
PARAMETRIC_REPRESENTATION_CONTEXT() REPRESENTATION_CONTEXT('2D SPACE',''
  ) );
#6702 = ORIENTED_EDGE('',*,*,#973,.F.);
#6703 = ORIENTED_EDGE('',*,*,#6397,.F.);
#6704 = ORIENTED_EDGE('',*,*,#6705,.T.);
#6705 = EDGE_CURVE('',#6373,#6706,#6708,.T.);
#6706 = VERTEX_POINT('',#6707);
#6707 = CARTESIAN_POINT('',(162.,212.711312334,288.));
#6708 = SURFACE_CURVE('',#6709,(#6713,#6719),.PCURVE_S1.);
#6709 = LINE('',#6710,#6711);
#6710 = CARTESIAN_POINT('',(162.,201.57166682891,288.));
#6711 = VECTOR('',#6712,1.);
#6712 = DIRECTION('',(0.,-1.,0.));
#6713 = PCURVE('',#878,#6714);
#6714 = DEFINITIONAL_REPRESENTATION('',(#6715),#6718);
#6715 = B_SPLINE_CURVE_WITH_KNOTS('',1,(#6716,#6717),.UNSPECIFIED.,.F.,
  .F.,(2,2),(-16.43964550509,-2.439645505093),.PIECEWISE_BEZIER_KNOTS.);
#6716 = CARTESIAN_POINT('',(18.879291010186,120.18574334186));
#6717 = CARTESIAN_POINT('',(4.879291010186,120.18574334186));
#6718 = ( GEOMETRIC_REPRESENTATION_CONTEXT(2) 
PARAMETRIC_REPRESENTATION_CONTEXT() REPRESENTATION_CONTEXT('2D SPACE',''
  ) );
#6719 = PCURVE('',#6212,#6720);
#6720 = DEFINITIONAL_REPRESENTATION('',(#6721),#6724);
#6721 = B_SPLINE_CURVE_WITH_KNOTS('',1,(#6722,#6723),.UNSPECIFIED.,.F.,
  .F.,(2,2),(-16.43964550509,-2.439645505093),.PIECEWISE_BEZIER_KNOTS.);
#6722 = CARTESIAN_POINT('',(7.,14.));
#6723 = CARTESIAN_POINT('',(7.,0.));
#6724 = ( GEOMETRIC_REPRESENTATION_CONTEXT(2) 
PARAMETRIC_REPRESENTATION_CONTEXT() REPRESENTATION_CONTEXT('2D SPACE',''
  ) );
#6725 = ORIENTED_EDGE('',*,*,#6726,.F.);
#6726 = EDGE_CURVE('',#6727,#6706,#6729,.T.);
#6727 = VERTEX_POINT('',#6728);
#6728 = CARTESIAN_POINT('',(162.,212.711312334,287.));
#6729 = SURFACE_CURVE('',#6730,(#6734,#6740),.PCURVE_S1.);
#6730 = LINE('',#6731,#6732);
#6731 = CARTESIAN_POINT('',(162.,212.711312334,287.));
#6732 = VECTOR('',#6733,1.);
#6733 = DIRECTION('',(0.,0.,1.));
#6734 = PCURVE('',#878,#6735);
#6735 = DEFINITIONAL_REPRESENTATION('',(#6736),#6739);
#6736 = B_SPLINE_CURVE_WITH_KNOTS('',1,(#6737,#6738),.UNSPECIFIED.,.F.,
  .F.,(2,2),(-6.000000212225E-07,14.0000006),.PIECEWISE_BEZIER_KNOTS.);
#6737 = CARTESIAN_POINT('',(13.579291010186,119.18574274186));
#6738 = CARTESIAN_POINT('',(13.579291010186,133.18574394186));
#6739 = ( GEOMETRIC_REPRESENTATION_CONTEXT(2) 
PARAMETRIC_REPRESENTATION_CONTEXT() REPRESENTATION_CONTEXT('2D SPACE',''
  ) );
#6740 = PCURVE('',#1981,#6741);
#6741 = DEFINITIONAL_REPRESENTATION('',(#6742),#6745);
#6742 = B_SPLINE_CURVE_WITH_KNOTS('',1,(#6743,#6744),.UNSPECIFIED.,.F.,
  .F.,(2,2),(-6.000000212225E-07,14.0000006),.PIECEWISE_BEZIER_KNOTS.);
#6743 = CARTESIAN_POINT('',(1.570796326795,-6.000000212225E-07));
#6744 = CARTESIAN_POINT('',(1.570796326795,14.0000006));
#6745 = ( GEOMETRIC_REPRESENTATION_CONTEXT(2) 
PARAMETRIC_REPRESENTATION_CONTEXT() REPRESENTATION_CONTEXT('2D SPACE',''
  ) );
#6746 = ORIENTED_EDGE('',*,*,#6747,.T.);
#6747 = EDGE_CURVE('',#6727,#6748,#6750,.T.);
#6748 = VERTEX_POINT('',#6749);
#6749 = CARTESIAN_POINT('',(162.,209.311312334,287.));
#6750 = SURFACE_CURVE('',#6751,(#6755,#6761),.PCURVE_S1.);
#6751 = LINE('',#6752,#6753);
#6752 = CARTESIAN_POINT('',(162.,205.07166682891,287.));
#6753 = VECTOR('',#6754,1.);
#6754 = DIRECTION('',(0.,-1.,0.));
#6755 = PCURVE('',#878,#6756);
#6756 = DEFINITIONAL_REPRESENTATION('',(#6757),#6760);
#6757 = B_SPLINE_CURVE_WITH_KNOTS('',1,(#6758,#6759),.UNSPECIFIED.,.F.,
  .F.,(2,2),(-7.639645505093,-4.239645505093),.PIECEWISE_BEZIER_KNOTS.);
#6758 = CARTESIAN_POINT('',(13.579291010186,119.18574334186));
#6759 = CARTESIAN_POINT('',(10.179291010186,119.18574334186));
#6760 = ( GEOMETRIC_REPRESENTATION_CONTEXT(2) 
PARAMETRIC_REPRESENTATION_CONTEXT() REPRESENTATION_CONTEXT('2D SPACE',''
  ) );
#6761 = PCURVE('',#6762,#6767);
#6762 = PLANE('',#6763);
#6763 = AXIS2_PLACEMENT_3D('',#6764,#6765,#6766);
#6764 = CARTESIAN_POINT('',(162.,211.011312334,287.));
#6765 = DIRECTION('',(0.,0.,1.));
#6766 = DIRECTION('',(1.,0.,-0.));
#6767 = DEFINITIONAL_REPRESENTATION('',(#6768),#6771);
#6768 = B_SPLINE_CURVE_WITH_KNOTS('',1,(#6769,#6770),.UNSPECIFIED.,.F.,
  .F.,(2,2),(-7.639645505093,-4.239645505093),.PIECEWISE_BEZIER_KNOTS.);
#6769 = CARTESIAN_POINT('',(0.,1.7));
#6770 = CARTESIAN_POINT('',(0.,-1.7));
#6771 = ( GEOMETRIC_REPRESENTATION_CONTEXT(2) 
PARAMETRIC_REPRESENTATION_CONTEXT() REPRESENTATION_CONTEXT('2D SPACE',''
  ) );
#6772 = ORIENTED_EDGE('',*,*,#6773,.T.);
#6773 = EDGE_CURVE('',#6748,#6774,#6776,.T.);
#6774 = VERTEX_POINT('',#6775);
#6775 = CARTESIAN_POINT('',(162.,209.311312334,288.));
#6776 = SURFACE_CURVE('',#6777,(#6781,#6787),.PCURVE_S1.);
#6777 = LINE('',#6778,#6779);
#6778 = CARTESIAN_POINT('',(162.,209.311312334,287.));
#6779 = VECTOR('',#6780,1.);
#6780 = DIRECTION('',(0.,0.,1.));
#6781 = PCURVE('',#878,#6782);
#6782 = DEFINITIONAL_REPRESENTATION('',(#6783),#6786);
#6783 = B_SPLINE_CURVE_WITH_KNOTS('',1,(#6784,#6785),.UNSPECIFIED.,.F.,
  .F.,(2,2),(-6.000000212225E-07,14.0000006),.PIECEWISE_BEZIER_KNOTS.);
#6784 = CARTESIAN_POINT('',(10.179291010186,119.18574274186));
#6785 = CARTESIAN_POINT('',(10.179291010186,133.18574394186));
#6786 = ( GEOMETRIC_REPRESENTATION_CONTEXT(2) 
PARAMETRIC_REPRESENTATION_CONTEXT() REPRESENTATION_CONTEXT('2D SPACE',''
  ) );
#6787 = PCURVE('',#1981,#6788);
#6788 = DEFINITIONAL_REPRESENTATION('',(#6789),#6792);
#6789 = B_SPLINE_CURVE_WITH_KNOTS('',1,(#6790,#6791),.UNSPECIFIED.,.F.,
  .F.,(2,2),(-6.000000212225E-07,14.0000006),.PIECEWISE_BEZIER_KNOTS.);
#6790 = CARTESIAN_POINT('',(4.712388980385,-6.000000212225E-07));
#6791 = CARTESIAN_POINT('',(4.712388980385,14.0000006));
#6792 = ( GEOMETRIC_REPRESENTATION_CONTEXT(2) 
PARAMETRIC_REPRESENTATION_CONTEXT() REPRESENTATION_CONTEXT('2D SPACE',''
  ) );
#6793 = ORIENTED_EDGE('',*,*,#6794,.T.);
#6794 = EDGE_CURVE('',#6774,#6795,#6797,.T.);
#6795 = VERTEX_POINT('',#6796);
#6796 = CARTESIAN_POINT('',(162.,204.011312334,288.));
#6797 = SURFACE_CURVE('',#6798,(#6802,#6808),.PCURVE_S1.);
#6798 = LINE('',#6799,#6800);
#6799 = CARTESIAN_POINT('',(162.,201.57166682891,288.));
#6800 = VECTOR('',#6801,1.);
#6801 = DIRECTION('',(0.,-1.,0.));
#6802 = PCURVE('',#878,#6803);
#6803 = DEFINITIONAL_REPRESENTATION('',(#6804),#6807);
#6804 = B_SPLINE_CURVE_WITH_KNOTS('',1,(#6805,#6806),.UNSPECIFIED.,.F.,
  .F.,(2,2),(-16.43964550509,-2.439645505093),.PIECEWISE_BEZIER_KNOTS.);
#6805 = CARTESIAN_POINT('',(18.879291010186,120.18574334186));
#6806 = CARTESIAN_POINT('',(4.879291010186,120.18574334186));
#6807 = ( GEOMETRIC_REPRESENTATION_CONTEXT(2) 
PARAMETRIC_REPRESENTATION_CONTEXT() REPRESENTATION_CONTEXT('2D SPACE',''
  ) );
#6808 = PCURVE('',#6212,#6809);
#6809 = DEFINITIONAL_REPRESENTATION('',(#6810),#6813);
#6810 = B_SPLINE_CURVE_WITH_KNOTS('',1,(#6811,#6812),.UNSPECIFIED.,.F.,
  .F.,(2,2),(-16.43964550509,-2.439645505093),.PIECEWISE_BEZIER_KNOTS.);
#6811 = CARTESIAN_POINT('',(7.,14.));
#6812 = CARTESIAN_POINT('',(7.,0.));
#6813 = ( GEOMETRIC_REPRESENTATION_CONTEXT(2) 
PARAMETRIC_REPRESENTATION_CONTEXT() REPRESENTATION_CONTEXT('2D SPACE',''
  ) );
#6814 = ORIENTED_EDGE('',*,*,#6815,.T.);
#6815 = EDGE_CURVE('',#6795,#1856,#6816,.T.);
#6816 = SURFACE_CURVE('',#6817,(#6821,#6827),.PCURVE_S1.);
#6817 = LINE('',#6818,#6819);
#6818 = CARTESIAN_POINT('',(162.,204.011312334,227.90712832906));
#6819 = VECTOR('',#6820,1.);
#6820 = DIRECTION('',(0.,-0.,1.));
#6821 = PCURVE('',#878,#6822);
#6822 = DEFINITIONAL_REPRESENTATION('',(#6823),#6826);
#6823 = B_SPLINE_CURVE_WITH_KNOTS('',1,(#6824,#6825),.UNSPECIFIED.,.F.,
  .F.,(2,2),(60.092871670933,72.092871670933),.PIECEWISE_BEZIER_KNOTS.);
#6824 = CARTESIAN_POINT('',(4.879291010186,120.18574334186));
#6825 = CARTESIAN_POINT('',(4.879291010186,132.18574334186));
#6826 = ( GEOMETRIC_REPRESENTATION_CONTEXT(2) 
PARAMETRIC_REPRESENTATION_CONTEXT() REPRESENTATION_CONTEXT('2D SPACE',''
  ) );
#6827 = PCURVE('',#1871,#6828);
#6828 = DEFINITIONAL_REPRESENTATION('',(#6829),#6832);
#6829 = B_SPLINE_CURVE_WITH_KNOTS('',1,(#6830,#6831),.UNSPECIFIED.,.F.,
  .F.,(2,2),(60.092871670933,72.092871670933),.PIECEWISE_BEZIER_KNOTS.);
#6830 = CARTESIAN_POINT('',(0.,7.));
#6831 = CARTESIAN_POINT('',(12.,7.));
#6832 = ( GEOMETRIC_REPRESENTATION_CONTEXT(2) 
PARAMETRIC_REPRESENTATION_CONTEXT() REPRESENTATION_CONTEXT('2D SPACE',''
  ) );
#6833 = ORIENTED_EDGE('',*,*,#1883,.F.);
#6834 = ORIENTED_EDGE('',*,*,#6835,.T.);
#6835 = EDGE_CURVE('',#1884,#6836,#6838,.T.);
#6836 = VERTEX_POINT('',#6837);
#6837 = CARTESIAN_POINT('',(162.,166.89030653782,137.));
#6838 = SURFACE_CURVE('',#6839,(#6843,#6849),.PCURVE_S1.);
#6839 = LINE('',#6840,#6841);
#6840 = CARTESIAN_POINT('',(162.,207.71094047798,329.04598352288));
#6841 = VECTOR('',#6842,1.);
#6842 = DIRECTION('',(0.,-0.207911690818,-0.978147600734));
#6843 = PCURVE('',#878,#6844);
#6844 = DEFINITIONAL_REPRESENTATION('',(#6845),#6848);
#6845 = B_SPLINE_CURVE_WITH_KNOTS('',1,(#6846,#6847),.UNSPECIFIED.,.F.,
  .F.,(2,2),(-6.000002463201E-07,220.9958498358),
  .PIECEWISE_BEZIER_KNOTS.);
#6846 = CARTESIAN_POINT('',(8.578919278913,161.23172745164));
#6847 = CARTESIAN_POINT('',(-37.3687016489,-54.93483342426));
#6848 = ( GEOMETRIC_REPRESENTATION_CONTEXT(2) 
PARAMETRIC_REPRESENTATION_CONTEXT() REPRESENTATION_CONTEXT('2D SPACE',''
  ) );
#6849 = PCURVE('',#1922,#6850);
#6850 = DEFINITIONAL_REPRESENTATION('',(#6851),#6854);
#6851 = B_SPLINE_CURVE_WITH_KNOTS('',1,(#6852,#6853),.UNSPECIFIED.,.F.,
  .F.,(2,2),(-6.000002463201E-07,220.9958498358),
  .PIECEWISE_BEZIER_KNOTS.);
#6852 = CARTESIAN_POINT('',(-0.460553991681,-6.000002545357E-07));
#6853 = CARTESIAN_POINT('',(-0.460553991681,220.9958498358));
#6854 = ( GEOMETRIC_REPRESENTATION_CONTEXT(2) 
PARAMETRIC_REPRESENTATION_CONTEXT() REPRESENTATION_CONTEXT('2D SPACE',''
  ) );
#6855 = ORIENTED_EDGE('',*,*,#6856,.F.);
#6856 = EDGE_CURVE('',#6857,#6836,#6859,.T.);
#6857 = VERTEX_POINT('',#6858);
#6858 = CARTESIAN_POINT('',(162.,180.81391404175,137.));
#6859 = SURFACE_CURVE('',#6860,(#6864,#6870),.PCURVE_S1.);
#6860 = LINE('',#6861,#6862);
#6861 = CARTESIAN_POINT('',(162.,182.97296768278,137.));
#6862 = VECTOR('',#6863,1.);
#6863 = DIRECTION('',(0.,-1.,0.));
#6864 = PCURVE('',#878,#6865);
#6865 = DEFINITIONAL_REPRESENTATION('',(#6866),#6869);
#6866 = B_SPLINE_CURVE_WITH_KNOTS('',1,(#6867,#6868),.UNSPECIFIED.,.F.,
  .F.,(2,2),(2.159053641034,16.159053641034),.PIECEWISE_BEZIER_KNOTS.);
#6867 = CARTESIAN_POINT('',(-18.31810728206,-30.81425665813));
#6868 = CARTESIAN_POINT('',(-32.31810728206,-30.81425665813));
#6869 = ( GEOMETRIC_REPRESENTATION_CONTEXT(2) 
PARAMETRIC_REPRESENTATION_CONTEXT() REPRESENTATION_CONTEXT('2D SPACE',''
  ) );
#6870 = PCURVE('',#6117,#6871);
#6871 = DEFINITIONAL_REPRESENTATION('',(#6872),#6875);
#6872 = B_SPLINE_CURVE_WITH_KNOTS('',1,(#6873,#6874),.UNSPECIFIED.,.F.,
  .F.,(2,2),(2.159053641034,16.159053641034),.PIECEWISE_BEZIER_KNOTS.);
#6873 = CARTESIAN_POINT('',(7.,14.));
#6874 = CARTESIAN_POINT('',(7.,0.));
#6875 = ( GEOMETRIC_REPRESENTATION_CONTEXT(2) 
PARAMETRIC_REPRESENTATION_CONTEXT() REPRESENTATION_CONTEXT('2D SPACE',''
  ) );
#6876 = ORIENTED_EDGE('',*,*,#6877,.F.);
#6877 = EDGE_CURVE('',#6878,#6857,#6880,.T.);
#6878 = VERTEX_POINT('',#6879);
#6879 = CARTESIAN_POINT('',(162.,180.81391404175,125.));
#6880 = SURFACE_CURVE('',#6881,(#6885,#6891),.PCURVE_S1.);
#6881 = LINE('',#6882,#6883);
#6882 = CARTESIAN_POINT('',(162.,180.81391404175,146.40712832906));
#6883 = VECTOR('',#6884,1.);
#6884 = DIRECTION('',(0.,-0.,1.));
#6885 = PCURVE('',#878,#6886);
#6886 = DEFINITIONAL_REPRESENTATION('',(#6887),#6890);
#6887 = B_SPLINE_CURVE_WITH_KNOTS('',1,(#6888,#6889),.UNSPECIFIED.,.F.,
  .F.,(2,2),(-21.40712832906,-9.407128329067),.PIECEWISE_BEZIER_KNOTS.);
#6888 = CARTESIAN_POINT('',(-18.31810728206,-42.81425665813));
#6889 = CARTESIAN_POINT('',(-18.31810728206,-30.81425665813));
#6890 = ( GEOMETRIC_REPRESENTATION_CONTEXT(2) 
PARAMETRIC_REPRESENTATION_CONTEXT() REPRESENTATION_CONTEXT('2D SPACE',''
  ) );
#6891 = PCURVE('',#6892,#6897);
#6892 = PLANE('',#6893);
#6893 = AXIS2_PLACEMENT_3D('',#6894,#6895,#6896);
#6894 = CARTESIAN_POINT('',(155.,180.81391404175,125.));
#6895 = DIRECTION('',(-0.,1.,0.));
#6896 = DIRECTION('',(0.,0.,1.));
#6897 = DEFINITIONAL_REPRESENTATION('',(#6898),#6901);
#6898 = B_SPLINE_CURVE_WITH_KNOTS('',1,(#6899,#6900),.UNSPECIFIED.,.F.,
  .F.,(2,2),(-21.40712832906,-9.407128329067),.PIECEWISE_BEZIER_KNOTS.);
#6899 = CARTESIAN_POINT('',(0.,7.));
#6900 = CARTESIAN_POINT('',(12.,7.));
#6901 = ( GEOMETRIC_REPRESENTATION_CONTEXT(2) 
PARAMETRIC_REPRESENTATION_CONTEXT() REPRESENTATION_CONTEXT('2D SPACE',''
  ) );
#6902 = ORIENTED_EDGE('',*,*,#6903,.T.);
#6903 = EDGE_CURVE('',#6878,#6904,#6906,.T.);
#6904 = VERTEX_POINT('',#6905);
#6905 = CARTESIAN_POINT('',(162.,243.,125.));
#6906 = SURFACE_CURVE('',#6907,(#6911,#6917),.PCURVE_S1.);
#6907 = LINE('',#6908,#6909);
#6908 = CARTESIAN_POINT('',(162.,74.566010661909,125.));
#6909 = VECTOR('',#6910,1.);
#6910 = DIRECTION('',(0.,1.,0.));
#6911 = PCURVE('',#878,#6912);
#6912 = DEFINITIONAL_REPRESENTATION('',(#6913),#6916);
#6913 = B_SPLINE_CURVE_WITH_KNOTS('',1,(#6914,#6915),.UNSPECIFIED.,.F.,
  .F.,(2,2),(-69.17634586862,261.50308108701),.PIECEWISE_BEZIER_KNOTS.);
#6914 = CARTESIAN_POINT('',(-193.7423565305,-42.81425665813));
#6915 = CARTESIAN_POINT('',(136.9370704251,-42.81425665813));
#6916 = ( GEOMETRIC_REPRESENTATION_CONTEXT(2) 
PARAMETRIC_REPRESENTATION_CONTEXT() REPRESENTATION_CONTEXT('2D SPACE',''
  ) );
#6917 = PCURVE('',#2159,#6918);
#6918 = DEFINITIONAL_REPRESENTATION('',(#6919),#6923);
#6919 = LINE('',#6920,#6921);
#6920 = CARTESIAN_POINT('',(382.,124.5660106619));
#6921 = VECTOR('',#6922,1.);
#6922 = DIRECTION('',(0.,1.));
#6923 = ( GEOMETRIC_REPRESENTATION_CONTEXT(2) 
PARAMETRIC_REPRESENTATION_CONTEXT() REPRESENTATION_CONTEXT('2D SPACE',''
  ) );
#6924 = ORIENTED_EDGE('',*,*,#6925,.T.);
#6925 = EDGE_CURVE('',#6904,#6926,#6928,.T.);
#6926 = VERTEX_POINT('',#6927);
#6927 = CARTESIAN_POINT('',(162.,243.,137.));
#6928 = SURFACE_CURVE('',#6929,(#6933,#6939),.PCURVE_S1.);
#6929 = LINE('',#6930,#6931);
#6930 = CARTESIAN_POINT('',(162.,243.,146.40712832906));
#6931 = VECTOR('',#6932,1.);
#6932 = DIRECTION('',(0.,-0.,1.));
#6933 = PCURVE('',#878,#6934);
#6934 = DEFINITIONAL_REPRESENTATION('',(#6935),#6938);
#6935 = B_SPLINE_CURVE_WITH_KNOTS('',1,(#6936,#6937),.UNSPECIFIED.,.F.,
  .F.,(2,2),(-21.40712832906,-9.407128329067),.PIECEWISE_BEZIER_KNOTS.);
#6936 = CARTESIAN_POINT('',(43.867978676182,-42.81425665813));
#6937 = CARTESIAN_POINT('',(43.867978676182,-30.81425665813));
#6938 = ( GEOMETRIC_REPRESENTATION_CONTEXT(2) 
PARAMETRIC_REPRESENTATION_CONTEXT() REPRESENTATION_CONTEXT('2D SPACE',''
  ) );
#6939 = PCURVE('',#6940,#6945);
#6940 = PLANE('',#6941);
#6941 = AXIS2_PLACEMENT_3D('',#6942,#6943,#6944);
#6942 = CARTESIAN_POINT('',(153.5,243.,125.));
#6943 = DIRECTION('',(-0.,1.,0.));
#6944 = DIRECTION('',(0.,0.,1.));
#6945 = DEFINITIONAL_REPRESENTATION('',(#6946),#6949);
#6946 = B_SPLINE_CURVE_WITH_KNOTS('',1,(#6947,#6948),.UNSPECIFIED.,.F.,
  .F.,(2,2),(-21.40712832906,-9.407128329067),.PIECEWISE_BEZIER_KNOTS.);
#6947 = CARTESIAN_POINT('',(0.,8.5));
#6948 = CARTESIAN_POINT('',(12.,8.5));
#6949 = ( GEOMETRIC_REPRESENTATION_CONTEXT(2) 
PARAMETRIC_REPRESENTATION_CONTEXT() REPRESENTATION_CONTEXT('2D SPACE',''
  ) );
#6950 = ORIENTED_EDGE('',*,*,#6951,.F.);
#6951 = EDGE_CURVE('',#6422,#6926,#6952,.T.);
#6952 = SURFACE_CURVE('',#6953,(#6957,#6963),.PCURVE_S1.);
#6953 = LINE('',#6954,#6955);
#6954 = CARTESIAN_POINT('',(162.,221.0660106619,137.));
#6955 = VECTOR('',#6956,1.);
#6956 = DIRECTION('',(0.,-1.,0.));
#6957 = PCURVE('',#878,#6958);
#6958 = DEFINITIONAL_REPRESENTATION('',(#6959),#6962);
#6959 = B_SPLINE_CURVE_WITH_KNOTS('',1,(#6960,#6961),.UNSPECIFIED.,.F.,
  .F.,(2,2),(-35.93398933809,-21.93398933809),.PIECEWISE_BEZIER_KNOTS.);
#6960 = CARTESIAN_POINT('',(57.867978676182,-30.81425665813));
#6961 = CARTESIAN_POINT('',(43.867978676182,-30.81425665813));
#6962 = ( GEOMETRIC_REPRESENTATION_CONTEXT(2) 
PARAMETRIC_REPRESENTATION_CONTEXT() REPRESENTATION_CONTEXT('2D SPACE',''
  ) );
#6963 = PCURVE('',#6964,#6969);
#6964 = PLANE('',#6965);
#6965 = AXIS2_PLACEMENT_3D('',#6966,#6967,#6968);
#6966 = CARTESIAN_POINT('',(153.5,243.,137.));
#6967 = DIRECTION('',(0.,0.,1.));
#6968 = DIRECTION('',(1.,0.,-0.));
#6969 = DEFINITIONAL_REPRESENTATION('',(#6970),#6973);
#6970 = B_SPLINE_CURVE_WITH_KNOTS('',1,(#6971,#6972),.UNSPECIFIED.,.F.,
  .F.,(2,2),(-35.93398933809,-21.93398933809),.PIECEWISE_BEZIER_KNOTS.);
#6971 = CARTESIAN_POINT('',(8.5,14.));
#6972 = CARTESIAN_POINT('',(8.5,0.));
#6973 = ( GEOMETRIC_REPRESENTATION_CONTEXT(2) 
PARAMETRIC_REPRESENTATION_CONTEXT() REPRESENTATION_CONTEXT('2D SPACE',''
  ) );
#6974 = ADVANCED_FACE('',(#6975),#740,.F.);
#6975 = FACE_BOUND('',#6976,.F.);
#6976 = EDGE_LOOP('',(#6977,#6978,#7001,#7022));
#6977 = ORIENTED_EDGE('',*,*,#724,.F.);
#6978 = ORIENTED_EDGE('',*,*,#6979,.F.);
#6979 = EDGE_CURVE('',#6980,#725,#6982,.T.);
#6980 = VERTEX_POINT('',#6981);
#6981 = CARTESIAN_POINT('',(138.,283.2453718205,288.));
#6982 = SURFACE_CURVE('',#6983,(#6987,#6994),.PCURVE_S1.);
#6983 = LINE('',#6984,#6985);
#6984 = CARTESIAN_POINT('',(138.,283.2453718205,288.));
#6985 = VECTOR('',#6986,1.);
#6986 = DIRECTION('',(0.,0.,1.));
#6987 = PCURVE('',#740,#6988);
#6988 = DEFINITIONAL_REPRESENTATION('',(#6989),#6993);
#6989 = LINE('',#6990,#6991);
#6990 = CARTESIAN_POINT('',(0.,0.));
#6991 = VECTOR('',#6992,1.);
#6992 = DIRECTION('',(1.,0.));
#6993 = ( GEOMETRIC_REPRESENTATION_CONTEXT(2) 
PARAMETRIC_REPRESENTATION_CONTEXT() REPRESENTATION_CONTEXT('2D SPACE',''
  ) );
#6994 = PCURVE('',#768,#6995);
#6995 = DEFINITIONAL_REPRESENTATION('',(#6996),#7000);
#6996 = LINE('',#6997,#6998);
#6997 = CARTESIAN_POINT('',(0.,0.));
#6998 = VECTOR('',#6999,1.);
#6999 = DIRECTION('',(1.,0.));
#7000 = ( GEOMETRIC_REPRESENTATION_CONTEXT(2) 
PARAMETRIC_REPRESENTATION_CONTEXT() REPRESENTATION_CONTEXT('2D SPACE',''
  ) );
#7001 = ORIENTED_EDGE('',*,*,#7002,.T.);
#7002 = EDGE_CURVE('',#6980,#5915,#7003,.T.);
#7003 = SURFACE_CURVE('',#7004,(#7008,#7015),.PCURVE_S1.);
#7004 = LINE('',#7005,#7006);
#7005 = CARTESIAN_POINT('',(138.,283.2453718205,288.));
#7006 = VECTOR('',#7007,1.);
#7007 = DIRECTION('',(-0.,1.,0.));
#7008 = PCURVE('',#740,#7009);
#7009 = DEFINITIONAL_REPRESENTATION('',(#7010),#7014);
#7010 = LINE('',#7011,#7012);
#7011 = CARTESIAN_POINT('',(0.,0.));
#7012 = VECTOR('',#7013,1.);
#7013 = DIRECTION('',(0.,-1.));
#7014 = ( GEOMETRIC_REPRESENTATION_CONTEXT(2) 
PARAMETRIC_REPRESENTATION_CONTEXT() REPRESENTATION_CONTEXT('2D SPACE',''
  ) );
#7015 = PCURVE('',#5950,#7016);
#7016 = DEFINITIONAL_REPRESENTATION('',(#7017),#7021);
#7017 = LINE('',#7018,#7019);
#7018 = CARTESIAN_POINT('',(0.,0.));
#7019 = VECTOR('',#7020,1.);
#7020 = DIRECTION('',(0.,1.));
#7021 = ( GEOMETRIC_REPRESENTATION_CONTEXT(2) 
PARAMETRIC_REPRESENTATION_CONTEXT() REPRESENTATION_CONTEXT('2D SPACE',''
  ) );
#7022 = ORIENTED_EDGE('',*,*,#5914,.F.);
#7023 = ADVANCED_FACE('',(#7024),#961,.F.);
#7024 = FACE_BOUND('',#7025,.F.);
#7025 = EDGE_LOOP('',(#7026,#7049,#7070,#7071));
#7026 = ORIENTED_EDGE('',*,*,#7027,.F.);
#7027 = EDGE_CURVE('',#7028,#6664,#7030,.T.);
#7028 = VERTEX_POINT('',#7029);
#7029 = CARTESIAN_POINT('',(153.5,268.,288.));
#7030 = SURFACE_CURVE('',#7031,(#7035,#7042),.PCURVE_S1.);
#7031 = LINE('',#7032,#7033);
#7032 = CARTESIAN_POINT('',(153.5,268.,288.));
#7033 = VECTOR('',#7034,1.);
#7034 = DIRECTION('',(1.,0.,-0.));
#7035 = PCURVE('',#961,#7036);
#7036 = DEFINITIONAL_REPRESENTATION('',(#7037),#7041);
#7037 = LINE('',#7038,#7039);
#7038 = CARTESIAN_POINT('',(0.,0.));
#7039 = VECTOR('',#7040,1.);
#7040 = DIRECTION('',(0.,1.));
#7041 = ( GEOMETRIC_REPRESENTATION_CONTEXT(2) 
PARAMETRIC_REPRESENTATION_CONTEXT() REPRESENTATION_CONTEXT('2D SPACE',''
  ) );
#7042 = PCURVE('',#6584,#7043);
#7043 = DEFINITIONAL_REPRESENTATION('',(#7044),#7048);
#7044 = LINE('',#7045,#7046);
#7045 = CARTESIAN_POINT('',(0.,0.));
#7046 = VECTOR('',#7047,1.);
#7047 = DIRECTION('',(1.,0.));
#7048 = ( GEOMETRIC_REPRESENTATION_CONTEXT(2) 
PARAMETRIC_REPRESENTATION_CONTEXT() REPRESENTATION_CONTEXT('2D SPACE',''
  ) );
#7049 = ORIENTED_EDGE('',*,*,#7050,.T.);
#7050 = EDGE_CURVE('',#7028,#918,#7051,.T.);
#7051 = SURFACE_CURVE('',#7052,(#7056,#7063),.PCURVE_S1.);
#7052 = LINE('',#7053,#7054);
#7053 = CARTESIAN_POINT('',(153.5,268.,288.));
#7054 = VECTOR('',#7055,1.);
#7055 = DIRECTION('',(0.,0.,1.));
#7056 = PCURVE('',#961,#7057);
#7057 = DEFINITIONAL_REPRESENTATION('',(#7058),#7062);
#7058 = LINE('',#7059,#7060);
#7059 = CARTESIAN_POINT('',(0.,0.));
#7060 = VECTOR('',#7061,1.);
#7061 = DIRECTION('',(1.,0.));
#7062 = ( GEOMETRIC_REPRESENTATION_CONTEXT(2) 
PARAMETRIC_REPRESENTATION_CONTEXT() REPRESENTATION_CONTEXT('2D SPACE',''
  ) );
#7063 = PCURVE('',#933,#7064);
#7064 = DEFINITIONAL_REPRESENTATION('',(#7065),#7069);
#7065 = LINE('',#7066,#7067);
#7066 = CARTESIAN_POINT('',(0.,0.));
#7067 = VECTOR('',#7068,1.);
#7068 = DIRECTION('',(1.,0.));
#7069 = ( GEOMETRIC_REPRESENTATION_CONTEXT(2) 
PARAMETRIC_REPRESENTATION_CONTEXT() REPRESENTATION_CONTEXT('2D SPACE',''
  ) );
#7070 = ORIENTED_EDGE('',*,*,#945,.T.);
#7071 = ORIENTED_EDGE('',*,*,#6684,.F.);
#7072 = ADVANCED_FACE('',(#7073),#768,.F.);
#7073 = FACE_BOUND('',#7074,.F.);
#7074 = EDGE_LOOP('',(#7075,#7098,#7099,#7100));
#7075 = ORIENTED_EDGE('',*,*,#7076,.F.);
#7076 = EDGE_CURVE('',#6980,#7077,#7079,.T.);
#7077 = VERTEX_POINT('',#7078);
#7078 = CARTESIAN_POINT('',(152.,283.2453718205,288.));
#7079 = SURFACE_CURVE('',#7080,(#7084,#7091),.PCURVE_S1.);
#7080 = LINE('',#7081,#7082);
#7081 = CARTESIAN_POINT('',(138.,283.2453718205,288.));
#7082 = VECTOR('',#7083,1.);
#7083 = DIRECTION('',(1.,0.,-0.));
#7084 = PCURVE('',#768,#7085);
#7085 = DEFINITIONAL_REPRESENTATION('',(#7086),#7090);
#7086 = LINE('',#7087,#7088);
#7087 = CARTESIAN_POINT('',(0.,0.));
#7088 = VECTOR('',#7089,1.);
#7089 = DIRECTION('',(0.,1.));
#7090 = ( GEOMETRIC_REPRESENTATION_CONTEXT(2) 
PARAMETRIC_REPRESENTATION_CONTEXT() REPRESENTATION_CONTEXT('2D SPACE',''
  ) );
#7091 = PCURVE('',#5950,#7092);
#7092 = DEFINITIONAL_REPRESENTATION('',(#7093),#7097);
#7093 = LINE('',#7094,#7095);
#7094 = CARTESIAN_POINT('',(0.,0.));
#7095 = VECTOR('',#7096,1.);
#7096 = DIRECTION('',(1.,0.));
#7097 = ( GEOMETRIC_REPRESENTATION_CONTEXT(2) 
PARAMETRIC_REPRESENTATION_CONTEXT() REPRESENTATION_CONTEXT('2D SPACE',''
  ) );
#7098 = ORIENTED_EDGE('',*,*,#6979,.T.);
#7099 = ORIENTED_EDGE('',*,*,#752,.T.);
#7100 = ORIENTED_EDGE('',*,*,#7101,.F.);
#7101 = EDGE_CURVE('',#7077,#753,#7102,.T.);
#7102 = SURFACE_CURVE('',#7103,(#7107,#7114),.PCURVE_S1.);
#7103 = LINE('',#7104,#7105);
#7104 = CARTESIAN_POINT('',(152.,283.2453718205,288.));
#7105 = VECTOR('',#7106,1.);
#7106 = DIRECTION('',(0.,0.,1.));
#7107 = PCURVE('',#768,#7108);
#7108 = DEFINITIONAL_REPRESENTATION('',(#7109),#7113);
#7109 = LINE('',#7110,#7111);
#7110 = CARTESIAN_POINT('',(0.,14.));
#7111 = VECTOR('',#7112,1.);
#7112 = DIRECTION('',(1.,0.));
#7113 = ( GEOMETRIC_REPRESENTATION_CONTEXT(2) 
PARAMETRIC_REPRESENTATION_CONTEXT() REPRESENTATION_CONTEXT('2D SPACE',''
  ) );
#7114 = PCURVE('',#796,#7115);
#7115 = DEFINITIONAL_REPRESENTATION('',(#7116),#7120);
#7116 = LINE('',#7117,#7118);
#7117 = CARTESIAN_POINT('',(0.,0.));
#7118 = VECTOR('',#7119,1.);
#7119 = DIRECTION('',(1.,0.));
#7120 = ( GEOMETRIC_REPRESENTATION_CONTEXT(2) 
PARAMETRIC_REPRESENTATION_CONTEXT() REPRESENTATION_CONTEXT('2D SPACE',''
  ) );
#7121 = ADVANCED_FACE('',(#7122),#933,.F.);
#7122 = FACE_BOUND('',#7123,.F.);
#7123 = EDGE_LOOP('',(#7124,#7125,#7148,#7169));
#7124 = ORIENTED_EDGE('',*,*,#7050,.F.);
#7125 = ORIENTED_EDGE('',*,*,#7126,.T.);
#7126 = EDGE_CURVE('',#7028,#7127,#7129,.T.);
#7127 = VERTEX_POINT('',#7128);
#7128 = CARTESIAN_POINT('',(153.5,282.,288.));
#7129 = SURFACE_CURVE('',#7130,(#7134,#7141),.PCURVE_S1.);
#7130 = LINE('',#7131,#7132);
#7131 = CARTESIAN_POINT('',(153.5,268.,288.));
#7132 = VECTOR('',#7133,1.);
#7133 = DIRECTION('',(-0.,1.,0.));
#7134 = PCURVE('',#933,#7135);
#7135 = DEFINITIONAL_REPRESENTATION('',(#7136),#7140);
#7136 = LINE('',#7137,#7138);
#7137 = CARTESIAN_POINT('',(0.,0.));
#7138 = VECTOR('',#7139,1.);
#7139 = DIRECTION('',(0.,-1.));
#7140 = ( GEOMETRIC_REPRESENTATION_CONTEXT(2) 
PARAMETRIC_REPRESENTATION_CONTEXT() REPRESENTATION_CONTEXT('2D SPACE',''
  ) );
#7141 = PCURVE('',#6584,#7142);
#7142 = DEFINITIONAL_REPRESENTATION('',(#7143),#7147);
#7143 = LINE('',#7144,#7145);
#7144 = CARTESIAN_POINT('',(0.,0.));
#7145 = VECTOR('',#7146,1.);
#7146 = DIRECTION('',(0.,1.));
#7147 = ( GEOMETRIC_REPRESENTATION_CONTEXT(2) 
PARAMETRIC_REPRESENTATION_CONTEXT() REPRESENTATION_CONTEXT('2D SPACE',''
  ) );
#7148 = ORIENTED_EDGE('',*,*,#7149,.T.);
#7149 = EDGE_CURVE('',#7127,#890,#7150,.T.);
#7150 = SURFACE_CURVE('',#7151,(#7155,#7162),.PCURVE_S1.);
#7151 = LINE('',#7152,#7153);
#7152 = CARTESIAN_POINT('',(153.5,282.,288.));
#7153 = VECTOR('',#7154,1.);
#7154 = DIRECTION('',(0.,0.,1.));
#7155 = PCURVE('',#933,#7156);
#7156 = DEFINITIONAL_REPRESENTATION('',(#7157),#7161);
#7157 = LINE('',#7158,#7159);
#7158 = CARTESIAN_POINT('',(0.,-14.));
#7159 = VECTOR('',#7160,1.);
#7160 = DIRECTION('',(1.,0.));
#7161 = ( GEOMETRIC_REPRESENTATION_CONTEXT(2) 
PARAMETRIC_REPRESENTATION_CONTEXT() REPRESENTATION_CONTEXT('2D SPACE',''
  ) );
#7162 = PCURVE('',#905,#7163);
#7163 = DEFINITIONAL_REPRESENTATION('',(#7164),#7168);
#7164 = LINE('',#7165,#7166);
#7165 = CARTESIAN_POINT('',(0.,0.));
#7166 = VECTOR('',#7167,1.);
#7167 = DIRECTION('',(1.,0.));
#7168 = ( GEOMETRIC_REPRESENTATION_CONTEXT(2) 
PARAMETRIC_REPRESENTATION_CONTEXT() REPRESENTATION_CONTEXT('2D SPACE',''
  ) );
#7169 = ORIENTED_EDGE('',*,*,#917,.F.);
#7170 = ADVANCED_FACE('',(#7171),#796,.T.);
#7171 = FACE_BOUND('',#7172,.T.);
#7172 = EDGE_LOOP('',(#7173,#7174,#7175,#7196));
#7173 = ORIENTED_EDGE('',*,*,#780,.F.);
#7174 = ORIENTED_EDGE('',*,*,#7101,.F.);
#7175 = ORIENTED_EDGE('',*,*,#7176,.T.);
#7176 = EDGE_CURVE('',#7077,#5936,#7177,.T.);
#7177 = SURFACE_CURVE('',#7178,(#7182,#7189),.PCURVE_S1.);
#7178 = LINE('',#7179,#7180);
#7179 = CARTESIAN_POINT('',(152.,283.2453718205,288.));
#7180 = VECTOR('',#7181,1.);
#7181 = DIRECTION('',(-0.,1.,0.));
#7182 = PCURVE('',#796,#7183);
#7183 = DEFINITIONAL_REPRESENTATION('',(#7184),#7188);
#7184 = LINE('',#7185,#7186);
#7185 = CARTESIAN_POINT('',(0.,0.));
#7186 = VECTOR('',#7187,1.);
#7187 = DIRECTION('',(0.,-1.));
#7188 = ( GEOMETRIC_REPRESENTATION_CONTEXT(2) 
PARAMETRIC_REPRESENTATION_CONTEXT() REPRESENTATION_CONTEXT('2D SPACE',''
  ) );
#7189 = PCURVE('',#5950,#7190);
#7190 = DEFINITIONAL_REPRESENTATION('',(#7191),#7195);
#7191 = LINE('',#7192,#7193);
#7192 = CARTESIAN_POINT('',(14.,0.));
#7193 = VECTOR('',#7194,1.);
#7194 = DIRECTION('',(0.,1.));
#7195 = ( GEOMETRIC_REPRESENTATION_CONTEXT(2) 
PARAMETRIC_REPRESENTATION_CONTEXT() REPRESENTATION_CONTEXT('2D SPACE',''
  ) );
#7196 = ORIENTED_EDGE('',*,*,#5961,.F.);
#7197 = ADVANCED_FACE('',(#7198),#905,.T.);
#7198 = FACE_BOUND('',#7199,.T.);
#7199 = EDGE_LOOP('',(#7200,#7221,#7222,#7223));
#7200 = ORIENTED_EDGE('',*,*,#7201,.F.);
#7201 = EDGE_CURVE('',#7127,#6549,#7202,.T.);
#7202 = SURFACE_CURVE('',#7203,(#7207,#7214),.PCURVE_S1.);
#7203 = LINE('',#7204,#7205);
#7204 = CARTESIAN_POINT('',(153.5,282.,288.));
#7205 = VECTOR('',#7206,1.);
#7206 = DIRECTION('',(1.,0.,-0.));
#7207 = PCURVE('',#905,#7208);
#7208 = DEFINITIONAL_REPRESENTATION('',(#7209),#7213);
#7209 = LINE('',#7210,#7211);
#7210 = CARTESIAN_POINT('',(0.,0.));
#7211 = VECTOR('',#7212,1.);
#7212 = DIRECTION('',(0.,1.));
#7213 = ( GEOMETRIC_REPRESENTATION_CONTEXT(2) 
PARAMETRIC_REPRESENTATION_CONTEXT() REPRESENTATION_CONTEXT('2D SPACE',''
  ) );
#7214 = PCURVE('',#6584,#7215);
#7215 = DEFINITIONAL_REPRESENTATION('',(#7216),#7220);
#7216 = LINE('',#7217,#7218);
#7217 = CARTESIAN_POINT('',(0.,14.));
#7218 = VECTOR('',#7219,1.);
#7219 = DIRECTION('',(1.,0.));
#7220 = ( GEOMETRIC_REPRESENTATION_CONTEXT(2) 
PARAMETRIC_REPRESENTATION_CONTEXT() REPRESENTATION_CONTEXT('2D SPACE',''
  ) );
#7221 = ORIENTED_EDGE('',*,*,#7149,.T.);
#7222 = ORIENTED_EDGE('',*,*,#889,.T.);
#7223 = ORIENTED_EDGE('',*,*,#6548,.F.);
#7224 = ADVANCED_FACE('',(#7225),#847,.F.);
#7225 = FACE_BOUND('',#7226,.T.);
#7226 = EDGE_LOOP('',(#7227,#7228,#7250,#7251));
#7227 = ORIENTED_EDGE('',*,*,#5981,.F.);
#7228 = ORIENTED_EDGE('',*,*,#7229,.T.);
#7229 = EDGE_CURVE('',#5818,#6496,#7230,.T.);
#7230 = SURFACE_CURVE('',#7231,(#7236,#7243),.PCURVE_S1.);
#7231 = CIRCLE('',#7232,9.);
#7232 = AXIS2_PLACEMENT_3D('',#7233,#7234,#7235);
#7233 = CARTESIAN_POINT('',(158.,258.92480317033,165.67113564345));
#7234 = DIRECTION('',(-0.,-0.207911690818,-0.978147600734));
#7235 = DIRECTION('',(0.,-0.978147600734,0.207911690818));
#7236 = PCURVE('',#847,#7237);
#7237 = DEFINITIONAL_REPRESENTATION('',(#7238),#7242);
#7238 = LINE('',#7239,#7240);
#7239 = CARTESIAN_POINT('',(3.14159265359,-5.684341886081E-14));
#7240 = VECTOR('',#7241,1.);
#7241 = DIRECTION('',(-1.,0.));
#7242 = ( GEOMETRIC_REPRESENTATION_CONTEXT(2) 
PARAMETRIC_REPRESENTATION_CONTEXT() REPRESENTATION_CONTEXT('2D SPACE',''
  ) );
#7243 = PCURVE('',#6516,#7244);
#7244 = DEFINITIONAL_REPRESENTATION('',(#7245),#7249);
#7245 = LINE('',#7246,#7247);
#7246 = CARTESIAN_POINT('',(1.51716661746,0.));
#7247 = VECTOR('',#7248,1.);
#7248 = DIRECTION('',(0.,1.));
#7249 = ( GEOMETRIC_REPRESENTATION_CONTEXT(2) 
PARAMETRIC_REPRESENTATION_CONTEXT() REPRESENTATION_CONTEXT('2D SPACE',''
  ) );
#7250 = ORIENTED_EDGE('',*,*,#6528,.T.);
#7251 = ORIENTED_EDGE('',*,*,#830,.T.);
#7252 = ADVANCED_FACE('',(#7253),#1778,.F.);
#7253 = FACE_BOUND('',#7254,.T.);
#7254 = EDGE_LOOP('',(#7255,#7256,#7257,#7280,#7440,#7468,#7628,#7656,
    #7683,#7709,#7741));
#7255 = ORIENTED_EDGE('',*,*,#5162,.F.);
#7256 = ORIENTED_EDGE('',*,*,#1763,.T.);
#7257 = ORIENTED_EDGE('',*,*,#7258,.T.);
#7258 = EDGE_CURVE('',#1737,#7259,#7261,.T.);
#7259 = VERTEX_POINT('',#7260);
#7260 = CARTESIAN_POINT('',(-158.,196.53265273408,280.96656554503));
#7261 = SURFACE_CURVE('',#7262,(#7266,#7273),.PCURVE_S1.);
#7262 = LINE('',#7263,#7264);
#7263 = CARTESIAN_POINT('',(-158.,206.79369014437,329.24095109999));
#7264 = VECTOR('',#7265,1.);
#7265 = DIRECTION('',(0.,-0.207911690818,-0.978147600734));
#7266 = PCURVE('',#1778,#7267);
#7267 = DEFINITIONAL_REPRESENTATION('',(#7268),#7272);
#7268 = LINE('',#7269,#7270);
#7269 = CARTESIAN_POINT('',(-1.570796326795,0.));
#7270 = VECTOR('',#7271,1.);
#7271 = DIRECTION('',(-0.,1.));
#7272 = ( GEOMETRIC_REPRESENTATION_CONTEXT(2) 
PARAMETRIC_REPRESENTATION_CONTEXT() REPRESENTATION_CONTEXT('2D SPACE',''
  ) );
#7273 = PCURVE('',#1752,#7274);
#7274 = DEFINITIONAL_REPRESENTATION('',(#7275),#7279);
#7275 = LINE('',#7276,#7277);
#7276 = CARTESIAN_POINT('',(9.999999999999,-158.));
#7277 = VECTOR('',#7278,1.);
#7278 = DIRECTION('',(1.,0.));
#7279 = ( GEOMETRIC_REPRESENTATION_CONTEXT(2) 
PARAMETRIC_REPRESENTATION_CONTEXT() REPRESENTATION_CONTEXT('2D SPACE',''
  ) );
#7280 = ORIENTED_EDGE('',*,*,#7281,.T.);
#7281 = EDGE_CURVE('',#7259,#7282,#7284,.T.);
#7282 = VERTEX_POINT('',#7283);
#7283 = CARTESIAN_POINT('',(-158.,194.67303403813,272.21774743595));
#7284 = SURFACE_CURVE('',#7285,(#7333,#7384),.PCURVE_S1.);
#7285 = B_SPLINE_CURVE_WITH_KNOTS('',6,(#7286,#7287,#7288,#7289,#7290,
    #7291,#7292,#7293,#7294,#7295,#7296,#7297,#7298,#7299,#7300,#7301,
    #7302,#7303,#7304,#7305,#7306,#7307,#7308,#7309,#7310,#7311,#7312,
    #7313,#7314,#7315,#7316,#7317,#7318,#7319,#7320,#7321,#7322,#7323,
    #7324,#7325,#7326,#7327,#7328,#7329,#7330,#7331,#7332),
  .UNSPECIFIED.,.F.,.F.,(7,5,5,5,5,5,5,5,5,7),(0.,9.334713467313E-02,
    0.169027172563,0.234677589625,0.290357264055,0.49995523381,
    0.764099252674,0.829335449637,0.906083683775,1.),.UNSPECIFIED.);
#7286 = CARTESIAN_POINT('',(-158.,196.53265273408,280.96656554503));
#7287 = CARTESIAN_POINT('',(-158.1300843637,196.50846200259,
    280.85275710131));
#7288 = CARTESIAN_POINT('',(-158.2545735294,196.48581941191,
    280.73538022236));
#7289 = CARTESIAN_POINT('',(-158.3735240835,196.46443368905,
    280.61481425652));
#7290 = CARTESIAN_POINT('',(-158.4870021489,196.44404388802,
    280.49140604888));
#7291 = CARTESIAN_POINT('',(-158.5950820599,196.4244162395,
    280.36546998021));
#7292 = CARTESIAN_POINT('',(-158.7811588523,196.38987598573,
    280.13336605161));
#7293 = CARTESIAN_POINT('',(-158.8609857939,196.37477260051,
    280.02795796774));
#7294 = CARTESIAN_POINT('',(-158.93737738,196.35991748051,
    279.92120133072));
#7295 = CARTESIAN_POINT('',(-159.0103838501,196.34520811164,
    279.81322065416));
#7296 = CARTESIAN_POINT('',(-159.0800539314,196.33055156303,
    279.70412752017));
#7297 = CARTESIAN_POINT('',(-159.2040180727,196.3031214739,
    279.49850598617));
#7298 = CARTESIAN_POINT('',(-159.2591258669,196.29035580366,
    279.40222915681));
#7299 = CARTESIAN_POINT('',(-159.3117883142,196.27751130954,
    279.30525492073));
#7300 = CARTESIAN_POINT('',(-159.3620334871,196.26453769264,
    279.20764341997));
#7301 = CARTESIAN_POINT('',(-159.4098872047,196.25138925506,
    279.1094502405));
#7302 = CARTESIAN_POINT('',(-159.4939506417,196.22669027356,
    278.92699639383));
#7303 = CARTESIAN_POINT('',(-159.5308249211,196.21520028876,
    278.84288498989));
#7304 = CARTESIAN_POINT('',(-159.5660101568,196.20352981943,
    278.75842354382));
#7305 = CARTESIAN_POINT('',(-159.5995193938,196.19165588852,
    278.67364191062));
#7306 = CARTESIAN_POINT('',(-159.6313644373,196.17955766796,
    278.58856845677));
#7307 = CARTESIAN_POINT('',(-159.7752070037,196.12075988114,
    278.18198618028));
#7308 = CARTESIAN_POINT('',(-159.8654530802,196.07084893656,
    277.85691177262));
#7309 = CARTESIAN_POINT('',(-159.9328032475,196.01649616484,
    277.5295427886));
#7310 = CARTESIAN_POINT('',(-159.9775956769,195.95712786211,
    277.20113270174));
#7311 = CARTESIAN_POINT('',(-160.,195.89254863187,276.87275099784));
#7312 = CARTESIAN_POINT('',(-160.,195.73526476541,276.13278858396));
#7313 = CARTESIAN_POINT('',(-159.9644170397,195.63967610179,
    275.72208547695));
#7314 = CARTESIAN_POINT('',(-159.8933148916,195.53660551241,
    275.31512712891));
#7315 = CARTESIAN_POINT('',(-159.7862421544,195.42747607541,
    274.91360371643));
#7316 = CARTESIAN_POINT('',(-159.6423105225,195.31477054446,
    274.51932787705));
#7317 = CARTESIAN_POINT('',(-159.4152098437,195.17459174454,
    274.0394352533));
#7318 = CARTESIAN_POINT('',(-159.3678956228,195.14684253735,
    273.94495191779));
#7319 = CARTESIAN_POINT('',(-159.3182231855,195.11916446249,
    273.8510607961));
#7320 = CARTESIAN_POINT('',(-159.2661673551,195.09162027616,
    273.75779333575));
#7321 = CARTESIAN_POINT('',(-159.2117007493,195.06427860318,
    273.66518317912));
#7322 = CARTESIAN_POINT('',(-159.0878446071,195.00537324991,
    273.46512882615));
#7323 = CARTESIAN_POINT('',(-159.0175183171,194.97391635952,
    273.35795177792));
#7324 = CARTESIAN_POINT('',(-158.9437661139,194.94296486846,
    273.25179272133));
#7325 = CARTESIAN_POINT('',(-158.8665373149,194.91265384247,
    273.14671810523));
#7326 = CARTESIAN_POINT('',(-158.7857795948,194.88313310452,
    273.04280270431));
#7327 = CARTESIAN_POINT('',(-158.5982324736,194.81961424326,
    272.81448829548));
#7328 = CARTESIAN_POINT('',(-158.4896486733,194.78608755468,
    272.69069203637));
#7329 = CARTESIAN_POINT('',(-158.3756050199,194.75429947937,
    272.56891524956));
#7330 = CARTESIAN_POINT('',(-158.2560257032,194.72459696977,
    272.44935310652));
#7331 = CARTESIAN_POINT('',(-158.130843273,194.69736589781,
    272.33221983562));
#7332 = CARTESIAN_POINT('',(-158.,194.67303403813,272.21774743595));
#7333 = PCURVE('',#1778,#7334);
#7334 = DEFINITIONAL_REPRESENTATION('',(#7335),#7383);
#7335 = B_SPLINE_CURVE_WITH_KNOTS('',6,(#7336,#7337,#7338,#7339,#7340,
    #7341,#7342,#7343,#7344,#7345,#7346,#7347,#7348,#7349,#7350,#7351,
    #7352,#7353,#7354,#7355,#7356,#7357,#7358,#7359,#7360,#7361,#7362,
    #7363,#7364,#7365,#7366,#7367,#7368,#7369,#7370,#7371,#7372,#7373,
    #7374,#7375,#7376,#7377,#7378,#7379,#7380,#7381,#7382),
  .UNSPECIFIED.,.F.,.F.,(7,5,5,5,5,5,5,5,5,7),(0.,9.334713467313E-02,
    0.169027172563,0.234677589625,0.290357264055,0.49995523381,
    0.764099252674,0.829335449637,0.906083683775,1.),.UNSPECIFIED.);
#7336 = CARTESIAN_POINT('',(-1.570796326795,49.352864045001));
#7337 = CARTESIAN_POINT('',(-1.556342508602,49.469215037053));
#7338 = CARTESIAN_POINT('',(-1.542510374685,49.588734608893));
#7339 = CARTESIAN_POINT('',(-1.529288223747,49.711112260904));
#7340 = CARTESIAN_POINT('',(-1.516665568007,49.836062981126));
#7341 = CARTESIAN_POINT('',(-1.504632670519,49.963327862133));
#7342 = CARTESIAN_POINT('',(-1.483895038058,50.197541085579));
#7343 = CARTESIAN_POINT('',(-1.474990547158,50.303785920273));
#7344 = CARTESIAN_POINT('',(-1.466460668467,50.411298221752));
#7345 = CARTESIAN_POINT('',(-1.458300063508,50.519977511207));
#7346 = CARTESIAN_POINT('',(-1.450503887467,50.629733966276));
#7347 = CARTESIAN_POINT('',(-1.436616968104,50.836565212632));
#7348 = CARTESIAN_POINT('',(-1.43043716845,50.93339229436));
#7349 = CARTESIAN_POINT('',(-1.424525437516,51.030917931209));
#7350 = CARTESIAN_POINT('',(-1.418879251836,51.1290937531));
#7351 = CARTESIAN_POINT('',(-1.413496407998,51.227874889903));
#7352 = CARTESIAN_POINT('',(-1.404031454372,51.411476889269));
#7353 = CARTESIAN_POINT('',(-1.399875956461,51.496139159394));
#7354 = CARTESIAN_POINT('',(-1.395907383535,51.581181347232));
#7355 = CARTESIAN_POINT('',(-1.392124729827,51.666579027387));
#7356 = CARTESIAN_POINT('',(-1.388527129181,51.752308783645));
#7357 = CARTESIAN_POINT('',(-1.372265085127,52.162231009169));
#7358 = CARTESIAN_POINT('',(-1.362025147391,52.490578829967));
#7359 = CARTESIAN_POINT('',(-1.35436100952,52.82209459291));
#7360 = CARTESIAN_POINT('',(-1.349256445604,53.155671495621));
#7361 = CARTESIAN_POINT('',(-1.346703234494,53.490304048374));
#7362 = CARTESIAN_POINT('',(-1.346703234494,54.246797662754));
#7363 = CARTESIAN_POINT('',(-1.350758302347,54.668399922169));
#7364 = CARTESIAN_POINT('',(-1.358861083116,55.087894834412));
#7365 = CARTESIAN_POINT('',(-1.371035191719,55.503333282733));
#7366 = CARTESIAN_POINT('',(-1.387325322638,55.912426046557));
#7367 = CARTESIAN_POINT('',(-1.412897542828,56.41097667639));
#7368 = CARTESIAN_POINT('',(-1.418220213231,56.509164708918));
#7369 = CARTESIAN_POINT('',(-1.423802616545,56.60675867967));
#7370 = CARTESIAN_POINT('',(-1.429646894568,56.703714780594));
#7371 = CARTESIAN_POINT('',(-1.435755500332,56.799985836563));
#7372 = CARTESIAN_POINT('',(-1.449631996264,57.007915633537));
#7373 = CARTESIAN_POINT('',(-1.45750242127,57.119290861378));
#7374 = CARTESIAN_POINT('',(-1.465747089941,57.229565264724));
#7375 = CARTESIAN_POINT('',(-1.474371025058,57.338645765022));
#7376 = CARTESIAN_POINT('',(-1.483379772014,57.44642807165));
#7377 = CARTESIAN_POINT('',(-1.50428192053,57.6829595767));
#7378 = CARTESIAN_POINT('',(-1.516371181901,57.811021181039));
#7379 = CARTESIAN_POINT('',(-1.529056913193,57.936745965374));
#7380 = CARTESIAN_POINT('',(-1.542349021889,58.059870887721));
#7381 = CARTESIAN_POINT('',(-1.556258185345,58.180106173823));
#7382 = CARTESIAN_POINT('',(-1.570796326795,58.297135955));
#7383 = ( GEOMETRIC_REPRESENTATION_CONTEXT(2) 
PARAMETRIC_REPRESENTATION_CONTEXT() REPRESENTATION_CONTEXT('2D SPACE',''
  ) );
#7384 = PCURVE('',#7385,#7390);
#7385 = CYLINDRICAL_SURFACE('',#7386,6.);
#7386 = AXIS2_PLACEMENT_3D('',#7387,#7388,#7389);
#7387 = CARTESIAN_POINT('',(-154.,200.49358138977,275.5525980364));
#7388 = DIRECTION('',(0.,-0.978147600734,0.207911690818));
#7389 = DIRECTION('',(1.,0.,0.));
#7390 = DEFINITIONAL_REPRESENTATION('',(#7391),#7439);
#7391 = B_SPLINE_CURVE_WITH_KNOTS('',6,(#7392,#7393,#7394,#7395,#7396,
    #7397,#7398,#7399,#7400,#7401,#7402,#7403,#7404,#7405,#7406,#7407,
    #7408,#7409,#7410,#7411,#7412,#7413,#7414,#7415,#7416,#7417,#7418,
    #7419,#7420,#7421,#7422,#7423,#7424,#7425,#7426,#7427,#7428,#7429,
    #7430,#7431,#7432,#7433,#7434,#7435,#7436,#7437,#7438),
  .UNSPECIFIED.,.F.,.F.,(7,5,5,5,5,5,5,5,5,7),(0.,9.334713467313E-02,
    0.169027172563,0.234677589625,0.290357264055,0.49995523381,
    0.764099252674,0.829335449637,0.906083683775,1.),.UNSPECIFIED.);
#7392 = CARTESIAN_POINT('',(2.300523983022,4.999999999999));
#7393 = CARTESIAN_POINT('',(2.329611731035,4.999999999999));
#7394 = CARTESIAN_POINT('',(2.358356477008,4.997743770381));
#7395 = CARTESIAN_POINT('',(2.386775037032,4.993595090074));
#7396 = CARTESIAN_POINT('',(2.414883064123,4.987881315917));
#7397 = CARTESIAN_POINT('',(2.442695840962,4.980896472257));
#7398 = CARTESIAN_POINT('',(2.492551300565,4.966424818372));
#7399 = CARTESIAN_POINT('',(2.514691909053,4.959282585446));
#7400 = CARTESIAN_POINT('',(2.536661771836,4.951617132519));
#7401 = CARTESIAN_POINT('',(2.558471385289,4.943554621348));
#7402 = CARTESIAN_POINT('',(2.580131178439,4.93520915126));
#7403 = CARTESIAN_POINT('',(2.620320408887,4.919288706334));
#7404 = CARTESIAN_POINT('',(2.638884180576,4.911758337668));
#7405 = CARTESIAN_POINT('',(2.657349955507,4.904160071385));
#7406 = CARTESIAN_POINT('',(2.675724332401,4.896555611464));
#7407 = CARTESIAN_POINT('',(2.694013691234,4.889001214166));
#7408 = CARTESIAN_POINT('',(2.727668951517,4.875226175901));
#7409 = CARTESIAN_POINT('',(2.743056963373,4.868977332762));
#7410 = CARTESIAN_POINT('',(2.758391970038,4.862832252272));
#7411 = CARTESIAN_POINT('',(2.773677582342,4.856819616589));
#7412 = CARTESIAN_POINT('',(2.788917280702,4.850965696369));
#7413 = CARTESIAN_POINT('',(2.861321799224,4.823945401912));
#7414 = CARTESIAN_POINT('',(2.917939790154,4.805178902874));
#7415 = CARTESIAN_POINT('',(2.974129378777,4.790280097135));
#7416 = CARTESIAN_POINT('',(3.030037884652,4.78007076357));
#7417 = CARTESIAN_POINT('',(3.085809994985,4.774964387391));
#7418 = CARTESIAN_POINT('',(3.211892264049,4.774964387391));
#7419 = CARTESIAN_POINT('',(3.282159409887,4.783074231969));
#7420 = CARTESIAN_POINT('',(3.352700105333,4.799281083443));
#7421 = CARTESIAN_POINT('',(3.423814262514,4.822544368818));
#7422 = CARTESIAN_POINT('',(3.495806454532,4.850812457092));
#7423 = CARTESIAN_POINT('',(3.587112936112,4.888152727093));
#7424 = CARTESIAN_POINT('',(3.605274259989,4.895651357489));
#7425 = CARTESIAN_POINT('',(3.623519007491,4.903203538142));
#7426 = CARTESIAN_POINT('',(3.641853419791,4.910754422539));
#7427 = CARTESIAN_POINT('',(3.660283952976,4.918243880114));
#7428 = CARTESIAN_POINT('',(3.700621123744,4.934268371304));
#7429 = CARTESIAN_POINT('',(3.722567086875,4.942754491853));
#7430 = CARTESIAN_POINT('',(3.744666289548,4.950957909616));
#7431 = CARTESIAN_POINT('',(3.766929594797,4.958760325873));
#7432 = CARTESIAN_POINT('',(3.789367938214,4.96603073816));
#7433 = CARTESIAN_POINT('',(3.839678384326,4.980692325129));
#7434 = CARTESIAN_POINT('',(3.867646497787,4.987747685577));
#7435 = CARTESIAN_POINT('',(3.895913009212,4.993522297519));
#7436 = CARTESIAN_POINT('',(3.924493487523,4.997717368702));
#7437 = CARTESIAN_POINT('',(3.953403878863,4.999999999999));
#7438 = CARTESIAN_POINT('',(3.982661324158,4.999999999999));
#7439 = ( GEOMETRIC_REPRESENTATION_CONTEXT(2) 
PARAMETRIC_REPRESENTATION_CONTEXT() REPRESENTATION_CONTEXT('2D SPACE',''
  ) );
#7440 = ORIENTED_EDGE('',*,*,#7441,.T.);
#7441 = EDGE_CURVE('',#7282,#7442,#7444,.T.);
#7442 = VERTEX_POINT('',#7443);
#7443 = CARTESIAN_POINT('',(-158.,173.66236674412,173.37032946431));
#7444 = SURFACE_CURVE('',#7445,(#7449,#7456),.PCURVE_S1.);
#7445 = LINE('',#7446,#7447);
#7446 = CARTESIAN_POINT('',(-158.,206.79369014437,329.24095109999));
#7447 = VECTOR('',#7448,1.);
#7448 = DIRECTION('',(0.,-0.207911690818,-0.978147600734));
#7449 = PCURVE('',#1778,#7450);
#7450 = DEFINITIONAL_REPRESENTATION('',(#7451),#7455);
#7451 = LINE('',#7452,#7453);
#7452 = CARTESIAN_POINT('',(-1.570796326795,0.));
#7453 = VECTOR('',#7454,1.);
#7454 = DIRECTION('',(-0.,1.));
#7455 = ( GEOMETRIC_REPRESENTATION_CONTEXT(2) 
PARAMETRIC_REPRESENTATION_CONTEXT() REPRESENTATION_CONTEXT('2D SPACE',''
  ) );
#7456 = PCURVE('',#7457,#7462);
#7457 = PLANE('',#7458);
#7458 = AXIS2_PLACEMENT_3D('',#7459,#7460,#7461);
#7459 = CARTESIAN_POINT('',(0.,208.87280705255,339.02242710732));
#7460 = DIRECTION('',(0.,-0.978147600734,0.207911690818));
#7461 = DIRECTION('',(0.,-0.207911690818,-0.978147600734));
#7462 = DEFINITIONAL_REPRESENTATION('',(#7463),#7467);
#7463 = LINE('',#7464,#7465);
#7464 = CARTESIAN_POINT('',(9.999999999999,-158.));
#7465 = VECTOR('',#7466,1.);
#7466 = DIRECTION('',(1.,0.));
#7467 = ( GEOMETRIC_REPRESENTATION_CONTEXT(2) 
PARAMETRIC_REPRESENTATION_CONTEXT() REPRESENTATION_CONTEXT('2D SPACE',''
  ) );
#7468 = ORIENTED_EDGE('',*,*,#7469,.T.);
#7469 = EDGE_CURVE('',#7442,#7470,#7472,.T.);
#7470 = VERTEX_POINT('',#7471);
#7471 = CARTESIAN_POINT('',(-158.,171.80274804818,164.62151135523));
#7472 = SURFACE_CURVE('',#7473,(#7521,#7572),.PCURVE_S1.);
#7473 = B_SPLINE_CURVE_WITH_KNOTS('',6,(#7474,#7475,#7476,#7477,#7478,
    #7479,#7480,#7481,#7482,#7483,#7484,#7485,#7486,#7487,#7488,#7489,
    #7490,#7491,#7492,#7493,#7494,#7495,#7496,#7497,#7498,#7499,#7500,
    #7501,#7502,#7503,#7504,#7505,#7506,#7507,#7508,#7509,#7510,#7511,
    #7512,#7513,#7514,#7515,#7516,#7517,#7518,#7519,#7520),
  .UNSPECIFIED.,.F.,.F.,(7,5,5,5,5,5,5,5,5,7),(0.,9.33471346726E-02,
    0.169027172562,0.234677589624,0.290357264054,0.499955233808,
    0.764099252673,0.829335449636,0.906083683775,1.),.UNSPECIFIED.);
#7474 = CARTESIAN_POINT('',(-158.,173.66236674412,173.37032946431));
#7475 = CARTESIAN_POINT('',(-158.1300843637,173.63817601264,
    173.25652102059));
#7476 = CARTESIAN_POINT('',(-158.2545735294,173.61553342196,
    173.13914414164));
#7477 = CARTESIAN_POINT('',(-158.3735240835,173.5941476991,
    173.0185781758));
#7478 = CARTESIAN_POINT('',(-158.4870021489,173.57375789807,
    172.89516996816));
#7479 = CARTESIAN_POINT('',(-158.5950820599,173.55413024955,
    172.76923389949));
#7480 = CARTESIAN_POINT('',(-158.7811588523,173.51958999577,
    172.53712997089));
#7481 = CARTESIAN_POINT('',(-158.8609857939,173.50448661055,
    172.43172188702));
#7482 = CARTESIAN_POINT('',(-158.93737738,173.48963149056,172.32496525)
  );
#7483 = CARTESIAN_POINT('',(-159.0103838501,173.47492212169,
    172.21698457344));
#7484 = CARTESIAN_POINT('',(-159.0800539314,173.46026557308,
    172.10789143945));
#7485 = CARTESIAN_POINT('',(-159.2040180727,173.43283548394,
    171.90226990545));
#7486 = CARTESIAN_POINT('',(-159.2591258669,173.42006981371,
    171.80599307609));
#7487 = CARTESIAN_POINT('',(-159.3117883142,173.40722531959,
    171.70901884001));
#7488 = CARTESIAN_POINT('',(-159.3620334871,173.39425170269,
    171.61140733925));
#7489 = CARTESIAN_POINT('',(-159.4098872047,173.3811032651,
    171.51321415978));
#7490 = CARTESIAN_POINT('',(-159.4939506417,173.35640428361,
    171.33076031311));
#7491 = CARTESIAN_POINT('',(-159.5308249211,173.3449142988,
    171.24664890917));
#7492 = CARTESIAN_POINT('',(-159.5660101568,173.33324382947,
    171.1621874631));
#7493 = CARTESIAN_POINT('',(-159.5995193938,173.32136989857,
    171.0774058299));
#7494 = CARTESIAN_POINT('',(-159.6313644373,173.30927167801,
    170.99233237605));
#7495 = CARTESIAN_POINT('',(-159.7752070037,173.25047389119,
    170.58575009956));
#7496 = CARTESIAN_POINT('',(-159.8654530802,173.2005629466,
    170.2606756919));
#7497 = CARTESIAN_POINT('',(-159.9328032475,173.14621017488,
    169.93330670788));
#7498 = CARTESIAN_POINT('',(-159.9775956769,173.08684187215,
    169.60489662103));
#7499 = CARTESIAN_POINT('',(-160.,173.02226264192,169.27651491712));
#7500 = CARTESIAN_POINT('',(-160.,172.86497877546,168.53655250324));
#7501 = CARTESIAN_POINT('',(-159.9644170397,172.76939011183,
    168.12584939623));
#7502 = CARTESIAN_POINT('',(-159.8933148916,172.66631952246,
    167.71889104819));
#7503 = CARTESIAN_POINT('',(-159.7862421544,172.55719008546,
    167.31736763571));
#7504 = CARTESIAN_POINT('',(-159.6423105225,172.44448455451,
    166.92309179633));
#7505 = CARTESIAN_POINT('',(-159.4152098437,172.30430575459,
    166.44319917258));
#7506 = CARTESIAN_POINT('',(-159.3678956228,172.2765565474,
    166.34871583707));
#7507 = CARTESIAN_POINT('',(-159.3182231855,172.24887847254,
    166.25482471538));
#7508 = CARTESIAN_POINT('',(-159.2661673551,172.22133428621,
    166.16155725503));
#7509 = CARTESIAN_POINT('',(-159.2117007493,172.19399261322,
    166.0689470984));
#7510 = CARTESIAN_POINT('',(-159.0878446071,172.13508725995,
    165.86889274543));
#7511 = CARTESIAN_POINT('',(-159.0175183171,172.10363036956,
    165.76171569721));
#7512 = CARTESIAN_POINT('',(-158.9437661139,172.07267887851,
    165.65555664061));
#7513 = CARTESIAN_POINT('',(-158.8665373149,172.04236785251,
    165.55048202451));
#7514 = CARTESIAN_POINT('',(-158.7857795948,172.01284711457,
    165.44656662359));
#7515 = CARTESIAN_POINT('',(-158.5982324736,171.9493282533,
    165.21825221477));
#7516 = CARTESIAN_POINT('',(-158.4896486733,171.91580156472,
    165.09445595566));
#7517 = CARTESIAN_POINT('',(-158.3756050199,171.88401348942,
    164.97267916884));
#7518 = CARTESIAN_POINT('',(-158.2560257032,171.85431097982,
    164.8531170258));
#7519 = CARTESIAN_POINT('',(-158.130843273,171.82707990786,
    164.73598375491));
#7520 = CARTESIAN_POINT('',(-158.,171.80274804818,164.62151135523));
#7521 = PCURVE('',#1778,#7522);
#7522 = DEFINITIONAL_REPRESENTATION('',(#7523),#7571);
#7523 = B_SPLINE_CURVE_WITH_KNOTS('',6,(#7524,#7525,#7526,#7527,#7528,
    #7529,#7530,#7531,#7532,#7533,#7534,#7535,#7536,#7537,#7538,#7539,
    #7540,#7541,#7542,#7543,#7544,#7545,#7546,#7547,#7548,#7549,#7550,
    #7551,#7552,#7553,#7554,#7555,#7556,#7557,#7558,#7559,#7560,#7561,
    #7562,#7563,#7564,#7565,#7566,#7567,#7568,#7569,#7570),
  .UNSPECIFIED.,.F.,.F.,(7,5,5,5,5,5,5,5,5,7),(0.,9.33471346726E-02,
    0.169027172562,0.234677589624,0.290357264054,0.499955233808,
    0.764099252673,0.829335449636,0.906083683775,1.),.UNSPECIFIED.);
#7524 = CARTESIAN_POINT('',(-1.570796326795,159.352864045));
#7525 = CARTESIAN_POINT('',(-1.556342508602,159.46921503705));
#7526 = CARTESIAN_POINT('',(-1.542510374685,159.58873460889));
#7527 = CARTESIAN_POINT('',(-1.529288223747,159.7111122609));
#7528 = CARTESIAN_POINT('',(-1.516665568007,159.83606298112));
#7529 = CARTESIAN_POINT('',(-1.504632670519,159.96332786213));
#7530 = CARTESIAN_POINT('',(-1.483895038058,160.19754108557));
#7531 = CARTESIAN_POINT('',(-1.474990547158,160.30378592027));
#7532 = CARTESIAN_POINT('',(-1.466460668467,160.41129822175));
#7533 = CARTESIAN_POINT('',(-1.458300063508,160.5199775112));
#7534 = CARTESIAN_POINT('',(-1.450503887467,160.62973396627));
#7535 = CARTESIAN_POINT('',(-1.436616968104,160.83656521263));
#7536 = CARTESIAN_POINT('',(-1.43043716845,160.93339229436));
#7537 = CARTESIAN_POINT('',(-1.424525437516,161.0309179312));
#7538 = CARTESIAN_POINT('',(-1.418879251836,161.12909375309));
#7539 = CARTESIAN_POINT('',(-1.413496407998,161.2278748899));
#7540 = CARTESIAN_POINT('',(-1.404031454372,161.41147688926));
#7541 = CARTESIAN_POINT('',(-1.399875956461,161.49613915939));
#7542 = CARTESIAN_POINT('',(-1.395907383535,161.58118134723));
#7543 = CARTESIAN_POINT('',(-1.392124729827,161.66657902738));
#7544 = CARTESIAN_POINT('',(-1.388527129181,161.75230878364));
#7545 = CARTESIAN_POINT('',(-1.372265085127,162.16223100916));
#7546 = CARTESIAN_POINT('',(-1.362025147391,162.49057882996));
#7547 = CARTESIAN_POINT('',(-1.35436100952,162.82209459291));
#7548 = CARTESIAN_POINT('',(-1.349256445604,163.15567149561));
#7549 = CARTESIAN_POINT('',(-1.346703234494,163.49030404837));
#7550 = CARTESIAN_POINT('',(-1.346703234494,164.24679766275));
#7551 = CARTESIAN_POINT('',(-1.350758302347,164.66839992216));
#7552 = CARTESIAN_POINT('',(-1.358861083116,165.08789483441));
#7553 = CARTESIAN_POINT('',(-1.371035191719,165.50333328273));
#7554 = CARTESIAN_POINT('',(-1.387325322638,165.91242604655));
#7555 = CARTESIAN_POINT('',(-1.412897542828,166.41097667639));
#7556 = CARTESIAN_POINT('',(-1.418220213231,166.50916470891));
#7557 = CARTESIAN_POINT('',(-1.423802616545,166.60675867966));
#7558 = CARTESIAN_POINT('',(-1.429646894568,166.70371478059));
#7559 = CARTESIAN_POINT('',(-1.435755500332,166.79998583656));
#7560 = CARTESIAN_POINT('',(-1.449631996264,167.00791563353));
#7561 = CARTESIAN_POINT('',(-1.45750242127,167.11929086137));
#7562 = CARTESIAN_POINT('',(-1.465747089941,167.22956526472));
#7563 = CARTESIAN_POINT('',(-1.474371025058,167.33864576502));
#7564 = CARTESIAN_POINT('',(-1.483379772014,167.44642807164));
#7565 = CARTESIAN_POINT('',(-1.50428192053,167.68295957669));
#7566 = CARTESIAN_POINT('',(-1.516371181901,167.81102118103));
#7567 = CARTESIAN_POINT('',(-1.529056913193,167.93674596537));
#7568 = CARTESIAN_POINT('',(-1.542349021889,168.05987088772));
#7569 = CARTESIAN_POINT('',(-1.556258185345,168.18010617382));
#7570 = CARTESIAN_POINT('',(-1.570796326795,168.297135955));
#7571 = ( GEOMETRIC_REPRESENTATION_CONTEXT(2) 
PARAMETRIC_REPRESENTATION_CONTEXT() REPRESENTATION_CONTEXT('2D SPACE',''
  ) );
#7572 = PCURVE('',#7573,#7578);
#7573 = CYLINDRICAL_SURFACE('',#7574,6.);
#7574 = AXIS2_PLACEMENT_3D('',#7575,#7576,#7577);
#7575 = CARTESIAN_POINT('',(-154.,177.62329539982,167.95636195568));
#7576 = DIRECTION('',(0.,-0.978147600734,0.207911690818));
#7577 = DIRECTION('',(1.,0.,0.));
#7578 = DEFINITIONAL_REPRESENTATION('',(#7579),#7627);
#7579 = B_SPLINE_CURVE_WITH_KNOTS('',6,(#7580,#7581,#7582,#7583,#7584,
    #7585,#7586,#7587,#7588,#7589,#7590,#7591,#7592,#7593,#7594,#7595,
    #7596,#7597,#7598,#7599,#7600,#7601,#7602,#7603,#7604,#7605,#7606,
    #7607,#7608,#7609,#7610,#7611,#7612,#7613,#7614,#7615,#7616,#7617,
    #7618,#7619,#7620,#7621,#7622,#7623,#7624,#7625,#7626),
  .UNSPECIFIED.,.F.,.F.,(7,5,5,5,5,5,5,5,5,7),(0.,9.33471346726E-02,
    0.169027172562,0.234677589624,0.290357264054,0.499955233808,
    0.764099252673,0.829335449636,0.906083683775,1.),.UNSPECIFIED.);
#7580 = CARTESIAN_POINT('',(2.300523983022,4.999999999999));
#7581 = CARTESIAN_POINT('',(2.329611731035,4.999999999999));
#7582 = CARTESIAN_POINT('',(2.358356477008,4.997743770381));
#7583 = CARTESIAN_POINT('',(2.386775037032,4.993595090074));
#7584 = CARTESIAN_POINT('',(2.414883064123,4.987881315917));
#7585 = CARTESIAN_POINT('',(2.442695840962,4.980896472257));
#7586 = CARTESIAN_POINT('',(2.492551300565,4.966424818372));
#7587 = CARTESIAN_POINT('',(2.514691909053,4.959282585446));
#7588 = CARTESIAN_POINT('',(2.536661771836,4.951617132519));
#7589 = CARTESIAN_POINT('',(2.558471385289,4.943554621349));
#7590 = CARTESIAN_POINT('',(2.580131178439,4.93520915126));
#7591 = CARTESIAN_POINT('',(2.620320408887,4.919288706334));
#7592 = CARTESIAN_POINT('',(2.638884180576,4.911758337668));
#7593 = CARTESIAN_POINT('',(2.657349955507,4.904160071386));
#7594 = CARTESIAN_POINT('',(2.675724332401,4.896555611464));
#7595 = CARTESIAN_POINT('',(2.694013691234,4.889001214166));
#7596 = CARTESIAN_POINT('',(2.727668951517,4.875226175901));
#7597 = CARTESIAN_POINT('',(2.743056963372,4.868977332762));
#7598 = CARTESIAN_POINT('',(2.758391970038,4.862832252273));
#7599 = CARTESIAN_POINT('',(2.773677582342,4.856819616589));
#7600 = CARTESIAN_POINT('',(2.788917280702,4.85096569637));
#7601 = CARTESIAN_POINT('',(2.861321799224,4.823945401913));
#7602 = CARTESIAN_POINT('',(2.917939790154,4.805178902874));
#7603 = CARTESIAN_POINT('',(2.974129378777,4.790280097135));
#7604 = CARTESIAN_POINT('',(3.030037884651,4.78007076357));
#7605 = CARTESIAN_POINT('',(3.085809994985,4.774964387391));
#7606 = CARTESIAN_POINT('',(3.211892264049,4.774964387391));
#7607 = CARTESIAN_POINT('',(3.282159409887,4.783074231969));
#7608 = CARTESIAN_POINT('',(3.352700105333,4.799281083443));
#7609 = CARTESIAN_POINT('',(3.423814262514,4.822544368818));
#7610 = CARTESIAN_POINT('',(3.495806454532,4.850812457092));
#7611 = CARTESIAN_POINT('',(3.587112936112,4.888152727093));
#7612 = CARTESIAN_POINT('',(3.605274259989,4.895651357489));
#7613 = CARTESIAN_POINT('',(3.623519007491,4.903203538142));
#7614 = CARTESIAN_POINT('',(3.641853419791,4.910754422539));
#7615 = CARTESIAN_POINT('',(3.660283952976,4.918243880114));
#7616 = CARTESIAN_POINT('',(3.700621123744,4.934268371304));
#7617 = CARTESIAN_POINT('',(3.722567086875,4.942754491853));
#7618 = CARTESIAN_POINT('',(3.744666289547,4.950957909616));
#7619 = CARTESIAN_POINT('',(3.766929594797,4.958760325873));
#7620 = CARTESIAN_POINT('',(3.789367938214,4.96603073816));
#7621 = CARTESIAN_POINT('',(3.839678384326,4.980692325129));
#7622 = CARTESIAN_POINT('',(3.867646497786,4.987747685577));
#7623 = CARTESIAN_POINT('',(3.895913009212,4.993522297519));
#7624 = CARTESIAN_POINT('',(3.924493487523,4.997717368702));
#7625 = CARTESIAN_POINT('',(3.953403878863,4.999999999999));
#7626 = CARTESIAN_POINT('',(3.982661324158,4.999999999999));
#7627 = ( GEOMETRIC_REPRESENTATION_CONTEXT(2) 
PARAMETRIC_REPRESENTATION_CONTEXT() REPRESENTATION_CONTEXT('2D SPACE',''
  ) );
#7628 = ORIENTED_EDGE('',*,*,#7629,.T.);
#7629 = EDGE_CURVE('',#7470,#7630,#7632,.T.);
#7630 = VERTEX_POINT('',#7631);
#7631 = CARTESIAN_POINT('',(-158.,163.38093582634,125.));
#7632 = SURFACE_CURVE('',#7633,(#7637,#7644),.PCURVE_S1.);
#7633 = LINE('',#7634,#7635);
#7634 = CARTESIAN_POINT('',(-158.,206.79369014437,329.24095109999));
#7635 = VECTOR('',#7636,1.);
#7636 = DIRECTION('',(0.,-0.207911690818,-0.978147600734));
#7637 = PCURVE('',#1778,#7638);
#7638 = DEFINITIONAL_REPRESENTATION('',(#7639),#7643);
#7639 = LINE('',#7640,#7641);
#7640 = CARTESIAN_POINT('',(-1.570796326795,0.));
#7641 = VECTOR('',#7642,1.);
#7642 = DIRECTION('',(-0.,1.));
#7643 = ( GEOMETRIC_REPRESENTATION_CONTEXT(2) 
PARAMETRIC_REPRESENTATION_CONTEXT() REPRESENTATION_CONTEXT('2D SPACE',''
  ) );
#7644 = PCURVE('',#7645,#7650);
#7645 = PLANE('',#7646);
#7646 = AXIS2_PLACEMENT_3D('',#7647,#7648,#7649);
#7647 = CARTESIAN_POINT('',(0.,208.87280705255,339.02242710732));
#7648 = DIRECTION('',(0.,-0.978147600734,0.207911690818));
#7649 = DIRECTION('',(0.,-0.207911690818,-0.978147600734));
#7650 = DEFINITIONAL_REPRESENTATION('',(#7651),#7655);
#7651 = LINE('',#7652,#7653);
#7652 = CARTESIAN_POINT('',(9.999999999999,-158.));
#7653 = VECTOR('',#7654,1.);
#7654 = DIRECTION('',(1.,0.));
#7655 = ( GEOMETRIC_REPRESENTATION_CONTEXT(2) 
PARAMETRIC_REPRESENTATION_CONTEXT() REPRESENTATION_CONTEXT('2D SPACE',''
  ) );
#7656 = ORIENTED_EDGE('',*,*,#7657,.F.);
#7657 = EDGE_CURVE('',#7658,#7630,#7660,.T.);
#7658 = VERTEX_POINT('',#7659);
#7659 = CARTESIAN_POINT('',(-162.,164.33962779778,125.));
#7660 = SURFACE_CURVE('',#7661,(#7666,#7676),.PCURVE_S1.);
#7661 = ELLIPSE('',#7662,9.201065353785,9.);
#7662 = AXIS2_PLACEMENT_3D('',#7663,#7664,#7665);
#7663 = CARTESIAN_POINT('',(-158.,172.58200118013,125.));
#7664 = DIRECTION('',(0.,0.,1.));
#7665 = DIRECTION('',(0.,-1.,0.));
#7666 = PCURVE('',#1778,#7667);
#7667 = DEFINITIONAL_REPRESENTATION('',(#7668),#7675);
#7668 = B_SPLINE_CURVE_WITH_KNOTS('',5,(#7669,#7670,#7671,#7672,#7673,
    #7674),.UNSPECIFIED.,.F.,.F.,(6,6),(5.822631315498,6.28318530718),
  .PIECEWISE_BEZIER_KNOTS.);
#7669 = CARTESIAN_POINT('',(-1.110242335114,208.60449217461));
#7670 = CARTESIAN_POINT('',(-1.20235313345,208.68280719295));
#7671 = CARTESIAN_POINT('',(-1.294463931786,208.74294825402));
#7672 = CARTESIAN_POINT('',(-1.386574730122,208.7835275699));
#7673 = CARTESIAN_POINT('',(-1.478685528459,208.80381544336));
#7674 = CARTESIAN_POINT('',(-1.570796326795,208.80381544336));
#7675 = ( GEOMETRIC_REPRESENTATION_CONTEXT(2) 
PARAMETRIC_REPRESENTATION_CONTEXT() REPRESENTATION_CONTEXT('2D SPACE',''
  ) );
#7676 = PCURVE('',#2159,#7677);
#7677 = DEFINITIONAL_REPRESENTATION('',(#7678),#7682);
#7678 = ELLIPSE('',#7679,9.201065353785,9.);
#7679 = AXIS2_PLACEMENT_2D('',#7680,#7681);
#7680 = CARTESIAN_POINT('',(62.,222.58200118013));
#7681 = DIRECTION('',(0.,-1.));
#7682 = ( GEOMETRIC_REPRESENTATION_CONTEXT(2) 
PARAMETRIC_REPRESENTATION_CONTEXT() REPRESENTATION_CONTEXT('2D SPACE',''
  ) );
#7683 = ORIENTED_EDGE('',*,*,#7684,.F.);
#7684 = EDGE_CURVE('',#7685,#7658,#7687,.T.);
#7685 = VERTEX_POINT('',#7686);
#7686 = CARTESIAN_POINT('',(-162.,166.81391404175,136.64060156284));
#7687 = SURFACE_CURVE('',#7688,(#7692,#7698),.PCURVE_S1.);
#7688 = LINE('',#7689,#7690);
#7689 = CARTESIAN_POINT('',(-162.,207.71094047798,329.04598352288));
#7690 = VECTOR('',#7691,1.);
#7691 = DIRECTION('',(0.,-0.207911690818,-0.978147600734));
#7692 = PCURVE('',#1778,#7693);
#7693 = DEFINITIONAL_REPRESENTATION('',(#7694),#7697);
#7694 = B_SPLINE_CURVE_WITH_KNOTS('',1,(#7695,#7696),.UNSPECIFIED.,.F.,
  .F.,(2,2),(-6.000002463201E-07,220.9958498358),
  .PIECEWISE_BEZIER_KNOTS.);
#7695 = CARTESIAN_POINT('',(-1.110242335114,-6.000002545357E-07));
#7696 = CARTESIAN_POINT('',(-1.110242335114,220.9958498358));
#7697 = ( GEOMETRIC_REPRESENTATION_CONTEXT(2) 
PARAMETRIC_REPRESENTATION_CONTEXT() REPRESENTATION_CONTEXT('2D SPACE',''
  ) );
#7698 = PCURVE('',#7699,#7704);
#7699 = PLANE('',#7700);
#7700 = AXIS2_PLACEMENT_3D('',#7701,#7702,#7703);
#7701 = CARTESIAN_POINT('',(-162.,199.13202132381,167.81425665813));
#7702 = DIRECTION('',(1.,0.,0.));
#7703 = DIRECTION('',(0.,1.,0.));
#7704 = DEFINITIONAL_REPRESENTATION('',(#7705),#7708);
#7705 = B_SPLINE_CURVE_WITH_KNOTS('',1,(#7706,#7707),.UNSPECIFIED.,.F.,
  .F.,(2,2),(-6.000002463201E-07,220.9958498358),
  .PIECEWISE_BEZIER_KNOTS.);
#7706 = CARTESIAN_POINT('',(8.578919278913,161.23172745164));
#7707 = CARTESIAN_POINT('',(-37.3687016489,-54.93483342426));
#7708 = ( GEOMETRIC_REPRESENTATION_CONTEXT(2) 
PARAMETRIC_REPRESENTATION_CONTEXT() REPRESENTATION_CONTEXT('2D SPACE',''
  ) );
#7709 = ORIENTED_EDGE('',*,*,#7710,.T.);
#7710 = EDGE_CURVE('',#7685,#7711,#7713,.T.);
#7711 = VERTEX_POINT('',#7712);
#7712 = CARTESIAN_POINT('',(-161.8457173682,166.81391404175,137.));
#7713 = SURFACE_CURVE('',#7714,(#7719,#7729),.PCURVE_S1.);
#7714 = ELLIPSE('',#7715,43.287609102697,9.);
#7715 = AXIS2_PLACEMENT_3D('',#7716,#7717,#7718);
#7716 = CARTESIAN_POINT('',(-158.,166.81391404175,97.863283574677));
#7717 = DIRECTION('',(0.,1.,0.));
#7718 = DIRECTION('',(0.,0.,-1.));
#7719 = PCURVE('',#1778,#7720);
#7720 = DEFINITIONAL_REPRESENTATION('',(#7721),#7728);
#7721 = B_SPLINE_CURVE_WITH_KNOTS('',5,(#7722,#7723,#7724,#7725,#7726,
    #7727),.UNSPECIFIED.,.F.,.F.,(6,6),(2.681038661908,2.770221243605),
  .PIECEWISE_BEZIER_KNOTS.);
#7722 = CARTESIAN_POINT('',(-1.110242335114,196.70383264826));
#7723 = CARTESIAN_POINT('',(-1.128078851453,196.36817580099));
#7724 = CARTESIAN_POINT('',(-1.145915367792,196.04760280459));
#7725 = CARTESIAN_POINT('',(-1.163751884131,195.74233613442));
#7726 = CARTESIAN_POINT('',(-1.18158840047,195.45257825352));
#7727 = CARTESIAN_POINT('',(-1.19942491681,195.17851080836));
#7728 = ( GEOMETRIC_REPRESENTATION_CONTEXT(2) 
PARAMETRIC_REPRESENTATION_CONTEXT() REPRESENTATION_CONTEXT('2D SPACE',''
  ) );
#7729 = PCURVE('',#7730,#7735);
#7730 = PLANE('',#7731);
#7731 = AXIS2_PLACEMENT_3D('',#7732,#7733,#7734);
#7732 = CARTESIAN_POINT('',(-169.,166.81391404175,125.));
#7733 = DIRECTION('',(-0.,1.,0.));
#7734 = DIRECTION('',(0.,0.,1.));
#7735 = DEFINITIONAL_REPRESENTATION('',(#7736),#7740);
#7736 = ELLIPSE('',#7737,43.287609102697,9.);
#7737 = AXIS2_PLACEMENT_2D('',#7738,#7739);
#7738 = CARTESIAN_POINT('',(-27.13671642532,11.));
#7739 = DIRECTION('',(-1.,0.));
#7740 = ( GEOMETRIC_REPRESENTATION_CONTEXT(2) 
PARAMETRIC_REPRESENTATION_CONTEXT() REPRESENTATION_CONTEXT('2D SPACE',''
  ) );
#7741 = ORIENTED_EDGE('',*,*,#7742,.F.);
#7742 = EDGE_CURVE('',#5163,#7711,#7743,.T.);
#7743 = SURFACE_CURVE('',#7744,(#7749,#7759),.PCURVE_S1.);
#7744 = ELLIPSE('',#7745,9.201065353785,9.);
#7745 = AXIS2_PLACEMENT_3D('',#7746,#7747,#7748);
#7746 = CARTESIAN_POINT('',(-158.,175.13267992017,137.));
#7747 = DIRECTION('',(0.,0.,1.));
#7748 = DIRECTION('',(0.,-1.,0.));
#7749 = PCURVE('',#1778,#7750);
#7750 = DEFINITIONAL_REPRESENTATION('',(#7751),#7758);
#7751 = B_SPLINE_CURVE_WITH_KNOTS('',5,(#7752,#7753,#7754,#7755,#7756,
    #7757),.UNSPECIFIED.,.F.,.F.,(6,6),(5.822631315498,6.28318530718),
  .PIECEWISE_BEZIER_KNOTS.);
#7752 = CARTESIAN_POINT('',(-1.110242335114,196.33640503623));
#7753 = CARTESIAN_POINT('',(-1.20235313345,196.41472005457));
#7754 = CARTESIAN_POINT('',(-1.294463931786,196.47486111564));
#7755 = CARTESIAN_POINT('',(-1.386574730122,196.51544043152));
#7756 = CARTESIAN_POINT('',(-1.478685528459,196.53572830498));
#7757 = CARTESIAN_POINT('',(-1.570796326795,196.53572830498));
#7758 = ( GEOMETRIC_REPRESENTATION_CONTEXT(2) 
PARAMETRIC_REPRESENTATION_CONTEXT() REPRESENTATION_CONTEXT('2D SPACE',''
  ) );
#7759 = PCURVE('',#4413,#7760);
#7760 = DEFINITIONAL_REPRESENTATION('',(#7761),#7765);
#7761 = ELLIPSE('',#7762,9.201065353785,9.);
#7762 = AXIS2_PLACEMENT_2D('',#7763,#7764);
#7763 = CARTESIAN_POINT('',(11.,8.318765878421));
#7764 = DIRECTION('',(0.,-1.));
#7765 = ( GEOMETRIC_REPRESENTATION_CONTEXT(2) 
PARAMETRIC_REPRESENTATION_CONTEXT() REPRESENTATION_CONTEXT('2D SPACE',''
  ) );
#7766 = ADVANCED_FACE('',(#7767),#1697,.F.);
#7767 = FACE_BOUND('',#7768,.F.);
#7768 = EDGE_LOOP('',(#7769,#7792,#7793,#7794));
#7769 = ORIENTED_EDGE('',*,*,#7770,.F.);
#7770 = EDGE_CURVE('',#5122,#7771,#7773,.T.);
#7771 = VERTEX_POINT('',#7772);
#7772 = CARTESIAN_POINT('',(-157.,204.011312334,288.));
#7773 = SURFACE_CURVE('',#7774,(#7778,#7785),.PCURVE_S1.);
#7774 = LINE('',#7775,#7776);
#7775 = CARTESIAN_POINT('',(-169.,204.011312334,288.));
#7776 = VECTOR('',#7777,1.);
#7777 = DIRECTION('',(1.,0.,-0.));
#7778 = PCURVE('',#1697,#7779);
#7779 = DEFINITIONAL_REPRESENTATION('',(#7780),#7784);
#7780 = LINE('',#7781,#7782);
#7781 = CARTESIAN_POINT('',(0.,0.));
#7782 = VECTOR('',#7783,1.);
#7783 = DIRECTION('',(0.,1.));
#7784 = ( GEOMETRIC_REPRESENTATION_CONTEXT(2) 
PARAMETRIC_REPRESENTATION_CONTEXT() REPRESENTATION_CONTEXT('2D SPACE',''
  ) );
#7785 = PCURVE('',#4462,#7786);
#7786 = DEFINITIONAL_REPRESENTATION('',(#7787),#7791);
#7787 = LINE('',#7788,#7789);
#7788 = CARTESIAN_POINT('',(0.,0.));
#7789 = VECTOR('',#7790,1.);
#7790 = DIRECTION('',(1.,0.));
#7791 = ( GEOMETRIC_REPRESENTATION_CONTEXT(2) 
PARAMETRIC_REPRESENTATION_CONTEXT() REPRESENTATION_CONTEXT('2D SPACE',''
  ) );
#7792 = ORIENTED_EDGE('',*,*,#5142,.T.);
#7793 = ORIENTED_EDGE('',*,*,#1681,.T.);
#7794 = ORIENTED_EDGE('',*,*,#7795,.F.);
#7795 = EDGE_CURVE('',#7771,#1682,#7796,.T.);
#7796 = SURFACE_CURVE('',#7797,(#7801,#7807),.PCURVE_S1.);
#7797 = LINE('',#7798,#7799);
#7798 = CARTESIAN_POINT('',(-157.,204.011312334,203.11810050851));
#7799 = VECTOR('',#7800,1.);
#7800 = DIRECTION('',(0.,0.,1.));
#7801 = PCURVE('',#1697,#7802);
#7802 = DEFINITIONAL_REPRESENTATION('',(#7803),#7806);
#7803 = B_SPLINE_CURVE_WITH_KNOTS('',1,(#7804,#7805),.UNSPECIFIED.,.F.,
  .F.,(2,2),(84.881899491487,96.881899491487),.PIECEWISE_BEZIER_KNOTS.);
#7804 = CARTESIAN_POINT('',(0.,12.));
#7805 = CARTESIAN_POINT('',(12.,12.));
#7806 = ( GEOMETRIC_REPRESENTATION_CONTEXT(2) 
PARAMETRIC_REPRESENTATION_CONTEXT() REPRESENTATION_CONTEXT('2D SPACE',''
  ) );
#7807 = PCURVE('',#1725,#7808);
#7808 = DEFINITIONAL_REPRESENTATION('',(#7809),#7812);
#7809 = B_SPLINE_CURVE_WITH_KNOTS('',1,(#7810,#7811),.UNSPECIFIED.,.F.,
  .F.,(2,2),(84.881899491487,96.881899491487),.PIECEWISE_BEZIER_KNOTS.);
#7810 = CARTESIAN_POINT('',(174.90677375451,-6.352899694583));
#7811 = CARTESIAN_POINT('',(186.64454496332,-3.85795940477));
#7812 = ( GEOMETRIC_REPRESENTATION_CONTEXT(2) 
PARAMETRIC_REPRESENTATION_CONTEXT() REPRESENTATION_CONTEXT('2D SPACE',''
  ) );
#7813 = ADVANCED_FACE('',(#7814),#1752,.F.);
#7814 = FACE_BOUND('',#7815,.F.);
#7815 = EDGE_LOOP('',(#7816,#7817,#7818,#7842));
#7816 = ORIENTED_EDGE('',*,*,#1736,.F.);
#7817 = ORIENTED_EDGE('',*,*,#7258,.T.);
#7818 = ORIENTED_EDGE('',*,*,#7819,.F.);
#7819 = EDGE_CURVE('',#7820,#7259,#7822,.T.);
#7820 = VERTEX_POINT('',#7821);
#7821 = CARTESIAN_POINT('',(-157.,196.68318422206,281.67476051581));
#7822 = SURFACE_CURVE('',#7823,(#7828,#7835),.PCURVE_S1.);
#7823 = CIRCLE('',#7824,6.);
#7824 = AXIS2_PLACEMENT_3D('',#7825,#7826,#7827);
#7825 = CARTESIAN_POINT('',(-154.,195.6028433861,276.59215649049));
#7826 = DIRECTION('',(0.,-0.978147600734,0.207911690818));
#7827 = DIRECTION('',(1.,0.,0.));
#7828 = PCURVE('',#1752,#7829);
#7829 = DEFINITIONAL_REPRESENTATION('',(#7830),#7834);
#7830 = CIRCLE('',#7831,6.);
#7831 = AXIS2_PLACEMENT_2D('',#7832,#7833);
#7832 = CARTESIAN_POINT('',(63.825,-154.));
#7833 = DIRECTION('',(0.,1.));
#7834 = ( GEOMETRIC_REPRESENTATION_CONTEXT(2) 
PARAMETRIC_REPRESENTATION_CONTEXT() REPRESENTATION_CONTEXT('2D SPACE',''
  ) );
#7835 = PCURVE('',#7385,#7836);
#7836 = DEFINITIONAL_REPRESENTATION('',(#7837),#7841);
#7837 = LINE('',#7838,#7839);
#7838 = CARTESIAN_POINT('',(0.,5.));
#7839 = VECTOR('',#7840,1.);
#7840 = DIRECTION('',(1.,0.));
#7841 = ( GEOMETRIC_REPRESENTATION_CONTEXT(2) 
PARAMETRIC_REPRESENTATION_CONTEXT() REPRESENTATION_CONTEXT('2D SPACE',''
  ) );
#7842 = ORIENTED_EDGE('',*,*,#7843,.T.);
#7843 = EDGE_CURVE('',#7820,#1710,#7844,.T.);
#7844 = SURFACE_CURVE('',#7845,(#7849,#7855),.PCURVE_S1.);
#7845 = LINE('',#7846,#7847);
#7846 = CARTESIAN_POINT('',(-157.,185.39697826309,228.57733613947));
#7847 = VECTOR('',#7848,1.);
#7848 = DIRECTION('',(0.,0.207911690818,0.978147600734));
#7849 = PCURVE('',#1752,#7850);
#7850 = DEFINITIONAL_REPRESENTATION('',(#7851),#7854);
#7851 = B_SPLINE_CURVE_WITH_KNOTS('',1,(#7852,#7853),.UNSPECIFIED.,.F.,
  .F.,(2,2),(-112.9125,101.0875),.PIECEWISE_BEZIER_KNOTS.);
#7852 = CARTESIAN_POINT('',(225.825,-157.));
#7853 = CARTESIAN_POINT('',(11.825,-157.));
#7854 = ( GEOMETRIC_REPRESENTATION_CONTEXT(2) 
PARAMETRIC_REPRESENTATION_CONTEXT() REPRESENTATION_CONTEXT('2D SPACE',''
  ) );
#7855 = PCURVE('',#1725,#7856);
#7856 = DEFINITIONAL_REPRESENTATION('',(#7857),#7860);
#7857 = B_SPLINE_CURVE_WITH_KNOTS('',1,(#7858,#7859),.UNSPECIFIED.,.F.,
  .F.,(2,2),(-112.9125,101.0875),.PIECEWISE_BEZIER_KNOTS.);
#7858 = CARTESIAN_POINT('',(0.,-0.500000000001));
#7859 = CARTESIAN_POINT('',(214.,-0.500000000001));
#7860 = ( GEOMETRIC_REPRESENTATION_CONTEXT(2) 
PARAMETRIC_REPRESENTATION_CONTEXT() REPRESENTATION_CONTEXT('2D SPACE',''
  ) );
#7861 = ADVANCED_FACE('',(#7862),#1725,.F.);
#7862 = FACE_BOUND('',#7863,.F.);
#7863 = EDGE_LOOP('',(#7864,#7865,#7866,#7887,#7913,#7934,#7955,#7976,
    #8002,#8023,#8044,#8066,#8087,#8106,#8107,#8126));
#7864 = ORIENTED_EDGE('',*,*,#1709,.F.);
#7865 = ORIENTED_EDGE('',*,*,#7843,.F.);
#7866 = ORIENTED_EDGE('',*,*,#7867,.F.);
#7867 = EDGE_CURVE('',#7868,#7820,#7870,.T.);
#7868 = VERTEX_POINT('',#7869);
#7869 = CARTESIAN_POINT('',(-157.,201.57392222573,280.63520206172));
#7870 = SURFACE_CURVE('',#7871,(#7875,#7881),.PCURVE_S1.);
#7871 = LINE('',#7872,#7873);
#7872 = CARTESIAN_POINT('',(-157.,201.57392222573,280.63520206172));
#7873 = VECTOR('',#7874,1.);
#7874 = DIRECTION('',(0.,-0.978147600734,0.207911690818));
#7875 = PCURVE('',#1725,#7876);
#7876 = DEFINITIONAL_REPRESENTATION('',(#7877),#7880);
#7877 = B_SPLINE_CURVE_WITH_KNOTS('',1,(#7878,#7879),.UNSPECIFIED.,.F.,
  .F.,(2,2),(-5.999999902052E-07,5.0000006),.PIECEWISE_BEZIER_KNOTS.);
#7878 = CARTESIAN_POINT('',(167.1961524227,-5.5000006));
#7879 = CARTESIAN_POINT('',(167.1961524227,-0.4999994));
#7880 = ( GEOMETRIC_REPRESENTATION_CONTEXT(2) 
PARAMETRIC_REPRESENTATION_CONTEXT() REPRESENTATION_CONTEXT('2D SPACE',''
  ) );
#7881 = PCURVE('',#7385,#7882);
#7882 = DEFINITIONAL_REPRESENTATION('',(#7883),#7886);
#7883 = B_SPLINE_CURVE_WITH_KNOTS('',1,(#7884,#7885),.UNSPECIFIED.,.F.,
  .F.,(2,2),(-5.999999902052E-07,5.0000006),.PIECEWISE_BEZIER_KNOTS.);
#7884 = CARTESIAN_POINT('',(2.094395102393,-5.999999970886E-07));
#7885 = CARTESIAN_POINT('',(2.094395102393,5.0000006));
#7886 = ( GEOMETRIC_REPRESENTATION_CONTEXT(2) 
PARAMETRIC_REPRESENTATION_CONTEXT() REPRESENTATION_CONTEXT('2D SPACE',''
  ) );
#7887 = ORIENTED_EDGE('',*,*,#7888,.T.);
#7888 = EDGE_CURVE('',#7868,#7889,#7891,.T.);
#7889 = VERTEX_POINT('',#7890);
#7890 = CARTESIAN_POINT('',(-157.,199.41324055382,270.46999401108));
#7891 = SURFACE_CURVE('',#7892,(#7896,#7902),.PCURVE_S1.);
#7892 = LINE('',#7893,#7894);
#7893 = CARTESIAN_POINT('',(-157.,183.65273443353,196.32264237696));
#7894 = VECTOR('',#7895,1.);
#7895 = DIRECTION('',(0.,-0.207911690818,-0.978147600734));
#7896 = PCURVE('',#1725,#7897);
#7897 = DEFINITIONAL_REPRESENTATION('',(#7898),#7901);
#7898 = B_SPLINE_CURVE_WITH_KNOTS('',1,(#7899,#7900),.UNSPECIFIED.,.F.,
  .F.,(2,2),(-87.,-75.),.PIECEWISE_BEZIER_KNOTS.);
#7899 = CARTESIAN_POINT('',(168.,-5.5));
#7900 = CARTESIAN_POINT('',(156.,-5.5));
#7901 = ( GEOMETRIC_REPRESENTATION_CONTEXT(2) 
PARAMETRIC_REPRESENTATION_CONTEXT() REPRESENTATION_CONTEXT('2D SPACE',''
  ) );
#7902 = PCURVE('',#7903,#7908);
#7903 = PLANE('',#7904);
#7904 = AXIS2_PLACEMENT_3D('',#7905,#7906,#7907);
#7905 = CARTESIAN_POINT('',(-154.,200.49358138977,275.5525980364));
#7906 = DIRECTION('',(0.,-0.978147600734,0.207911690818));
#7907 = DIRECTION('',(1.,0.,0.));
#7908 = DEFINITIONAL_REPRESENTATION('',(#7909),#7912);
#7909 = B_SPLINE_CURVE_WITH_KNOTS('',1,(#7910,#7911),.UNSPECIFIED.,.F.,
  .F.,(2,2),(-87.,-75.),.PIECEWISE_BEZIER_KNOTS.);
#7910 = CARTESIAN_POINT('',(-3.,6.));
#7911 = CARTESIAN_POINT('',(-3.,-6.));
#7912 = ( GEOMETRIC_REPRESENTATION_CONTEXT(2) 
PARAMETRIC_REPRESENTATION_CONTEXT() REPRESENTATION_CONTEXT('2D SPACE',''
  ) );
#7913 = ORIENTED_EDGE('',*,*,#7914,.T.);
#7914 = EDGE_CURVE('',#7889,#7915,#7917,.T.);
#7915 = VERTEX_POINT('',#7916);
#7916 = CARTESIAN_POINT('',(-157.,194.52250255015,271.50955246517));
#7917 = SURFACE_CURVE('',#7918,(#7922,#7928),.PCURVE_S1.);
#7918 = LINE('',#7919,#7920);
#7919 = CARTESIAN_POINT('',(-157.,199.41324055382,270.46999401108));
#7920 = VECTOR('',#7921,1.);
#7921 = DIRECTION('',(0.,-0.978147600734,0.207911690818));
#7922 = PCURVE('',#1725,#7923);
#7923 = DEFINITIONAL_REPRESENTATION('',(#7924),#7927);
#7924 = B_SPLINE_CURVE_WITH_KNOTS('',1,(#7925,#7926),.UNSPECIFIED.,.F.,
  .F.,(2,2),(-6.000000061875E-07,5.0000006),.PIECEWISE_BEZIER_KNOTS.);
#7925 = CARTESIAN_POINT('',(156.80384757729,-5.5000006));
#7926 = CARTESIAN_POINT('',(156.80384757729,-0.4999994));
#7927 = ( GEOMETRIC_REPRESENTATION_CONTEXT(2) 
PARAMETRIC_REPRESENTATION_CONTEXT() REPRESENTATION_CONTEXT('2D SPACE',''
  ) );
#7928 = PCURVE('',#7385,#7929);
#7929 = DEFINITIONAL_REPRESENTATION('',(#7930),#7933);
#7930 = B_SPLINE_CURVE_WITH_KNOTS('',1,(#7931,#7932),.UNSPECIFIED.,.F.,
  .F.,(2,2),(-6.000000061875E-07,5.0000006),.PIECEWISE_BEZIER_KNOTS.);
#7931 = CARTESIAN_POINT('',(4.188790204786,-5.999999993041E-07));
#7932 = CARTESIAN_POINT('',(4.188790204786,5.0000006));
#7933 = ( GEOMETRIC_REPRESENTATION_CONTEXT(2) 
PARAMETRIC_REPRESENTATION_CONTEXT() REPRESENTATION_CONTEXT('2D SPACE',''
  ) );
#7934 = ORIENTED_EDGE('',*,*,#7935,.F.);
#7935 = EDGE_CURVE('',#7936,#7915,#7938,.T.);
#7936 = VERTEX_POINT('',#7937);
#7937 = CARTESIAN_POINT('',(-157.,173.8128982321,174.07852443509));
#7938 = SURFACE_CURVE('',#7939,(#7943,#7949),.PCURVE_S1.);
#7939 = LINE('',#7940,#7941);
#7940 = CARTESIAN_POINT('',(-157.,185.39697826309,228.57733613947));
#7941 = VECTOR('',#7942,1.);
#7942 = DIRECTION('',(0.,0.207911690818,0.978147600734));
#7943 = PCURVE('',#1725,#7944);
#7944 = DEFINITIONAL_REPRESENTATION('',(#7945),#7948);
#7945 = B_SPLINE_CURVE_WITH_KNOTS('',1,(#7946,#7947),.UNSPECIFIED.,.F.,
  .F.,(2,2),(-112.9125,101.0875),.PIECEWISE_BEZIER_KNOTS.);
#7946 = CARTESIAN_POINT('',(0.,-0.500000000001));
#7947 = CARTESIAN_POINT('',(214.,-0.500000000001));
#7948 = ( GEOMETRIC_REPRESENTATION_CONTEXT(2) 
PARAMETRIC_REPRESENTATION_CONTEXT() REPRESENTATION_CONTEXT('2D SPACE',''
  ) );
#7949 = PCURVE('',#7457,#7950);
#7950 = DEFINITIONAL_REPRESENTATION('',(#7951),#7954);
#7951 = B_SPLINE_CURVE_WITH_KNOTS('',1,(#7952,#7953),.UNSPECIFIED.,.F.,
  .F.,(2,2),(-112.9125,101.0875),.PIECEWISE_BEZIER_KNOTS.);
#7952 = CARTESIAN_POINT('',(225.825,-157.));
#7953 = CARTESIAN_POINT('',(11.825,-157.));
#7954 = ( GEOMETRIC_REPRESENTATION_CONTEXT(2) 
PARAMETRIC_REPRESENTATION_CONTEXT() REPRESENTATION_CONTEXT('2D SPACE',''
  ) );
#7955 = ORIENTED_EDGE('',*,*,#7956,.F.);
#7956 = EDGE_CURVE('',#7957,#7936,#7959,.T.);
#7957 = VERTEX_POINT('',#7958);
#7958 = CARTESIAN_POINT('',(-157.,178.70363623577,173.038965981));
#7959 = SURFACE_CURVE('',#7960,(#7964,#7970),.PCURVE_S1.);
#7960 = LINE('',#7961,#7962);
#7961 = CARTESIAN_POINT('',(-157.,178.70363623577,173.038965981));
#7962 = VECTOR('',#7963,1.);
#7963 = DIRECTION('',(0.,-0.978147600734,0.207911690818));
#7964 = PCURVE('',#1725,#7965);
#7965 = DEFINITIONAL_REPRESENTATION('',(#7966),#7969);
#7966 = B_SPLINE_CURVE_WITH_KNOTS('',1,(#7967,#7968),.UNSPECIFIED.,.F.,
  .F.,(2,2),(-5.99999984296E-07,5.0000006),.PIECEWISE_BEZIER_KNOTS.);
#7967 = CARTESIAN_POINT('',(57.196152422707,-5.5000006));
#7968 = CARTESIAN_POINT('',(57.196152422707,-0.4999994));
#7969 = ( GEOMETRIC_REPRESENTATION_CONTEXT(2) 
PARAMETRIC_REPRESENTATION_CONTEXT() REPRESENTATION_CONTEXT('2D SPACE',''
  ) );
#7970 = PCURVE('',#7573,#7971);
#7971 = DEFINITIONAL_REPRESENTATION('',(#7972),#7975);
#7972 = B_SPLINE_CURVE_WITH_KNOTS('',1,(#7973,#7974),.UNSPECIFIED.,.F.,
  .F.,(2,2),(-5.99999984296E-07,5.0000006),.PIECEWISE_BEZIER_KNOTS.);
#7973 = CARTESIAN_POINT('',(2.094395102393,-5.999999969526E-07));
#7974 = CARTESIAN_POINT('',(2.094395102393,5.0000006));
#7975 = ( GEOMETRIC_REPRESENTATION_CONTEXT(2) 
PARAMETRIC_REPRESENTATION_CONTEXT() REPRESENTATION_CONTEXT('2D SPACE',''
  ) );
#7976 = ORIENTED_EDGE('',*,*,#7977,.T.);
#7977 = EDGE_CURVE('',#7957,#7978,#7980,.T.);
#7978 = VERTEX_POINT('',#7979);
#7979 = CARTESIAN_POINT('',(-157.,176.54295456387,162.87375793036));
#7980 = SURFACE_CURVE('',#7981,(#7985,#7991),.PCURVE_S1.);
#7981 = LINE('',#7982,#7983);
#7982 = CARTESIAN_POINT('',(-157.,172.21759143856,142.5245243366));
#7983 = VECTOR('',#7984,1.);
#7984 = DIRECTION('',(0.,-0.207911690818,-0.978147600734));
#7985 = PCURVE('',#1725,#7986);
#7986 = DEFINITIONAL_REPRESENTATION('',(#7987),#7990);
#7987 = B_SPLINE_CURVE_WITH_KNOTS('',1,(#7988,#7989),.UNSPECIFIED.,.F.,
  .F.,(2,2),(-32.,-20.),.PIECEWISE_BEZIER_KNOTS.);
#7988 = CARTESIAN_POINT('',(58.,-5.5));
#7989 = CARTESIAN_POINT('',(46.,-5.5));
#7990 = ( GEOMETRIC_REPRESENTATION_CONTEXT(2) 
PARAMETRIC_REPRESENTATION_CONTEXT() REPRESENTATION_CONTEXT('2D SPACE',''
  ) );
#7991 = PCURVE('',#7992,#7997);
#7992 = PLANE('',#7993);
#7993 = AXIS2_PLACEMENT_3D('',#7994,#7995,#7996);
#7994 = CARTESIAN_POINT('',(-154.,177.62329539982,167.95636195568));
#7995 = DIRECTION('',(0.,-0.978147600734,0.207911690818));
#7996 = DIRECTION('',(1.,0.,0.));
#7997 = DEFINITIONAL_REPRESENTATION('',(#7998),#8001);
#7998 = B_SPLINE_CURVE_WITH_KNOTS('',1,(#7999,#8000),.UNSPECIFIED.,.F.,
  .F.,(2,2),(-32.,-20.),.PIECEWISE_BEZIER_KNOTS.);
#7999 = CARTESIAN_POINT('',(-3.,6.));
#8000 = CARTESIAN_POINT('',(-3.,-6.));
#8001 = ( GEOMETRIC_REPRESENTATION_CONTEXT(2) 
PARAMETRIC_REPRESENTATION_CONTEXT() REPRESENTATION_CONTEXT('2D SPACE',''
  ) );
#8002 = ORIENTED_EDGE('',*,*,#8003,.T.);
#8003 = EDGE_CURVE('',#7978,#8004,#8006,.T.);
#8004 = VERTEX_POINT('',#8005);
#8005 = CARTESIAN_POINT('',(-157.,171.6522165602,163.91331638445));
#8006 = SURFACE_CURVE('',#8007,(#8011,#8017),.PCURVE_S1.);
#8007 = LINE('',#8008,#8009);
#8008 = CARTESIAN_POINT('',(-157.,176.54295456387,162.87375793036));
#8009 = VECTOR('',#8010,1.);
#8010 = DIRECTION('',(0.,-0.978147600734,0.207911690818));
#8011 = PCURVE('',#1725,#8012);
#8012 = DEFINITIONAL_REPRESENTATION('',(#8013),#8016);
#8013 = B_SPLINE_CURVE_WITH_KNOTS('',1,(#8014,#8015),.UNSPECIFIED.,.F.,
  .F.,(2,2),(-6.000000180059E-07,5.0000006),.PIECEWISE_BEZIER_KNOTS.);
#8014 = CARTESIAN_POINT('',(46.803847577293,-5.5000006));
#8015 = CARTESIAN_POINT('',(46.803847577293,-0.4999994));
#8016 = ( GEOMETRIC_REPRESENTATION_CONTEXT(2) 
PARAMETRIC_REPRESENTATION_CONTEXT() REPRESENTATION_CONTEXT('2D SPACE',''
  ) );
#8017 = PCURVE('',#7573,#8018);
#8018 = DEFINITIONAL_REPRESENTATION('',(#8019),#8022);
#8019 = B_SPLINE_CURVE_WITH_KNOTS('',1,(#8020,#8021),.UNSPECIFIED.,.F.,
  .F.,(2,2),(-6.000000180059E-07,5.0000006),.PIECEWISE_BEZIER_KNOTS.);
#8020 = CARTESIAN_POINT('',(4.188790204786,-6.000000053493E-07));
#8021 = CARTESIAN_POINT('',(4.188790204786,5.0000006));
#8022 = ( GEOMETRIC_REPRESENTATION_CONTEXT(2) 
PARAMETRIC_REPRESENTATION_CONTEXT() REPRESENTATION_CONTEXT('2D SPACE',''
  ) );
#8023 = ORIENTED_EDGE('',*,*,#8024,.F.);
#8024 = EDGE_CURVE('',#8025,#8004,#8027,.T.);
#8025 = VERTEX_POINT('',#8026);
#8026 = CARTESIAN_POINT('',(-157.,163.38093582634,125.));
#8027 = SURFACE_CURVE('',#8028,(#8032,#8038),.PCURVE_S1.);
#8028 = LINE('',#8029,#8030);
#8029 = CARTESIAN_POINT('',(-157.,185.39697826309,228.57733613947));
#8030 = VECTOR('',#8031,1.);
#8031 = DIRECTION('',(0.,0.207911690818,0.978147600734));
#8032 = PCURVE('',#1725,#8033);
#8033 = DEFINITIONAL_REPRESENTATION('',(#8034),#8037);
#8034 = B_SPLINE_CURVE_WITH_KNOTS('',1,(#8035,#8036),.UNSPECIFIED.,.F.,
  .F.,(2,2),(-112.9125,101.0875),.PIECEWISE_BEZIER_KNOTS.);
#8035 = CARTESIAN_POINT('',(0.,-0.500000000001));
#8036 = CARTESIAN_POINT('',(214.,-0.500000000001));
#8037 = ( GEOMETRIC_REPRESENTATION_CONTEXT(2) 
PARAMETRIC_REPRESENTATION_CONTEXT() REPRESENTATION_CONTEXT('2D SPACE',''
  ) );
#8038 = PCURVE('',#7645,#8039);
#8039 = DEFINITIONAL_REPRESENTATION('',(#8040),#8043);
#8040 = B_SPLINE_CURVE_WITH_KNOTS('',1,(#8041,#8042),.UNSPECIFIED.,.F.,
  .F.,(2,2),(-112.9125,101.0875),.PIECEWISE_BEZIER_KNOTS.);
#8041 = CARTESIAN_POINT('',(225.825,-157.));
#8042 = CARTESIAN_POINT('',(11.825,-157.));
#8043 = ( GEOMETRIC_REPRESENTATION_CONTEXT(2) 
PARAMETRIC_REPRESENTATION_CONTEXT() REPRESENTATION_CONTEXT('2D SPACE',''
  ) );
#8044 = ORIENTED_EDGE('',*,*,#8045,.T.);
#8045 = EDGE_CURVE('',#8025,#8046,#8048,.T.);
#8046 = VERTEX_POINT('',#8047);
#8047 = CARTESIAN_POINT('',(-157.,166.81391404175,125.));
#8048 = SURFACE_CURVE('',#8049,(#8053,#8059),.PCURVE_S1.);
#8049 = LINE('',#8050,#8051);
#8050 = CARTESIAN_POINT('',(-157.,55.716037836633,125.));
#8051 = VECTOR('',#8052,1.);
#8052 = DIRECTION('',(-0.,1.,0.));
#8053 = PCURVE('',#1725,#8054);
#8054 = DEFINITIONAL_REPRESENTATION('',(#8055),#8058);
#8055 = B_SPLINE_CURVE_WITH_KNOTS('',1,(#8056,#8057),.UNSPECIFIED.,.F.,
  .F.,(2,2),(107.66489798971,119.93298512809),.PIECEWISE_BEZIER_KNOTS.);
#8056 = CARTESIAN_POINT('',(7.021184556636,-0.5));
#8057 = CARTESIAN_POINT('',(9.571863296676,-12.5));
#8058 = ( GEOMETRIC_REPRESENTATION_CONTEXT(2) 
PARAMETRIC_REPRESENTATION_CONTEXT() REPRESENTATION_CONTEXT('2D SPACE',''
  ) );
#8059 = PCURVE('',#2159,#8060);
#8060 = DEFINITIONAL_REPRESENTATION('',(#8061),#8065);
#8061 = LINE('',#8062,#8063);
#8062 = CARTESIAN_POINT('',(63.,105.71603783663));
#8063 = VECTOR('',#8064,1.);
#8064 = DIRECTION('',(0.,1.));
#8065 = ( GEOMETRIC_REPRESENTATION_CONTEXT(2) 
PARAMETRIC_REPRESENTATION_CONTEXT() REPRESENTATION_CONTEXT('2D SPACE',''
  ) );
#8066 = ORIENTED_EDGE('',*,*,#8067,.T.);
#8067 = EDGE_CURVE('',#8046,#8068,#8070,.T.);
#8068 = VERTEX_POINT('',#8069);
#8069 = CARTESIAN_POINT('',(-157.,166.81391404175,137.));
#8070 = SURFACE_CURVE('',#8071,(#8075,#8081),.PCURVE_S1.);
#8071 = LINE('',#8072,#8073);
#8072 = CARTESIAN_POINT('',(-157.,166.81391404175,121.61810050851));
#8073 = VECTOR('',#8074,1.);
#8074 = DIRECTION('',(0.,0.,1.));
#8075 = PCURVE('',#1725,#8076);
#8076 = DEFINITIONAL_REPRESENTATION('',(#8077),#8080);
#8077 = B_SPLINE_CURVE_WITH_KNOTS('',1,(#8078,#8079),.UNSPECIFIED.,.F.,
  .F.,(2,2),(3.381899491487,15.381899491487),.PIECEWISE_BEZIER_KNOTS.);
#8078 = CARTESIAN_POINT('',(7.734940861941,-3.85795940477));
#8079 = CARTESIAN_POINT('',(19.472712070747,-1.363019114957));
#8080 = ( GEOMETRIC_REPRESENTATION_CONTEXT(2) 
PARAMETRIC_REPRESENTATION_CONTEXT() REPRESENTATION_CONTEXT('2D SPACE',''
  ) );
#8081 = PCURVE('',#7730,#8082);
#8082 = DEFINITIONAL_REPRESENTATION('',(#8083),#8086);
#8083 = B_SPLINE_CURVE_WITH_KNOTS('',1,(#8084,#8085),.UNSPECIFIED.,.F.,
  .F.,(2,2),(3.381899491487,15.381899491487),.PIECEWISE_BEZIER_KNOTS.);
#8084 = CARTESIAN_POINT('',(0.,12.));
#8085 = CARTESIAN_POINT('',(12.,12.));
#8086 = ( GEOMETRIC_REPRESENTATION_CONTEXT(2) 
PARAMETRIC_REPRESENTATION_CONTEXT() REPRESENTATION_CONTEXT('2D SPACE',''
  ) );
#8087 = ORIENTED_EDGE('',*,*,#8088,.F.);
#8088 = EDGE_CURVE('',#4399,#8068,#8089,.T.);
#8089 = SURFACE_CURVE('',#8090,(#8094,#8100),.PCURVE_S1.);
#8090 = LINE('',#8091,#8092);
#8091 = CARTESIAN_POINT('',(-157.,164.1229948575,137.));
#8092 = VECTOR('',#8093,1.);
#8093 = DIRECTION('',(0.,-1.,0.));
#8094 = PCURVE('',#1725,#8095);
#8095 = DEFINITIONAL_REPRESENTATION('',(#8096),#8099);
#8096 = B_SPLINE_CURVE_WITH_KNOTS('',1,(#8097,#8098),.UNSPECIFIED.,.F.,
  .F.,(2,2),(-14.07670684725,-2.690919184243),.PIECEWISE_BEZIER_KNOTS.);
#8097 = CARTESIAN_POINT('',(21.839950435056,-12.5));
#8098 = CARTESIAN_POINT('',(19.472712070747,-1.363019114957));
#8099 = ( GEOMETRIC_REPRESENTATION_CONTEXT(2) 
PARAMETRIC_REPRESENTATION_CONTEXT() REPRESENTATION_CONTEXT('2D SPACE',''
  ) );
#8100 = PCURVE('',#4413,#8101);
#8101 = DEFINITIONAL_REPRESENTATION('',(#8102),#8105);
#8102 = B_SPLINE_CURVE_WITH_KNOTS('',1,(#8103,#8104),.UNSPECIFIED.,.F.,
  .F.,(2,2),(-14.07670684725,-2.690919184243),.PIECEWISE_BEZIER_KNOTS.);
#8103 = CARTESIAN_POINT('',(12.,11.385787663016));
#8104 = CARTESIAN_POINT('',(12.,0.));
#8105 = ( GEOMETRIC_REPRESENTATION_CONTEXT(2) 
PARAMETRIC_REPRESENTATION_CONTEXT() REPRESENTATION_CONTEXT('2D SPACE',''
  ) );
#8106 = ORIENTED_EDGE('',*,*,#4424,.T.);
#8107 = ORIENTED_EDGE('',*,*,#8108,.T.);
#8108 = EDGE_CURVE('',#4425,#7771,#8109,.T.);
#8109 = SURFACE_CURVE('',#8110,(#8114,#8120),.PCURVE_S1.);
#8110 = LINE('',#8111,#8112);
#8111 = CARTESIAN_POINT('',(-157.,182.72169400363,288.));
#8112 = VECTOR('',#8113,1.);
#8113 = DIRECTION('',(0.,-1.,0.));
#8114 = PCURVE('',#1725,#8115);
#8115 = DEFINITIONAL_REPRESENTATION('',(#8116),#8119);
#8116 = B_SPLINE_CURVE_WITH_KNOTS('',1,(#8117,#8118),.UNSPECIFIED.,.F.,
  .F.,(2,2),(-27.5740485133,-21.28961833037),.PIECEWISE_BEZIER_KNOTS.);
#8117 = CARTESIAN_POINT('',(176.21338025967,-12.5));
#8118 = CARTESIAN_POINT('',(174.90677375451,-6.352899694583));
#8119 = ( GEOMETRIC_REPRESENTATION_CONTEXT(2) 
PARAMETRIC_REPRESENTATION_CONTEXT() REPRESENTATION_CONTEXT('2D SPACE',''
  ) );
#8120 = PCURVE('',#4462,#8121);
#8121 = DEFINITIONAL_REPRESENTATION('',(#8122),#8125);
#8122 = B_SPLINE_CURVE_WITH_KNOTS('',1,(#8123,#8124),.UNSPECIFIED.,.F.,
  .F.,(2,2),(-27.5740485133,-21.28961833037),.PIECEWISE_BEZIER_KNOTS.);
#8123 = CARTESIAN_POINT('',(12.,6.284430182935));
#8124 = CARTESIAN_POINT('',(12.,0.));
#8125 = ( GEOMETRIC_REPRESENTATION_CONTEXT(2) 
PARAMETRIC_REPRESENTATION_CONTEXT() REPRESENTATION_CONTEXT('2D SPACE',''
  ) );
#8126 = ORIENTED_EDGE('',*,*,#7795,.T.);
#8127 = ADVANCED_FACE('',(#8128),#1812,.F.);
#8128 = FACE_BOUND('',#8129,.F.);
#8129 = EDGE_LOOP('',(#8130,#8131,#8154,#8176,#8177,#8199,#8200,#8222));
#8130 = ORIENTED_EDGE('',*,*,#1795,.F.);
#8131 = ORIENTED_EDGE('',*,*,#8132,.F.);
#8132 = EDGE_CURVE('',#8133,#1796,#8135,.T.);
#8133 = VERTEX_POINT('',#8134);
#8134 = CARTESIAN_POINT('',(-160.3,211.011312334,288.));
#8135 = SEAM_CURVE('',#8136,(#8140,#8147),.PCURVE_S1.);
#8136 = LINE('',#8137,#8138);
#8137 = CARTESIAN_POINT('',(-160.3,211.011312334,287.));
#8138 = VECTOR('',#8139,1.);
#8139 = DIRECTION('',(0.,0.,1.));
#8140 = PCURVE('',#1812,#8141);
#8141 = DEFINITIONAL_REPRESENTATION('',(#8142),#8146);
#8142 = LINE('',#8143,#8144);
#8143 = CARTESIAN_POINT('',(6.28318530718,-0.));
#8144 = VECTOR('',#8145,1.);
#8145 = DIRECTION('',(0.,1.));
#8146 = ( GEOMETRIC_REPRESENTATION_CONTEXT(2) 
PARAMETRIC_REPRESENTATION_CONTEXT() REPRESENTATION_CONTEXT('2D SPACE',''
  ) );
#8147 = PCURVE('',#1812,#8148);
#8148 = DEFINITIONAL_REPRESENTATION('',(#8149),#8153);
#8149 = LINE('',#8150,#8151);
#8150 = CARTESIAN_POINT('',(0.,-0.));
#8151 = VECTOR('',#8152,1.);
#8152 = DIRECTION('',(0.,1.));
#8153 = ( GEOMETRIC_REPRESENTATION_CONTEXT(2) 
PARAMETRIC_REPRESENTATION_CONTEXT() REPRESENTATION_CONTEXT('2D SPACE',''
  ) );
#8154 = ORIENTED_EDGE('',*,*,#8155,.T.);
#8155 = EDGE_CURVE('',#8133,#5033,#8156,.T.);
#8156 = SURFACE_CURVE('',#8157,(#8162,#8169),.PCURVE_S1.);
#8157 = CIRCLE('',#8158,1.7);
#8158 = AXIS2_PLACEMENT_3D('',#8159,#8160,#8161);
#8159 = CARTESIAN_POINT('',(-162.,211.011312334,288.));
#8160 = DIRECTION('',(0.,0.,1.));
#8161 = DIRECTION('',(1.,0.,-0.));
#8162 = PCURVE('',#1812,#8163);
#8163 = DEFINITIONAL_REPRESENTATION('',(#8164),#8168);
#8164 = LINE('',#8165,#8166);
#8165 = CARTESIAN_POINT('',(0.,1.));
#8166 = VECTOR('',#8167,1.);
#8167 = DIRECTION('',(1.,0.));
#8168 = ( GEOMETRIC_REPRESENTATION_CONTEXT(2) 
PARAMETRIC_REPRESENTATION_CONTEXT() REPRESENTATION_CONTEXT('2D SPACE',''
  ) );
#8169 = PCURVE('',#4462,#8170);
#8170 = DEFINITIONAL_REPRESENTATION('',(#8171),#8175);
#8171 = CIRCLE('',#8172,1.7);
#8172 = AXIS2_PLACEMENT_2D('',#8173,#8174);
#8173 = CARTESIAN_POINT('',(7.,7.));
#8174 = DIRECTION('',(1.,0.));
#8175 = ( GEOMETRIC_REPRESENTATION_CONTEXT(2) 
PARAMETRIC_REPRESENTATION_CONTEXT() REPRESENTATION_CONTEXT('2D SPACE',''
  ) );
#8176 = ORIENTED_EDGE('',*,*,#5053,.F.);
#8177 = ORIENTED_EDGE('',*,*,#8178,.T.);
#8178 = EDGE_CURVE('',#5054,#5075,#8179,.T.);
#8179 = SURFACE_CURVE('',#8180,(#8185,#8192),.PCURVE_S1.);
#8180 = CIRCLE('',#8181,1.7);
#8181 = AXIS2_PLACEMENT_3D('',#8182,#8183,#8184);
#8182 = CARTESIAN_POINT('',(-162.,211.011312334,287.));
#8183 = DIRECTION('',(0.,0.,1.));
#8184 = DIRECTION('',(1.,0.,-0.));
#8185 = PCURVE('',#1812,#8186);
#8186 = DEFINITIONAL_REPRESENTATION('',(#8187),#8191);
#8187 = LINE('',#8188,#8189);
#8188 = CARTESIAN_POINT('',(0.,0.));
#8189 = VECTOR('',#8190,1.);
#8190 = DIRECTION('',(1.,0.));
#8191 = ( GEOMETRIC_REPRESENTATION_CONTEXT(2) 
PARAMETRIC_REPRESENTATION_CONTEXT() REPRESENTATION_CONTEXT('2D SPACE',''
  ) );
#8192 = PCURVE('',#5089,#8193);
#8193 = DEFINITIONAL_REPRESENTATION('',(#8194),#8198);
#8194 = CIRCLE('',#8195,1.7);
#8195 = AXIS2_PLACEMENT_2D('',#8196,#8197);
#8196 = CARTESIAN_POINT('',(0.,0.));
#8197 = DIRECTION('',(1.,0.));
#8198 = ( GEOMETRIC_REPRESENTATION_CONTEXT(2) 
PARAMETRIC_REPRESENTATION_CONTEXT() REPRESENTATION_CONTEXT('2D SPACE',''
  ) );
#8199 = ORIENTED_EDGE('',*,*,#5100,.T.);
#8200 = ORIENTED_EDGE('',*,*,#8201,.T.);
#8201 = EDGE_CURVE('',#5101,#8133,#8202,.T.);
#8202 = SURFACE_CURVE('',#8203,(#8208,#8215),.PCURVE_S1.);
#8203 = CIRCLE('',#8204,1.7);
#8204 = AXIS2_PLACEMENT_3D('',#8205,#8206,#8207);
#8205 = CARTESIAN_POINT('',(-162.,211.011312334,288.));
#8206 = DIRECTION('',(0.,0.,1.));
#8207 = DIRECTION('',(1.,0.,-0.));
#8208 = PCURVE('',#1812,#8209);
#8209 = DEFINITIONAL_REPRESENTATION('',(#8210),#8214);
#8210 = LINE('',#8211,#8212);
#8211 = CARTESIAN_POINT('',(0.,1.));
#8212 = VECTOR('',#8213,1.);
#8213 = DIRECTION('',(1.,0.));
#8214 = ( GEOMETRIC_REPRESENTATION_CONTEXT(2) 
PARAMETRIC_REPRESENTATION_CONTEXT() REPRESENTATION_CONTEXT('2D SPACE',''
  ) );
#8215 = PCURVE('',#4462,#8216);
#8216 = DEFINITIONAL_REPRESENTATION('',(#8217),#8221);
#8217 = CIRCLE('',#8218,1.7);
#8218 = AXIS2_PLACEMENT_2D('',#8219,#8220);
#8219 = CARTESIAN_POINT('',(7.,7.));
#8220 = DIRECTION('',(1.,0.));
#8221 = ( GEOMETRIC_REPRESENTATION_CONTEXT(2) 
PARAMETRIC_REPRESENTATION_CONTEXT() REPRESENTATION_CONTEXT('2D SPACE',''
  ) );
#8222 = ORIENTED_EDGE('',*,*,#8132,.T.);
#8223 = ADVANCED_FACE('',(#8224),#1844,.T.);
#8224 = FACE_BOUND('',#8225,.T.);
#8225 = EDGE_LOOP('',(#8226,#8227,#8248,#8274,#8300,#8321,#8347,#8373,
    #8399,#8420,#8446,#8468,#8494,#8513,#8514,#8535));
#8226 = ORIENTED_EDGE('',*,*,#1826,.F.);
#8227 = ORIENTED_EDGE('',*,*,#8228,.F.);
#8228 = EDGE_CURVE('',#8229,#1827,#8231,.T.);
#8229 = VERTEX_POINT('',#8230);
#8230 = CARTESIAN_POINT('',(157.,196.68318422206,281.67476051581));
#8231 = SURFACE_CURVE('',#8232,(#8236,#8242),.PCURVE_S1.);
#8232 = LINE('',#8233,#8234);
#8233 = CARTESIAN_POINT('',(157.,185.39697826309,228.57733613947));
#8234 = VECTOR('',#8235,1.);
#8235 = DIRECTION('',(0.,0.207911690818,0.978147600734));
#8236 = PCURVE('',#1844,#8237);
#8237 = DEFINITIONAL_REPRESENTATION('',(#8238),#8241);
#8238 = B_SPLINE_CURVE_WITH_KNOTS('',1,(#8239,#8240),.UNSPECIFIED.,.F.,
  .F.,(2,2),(-112.9125,101.0875),.PIECEWISE_BEZIER_KNOTS.);
#8239 = CARTESIAN_POINT('',(0.,-0.500000000001));
#8240 = CARTESIAN_POINT('',(214.,-0.500000000001));
#8241 = ( GEOMETRIC_REPRESENTATION_CONTEXT(2) 
PARAMETRIC_REPRESENTATION_CONTEXT() REPRESENTATION_CONTEXT('2D SPACE',''
  ) );
#8242 = PCURVE('',#1951,#8243);
#8243 = DEFINITIONAL_REPRESENTATION('',(#8244),#8247);
#8244 = B_SPLINE_CURVE_WITH_KNOTS('',1,(#8245,#8246),.UNSPECIFIED.,.F.,
  .F.,(2,2),(-112.9125,101.0875),.PIECEWISE_BEZIER_KNOTS.);
#8245 = CARTESIAN_POINT('',(225.825,157.));
#8246 = CARTESIAN_POINT('',(11.825,157.));
#8247 = ( GEOMETRIC_REPRESENTATION_CONTEXT(2) 
PARAMETRIC_REPRESENTATION_CONTEXT() REPRESENTATION_CONTEXT('2D SPACE',''
  ) );
#8248 = ORIENTED_EDGE('',*,*,#8249,.F.);
#8249 = EDGE_CURVE('',#8250,#8229,#8252,.T.);
#8250 = VERTEX_POINT('',#8251);
#8251 = CARTESIAN_POINT('',(157.,201.57392222573,280.63520206172));
#8252 = SURFACE_CURVE('',#8253,(#8257,#8263),.PCURVE_S1.);
#8253 = LINE('',#8254,#8255);
#8254 = CARTESIAN_POINT('',(157.,201.57392222573,280.63520206172));
#8255 = VECTOR('',#8256,1.);
#8256 = DIRECTION('',(0.,-0.978147600734,0.207911690818));
#8257 = PCURVE('',#1844,#8258);
#8258 = DEFINITIONAL_REPRESENTATION('',(#8259),#8262);
#8259 = B_SPLINE_CURVE_WITH_KNOTS('',1,(#8260,#8261),.UNSPECIFIED.,.F.,
  .F.,(2,2),(-5.999999902052E-07,5.0000006),.PIECEWISE_BEZIER_KNOTS.);
#8260 = CARTESIAN_POINT('',(167.1961524227,-5.5000006));
#8261 = CARTESIAN_POINT('',(167.1961524227,-0.4999994));
#8262 = ( GEOMETRIC_REPRESENTATION_CONTEXT(2) 
PARAMETRIC_REPRESENTATION_CONTEXT() REPRESENTATION_CONTEXT('2D SPACE',''
  ) );
#8263 = PCURVE('',#8264,#8269);
#8264 = CYLINDRICAL_SURFACE('',#8265,6.);
#8265 = AXIS2_PLACEMENT_3D('',#8266,#8267,#8268);
#8266 = CARTESIAN_POINT('',(154.,200.49358138977,275.5525980364));
#8267 = DIRECTION('',(0.,-0.978147600734,0.207911690818));
#8268 = DIRECTION('',(1.,0.,0.));
#8269 = DEFINITIONAL_REPRESENTATION('',(#8270),#8273);
#8270 = B_SPLINE_CURVE_WITH_KNOTS('',1,(#8271,#8272),.UNSPECIFIED.,.F.,
  .F.,(2,2),(0.,5.),.PIECEWISE_BEZIER_KNOTS.);
#8271 = CARTESIAN_POINT('',(7.330382858376,-6.883382752676E-15));
#8272 = CARTESIAN_POINT('',(7.330382858376,5.));
#8273 = ( GEOMETRIC_REPRESENTATION_CONTEXT(2) 
PARAMETRIC_REPRESENTATION_CONTEXT() REPRESENTATION_CONTEXT('2D SPACE',''
  ) );
#8274 = ORIENTED_EDGE('',*,*,#8275,.T.);
#8275 = EDGE_CURVE('',#8250,#8276,#8278,.T.);
#8276 = VERTEX_POINT('',#8277);
#8277 = CARTESIAN_POINT('',(157.,199.41324055382,270.46999401108));
#8278 = SURFACE_CURVE('',#8279,(#8283,#8289),.PCURVE_S1.);
#8279 = LINE('',#8280,#8281);
#8280 = CARTESIAN_POINT('',(157.,183.65273443353,196.32264237696));
#8281 = VECTOR('',#8282,1.);
#8282 = DIRECTION('',(0.,-0.207911690818,-0.978147600734));
#8283 = PCURVE('',#1844,#8284);
#8284 = DEFINITIONAL_REPRESENTATION('',(#8285),#8288);
#8285 = B_SPLINE_CURVE_WITH_KNOTS('',1,(#8286,#8287),.UNSPECIFIED.,.F.,
  .F.,(2,2),(-87.,-75.),.PIECEWISE_BEZIER_KNOTS.);
#8286 = CARTESIAN_POINT('',(168.,-5.5));
#8287 = CARTESIAN_POINT('',(156.,-5.5));
#8288 = ( GEOMETRIC_REPRESENTATION_CONTEXT(2) 
PARAMETRIC_REPRESENTATION_CONTEXT() REPRESENTATION_CONTEXT('2D SPACE',''
  ) );
#8289 = PCURVE('',#8290,#8295);
#8290 = PLANE('',#8291);
#8291 = AXIS2_PLACEMENT_3D('',#8292,#8293,#8294);
#8292 = CARTESIAN_POINT('',(154.,200.49358138977,275.5525980364));
#8293 = DIRECTION('',(0.,-0.978147600734,0.207911690818));
#8294 = DIRECTION('',(1.,0.,0.));
#8295 = DEFINITIONAL_REPRESENTATION('',(#8296),#8299);
#8296 = B_SPLINE_CURVE_WITH_KNOTS('',1,(#8297,#8298),.UNSPECIFIED.,.F.,
  .F.,(2,2),(-87.,-75.),.PIECEWISE_BEZIER_KNOTS.);
#8297 = CARTESIAN_POINT('',(3.,6.));
#8298 = CARTESIAN_POINT('',(3.,-6.));
#8299 = ( GEOMETRIC_REPRESENTATION_CONTEXT(2) 
PARAMETRIC_REPRESENTATION_CONTEXT() REPRESENTATION_CONTEXT('2D SPACE',''
  ) );
#8300 = ORIENTED_EDGE('',*,*,#8301,.T.);
#8301 = EDGE_CURVE('',#8276,#8302,#8304,.T.);
#8302 = VERTEX_POINT('',#8303);
#8303 = CARTESIAN_POINT('',(157.,194.52250255015,271.50955246517));
#8304 = SURFACE_CURVE('',#8305,(#8309,#8315),.PCURVE_S1.);
#8305 = LINE('',#8306,#8307);
#8306 = CARTESIAN_POINT('',(157.,199.41324055382,270.46999401108));
#8307 = VECTOR('',#8308,1.);
#8308 = DIRECTION('',(0.,-0.978147600734,0.207911690818));
#8309 = PCURVE('',#1844,#8310);
#8310 = DEFINITIONAL_REPRESENTATION('',(#8311),#8314);
#8311 = B_SPLINE_CURVE_WITH_KNOTS('',1,(#8312,#8313),.UNSPECIFIED.,.F.,
  .F.,(2,2),(-6.000000061875E-07,5.0000006),.PIECEWISE_BEZIER_KNOTS.);
#8312 = CARTESIAN_POINT('',(156.80384757729,-5.5000006));
#8313 = CARTESIAN_POINT('',(156.80384757729,-0.4999994));
#8314 = ( GEOMETRIC_REPRESENTATION_CONTEXT(2) 
PARAMETRIC_REPRESENTATION_CONTEXT() REPRESENTATION_CONTEXT('2D SPACE',''
  ) );
#8315 = PCURVE('',#8264,#8316);
#8316 = DEFINITIONAL_REPRESENTATION('',(#8317),#8320);
#8317 = B_SPLINE_CURVE_WITH_KNOTS('',1,(#8318,#8319),.UNSPECIFIED.,.F.,
  .F.,(2,2),(0.,5.),.PIECEWISE_BEZIER_KNOTS.);
#8318 = CARTESIAN_POINT('',(5.235987755983,6.883382752676E-15));
#8319 = CARTESIAN_POINT('',(5.235987755983,5.));
#8320 = ( GEOMETRIC_REPRESENTATION_CONTEXT(2) 
PARAMETRIC_REPRESENTATION_CONTEXT() REPRESENTATION_CONTEXT('2D SPACE',''
  ) );
#8321 = ORIENTED_EDGE('',*,*,#8322,.F.);
#8322 = EDGE_CURVE('',#8323,#8302,#8325,.T.);
#8323 = VERTEX_POINT('',#8324);
#8324 = CARTESIAN_POINT('',(157.,173.8128982321,174.07852443509));
#8325 = SURFACE_CURVE('',#8326,(#8330,#8336),.PCURVE_S1.);
#8326 = LINE('',#8327,#8328);
#8327 = CARTESIAN_POINT('',(157.,185.39697826309,228.57733613947));
#8328 = VECTOR('',#8329,1.);
#8329 = DIRECTION('',(0.,0.207911690818,0.978147600734));
#8330 = PCURVE('',#1844,#8331);
#8331 = DEFINITIONAL_REPRESENTATION('',(#8332),#8335);
#8332 = B_SPLINE_CURVE_WITH_KNOTS('',1,(#8333,#8334),.UNSPECIFIED.,.F.,
  .F.,(2,2),(-112.9125,101.0875),.PIECEWISE_BEZIER_KNOTS.);
#8333 = CARTESIAN_POINT('',(0.,-0.500000000001));
#8334 = CARTESIAN_POINT('',(214.,-0.500000000001));
#8335 = ( GEOMETRIC_REPRESENTATION_CONTEXT(2) 
PARAMETRIC_REPRESENTATION_CONTEXT() REPRESENTATION_CONTEXT('2D SPACE',''
  ) );
#8336 = PCURVE('',#8337,#8342);
#8337 = PLANE('',#8338);
#8338 = AXIS2_PLACEMENT_3D('',#8339,#8340,#8341);
#8339 = CARTESIAN_POINT('',(0.,208.87280705255,339.02242710732));
#8340 = DIRECTION('',(0.,-0.978147600734,0.207911690818));
#8341 = DIRECTION('',(0.,-0.207911690818,-0.978147600734));
#8342 = DEFINITIONAL_REPRESENTATION('',(#8343),#8346);
#8343 = B_SPLINE_CURVE_WITH_KNOTS('',1,(#8344,#8345),.UNSPECIFIED.,.F.,
  .F.,(2,2),(-112.9125,101.0875),.PIECEWISE_BEZIER_KNOTS.);
#8344 = CARTESIAN_POINT('',(225.825,157.));
#8345 = CARTESIAN_POINT('',(11.825,157.));
#8346 = ( GEOMETRIC_REPRESENTATION_CONTEXT(2) 
PARAMETRIC_REPRESENTATION_CONTEXT() REPRESENTATION_CONTEXT('2D SPACE',''
  ) );
#8347 = ORIENTED_EDGE('',*,*,#8348,.F.);
#8348 = EDGE_CURVE('',#8349,#8323,#8351,.T.);
#8349 = VERTEX_POINT('',#8350);
#8350 = CARTESIAN_POINT('',(157.,178.70363623577,173.038965981));
#8351 = SURFACE_CURVE('',#8352,(#8356,#8362),.PCURVE_S1.);
#8352 = LINE('',#8353,#8354);
#8353 = CARTESIAN_POINT('',(157.,178.70363623577,173.038965981));
#8354 = VECTOR('',#8355,1.);
#8355 = DIRECTION('',(0.,-0.978147600734,0.207911690818));
#8356 = PCURVE('',#1844,#8357);
#8357 = DEFINITIONAL_REPRESENTATION('',(#8358),#8361);
#8358 = B_SPLINE_CURVE_WITH_KNOTS('',1,(#8359,#8360),.UNSPECIFIED.,.F.,
  .F.,(2,2),(-5.99999984296E-07,5.0000006),.PIECEWISE_BEZIER_KNOTS.);
#8359 = CARTESIAN_POINT('',(57.196152422707,-5.5000006));
#8360 = CARTESIAN_POINT('',(57.196152422707,-0.4999994));
#8361 = ( GEOMETRIC_REPRESENTATION_CONTEXT(2) 
PARAMETRIC_REPRESENTATION_CONTEXT() REPRESENTATION_CONTEXT('2D SPACE',''
  ) );
#8362 = PCURVE('',#8363,#8368);
#8363 = CYLINDRICAL_SURFACE('',#8364,6.);
#8364 = AXIS2_PLACEMENT_3D('',#8365,#8366,#8367);
#8365 = CARTESIAN_POINT('',(154.,177.62329539982,167.95636195568));
#8366 = DIRECTION('',(0.,-0.978147600734,0.207911690818));
#8367 = DIRECTION('',(1.,0.,0.));
#8368 = DEFINITIONAL_REPRESENTATION('',(#8369),#8372);
#8369 = B_SPLINE_CURVE_WITH_KNOTS('',1,(#8370,#8371),.UNSPECIFIED.,.F.,
  .F.,(2,2),(0.,5.),.PIECEWISE_BEZIER_KNOTS.);
#8370 = CARTESIAN_POINT('',(7.330382858376,-1.265654248073E-14));
#8371 = CARTESIAN_POINT('',(7.330382858376,5.));
#8372 = ( GEOMETRIC_REPRESENTATION_CONTEXT(2) 
PARAMETRIC_REPRESENTATION_CONTEXT() REPRESENTATION_CONTEXT('2D SPACE',''
  ) );
#8373 = ORIENTED_EDGE('',*,*,#8374,.T.);
#8374 = EDGE_CURVE('',#8349,#8375,#8377,.T.);
#8375 = VERTEX_POINT('',#8376);
#8376 = CARTESIAN_POINT('',(157.,176.54295456387,162.87375793036));
#8377 = SURFACE_CURVE('',#8378,(#8382,#8388),.PCURVE_S1.);
#8378 = LINE('',#8379,#8380);
#8379 = CARTESIAN_POINT('',(157.,172.21759143856,142.5245243366));
#8380 = VECTOR('',#8381,1.);
#8381 = DIRECTION('',(0.,-0.207911690818,-0.978147600734));
#8382 = PCURVE('',#1844,#8383);
#8383 = DEFINITIONAL_REPRESENTATION('',(#8384),#8387);
#8384 = B_SPLINE_CURVE_WITH_KNOTS('',1,(#8385,#8386),.UNSPECIFIED.,.F.,
  .F.,(2,2),(-32.,-20.),.PIECEWISE_BEZIER_KNOTS.);
#8385 = CARTESIAN_POINT('',(58.,-5.5));
#8386 = CARTESIAN_POINT('',(46.,-5.5));
#8387 = ( GEOMETRIC_REPRESENTATION_CONTEXT(2) 
PARAMETRIC_REPRESENTATION_CONTEXT() REPRESENTATION_CONTEXT('2D SPACE',''
  ) );
#8388 = PCURVE('',#8389,#8394);
#8389 = PLANE('',#8390);
#8390 = AXIS2_PLACEMENT_3D('',#8391,#8392,#8393);
#8391 = CARTESIAN_POINT('',(154.,177.62329539982,167.95636195568));
#8392 = DIRECTION('',(0.,-0.978147600734,0.207911690818));
#8393 = DIRECTION('',(1.,0.,0.));
#8394 = DEFINITIONAL_REPRESENTATION('',(#8395),#8398);
#8395 = B_SPLINE_CURVE_WITH_KNOTS('',1,(#8396,#8397),.UNSPECIFIED.,.F.,
  .F.,(2,2),(-32.,-20.),.PIECEWISE_BEZIER_KNOTS.);
#8396 = CARTESIAN_POINT('',(3.,6.));
#8397 = CARTESIAN_POINT('',(3.,-6.));
#8398 = ( GEOMETRIC_REPRESENTATION_CONTEXT(2) 
PARAMETRIC_REPRESENTATION_CONTEXT() REPRESENTATION_CONTEXT('2D SPACE',''
  ) );
#8399 = ORIENTED_EDGE('',*,*,#8400,.T.);
#8400 = EDGE_CURVE('',#8375,#8401,#8403,.T.);
#8401 = VERTEX_POINT('',#8402);
#8402 = CARTESIAN_POINT('',(157.,171.6522165602,163.91331638445));
#8403 = SURFACE_CURVE('',#8404,(#8408,#8414),.PCURVE_S1.);
#8404 = LINE('',#8405,#8406);
#8405 = CARTESIAN_POINT('',(157.,176.54295456387,162.87375793036));
#8406 = VECTOR('',#8407,1.);
#8407 = DIRECTION('',(0.,-0.978147600734,0.207911690818));
#8408 = PCURVE('',#1844,#8409);
#8409 = DEFINITIONAL_REPRESENTATION('',(#8410),#8413);
#8410 = B_SPLINE_CURVE_WITH_KNOTS('',1,(#8411,#8412),.UNSPECIFIED.,.F.,
  .F.,(2,2),(-6.000000180059E-07,5.0000006),.PIECEWISE_BEZIER_KNOTS.);
#8411 = CARTESIAN_POINT('',(46.803847577293,-5.5000006));
#8412 = CARTESIAN_POINT('',(46.803847577293,-0.4999994));
#8413 = ( GEOMETRIC_REPRESENTATION_CONTEXT(2) 
PARAMETRIC_REPRESENTATION_CONTEXT() REPRESENTATION_CONTEXT('2D SPACE',''
  ) );
#8414 = PCURVE('',#8363,#8415);
#8415 = DEFINITIONAL_REPRESENTATION('',(#8416),#8419);
#8416 = B_SPLINE_CURVE_WITH_KNOTS('',1,(#8417,#8418),.UNSPECIFIED.,.F.,
  .F.,(2,2),(0.,5.),.PIECEWISE_BEZIER_KNOTS.);
#8417 = CARTESIAN_POINT('',(5.235987755983,1.265654248073E-14));
#8418 = CARTESIAN_POINT('',(5.235987755983,5.));
#8419 = ( GEOMETRIC_REPRESENTATION_CONTEXT(2) 
PARAMETRIC_REPRESENTATION_CONTEXT() REPRESENTATION_CONTEXT('2D SPACE',''
  ) );
#8420 = ORIENTED_EDGE('',*,*,#8421,.F.);
#8421 = EDGE_CURVE('',#8422,#8401,#8424,.T.);
#8422 = VERTEX_POINT('',#8423);
#8423 = CARTESIAN_POINT('',(157.,163.38093582634,125.));
#8424 = SURFACE_CURVE('',#8425,(#8429,#8435),.PCURVE_S1.);
#8425 = LINE('',#8426,#8427);
#8426 = CARTESIAN_POINT('',(157.,185.39697826309,228.57733613947));
#8427 = VECTOR('',#8428,1.);
#8428 = DIRECTION('',(0.,0.207911690818,0.978147600734));
#8429 = PCURVE('',#1844,#8430);
#8430 = DEFINITIONAL_REPRESENTATION('',(#8431),#8434);
#8431 = B_SPLINE_CURVE_WITH_KNOTS('',1,(#8432,#8433),.UNSPECIFIED.,.F.,
  .F.,(2,2),(-112.9125,101.0875),.PIECEWISE_BEZIER_KNOTS.);
#8432 = CARTESIAN_POINT('',(0.,-0.500000000001));
#8433 = CARTESIAN_POINT('',(214.,-0.500000000001));
#8434 = ( GEOMETRIC_REPRESENTATION_CONTEXT(2) 
PARAMETRIC_REPRESENTATION_CONTEXT() REPRESENTATION_CONTEXT('2D SPACE',''
  ) );
#8435 = PCURVE('',#8436,#8441);
#8436 = PLANE('',#8437);
#8437 = AXIS2_PLACEMENT_3D('',#8438,#8439,#8440);
#8438 = CARTESIAN_POINT('',(0.,208.87280705255,339.02242710732));
#8439 = DIRECTION('',(0.,-0.978147600734,0.207911690818));
#8440 = DIRECTION('',(0.,-0.207911690818,-0.978147600734));
#8441 = DEFINITIONAL_REPRESENTATION('',(#8442),#8445);
#8442 = B_SPLINE_CURVE_WITH_KNOTS('',1,(#8443,#8444),.UNSPECIFIED.,.F.,
  .F.,(2,2),(-112.9125,101.0875),.PIECEWISE_BEZIER_KNOTS.);
#8443 = CARTESIAN_POINT('',(225.825,157.));
#8444 = CARTESIAN_POINT('',(11.825,157.));
#8445 = ( GEOMETRIC_REPRESENTATION_CONTEXT(2) 
PARAMETRIC_REPRESENTATION_CONTEXT() REPRESENTATION_CONTEXT('2D SPACE',''
  ) );
#8446 = ORIENTED_EDGE('',*,*,#8447,.T.);
#8447 = EDGE_CURVE('',#8422,#8448,#8450,.T.);
#8448 = VERTEX_POINT('',#8449);
#8449 = CARTESIAN_POINT('',(157.,166.81391404175,125.));
#8450 = SURFACE_CURVE('',#8451,(#8455,#8461),.PCURVE_S1.);
#8451 = LINE('',#8452,#8453);
#8452 = CARTESIAN_POINT('',(157.,55.716037836633,125.));
#8453 = VECTOR('',#8454,1.);
#8454 = DIRECTION('',(-0.,1.,0.));
#8455 = PCURVE('',#1844,#8456);
#8456 = DEFINITIONAL_REPRESENTATION('',(#8457),#8460);
#8457 = B_SPLINE_CURVE_WITH_KNOTS('',1,(#8458,#8459),.UNSPECIFIED.,.F.,
  .F.,(2,2),(107.66489798971,119.93298512809),.PIECEWISE_BEZIER_KNOTS.);
#8458 = CARTESIAN_POINT('',(7.021184556636,-0.5));
#8459 = CARTESIAN_POINT('',(9.571863296676,-12.5));
#8460 = ( GEOMETRIC_REPRESENTATION_CONTEXT(2) 
PARAMETRIC_REPRESENTATION_CONTEXT() REPRESENTATION_CONTEXT('2D SPACE',''
  ) );
#8461 = PCURVE('',#2159,#8462);
#8462 = DEFINITIONAL_REPRESENTATION('',(#8463),#8467);
#8463 = LINE('',#8464,#8465);
#8464 = CARTESIAN_POINT('',(377.,105.71603783663));
#8465 = VECTOR('',#8466,1.);
#8466 = DIRECTION('',(0.,1.));
#8467 = ( GEOMETRIC_REPRESENTATION_CONTEXT(2) 
PARAMETRIC_REPRESENTATION_CONTEXT() REPRESENTATION_CONTEXT('2D SPACE',''
  ) );
#8468 = ORIENTED_EDGE('',*,*,#8469,.T.);
#8469 = EDGE_CURVE('',#8448,#8470,#8472,.T.);
#8470 = VERTEX_POINT('',#8471);
#8471 = CARTESIAN_POINT('',(157.,166.81391404175,137.));
#8472 = SURFACE_CURVE('',#8473,(#8477,#8483),.PCURVE_S1.);
#8473 = LINE('',#8474,#8475);
#8474 = CARTESIAN_POINT('',(157.,166.81391404175,121.61810050851));
#8475 = VECTOR('',#8476,1.);
#8476 = DIRECTION('',(0.,0.,1.));
#8477 = PCURVE('',#1844,#8478);
#8478 = DEFINITIONAL_REPRESENTATION('',(#8479),#8482);
#8479 = B_SPLINE_CURVE_WITH_KNOTS('',1,(#8480,#8481),.UNSPECIFIED.,.F.,
  .F.,(2,2),(3.381899491487,15.381899491487),.PIECEWISE_BEZIER_KNOTS.);
#8480 = CARTESIAN_POINT('',(7.734940861941,-3.85795940477));
#8481 = CARTESIAN_POINT('',(19.472712070747,-1.363019114957));
#8482 = ( GEOMETRIC_REPRESENTATION_CONTEXT(2) 
PARAMETRIC_REPRESENTATION_CONTEXT() REPRESENTATION_CONTEXT('2D SPACE',''
  ) );
#8483 = PCURVE('',#8484,#8489);
#8484 = PLANE('',#8485);
#8485 = AXIS2_PLACEMENT_3D('',#8486,#8487,#8488);
#8486 = CARTESIAN_POINT('',(155.,166.81391404175,125.));
#8487 = DIRECTION('',(-0.,1.,0.));
#8488 = DIRECTION('',(0.,0.,1.));
#8489 = DEFINITIONAL_REPRESENTATION('',(#8490),#8493);
#8490 = B_SPLINE_CURVE_WITH_KNOTS('',1,(#8491,#8492),.UNSPECIFIED.,.F.,
  .F.,(2,2),(3.381899491487,15.381899491487),.PIECEWISE_BEZIER_KNOTS.);
#8491 = CARTESIAN_POINT('',(0.,2.));
#8492 = CARTESIAN_POINT('',(12.,2.));
#8493 = ( GEOMETRIC_REPRESENTATION_CONTEXT(2) 
PARAMETRIC_REPRESENTATION_CONTEXT() REPRESENTATION_CONTEXT('2D SPACE',''
  ) );
#8494 = ORIENTED_EDGE('',*,*,#8495,.F.);
#8495 = EDGE_CURVE('',#6103,#8470,#8496,.T.);
#8496 = SURFACE_CURVE('',#8497,(#8501,#8507),.PCURVE_S1.);
#8497 = LINE('',#8498,#8499);
#8498 = CARTESIAN_POINT('',(157.,164.1229948575,137.));
#8499 = VECTOR('',#8500,1.);
#8500 = DIRECTION('',(0.,-1.,0.));
#8501 = PCURVE('',#1844,#8502);
#8502 = DEFINITIONAL_REPRESENTATION('',(#8503),#8506);
#8503 = B_SPLINE_CURVE_WITH_KNOTS('',1,(#8504,#8505),.UNSPECIFIED.,.F.,
  .F.,(2,2),(-14.07670684725,-2.690919184243),.PIECEWISE_BEZIER_KNOTS.);
#8504 = CARTESIAN_POINT('',(21.839950435056,-12.5));
#8505 = CARTESIAN_POINT('',(19.472712070747,-1.363019114957));
#8506 = ( GEOMETRIC_REPRESENTATION_CONTEXT(2) 
PARAMETRIC_REPRESENTATION_CONTEXT() REPRESENTATION_CONTEXT('2D SPACE',''
  ) );
#8507 = PCURVE('',#6117,#8508);
#8508 = DEFINITIONAL_REPRESENTATION('',(#8509),#8512);
#8509 = B_SPLINE_CURVE_WITH_KNOTS('',1,(#8510,#8511),.UNSPECIFIED.,.F.,
  .F.,(2,2),(-14.07670684725,-2.690919184243),.PIECEWISE_BEZIER_KNOTS.);
#8510 = CARTESIAN_POINT('',(2.,11.385787663016));
#8511 = CARTESIAN_POINT('',(2.,0.));
#8512 = ( GEOMETRIC_REPRESENTATION_CONTEXT(2) 
PARAMETRIC_REPRESENTATION_CONTEXT() REPRESENTATION_CONTEXT('2D SPACE',''
  ) );
#8513 = ORIENTED_EDGE('',*,*,#6223,.T.);
#8514 = ORIENTED_EDGE('',*,*,#8515,.T.);
#8515 = EDGE_CURVE('',#6198,#8516,#8518,.T.);
#8516 = VERTEX_POINT('',#8517);
#8517 = CARTESIAN_POINT('',(157.,204.011312334,288.));
#8518 = SURFACE_CURVE('',#8519,(#8523,#8529),.PCURVE_S1.);
#8519 = LINE('',#8520,#8521);
#8520 = CARTESIAN_POINT('',(157.,182.72169400363,288.));
#8521 = VECTOR('',#8522,1.);
#8522 = DIRECTION('',(0.,-1.,0.));
#8523 = PCURVE('',#1844,#8524);
#8524 = DEFINITIONAL_REPRESENTATION('',(#8525),#8528);
#8525 = B_SPLINE_CURVE_WITH_KNOTS('',1,(#8526,#8527),.UNSPECIFIED.,.F.,
  .F.,(2,2),(-27.5740485133,-21.28961833037),.PIECEWISE_BEZIER_KNOTS.);
#8526 = CARTESIAN_POINT('',(176.21338025967,-12.5));
#8527 = CARTESIAN_POINT('',(174.90677375451,-6.352899694583));
#8528 = ( GEOMETRIC_REPRESENTATION_CONTEXT(2) 
PARAMETRIC_REPRESENTATION_CONTEXT() REPRESENTATION_CONTEXT('2D SPACE',''
  ) );
#8529 = PCURVE('',#6212,#8530);
#8530 = DEFINITIONAL_REPRESENTATION('',(#8531),#8534);
#8531 = B_SPLINE_CURVE_WITH_KNOTS('',1,(#8532,#8533),.UNSPECIFIED.,.F.,
  .F.,(2,2),(-27.5740485133,-21.28961833037),.PIECEWISE_BEZIER_KNOTS.);
#8532 = CARTESIAN_POINT('',(2.,6.284430182935));
#8533 = CARTESIAN_POINT('',(2.,0.));
#8534 = ( GEOMETRIC_REPRESENTATION_CONTEXT(2) 
PARAMETRIC_REPRESENTATION_CONTEXT() REPRESENTATION_CONTEXT('2D SPACE',''
  ) );
#8535 = ORIENTED_EDGE('',*,*,#8536,.T.);
#8536 = EDGE_CURVE('',#8516,#1829,#8537,.T.);
#8537 = SURFACE_CURVE('',#8538,(#8542,#8548),.PCURVE_S1.);
#8538 = LINE('',#8539,#8540);
#8539 = CARTESIAN_POINT('',(157.,204.011312334,203.11810050851));
#8540 = VECTOR('',#8541,1.);
#8541 = DIRECTION('',(0.,0.,1.));
#8542 = PCURVE('',#1844,#8543);
#8543 = DEFINITIONAL_REPRESENTATION('',(#8544),#8547);
#8544 = B_SPLINE_CURVE_WITH_KNOTS('',1,(#8545,#8546),.UNSPECIFIED.,.F.,
  .F.,(2,2),(84.881899491487,96.881899491487),.PIECEWISE_BEZIER_KNOTS.);
#8545 = CARTESIAN_POINT('',(174.90677375451,-6.352899694583));
#8546 = CARTESIAN_POINT('',(186.64454496332,-3.85795940477));
#8547 = ( GEOMETRIC_REPRESENTATION_CONTEXT(2) 
PARAMETRIC_REPRESENTATION_CONTEXT() REPRESENTATION_CONTEXT('2D SPACE',''
  ) );
#8548 = PCURVE('',#1871,#8549);
#8549 = DEFINITIONAL_REPRESENTATION('',(#8550),#8553);
#8550 = B_SPLINE_CURVE_WITH_KNOTS('',1,(#8551,#8552),.UNSPECIFIED.,.F.,
  .F.,(2,2),(84.881899491487,96.881899491487),.PIECEWISE_BEZIER_KNOTS.);
#8551 = CARTESIAN_POINT('',(0.,2.));
#8552 = CARTESIAN_POINT('',(12.,2.));
#8553 = ( GEOMETRIC_REPRESENTATION_CONTEXT(2) 
PARAMETRIC_REPRESENTATION_CONTEXT() REPRESENTATION_CONTEXT('2D SPACE',''
  ) );
#8554 = ADVANCED_FACE('',(#8555),#1951,.F.);
#8555 = FACE_BOUND('',#8556,.F.);
#8556 = EDGE_LOOP('',(#8557,#8580,#8581,#8582));
#8557 = ORIENTED_EDGE('',*,*,#8558,.F.);
#8558 = EDGE_CURVE('',#1906,#8559,#8561,.T.);
#8559 = VERTEX_POINT('',#8560);
#8560 = CARTESIAN_POINT('',(158.,196.53265273408,280.96656554503));
#8561 = SURFACE_CURVE('',#8562,(#8566,#8573),.PCURVE_S1.);
#8562 = LINE('',#8563,#8564);
#8563 = CARTESIAN_POINT('',(158.,206.79369014437,329.24095109999));
#8564 = VECTOR('',#8565,1.);
#8565 = DIRECTION('',(0.,-0.207911690818,-0.978147600734));
#8566 = PCURVE('',#1951,#8567);
#8567 = DEFINITIONAL_REPRESENTATION('',(#8568),#8572);
#8568 = LINE('',#8569,#8570);
#8569 = CARTESIAN_POINT('',(9.999999999999,158.));
#8570 = VECTOR('',#8571,1.);
#8571 = DIRECTION('',(1.,0.));
#8572 = ( GEOMETRIC_REPRESENTATION_CONTEXT(2) 
PARAMETRIC_REPRESENTATION_CONTEXT() REPRESENTATION_CONTEXT('2D SPACE',''
  ) );
#8573 = PCURVE('',#1922,#8574);
#8574 = DEFINITIONAL_REPRESENTATION('',(#8575),#8579);
#8575 = LINE('',#8576,#8577);
#8576 = CARTESIAN_POINT('',(-0.,0.));
#8577 = VECTOR('',#8578,1.);
#8578 = DIRECTION('',(-0.,1.));
#8579 = ( GEOMETRIC_REPRESENTATION_CONTEXT(2) 
PARAMETRIC_REPRESENTATION_CONTEXT() REPRESENTATION_CONTEXT('2D SPACE',''
  ) );
#8580 = ORIENTED_EDGE('',*,*,#1937,.F.);
#8581 = ORIENTED_EDGE('',*,*,#8228,.F.);
#8582 = ORIENTED_EDGE('',*,*,#8583,.F.);
#8583 = EDGE_CURVE('',#8559,#8229,#8584,.T.);
#8584 = SURFACE_CURVE('',#8585,(#8590,#8597),.PCURVE_S1.);
#8585 = CIRCLE('',#8586,6.);
#8586 = AXIS2_PLACEMENT_3D('',#8587,#8588,#8589);
#8587 = CARTESIAN_POINT('',(154.,195.6028433861,276.59215649049));
#8588 = DIRECTION('',(0.,-0.978147600734,0.207911690818));
#8589 = DIRECTION('',(1.,0.,0.));
#8590 = PCURVE('',#1951,#8591);
#8591 = DEFINITIONAL_REPRESENTATION('',(#8592),#8596);
#8592 = CIRCLE('',#8593,6.);
#8593 = AXIS2_PLACEMENT_2D('',#8594,#8595);
#8594 = CARTESIAN_POINT('',(63.825,154.));
#8595 = DIRECTION('',(0.,1.));
#8596 = ( GEOMETRIC_REPRESENTATION_CONTEXT(2) 
PARAMETRIC_REPRESENTATION_CONTEXT() REPRESENTATION_CONTEXT('2D SPACE',''
  ) );
#8597 = PCURVE('',#8264,#8598);
#8598 = DEFINITIONAL_REPRESENTATION('',(#8599),#8602);
#8599 = B_SPLINE_CURVE_WITH_KNOTS('',1,(#8600,#8601),.UNSPECIFIED.,.F.,
  .F.,(2,2),(0.841068670568,1.047197551197),.PIECEWISE_BEZIER_KNOTS.);
#8600 = CARTESIAN_POINT('',(7.124253977748,5.));
#8601 = CARTESIAN_POINT('',(7.330382858376,5.));
#8602 = ( GEOMETRIC_REPRESENTATION_CONTEXT(2) 
PARAMETRIC_REPRESENTATION_CONTEXT() REPRESENTATION_CONTEXT('2D SPACE',''
  ) );
#8603 = ADVANCED_FACE('',(#8604),#1871,.F.);
#8604 = FACE_BOUND('',#8605,.F.);
#8605 = EDGE_LOOP('',(#8606,#8627,#8628,#8629));
#8606 = ORIENTED_EDGE('',*,*,#8607,.F.);
#8607 = EDGE_CURVE('',#8516,#6795,#8608,.T.);
#8608 = SURFACE_CURVE('',#8609,(#8613,#8620),.PCURVE_S1.);
#8609 = LINE('',#8610,#8611);
#8610 = CARTESIAN_POINT('',(155.,204.011312334,288.));
#8611 = VECTOR('',#8612,1.);
#8612 = DIRECTION('',(1.,0.,-0.));
#8613 = PCURVE('',#1871,#8614);
#8614 = DEFINITIONAL_REPRESENTATION('',(#8615),#8619);
#8615 = LINE('',#8616,#8617);
#8616 = CARTESIAN_POINT('',(0.,0.));
#8617 = VECTOR('',#8618,1.);
#8618 = DIRECTION('',(0.,1.));
#8619 = ( GEOMETRIC_REPRESENTATION_CONTEXT(2) 
PARAMETRIC_REPRESENTATION_CONTEXT() REPRESENTATION_CONTEXT('2D SPACE',''
  ) );
#8620 = PCURVE('',#6212,#8621);
#8621 = DEFINITIONAL_REPRESENTATION('',(#8622),#8626);
#8622 = LINE('',#8623,#8624);
#8623 = CARTESIAN_POINT('',(0.,0.));
#8624 = VECTOR('',#8625,1.);
#8625 = DIRECTION('',(1.,0.));
#8626 = ( GEOMETRIC_REPRESENTATION_CONTEXT(2) 
PARAMETRIC_REPRESENTATION_CONTEXT() REPRESENTATION_CONTEXT('2D SPACE',''
  ) );
#8627 = ORIENTED_EDGE('',*,*,#8536,.T.);
#8628 = ORIENTED_EDGE('',*,*,#1855,.T.);
#8629 = ORIENTED_EDGE('',*,*,#6815,.F.);
#8630 = ADVANCED_FACE('',(#8631),#1922,.F.);
#8631 = FACE_BOUND('',#8632,.T.);
#8632 = EDGE_LOOP('',(#8633,#8634,#8635,#8636,#8663,#8690,#8716,#8743,
    #8766,#8900,#8923));
#8633 = ORIENTED_EDGE('',*,*,#8558,.F.);
#8634 = ORIENTED_EDGE('',*,*,#1905,.T.);
#8635 = ORIENTED_EDGE('',*,*,#6835,.T.);
#8636 = ORIENTED_EDGE('',*,*,#8637,.F.);
#8637 = EDGE_CURVE('',#8638,#6836,#8640,.T.);
#8638 = VERTEX_POINT('',#8639);
#8639 = CARTESIAN_POINT('',(161.84571736824,166.81391404175,137.));
#8640 = SURFACE_CURVE('',#8641,(#8646,#8656),.PCURVE_S1.);
#8641 = ELLIPSE('',#8642,9.201065353785,9.);
#8642 = AXIS2_PLACEMENT_3D('',#8643,#8644,#8645);
#8643 = CARTESIAN_POINT('',(158.,175.13267992017,137.));
#8644 = DIRECTION('',(0.,0.,1.));
#8645 = DIRECTION('',(0.,-1.,0.));
#8646 = PCURVE('',#1922,#8647);
#8647 = DEFINITIONAL_REPRESENTATION('',(#8648),#8655);
#8648 = B_SPLINE_CURVE_WITH_KNOTS('',5,(#8649,#8650,#8651,#8652,#8653,
    #8654),.UNSPECIFIED.,.F.,.F.,(6,6),(0.,0.460553991681),
  .PIECEWISE_BEZIER_KNOTS.);
#8649 = CARTESIAN_POINT('',(0.,196.53572830498));
#8650 = CARTESIAN_POINT('',(-9.211079833626E-02,196.53572830498));
#8651 = CARTESIAN_POINT('',(-0.184221596673,196.51544043152));
#8652 = CARTESIAN_POINT('',(-0.276332395009,196.47486111564));
#8653 = CARTESIAN_POINT('',(-0.368443193345,196.41472005457));
#8654 = CARTESIAN_POINT('',(-0.460553991681,196.33640503623));
#8655 = ( GEOMETRIC_REPRESENTATION_CONTEXT(2) 
PARAMETRIC_REPRESENTATION_CONTEXT() REPRESENTATION_CONTEXT('2D SPACE',''
  ) );
#8656 = PCURVE('',#6117,#8657);
#8657 = DEFINITIONAL_REPRESENTATION('',(#8658),#8662);
#8658 = ELLIPSE('',#8659,9.201065353785,9.);
#8659 = AXIS2_PLACEMENT_2D('',#8660,#8661);
#8660 = CARTESIAN_POINT('',(3.,8.318765878421));
#8661 = DIRECTION('',(0.,-1.));
#8662 = ( GEOMETRIC_REPRESENTATION_CONTEXT(2) 
PARAMETRIC_REPRESENTATION_CONTEXT() REPRESENTATION_CONTEXT('2D SPACE',''
  ) );
#8663 = ORIENTED_EDGE('',*,*,#8664,.T.);
#8664 = EDGE_CURVE('',#8638,#8665,#8667,.T.);
#8665 = VERTEX_POINT('',#8666);
#8666 = CARTESIAN_POINT('',(162.,166.81391404175,136.64060156284));
#8667 = SURFACE_CURVE('',#8668,(#8673,#8683),.PCURVE_S1.);
#8668 = ELLIPSE('',#8669,43.287609102697,9.);
#8669 = AXIS2_PLACEMENT_3D('',#8670,#8671,#8672);
#8670 = CARTESIAN_POINT('',(158.,166.81391404175,97.863283574677));
#8671 = DIRECTION('',(0.,1.,0.));
#8672 = DIRECTION('',(0.,0.,-1.));
#8673 = PCURVE('',#1922,#8674);
#8674 = DEFINITIONAL_REPRESENTATION('',(#8675),#8682);
#8675 = B_SPLINE_CURVE_WITH_KNOTS('',5,(#8676,#8677,#8678,#8679,#8680,
    #8681),.UNSPECIFIED.,.F.,.F.,(6,6),(3.512964063575,3.602146645271),
  .PIECEWISE_BEZIER_KNOTS.);
#8676 = CARTESIAN_POINT('',(-0.371371409985,195.17851080836));
#8677 = CARTESIAN_POINT('',(-0.389207926324,195.45257825352));
#8678 = CARTESIAN_POINT('',(-0.407044442664,195.74233613442));
#8679 = CARTESIAN_POINT('',(-0.424880959003,196.04760280459));
#8680 = CARTESIAN_POINT('',(-0.442717475342,196.36817580099));
#8681 = CARTESIAN_POINT('',(-0.460553991681,196.70383264826));
#8682 = ( GEOMETRIC_REPRESENTATION_CONTEXT(2) 
PARAMETRIC_REPRESENTATION_CONTEXT() REPRESENTATION_CONTEXT('2D SPACE',''
  ) );
#8683 = PCURVE('',#8484,#8684);
#8684 = DEFINITIONAL_REPRESENTATION('',(#8685),#8689);
#8685 = ELLIPSE('',#8686,43.287609102697,9.);
#8686 = AXIS2_PLACEMENT_2D('',#8687,#8688);
#8687 = CARTESIAN_POINT('',(-27.13671642532,3.));
#8688 = DIRECTION('',(-1.,0.));
#8689 = ( GEOMETRIC_REPRESENTATION_CONTEXT(2) 
PARAMETRIC_REPRESENTATION_CONTEXT() REPRESENTATION_CONTEXT('2D SPACE',''
  ) );
#8690 = ORIENTED_EDGE('',*,*,#8691,.T.);
#8691 = EDGE_CURVE('',#8665,#8692,#8694,.T.);
#8692 = VERTEX_POINT('',#8693);
#8693 = CARTESIAN_POINT('',(162.,164.33962779778,125.));
#8694 = SURFACE_CURVE('',#8695,(#8699,#8705),.PCURVE_S1.);
#8695 = LINE('',#8696,#8697);
#8696 = CARTESIAN_POINT('',(162.,207.71094047798,329.04598352288));
#8697 = VECTOR('',#8698,1.);
#8698 = DIRECTION('',(0.,-0.207911690818,-0.978147600734));
#8699 = PCURVE('',#1922,#8700);
#8700 = DEFINITIONAL_REPRESENTATION('',(#8701),#8704);
#8701 = B_SPLINE_CURVE_WITH_KNOTS('',1,(#8702,#8703),.UNSPECIFIED.,.F.,
  .F.,(2,2),(-6.000002463201E-07,220.9958498358),
  .PIECEWISE_BEZIER_KNOTS.);
#8702 = CARTESIAN_POINT('',(-0.460553991681,-6.000002545357E-07));
#8703 = CARTESIAN_POINT('',(-0.460553991681,220.9958498358));
#8704 = ( GEOMETRIC_REPRESENTATION_CONTEXT(2) 
PARAMETRIC_REPRESENTATION_CONTEXT() REPRESENTATION_CONTEXT('2D SPACE',''
  ) );
#8705 = PCURVE('',#8706,#8711);
#8706 = PLANE('',#8707);
#8707 = AXIS2_PLACEMENT_3D('',#8708,#8709,#8710);
#8708 = CARTESIAN_POINT('',(162.,199.13202132381,167.81425665813));
#8709 = DIRECTION('',(1.,0.,0.));
#8710 = DIRECTION('',(0.,1.,0.));
#8711 = DEFINITIONAL_REPRESENTATION('',(#8712),#8715);
#8712 = B_SPLINE_CURVE_WITH_KNOTS('',1,(#8713,#8714),.UNSPECIFIED.,.F.,
  .F.,(2,2),(-6.000002463201E-07,220.9958498358),
  .PIECEWISE_BEZIER_KNOTS.);
#8713 = CARTESIAN_POINT('',(8.578919278913,161.23172745164));
#8714 = CARTESIAN_POINT('',(-37.3687016489,-54.93483342426));
#8715 = ( GEOMETRIC_REPRESENTATION_CONTEXT(2) 
PARAMETRIC_REPRESENTATION_CONTEXT() REPRESENTATION_CONTEXT('2D SPACE',''
  ) );
#8716 = ORIENTED_EDGE('',*,*,#8717,.F.);
#8717 = EDGE_CURVE('',#8718,#8692,#8720,.T.);
#8718 = VERTEX_POINT('',#8719);
#8719 = CARTESIAN_POINT('',(158.,163.38093582634,125.));
#8720 = SURFACE_CURVE('',#8721,(#8726,#8736),.PCURVE_S1.);
#8721 = ELLIPSE('',#8722,9.201065353785,9.);
#8722 = AXIS2_PLACEMENT_3D('',#8723,#8724,#8725);
#8723 = CARTESIAN_POINT('',(158.,172.58200118013,125.));
#8724 = DIRECTION('',(0.,0.,1.));
#8725 = DIRECTION('',(0.,-1.,0.));
#8726 = PCURVE('',#1922,#8727);
#8727 = DEFINITIONAL_REPRESENTATION('',(#8728),#8735);
#8728 = B_SPLINE_CURVE_WITH_KNOTS('',5,(#8729,#8730,#8731,#8732,#8733,
    #8734),.UNSPECIFIED.,.F.,.F.,(6,6),(0.,0.460553991681),
  .PIECEWISE_BEZIER_KNOTS.);
#8729 = CARTESIAN_POINT('',(0.,208.80381544336));
#8730 = CARTESIAN_POINT('',(-9.211079833626E-02,208.80381544336));
#8731 = CARTESIAN_POINT('',(-0.184221596673,208.7835275699));
#8732 = CARTESIAN_POINT('',(-0.276332395009,208.74294825402));
#8733 = CARTESIAN_POINT('',(-0.368443193345,208.68280719295));
#8734 = CARTESIAN_POINT('',(-0.460553991681,208.60449217461));
#8735 = ( GEOMETRIC_REPRESENTATION_CONTEXT(2) 
PARAMETRIC_REPRESENTATION_CONTEXT() REPRESENTATION_CONTEXT('2D SPACE',''
  ) );
#8736 = PCURVE('',#2159,#8737);
#8737 = DEFINITIONAL_REPRESENTATION('',(#8738),#8742);
#8738 = ELLIPSE('',#8739,9.201065353785,9.);
#8739 = AXIS2_PLACEMENT_2D('',#8740,#8741);
#8740 = CARTESIAN_POINT('',(378.,222.58200118013));
#8741 = DIRECTION('',(0.,-1.));
#8742 = ( GEOMETRIC_REPRESENTATION_CONTEXT(2) 
PARAMETRIC_REPRESENTATION_CONTEXT() REPRESENTATION_CONTEXT('2D SPACE',''
  ) );
#8743 = ORIENTED_EDGE('',*,*,#8744,.F.);
#8744 = EDGE_CURVE('',#8745,#8718,#8747,.T.);
#8745 = VERTEX_POINT('',#8746);
#8746 = CARTESIAN_POINT('',(158.,171.80274804818,164.62151135523));
#8747 = SURFACE_CURVE('',#8748,(#8752,#8759),.PCURVE_S1.);
#8748 = LINE('',#8749,#8750);
#8749 = CARTESIAN_POINT('',(158.,206.79369014437,329.24095109999));
#8750 = VECTOR('',#8751,1.);
#8751 = DIRECTION('',(0.,-0.207911690818,-0.978147600734));
#8752 = PCURVE('',#1922,#8753);
#8753 = DEFINITIONAL_REPRESENTATION('',(#8754),#8758);
#8754 = LINE('',#8755,#8756);
#8755 = CARTESIAN_POINT('',(-0.,0.));
#8756 = VECTOR('',#8757,1.);
#8757 = DIRECTION('',(-0.,1.));
#8758 = ( GEOMETRIC_REPRESENTATION_CONTEXT(2) 
PARAMETRIC_REPRESENTATION_CONTEXT() REPRESENTATION_CONTEXT('2D SPACE',''
  ) );
#8759 = PCURVE('',#8436,#8760);
#8760 = DEFINITIONAL_REPRESENTATION('',(#8761),#8765);
#8761 = LINE('',#8762,#8763);
#8762 = CARTESIAN_POINT('',(9.999999999999,158.));
#8763 = VECTOR('',#8764,1.);
#8764 = DIRECTION('',(1.,0.));
#8765 = ( GEOMETRIC_REPRESENTATION_CONTEXT(2) 
PARAMETRIC_REPRESENTATION_CONTEXT() REPRESENTATION_CONTEXT('2D SPACE',''
  ) );
#8766 = ORIENTED_EDGE('',*,*,#8767,.T.);
#8767 = EDGE_CURVE('',#8745,#8768,#8770,.T.);
#8768 = VERTEX_POINT('',#8769);
#8769 = CARTESIAN_POINT('',(158.,173.66236674412,173.37032946431));
#8770 = SURFACE_CURVE('',#8771,(#8798,#8849),.PCURVE_S1.);
#8771 = B_SPLINE_CURVE_WITH_KNOTS('',7,(#8772,#8773,#8774,#8775,#8776,
    #8777,#8778,#8779,#8780,#8781,#8782,#8783,#8784,#8785,#8786,#8787,
    #8788,#8789,#8790,#8791,#8792,#8793,#8794,#8795,#8796,#8797),
  .UNSPECIFIED.,.F.,.F.,(8,6,6,6,8),(0.,0.186844908207,1.,1.812062676722
    ,1.999995728881),.UNSPECIFIED.);
#8772 = CARTESIAN_POINT('',(158.,171.80274804818,164.62151135523));
#8773 = CARTESIAN_POINT('',(158.1115008832,171.82348296088,
    164.71906144985));
#8774 = CARTESIAN_POINT('',(158.21900519641,171.84626480956,
    164.8184902889));
#8775 = CARTESIAN_POINT('',(158.32254527465,171.87085337366,
    164.91966754062));
#8776 = CARTESIAN_POINT('',(158.42215754012,171.89702597204,
    165.02247031247));
#8777 = CARTESIAN_POINT('',(158.51788212351,171.92457663622,
    165.126783507));
#8778 = CARTESIAN_POINT('',(158.60976248523,171.95331528354,
    165.23250017783));
#8779 = CARTESIAN_POINT('',(159.08118315324,172.11254684669,
    165.80528382369));
#8780 = CARTESIAN_POINT('',(159.3932253207,172.2614260813,
    166.29653600217));
#8781 = CARTESIAN_POINT('',(159.63812486204,172.41566807175,
    166.8062476058));
#8782 = CARTESIAN_POINT('',(159.81943986518,172.56638936548,
    167.32971296194));
#8783 = CARTESIAN_POINT('',(159.93966375072,172.70782919166,
    167.86337042423));
#8784 = CARTESIAN_POINT('',(160.,172.83685893627,168.40425906114));
#8785 = CARTESIAN_POINT('',(160.,173.06833635403,169.4932746904));
#8786 = CARTESIAN_POINT('',(159.9398257573,173.17034306729,
    170.03914947918));
#8787 = CARTESIAN_POINT('',(159.81992249604,173.25811032522,
    170.58347537295));
#8788 = CARTESIAN_POINT('',(159.63909434631,173.33328199653,
    171.12228925335));
#8789 = CARTESIAN_POINT('',(159.39486274745,173.39965135139,
    171.65002012278));
#8790 = CARTESIAN_POINT('',(159.08368943325,173.46338547845,
    172.15879799991));
#8791 = CARTESIAN_POINT('',(158.612976296,173.55081941782,
    172.74713204139));
#8792 = CARTESIAN_POINT('',(158.52067261625,173.56764685127,
    172.85608148137));
#8793 = CARTESIAN_POINT('',(158.42448087139,173.58499164559,
    172.96324892535));
#8794 = CARTESIAN_POINT('',(158.32435674139,173.60298604915,
    173.06845659272));
#8795 = CARTESIAN_POINT('',(158.22025929464,173.62177376208,
    173.17151246295));
#8796 = CARTESIAN_POINT('',(158.1121513769,173.6415108644,
    173.27221026459));
#8797 = CARTESIAN_POINT('',(158.,173.66236674412,173.37032946431));
#8798 = PCURVE('',#1922,#8799);
#8799 = DEFINITIONAL_REPRESENTATION('',(#8800),#8848);
#8800 = B_SPLINE_CURVE_WITH_KNOTS('',3,(#8801,#8802,#8803,#8804,#8805,
    #8806,#8807,#8808,#8809,#8810,#8811,#8812,#8813,#8814,#8815,#8816,
    #8817,#8818,#8819,#8820,#8821,#8822,#8823,#8824,#8825,#8826,#8827,
    #8828,#8829,#8830,#8831,#8832,#8833,#8834,#8835,#8836,#8837,#8838,
    #8839,#8840,#8841,#8842,#8843,#8844,#8845,#8846,#8847),
  .UNSPECIFIED.,.F.,.F.,(4,1,1,1,1,1,1,1,1,1,1,1,1,1,1,1,1,1,1,1,1,1,1,1
    ,1,1,1,1,1,1,1,1,1,1,1,1,1,1,1,1,1,1,1,1,4),(0.,4.545444838365E-02,
    9.090889676731E-02,0.136363345151,0.181817793535,0.227272241918,
    0.272726690302,0.318181138686,0.363635587069,0.409090035453,
    0.454544483837,0.49999893222,0.545453380604,0.590907828988,
    0.636362277371,0.681816725755,0.727271174138,0.772725622522,
    0.818180070906,0.863634519289,0.909088967673,0.954543416057,
    0.99999786444,1.045452312824,1.090906761208,1.136361209591,
    1.181815657975,1.227270106359,1.272724554742,1.318179003126,
    1.36363345151,1.409087899893,1.454542348277,1.499996796661,
    1.545451245044,1.590905693428,1.636360141812,1.681814590195,
    1.727269038579,1.772723486963,1.818177935346,1.86363238373,
    1.909086832114,1.954541280497,1.999995728881),
  .QUASI_UNIFORM_KNOTS.);
#8801 = CARTESIAN_POINT('',(0.,168.297135955));
#8802 = CARTESIAN_POINT('',(-7.03236729293E-03,168.24052297104));
#8803 = CARTESIAN_POINT('',(-2.072957176836E-02,168.1254319646));
#8804 = CARTESIAN_POINT('',(-4.01908693225E-02,167.94768588457));
#8805 = CARTESIAN_POINT('',(-5.858650644711E-02,167.76532467337));
#8806 = CARTESIAN_POINT('',(-7.593264542141E-02,167.57881164098));
#8807 = CARTESIAN_POINT('',(-9.224968446542E-02,167.38852835357));
#8808 = CARTESIAN_POINT('',(-0.107562398515,167.19473725814));
#8809 = CARTESIAN_POINT('',(-0.12188395173,166.99778356878));
#8810 = CARTESIAN_POINT('',(-0.13522848273,166.79796090127));
#8811 = CARTESIAN_POINT('',(-0.14760801815,166.59554864272));
#8812 = CARTESIAN_POINT('',(-0.159033465874,166.39080417433));
#8813 = CARTESIAN_POINT('',(-0.169514489655,166.18396705696));
#8814 = CARTESIAN_POINT('',(-0.179059660838,165.97525989032));
#8815 = CARTESIAN_POINT('',(-0.18767651565,165.76488995685));
#8816 = CARTESIAN_POINT('',(-0.195371619623,165.55305055906));
#8817 = CARTESIAN_POINT('',(-0.202150613591,165.33992236833));
#8818 = CARTESIAN_POINT('',(-0.208018249361,165.1256746682));
#8819 = CARTESIAN_POINT('',(-0.212978413815,164.91046670635));
#8820 = CARTESIAN_POINT('',(-0.217034142392,164.69444847886));
#8821 = CARTESIAN_POINT('',(-0.220187622003,164.47776350292));
#8822 = CARTESIAN_POINT('',(-0.222440183524,164.26054409297));
#8823 = CARTESIAN_POINT('',(-0.223792283447,164.04293458879));
#8824 = CARTESIAN_POINT('',(-0.224243475551,163.82501029008));
#8825 = CARTESIAN_POINT('',(-0.22379236815,163.60708569483));
#8826 = CARTESIAN_POINT('',(-0.222440346944,163.38947547933));
#8827 = CARTESIAN_POINT('',(-0.220187854501,163.17225503584));
#8828 = CARTESIAN_POINT('',(-0.217034432165,162.95556880979));
#8829 = CARTESIAN_POINT('',(-0.212978748353,162.73954920648));
#8830 = CARTESIAN_POINT('',(-0.208018616647,162.52433982546));
#8831 = CARTESIAN_POINT('',(-0.202151003102,162.31009073379));
#8832 = CARTESIAN_POINT('',(-0.195372023116,162.09696123872));
#8833 = CARTESIAN_POINT('',(-0.187676927727,161.88512067111));
#8834 = CARTESIAN_POINT('',(-0.179060079285,161.67474973717));
#8835 = CARTESIAN_POINT('',(-0.169514915533,161.46604176129));
#8836 = CARTESIAN_POINT('',(-0.1590339034,161.25920403505));
#8837 = CARTESIAN_POINT('',(-0.147608474197,161.0544591535));
#8838 = CARTESIAN_POINT('',(-0.135228966477,160.85204666317));
#8839 = CARTESIAN_POINT('',(-0.121884472446,160.65222390659));
#8840 = CARTESIAN_POINT('',(-0.107562968907,160.45527026445));
#8841 = CARTESIAN_POINT('',(-9.225030176167E-02,160.26147916938));
#8842 = CARTESIAN_POINT('',(-7.593335397979E-02,160.07119625871));
#8843 = CARTESIAN_POINT('',(-5.858699155477E-02,159.88468026657));
#8844 = CARTESIAN_POINT('',(-4.019122561155E-02,159.70231747229));
#8845 = CARTESIAN_POINT('',(-2.072976635635E-02,159.52456969118));
#8846 = CARTESIAN_POINT('',(-7.032438146453E-03,159.4094776038));
#8847 = CARTESIAN_POINT('',(0.,159.352864045));
#8848 = ( GEOMETRIC_REPRESENTATION_CONTEXT(2) 
PARAMETRIC_REPRESENTATION_CONTEXT() REPRESENTATION_CONTEXT('2D SPACE',''
  ) );
#8849 = PCURVE('',#8363,#8850);
#8850 = DEFINITIONAL_REPRESENTATION('',(#8851),#8899);
#8851 = B_SPLINE_CURVE_WITH_KNOTS('',3,(#8852,#8853,#8854,#8855,#8856,
    #8857,#8858,#8859,#8860,#8861,#8862,#8863,#8864,#8865,#8866,#8867,
    #8868,#8869,#8870,#8871,#8872,#8873,#8874,#8875,#8876,#8877,#8878,
    #8879,#8880,#8881,#8882,#8883,#8884,#8885,#8886,#8887,#8888,#8889,
    #8890,#8891,#8892,#8893,#8894,#8895,#8896,#8897,#8898),
  .UNSPECIFIED.,.F.,.F.,(4,1,1,1,1,1,1,1,1,1,1,1,1,1,1,1,1,1,1,1,1,1,1,1
    ,1,1,1,1,1,1,1,1,1,1,1,1,1,1,1,1,1,1,1,1,4),(0.,4.545444838365E-02,
    9.090889676731E-02,0.136363345151,0.181817793535,0.227272241918,
    0.272726690302,0.318181138686,0.363635587069,0.409090035453,
    0.454544483837,0.49999893222,0.545453380604,0.590907828988,
    0.636362277371,0.681816725755,0.727271174138,0.772725622522,
    0.818180070906,0.863634519289,0.909088967673,0.954543416057,
    0.99999786444,1.045452312824,1.090906761208,1.136361209591,
    1.181815657975,1.227270106359,1.272724554742,1.318179003126,
    1.36363345151,1.409087899893,1.454542348277,1.499996796661,
    1.545451245044,1.590905693428,1.636360141812,1.681814590195,
    1.727269038579,1.772723486963,1.818177935346,1.86363238373,
    1.909086832114,1.954541280497,1.999995728881),
  .QUASI_UNIFORM_KNOTS.);
#8852 = CARTESIAN_POINT('',(5.442116636612,4.999999999999));
#8853 = CARTESIAN_POINT('',(5.456269129624,4.999996362471));
#8854 = CARTESIAN_POINT('',(5.484371437129,4.998667661784));
#8855 = CARTESIAN_POINT('',(5.525944048669,4.993268198744));
#8856 = CARTESIAN_POINT('',(5.566964090582,4.985036650572));
#8857 = CARTESIAN_POINT('',(5.607456013093,4.974489727176));
#8858 = CARTESIAN_POINT('',(5.647455549459,4.962105340472));
#8859 = CARTESIAN_POINT('',(5.687014462278,4.948313816612));
#8860 = CARTESIAN_POINT('',(5.726159908023,4.933516677483));
#8861 = CARTESIAN_POINT('',(5.76492391711,4.918080539501));
#8862 = CARTESIAN_POINT('',(5.803335923376,4.902341170544));
#8863 = CARTESIAN_POINT('',(5.841424953043,4.886604650266));
#8864 = CARTESIAN_POINT('',(5.879219205902,4.871149083749));
#8865 = CARTESIAN_POINT('',(5.916746319658,4.856225956326));
#8866 = CARTESIAN_POINT('',(5.954033438755,4.842061386217));
#8867 = CARTESIAN_POINT('',(5.991107326366,4.828857218441));
#8868 = CARTESIAN_POINT('',(6.027994455737,4.816791987395));
#8869 = CARTESIAN_POINT('',(6.064721107308,4.806021752996));
#8870 = CARTESIAN_POINT('',(6.101313437677,4.796680821299));
#8871 = CARTESIAN_POINT('',(6.137797636025,4.7888823589));
#8872 = CARTESIAN_POINT('',(6.174199744593,4.78271891091));
#8873 = CARTESIAN_POINT('',(6.210546725469,4.77826283193));
#8874 = CARTESIAN_POINT('',(6.246862871844,4.775566640392));
#8875 = CARTESIAN_POINT('',(6.283183592546,4.774663303309));
#8876 = CARTESIAN_POINT('',(6.319504360391,4.775566470732));
#8877 = CARTESIAN_POINT('',(6.355820618812,4.77826250651));
#8878 = CARTESIAN_POINT('',(6.392167761978,4.782718452992));
#8879 = CARTESIAN_POINT('',(6.428570066446,4.788881796776));
#8880 = CARTESIAN_POINT('',(6.465054480174,4.796680184739));
#8881 = CARTESIAN_POINT('',(6.50164703258,4.806021070372));
#8882 = CARTESIAN_POINT('',(6.538373901676,4.816791283526));
#8883 = CARTESIAN_POINT('',(6.575261234482,4.828856513158));
#8884 = CARTESIAN_POINT('',(6.612335303508,4.842060693636));
#8885 = CARTESIAN_POINT('',(6.649622575758,4.856225284792));
#8886 = CARTESIAN_POINT('',(6.687149809925,4.871148436427));
#8887 = CARTESIAN_POINT('',(6.724944147748,4.886604026301));
#8888 = CARTESIAN_POINT('',(6.763033226344,4.902340566766));
#8889 = CARTESIAN_POINT('',(6.801445246239,4.918079952411));
#8890 = CARTESIAN_POINT('',(6.840209239308,4.933516106117));
#8891 = CARTESIAN_POINT('',(6.879354637337,4.948313263567));
#8892 = CARTESIAN_POINT('',(6.918913509088,4.962104820647));
#8893 = CARTESIAN_POINT('',(6.958912911484,4.974489247982));
#8894 = CARTESIAN_POINT('',(6.999405426091,4.985036406175));
#8895 = CARTESIAN_POINT('',(7.040425792409,4.993268076462));
#8896 = CARTESIAN_POINT('',(7.081998775729,4.998667637001));
#8897 = CARTESIAN_POINT('',(7.110101341643,4.999996361289));
#8898 = CARTESIAN_POINT('',(7.124253977748,4.999999999999));
#8899 = ( GEOMETRIC_REPRESENTATION_CONTEXT(2) 
PARAMETRIC_REPRESENTATION_CONTEXT() REPRESENTATION_CONTEXT('2D SPACE',''
  ) );
#8900 = ORIENTED_EDGE('',*,*,#8901,.F.);
#8901 = EDGE_CURVE('',#8902,#8768,#8904,.T.);
#8902 = VERTEX_POINT('',#8903);
#8903 = CARTESIAN_POINT('',(158.,194.67303403813,272.21774743595));
#8904 = SURFACE_CURVE('',#8905,(#8909,#8916),.PCURVE_S1.);
#8905 = LINE('',#8906,#8907);
#8906 = CARTESIAN_POINT('',(158.,206.79369014437,329.24095109999));
#8907 = VECTOR('',#8908,1.);
#8908 = DIRECTION('',(0.,-0.207911690818,-0.978147600734));
#8909 = PCURVE('',#1922,#8910);
#8910 = DEFINITIONAL_REPRESENTATION('',(#8911),#8915);
#8911 = LINE('',#8912,#8913);
#8912 = CARTESIAN_POINT('',(-0.,0.));
#8913 = VECTOR('',#8914,1.);
#8914 = DIRECTION('',(-0.,1.));
#8915 = ( GEOMETRIC_REPRESENTATION_CONTEXT(2) 
PARAMETRIC_REPRESENTATION_CONTEXT() REPRESENTATION_CONTEXT('2D SPACE',''
  ) );
#8916 = PCURVE('',#8337,#8917);
#8917 = DEFINITIONAL_REPRESENTATION('',(#8918),#8922);
#8918 = LINE('',#8919,#8920);
#8919 = CARTESIAN_POINT('',(9.999999999999,158.));
#8920 = VECTOR('',#8921,1.);
#8921 = DIRECTION('',(1.,0.));
#8922 = ( GEOMETRIC_REPRESENTATION_CONTEXT(2) 
PARAMETRIC_REPRESENTATION_CONTEXT() REPRESENTATION_CONTEXT('2D SPACE',''
  ) );
#8923 = ORIENTED_EDGE('',*,*,#8924,.T.);
#8924 = EDGE_CURVE('',#8902,#8559,#8925,.T.);
#8925 = SURFACE_CURVE('',#8926,(#8953,#9004),.PCURVE_S1.);
#8926 = B_SPLINE_CURVE_WITH_KNOTS('',7,(#8927,#8928,#8929,#8930,#8931,
    #8932,#8933,#8934,#8935,#8936,#8937,#8938,#8939,#8940,#8941,#8942,
    #8943,#8944,#8945,#8946,#8947,#8948,#8949,#8950,#8951,#8952),
  .UNSPECIFIED.,.F.,.F.,(8,6,6,6,8),(0.,0.186844908207,1.,1.812062676722
    ,1.99999572888),.UNSPECIFIED.);
#8927 = CARTESIAN_POINT('',(158.,194.67303403813,272.21774743595));
#8928 = CARTESIAN_POINT('',(158.1115008832,194.69376895084,
    272.31529753057));
#8929 = CARTESIAN_POINT('',(158.21900519641,194.71655079952,
    272.41472636961));
#8930 = CARTESIAN_POINT('',(158.32254527465,194.74113936361,
    272.51590362134));
#8931 = CARTESIAN_POINT('',(158.42215754012,194.76731196199,
    272.61870639319));
#8932 = CARTESIAN_POINT('',(158.51788212351,194.79486262618,
    272.72301958772));
#8933 = CARTESIAN_POINT('',(158.60976248523,194.8236012735,
    272.82873625855));
#8934 = CARTESIAN_POINT('',(159.08118315324,194.98283283665,
    273.40151990441));
#8935 = CARTESIAN_POINT('',(159.3932253207,195.13171207126,
    273.89277208288));
#8936 = CARTESIAN_POINT('',(159.63812486204,195.2859540617,
    274.40248368651));
#8937 = CARTESIAN_POINT('',(159.81943986518,195.43667535544,
    274.92594904266));
#8938 = CARTESIAN_POINT('',(159.93966375072,195.57811518162,
    275.45960650495));
#8939 = CARTESIAN_POINT('',(160.,195.70714492623,276.00049514186));
#8940 = CARTESIAN_POINT('',(160.,195.93862234399,277.08951077112));
#8941 = CARTESIAN_POINT('',(159.9398257573,196.04062905724,
    277.6353855599));
#8942 = CARTESIAN_POINT('',(159.81992249604,196.12839631517,
    278.17971145367));
#8943 = CARTESIAN_POINT('',(159.63909434631,196.20356798648,
    278.71852533407));
#8944 = CARTESIAN_POINT('',(159.39486274745,196.26993734134,
    279.2462562035));
#8945 = CARTESIAN_POINT('',(159.08368943325,196.33367146841,
    279.75503408063));
#8946 = CARTESIAN_POINT('',(158.612976296,196.42110540778,
    280.34336812211));
#8947 = CARTESIAN_POINT('',(158.52067261625,196.43793284122,
    280.45231756209));
#8948 = CARTESIAN_POINT('',(158.42448087139,196.45527763554,
    280.55948500606));
#8949 = CARTESIAN_POINT('',(158.32435674139,196.47327203911,
    280.66469267344));
#8950 = CARTESIAN_POINT('',(158.22025929464,196.49205975204,
    280.76774854367));
#8951 = CARTESIAN_POINT('',(158.1121513769,196.51179685435,
    280.86844634531));
#8952 = CARTESIAN_POINT('',(158.,196.53265273408,280.96656554503));
#8953 = PCURVE('',#1922,#8954);
#8954 = DEFINITIONAL_REPRESENTATION('',(#8955),#9003);
#8955 = B_SPLINE_CURVE_WITH_KNOTS('',3,(#8956,#8957,#8958,#8959,#8960,
    #8961,#8962,#8963,#8964,#8965,#8966,#8967,#8968,#8969,#8970,#8971,
    #8972,#8973,#8974,#8975,#8976,#8977,#8978,#8979,#8980,#8981,#8982,
    #8983,#8984,#8985,#8986,#8987,#8988,#8989,#8990,#8991,#8992,#8993,
    #8994,#8995,#8996,#8997,#8998,#8999,#9000,#9001,#9002),
  .UNSPECIFIED.,.F.,.F.,(4,1,1,1,1,1,1,1,1,1,1,1,1,1,1,1,1,1,1,1,1,1,1,1
    ,1,1,1,1,1,1,1,1,1,1,1,1,1,1,1,1,1,1,1,1,4),(0.,4.545444838364E-02,
    9.090889676728E-02,0.136363345151,0.181817793535,0.227272241918,
    0.272726690302,0.318181138685,0.363635587069,0.409090035453,
    0.454544483836,0.49999893222,0.545453380604,0.590907828987,
    0.636362277371,0.681816725755,0.727271174138,0.772725622522,
    0.818180070906,0.863634519289,0.909088967673,0.954543416056,
    0.99999786444,1.045452312824,1.090906761207,1.136361209591,
    1.181815657975,1.227270106358,1.272724554742,1.318179003126,
    1.363633451509,1.409087899893,1.454542348276,1.49999679666,
    1.545451245044,1.590905693427,1.636360141811,1.681814590195,
    1.727269038578,1.772723486962,1.818177935346,1.863632383729,
    1.909086832113,1.954541280496,1.99999572888),.QUASI_UNIFORM_KNOTS.);
#8956 = CARTESIAN_POINT('',(0.,58.297135955));
#8957 = CARTESIAN_POINT('',(-7.032367292927E-03,58.24052297104));
#8958 = CARTESIAN_POINT('',(-2.072957176836E-02,58.125431964608));
#8959 = CARTESIAN_POINT('',(-4.019086932249E-02,57.947685884573));
#8960 = CARTESIAN_POINT('',(-5.858650644708E-02,57.765324673375));
#8961 = CARTESIAN_POINT('',(-7.593264542138E-02,57.578811640988));
#8962 = CARTESIAN_POINT('',(-9.224968446537E-02,57.388528353578));
#8963 = CARTESIAN_POINT('',(-0.107562398515,57.194737258145));
#8964 = CARTESIAN_POINT('',(-0.12188395173,56.997783568787));
#8965 = CARTESIAN_POINT('',(-0.13522848273,56.797960901279));
#8966 = CARTESIAN_POINT('',(-0.14760801815,56.595548642728));
#8967 = CARTESIAN_POINT('',(-0.159033465874,56.390804174334));
#8968 = CARTESIAN_POINT('',(-0.169514489655,56.183967056964));
#8969 = CARTESIAN_POINT('',(-0.179059660838,55.975259890322));
#8970 = CARTESIAN_POINT('',(-0.18767651565,55.764889956855));
#8971 = CARTESIAN_POINT('',(-0.195371619623,55.553050559062));
#8972 = CARTESIAN_POINT('',(-0.202150613591,55.33992236834));
#8973 = CARTESIAN_POINT('',(-0.208018249361,55.125674668204));
#8974 = CARTESIAN_POINT('',(-0.212978413815,54.910466706357));
#8975 = CARTESIAN_POINT('',(-0.217034142392,54.694448478862));
#8976 = CARTESIAN_POINT('',(-0.220187622003,54.477763502923));
#8977 = CARTESIAN_POINT('',(-0.222440183524,54.260544092981));
#8978 = CARTESIAN_POINT('',(-0.223792283447,54.042934588801));
#8979 = CARTESIAN_POINT('',(-0.224243475551,53.825010290081));
#8980 = CARTESIAN_POINT('',(-0.22379236815,53.607085694837));
#8981 = CARTESIAN_POINT('',(-0.222440346944,53.389475479338));
#8982 = CARTESIAN_POINT('',(-0.220187854501,53.172255035848));
#8983 = CARTESIAN_POINT('',(-0.217034432165,52.955568809793));
#8984 = CARTESIAN_POINT('',(-0.212978748353,52.73954920649));
#8985 = CARTESIAN_POINT('',(-0.208018616647,52.524339825466));
#8986 = CARTESIAN_POINT('',(-0.202151003102,52.3100907338));
#8987 = CARTESIAN_POINT('',(-0.195372023116,52.096961238728));
#8988 = CARTESIAN_POINT('',(-0.187676927727,51.885120671117));
#8989 = CARTESIAN_POINT('',(-0.179060079285,51.674749737173));
#8990 = CARTESIAN_POINT('',(-0.169514915533,51.466041761291));
#8991 = CARTESIAN_POINT('',(-0.1590339034,51.25920403506));
#8992 = CARTESIAN_POINT('',(-0.147608474197,51.054459153503));
#8993 = CARTESIAN_POINT('',(-0.135228966477,50.852046663176));
#8994 = CARTESIAN_POINT('',(-0.121884472446,50.652223906596));
#8995 = CARTESIAN_POINT('',(-0.107562968907,50.455270264457));
#8996 = CARTESIAN_POINT('',(-9.225030176173E-02,50.261479169389));
#8997 = CARTESIAN_POINT('',(-7.593335397988E-02,50.071196258711));
#8998 = CARTESIAN_POINT('',(-5.858699155483E-02,49.884680266578));
#8999 = CARTESIAN_POINT('',(-4.019122561158E-02,49.702317472292));
#9000 = CARTESIAN_POINT('',(-2.072976635637E-02,49.524569691183));
#9001 = CARTESIAN_POINT('',(-7.032438146466E-03,49.409477603804));
#9002 = CARTESIAN_POINT('',(0.,49.352864045001));
#9003 = ( GEOMETRIC_REPRESENTATION_CONTEXT(2) 
PARAMETRIC_REPRESENTATION_CONTEXT() REPRESENTATION_CONTEXT('2D SPACE',''
  ) );
#9004 = PCURVE('',#8264,#9005);
#9005 = DEFINITIONAL_REPRESENTATION('',(#9006),#9054);
#9006 = B_SPLINE_CURVE_WITH_KNOTS('',3,(#9007,#9008,#9009,#9010,#9011,
    #9012,#9013,#9014,#9015,#9016,#9017,#9018,#9019,#9020,#9021,#9022,
    #9023,#9024,#9025,#9026,#9027,#9028,#9029,#9030,#9031,#9032,#9033,
    #9034,#9035,#9036,#9037,#9038,#9039,#9040,#9041,#9042,#9043,#9044,
    #9045,#9046,#9047,#9048,#9049,#9050,#9051,#9052,#9053),
  .UNSPECIFIED.,.F.,.F.,(4,1,1,1,1,1,1,1,1,1,1,1,1,1,1,1,1,1,1,1,1,1,1,1
    ,1,1,1,1,1,1,1,1,1,1,1,1,1,1,1,1,1,1,1,1,4),(0.,4.545444838364E-02,
    9.090889676728E-02,0.136363345151,0.181817793535,0.227272241918,
    0.272726690302,0.318181138685,0.363635587069,0.409090035453,
    0.454544483836,0.49999893222,0.545453380604,0.590907828987,
    0.636362277371,0.681816725755,0.727271174138,0.772725622522,
    0.818180070906,0.863634519289,0.909088967673,0.954543416056,
    0.99999786444,1.045452312824,1.090906761207,1.136361209591,
    1.181815657975,1.227270106358,1.272724554742,1.318179003126,
    1.363633451509,1.409087899893,1.454542348276,1.49999679666,
    1.545451245044,1.590905693427,1.636360141811,1.681814590195,
    1.727269038578,1.772723486962,1.818177935346,1.863632383729,
    1.909086832113,1.954541280496,1.99999572888),.QUASI_UNIFORM_KNOTS.);
#9007 = CARTESIAN_POINT('',(5.442116636612,4.999999999999));
#9008 = CARTESIAN_POINT('',(5.456269129624,4.999996362471));
#9009 = CARTESIAN_POINT('',(5.484371437129,4.998667661784));
#9010 = CARTESIAN_POINT('',(5.525944048669,4.993268198744));
#9011 = CARTESIAN_POINT('',(5.566964090582,4.985036650572));
#9012 = CARTESIAN_POINT('',(5.607456013093,4.974489727176));
#9013 = CARTESIAN_POINT('',(5.647455549458,4.962105340472));
#9014 = CARTESIAN_POINT('',(5.687014462278,4.948313816613));
#9015 = CARTESIAN_POINT('',(5.726159908023,4.933516677483));
#9016 = CARTESIAN_POINT('',(5.76492391711,4.918080539501));
#9017 = CARTESIAN_POINT('',(5.803335923376,4.902341170544));
#9018 = CARTESIAN_POINT('',(5.841424953043,4.886604650266));
#9019 = CARTESIAN_POINT('',(5.879219205902,4.871149083749));
#9020 = CARTESIAN_POINT('',(5.916746319657,4.856225956326));
#9021 = CARTESIAN_POINT('',(5.954033438754,4.842061386218));
#9022 = CARTESIAN_POINT('',(5.991107326366,4.828857218441));
#9023 = CARTESIAN_POINT('',(6.027994455737,4.816791987395));
#9024 = CARTESIAN_POINT('',(6.064721107308,4.806021752996));
#9025 = CARTESIAN_POINT('',(6.101313437677,4.796680821299));
#9026 = CARTESIAN_POINT('',(6.137797636025,4.7888823589));
#9027 = CARTESIAN_POINT('',(6.174199744593,4.78271891091));
#9028 = CARTESIAN_POINT('',(6.210546725469,4.778262831931));
#9029 = CARTESIAN_POINT('',(6.246862871844,4.775566640392));
#9030 = CARTESIAN_POINT('',(6.283183592546,4.774663303309));
#9031 = CARTESIAN_POINT('',(6.31950436039,4.775566470732));
#9032 = CARTESIAN_POINT('',(6.355820618812,4.77826250651));
#9033 = CARTESIAN_POINT('',(6.392167761977,4.782718452992));
#9034 = CARTESIAN_POINT('',(6.428570066446,4.788881796776));
#9035 = CARTESIAN_POINT('',(6.465054480173,4.796680184739));
#9036 = CARTESIAN_POINT('',(6.501647032579,4.806021070372));
#9037 = CARTESIAN_POINT('',(6.538373901676,4.816791283526));
#9038 = CARTESIAN_POINT('',(6.575261234482,4.828856513158));
#9039 = CARTESIAN_POINT('',(6.612335303508,4.842060693636));
#9040 = CARTESIAN_POINT('',(6.649622575758,4.856225284792));
#9041 = CARTESIAN_POINT('',(6.687149809925,4.871148436427));
#9042 = CARTESIAN_POINT('',(6.724944147748,4.886604026301));
#9043 = CARTESIAN_POINT('',(6.763033226344,4.902340566765));
#9044 = CARTESIAN_POINT('',(6.801445246238,4.918079952411));
#9045 = CARTESIAN_POINT('',(6.840209239308,4.933516106117));
#9046 = CARTESIAN_POINT('',(6.879354637337,4.948313263567));
#9047 = CARTESIAN_POINT('',(6.918913509088,4.962104820646));
#9048 = CARTESIAN_POINT('',(6.958912911484,4.974489247982));
#9049 = CARTESIAN_POINT('',(6.999405426091,4.985036406174));
#9050 = CARTESIAN_POINT('',(7.040425792409,4.993268076462));
#9051 = CARTESIAN_POINT('',(7.081998775729,4.998667637001));
#9052 = CARTESIAN_POINT('',(7.110101341643,4.999996361289));
#9053 = CARTESIAN_POINT('',(7.124253977748,4.999999999999));
#9054 = ( GEOMETRIC_REPRESENTATION_CONTEXT(2) 
PARAMETRIC_REPRESENTATION_CONTEXT() REPRESENTATION_CONTEXT('2D SPACE',''
  ) );
#9055 = ADVANCED_FACE('',(#9056),#1981,.F.);
#9056 = FACE_BOUND('',#9057,.F.);
#9057 = EDGE_LOOP('',(#9058,#9059,#9082,#9104,#9105,#9127,#9128,#9150));
#9058 = ORIENTED_EDGE('',*,*,#1964,.F.);
#9059 = ORIENTED_EDGE('',*,*,#9060,.F.);
#9060 = EDGE_CURVE('',#9061,#1965,#9063,.T.);
#9061 = VERTEX_POINT('',#9062);
#9062 = CARTESIAN_POINT('',(163.7,211.011312334,287.));
#9063 = SEAM_CURVE('',#9064,(#9068,#9075),.PCURVE_S1.);
#9064 = LINE('',#9065,#9066);
#9065 = CARTESIAN_POINT('',(163.7,211.011312334,287.));
#9066 = VECTOR('',#9067,1.);
#9067 = DIRECTION('',(0.,0.,1.));
#9068 = PCURVE('',#1981,#9069);
#9069 = DEFINITIONAL_REPRESENTATION('',(#9070),#9074);
#9070 = LINE('',#9071,#9072);
#9071 = CARTESIAN_POINT('',(6.28318530718,-0.));
#9072 = VECTOR('',#9073,1.);
#9073 = DIRECTION('',(0.,1.));
#9074 = ( GEOMETRIC_REPRESENTATION_CONTEXT(2) 
PARAMETRIC_REPRESENTATION_CONTEXT() REPRESENTATION_CONTEXT('2D SPACE',''
  ) );
#9075 = PCURVE('',#1981,#9076);
#9076 = DEFINITIONAL_REPRESENTATION('',(#9077),#9081);
#9077 = LINE('',#9078,#9079);
#9078 = CARTESIAN_POINT('',(0.,-0.));
#9079 = VECTOR('',#9080,1.);
#9080 = DIRECTION('',(0.,1.));
#9081 = ( GEOMETRIC_REPRESENTATION_CONTEXT(2) 
PARAMETRIC_REPRESENTATION_CONTEXT() REPRESENTATION_CONTEXT('2D SPACE',''
  ) );
#9082 = ORIENTED_EDGE('',*,*,#9083,.T.);
#9083 = EDGE_CURVE('',#9061,#6727,#9084,.T.);
#9084 = SURFACE_CURVE('',#9085,(#9090,#9097),.PCURVE_S1.);
#9085 = CIRCLE('',#9086,1.7);
#9086 = AXIS2_PLACEMENT_3D('',#9087,#9088,#9089);
#9087 = CARTESIAN_POINT('',(162.,211.011312334,287.));
#9088 = DIRECTION('',(0.,0.,1.));
#9089 = DIRECTION('',(1.,0.,-0.));
#9090 = PCURVE('',#1981,#9091);
#9091 = DEFINITIONAL_REPRESENTATION('',(#9092),#9096);
#9092 = LINE('',#9093,#9094);
#9093 = CARTESIAN_POINT('',(0.,0.));
#9094 = VECTOR('',#9095,1.);
#9095 = DIRECTION('',(1.,0.));
#9096 = ( GEOMETRIC_REPRESENTATION_CONTEXT(2) 
PARAMETRIC_REPRESENTATION_CONTEXT() REPRESENTATION_CONTEXT('2D SPACE',''
  ) );
#9097 = PCURVE('',#6762,#9098);
#9098 = DEFINITIONAL_REPRESENTATION('',(#9099),#9103);
#9099 = CIRCLE('',#9100,1.7);
#9100 = AXIS2_PLACEMENT_2D('',#9101,#9102);
#9101 = CARTESIAN_POINT('',(0.,0.));
#9102 = DIRECTION('',(1.,0.));
#9103 = ( GEOMETRIC_REPRESENTATION_CONTEXT(2) 
PARAMETRIC_REPRESENTATION_CONTEXT() REPRESENTATION_CONTEXT('2D SPACE',''
  ) );
#9104 = ORIENTED_EDGE('',*,*,#6726,.T.);
#9105 = ORIENTED_EDGE('',*,*,#9106,.T.);
#9106 = EDGE_CURVE('',#6706,#6774,#9107,.T.);
#9107 = SURFACE_CURVE('',#9108,(#9113,#9120),.PCURVE_S1.);
#9108 = CIRCLE('',#9109,1.7);
#9109 = AXIS2_PLACEMENT_3D('',#9110,#9111,#9112);
#9110 = CARTESIAN_POINT('',(162.,211.011312334,288.));
#9111 = DIRECTION('',(0.,0.,1.));
#9112 = DIRECTION('',(1.,0.,-0.));
#9113 = PCURVE('',#1981,#9114);
#9114 = DEFINITIONAL_REPRESENTATION('',(#9115),#9119);
#9115 = LINE('',#9116,#9117);
#9116 = CARTESIAN_POINT('',(0.,1.));
#9117 = VECTOR('',#9118,1.);
#9118 = DIRECTION('',(1.,0.));
#9119 = ( GEOMETRIC_REPRESENTATION_CONTEXT(2) 
PARAMETRIC_REPRESENTATION_CONTEXT() REPRESENTATION_CONTEXT('2D SPACE',''
  ) );
#9120 = PCURVE('',#6212,#9121);
#9121 = DEFINITIONAL_REPRESENTATION('',(#9122),#9126);
#9122 = CIRCLE('',#9123,1.7);
#9123 = AXIS2_PLACEMENT_2D('',#9124,#9125);
#9124 = CARTESIAN_POINT('',(7.,7.));
#9125 = DIRECTION('',(1.,0.));
#9126 = ( GEOMETRIC_REPRESENTATION_CONTEXT(2) 
PARAMETRIC_REPRESENTATION_CONTEXT() REPRESENTATION_CONTEXT('2D SPACE',''
  ) );
#9127 = ORIENTED_EDGE('',*,*,#6773,.F.);
#9128 = ORIENTED_EDGE('',*,*,#9129,.T.);
#9129 = EDGE_CURVE('',#6748,#9061,#9130,.T.);
#9130 = SURFACE_CURVE('',#9131,(#9136,#9143),.PCURVE_S1.);
#9131 = CIRCLE('',#9132,1.7);
#9132 = AXIS2_PLACEMENT_3D('',#9133,#9134,#9135);
#9133 = CARTESIAN_POINT('',(162.,211.011312334,287.));
#9134 = DIRECTION('',(0.,0.,1.));
#9135 = DIRECTION('',(1.,0.,-0.));
#9136 = PCURVE('',#1981,#9137);
#9137 = DEFINITIONAL_REPRESENTATION('',(#9138),#9142);
#9138 = LINE('',#9139,#9140);
#9139 = CARTESIAN_POINT('',(0.,0.));
#9140 = VECTOR('',#9141,1.);
#9141 = DIRECTION('',(1.,0.));
#9142 = ( GEOMETRIC_REPRESENTATION_CONTEXT(2) 
PARAMETRIC_REPRESENTATION_CONTEXT() REPRESENTATION_CONTEXT('2D SPACE',''
  ) );
#9143 = PCURVE('',#6762,#9144);
#9144 = DEFINITIONAL_REPRESENTATION('',(#9145),#9149);
#9145 = CIRCLE('',#9146,1.7);
#9146 = AXIS2_PLACEMENT_2D('',#9147,#9148);
#9147 = CARTESIAN_POINT('',(0.,0.));
#9148 = DIRECTION('',(1.,0.));
#9149 = ( GEOMETRIC_REPRESENTATION_CONTEXT(2) 
PARAMETRIC_REPRESENTATION_CONTEXT() REPRESENTATION_CONTEXT('2D SPACE',''
  ) );
#9150 = ORIENTED_EDGE('',*,*,#9060,.T.);
#9151 = ADVANCED_FACE('',(#9152),#2012,.F.);
#9152 = FACE_BOUND('',#9153,.F.);
#9153 = EDGE_LOOP('',(#9154,#9155,#9178,#9200,#9201,#9223,#9224,#9246));
#9154 = ORIENTED_EDGE('',*,*,#1995,.F.);
#9155 = ORIENTED_EDGE('',*,*,#9156,.F.);
#9156 = EDGE_CURVE('',#9157,#1996,#9159,.T.);
#9157 = VERTEX_POINT('',#9158);
#9158 = CARTESIAN_POINT('',(-158.8,275.,288.));
#9159 = SEAM_CURVE('',#9160,(#9164,#9171),.PCURVE_S1.);
#9160 = LINE('',#9161,#9162);
#9161 = CARTESIAN_POINT('',(-158.8,275.,287.));
#9162 = VECTOR('',#9163,1.);
#9163 = DIRECTION('',(0.,0.,1.));
#9164 = PCURVE('',#2012,#9165);
#9165 = DEFINITIONAL_REPRESENTATION('',(#9166),#9170);
#9166 = LINE('',#9167,#9168);
#9167 = CARTESIAN_POINT('',(6.28318530718,-0.));
#9168 = VECTOR('',#9169,1.);
#9169 = DIRECTION('',(0.,1.));
#9170 = ( GEOMETRIC_REPRESENTATION_CONTEXT(2) 
PARAMETRIC_REPRESENTATION_CONTEXT() REPRESENTATION_CONTEXT('2D SPACE',''
  ) );
#9171 = PCURVE('',#2012,#9172);
#9172 = DEFINITIONAL_REPRESENTATION('',(#9173),#9177);
#9173 = LINE('',#9174,#9175);
#9174 = CARTESIAN_POINT('',(0.,-0.));
#9175 = VECTOR('',#9176,1.);
#9176 = DIRECTION('',(0.,1.));
#9177 = ( GEOMETRIC_REPRESENTATION_CONTEXT(2) 
PARAMETRIC_REPRESENTATION_CONTEXT() REPRESENTATION_CONTEXT('2D SPACE',''
  ) );
#9178 = ORIENTED_EDGE('',*,*,#9179,.T.);
#9179 = EDGE_CURVE('',#9157,#4897,#9180,.T.);
#9180 = SURFACE_CURVE('',#9181,(#9186,#9193),.PCURVE_S1.);
#9181 = CIRCLE('',#9182,1.7);
#9182 = AXIS2_PLACEMENT_3D('',#9183,#9184,#9185);
#9183 = CARTESIAN_POINT('',(-160.5,275.,288.));
#9184 = DIRECTION('',(0.,0.,1.));
#9185 = DIRECTION('',(1.,0.,-0.));
#9186 = PCURVE('',#2012,#9187);
#9187 = DEFINITIONAL_REPRESENTATION('',(#9188),#9192);
#9188 = LINE('',#9189,#9190);
#9189 = CARTESIAN_POINT('',(0.,1.));
#9190 = VECTOR('',#9191,1.);
#9191 = DIRECTION('',(1.,0.));
#9192 = ( GEOMETRIC_REPRESENTATION_CONTEXT(2) 
PARAMETRIC_REPRESENTATION_CONTEXT() REPRESENTATION_CONTEXT('2D SPACE',''
  ) );
#9193 = PCURVE('',#4911,#9194);
#9194 = DEFINITIONAL_REPRESENTATION('',(#9195),#9199);
#9195 = CIRCLE('',#9196,1.7);
#9196 = AXIS2_PLACEMENT_2D('',#9197,#9198);
#9197 = CARTESIAN_POINT('',(7.,7.));
#9198 = DIRECTION('',(1.,0.));
#9199 = ( GEOMETRIC_REPRESENTATION_CONTEXT(2) 
PARAMETRIC_REPRESENTATION_CONTEXT() REPRESENTATION_CONTEXT('2D SPACE',''
  ) );
#9200 = ORIENTED_EDGE('',*,*,#4922,.F.);
#9201 = ORIENTED_EDGE('',*,*,#9202,.T.);
#9202 = EDGE_CURVE('',#4923,#4944,#9203,.T.);
#9203 = SURFACE_CURVE('',#9204,(#9209,#9216),.PCURVE_S1.);
#9204 = CIRCLE('',#9205,1.7);
#9205 = AXIS2_PLACEMENT_3D('',#9206,#9207,#9208);
#9206 = CARTESIAN_POINT('',(-160.5,275.,287.));
#9207 = DIRECTION('',(0.,0.,1.));
#9208 = DIRECTION('',(1.,0.,-0.));
#9209 = PCURVE('',#2012,#9210);
#9210 = DEFINITIONAL_REPRESENTATION('',(#9211),#9215);
#9211 = LINE('',#9212,#9213);
#9212 = CARTESIAN_POINT('',(0.,0.));
#9213 = VECTOR('',#9214,1.);
#9214 = DIRECTION('',(1.,0.));
#9215 = ( GEOMETRIC_REPRESENTATION_CONTEXT(2) 
PARAMETRIC_REPRESENTATION_CONTEXT() REPRESENTATION_CONTEXT('2D SPACE',''
  ) );
#9216 = PCURVE('',#4958,#9217);
#9217 = DEFINITIONAL_REPRESENTATION('',(#9218),#9222);
#9218 = CIRCLE('',#9219,1.7);
#9219 = AXIS2_PLACEMENT_2D('',#9220,#9221);
#9220 = CARTESIAN_POINT('',(0.,0.));
#9221 = DIRECTION('',(1.,0.));
#9222 = ( GEOMETRIC_REPRESENTATION_CONTEXT(2) 
PARAMETRIC_REPRESENTATION_CONTEXT() REPRESENTATION_CONTEXT('2D SPACE',''
  ) );
#9223 = ORIENTED_EDGE('',*,*,#4969,.T.);
#9224 = ORIENTED_EDGE('',*,*,#9225,.T.);
#9225 = EDGE_CURVE('',#4970,#9157,#9226,.T.);
#9226 = SURFACE_CURVE('',#9227,(#9232,#9239),.PCURVE_S1.);
#9227 = CIRCLE('',#9228,1.7);
#9228 = AXIS2_PLACEMENT_3D('',#9229,#9230,#9231);
#9229 = CARTESIAN_POINT('',(-160.5,275.,288.));
#9230 = DIRECTION('',(0.,0.,1.));
#9231 = DIRECTION('',(1.,0.,-0.));
#9232 = PCURVE('',#2012,#9233);
#9233 = DEFINITIONAL_REPRESENTATION('',(#9234),#9238);
#9234 = LINE('',#9235,#9236);
#9235 = CARTESIAN_POINT('',(0.,1.));
#9236 = VECTOR('',#9237,1.);
#9237 = DIRECTION('',(1.,0.));
#9238 = ( GEOMETRIC_REPRESENTATION_CONTEXT(2) 
PARAMETRIC_REPRESENTATION_CONTEXT() REPRESENTATION_CONTEXT('2D SPACE',''
  ) );
#9239 = PCURVE('',#4911,#9240);
#9240 = DEFINITIONAL_REPRESENTATION('',(#9241),#9245);
#9241 = CIRCLE('',#9242,1.7);
#9242 = AXIS2_PLACEMENT_2D('',#9243,#9244);
#9243 = CARTESIAN_POINT('',(7.,7.));
#9244 = DIRECTION('',(1.,0.));
#9245 = ( GEOMETRIC_REPRESENTATION_CONTEXT(2) 
PARAMETRIC_REPRESENTATION_CONTEXT() REPRESENTATION_CONTEXT('2D SPACE',''
  ) );
#9246 = ORIENTED_EDGE('',*,*,#9156,.T.);
#9247 = ADVANCED_FACE('',(#9248),#2043,.F.);
#9248 = FACE_BOUND('',#9249,.F.);
#9249 = EDGE_LOOP('',(#9250,#9251,#9274,#9296));
#9250 = ORIENTED_EDGE('',*,*,#2026,.F.);
#9251 = ORIENTED_EDGE('',*,*,#9252,.F.);
#9252 = EDGE_CURVE('',#9253,#2027,#9255,.T.);
#9253 = VERTEX_POINT('',#9254);
#9254 = CARTESIAN_POINT('',(-143.3,290.2453718205,288.));
#9255 = SEAM_CURVE('',#9256,(#9260,#9267),.PCURVE_S1.);
#9256 = LINE('',#9257,#9258);
#9257 = CARTESIAN_POINT('',(-143.3,290.2453718205,287.));
#9258 = VECTOR('',#9259,1.);
#9259 = DIRECTION('',(0.,0.,1.));
#9260 = PCURVE('',#2043,#9261);
#9261 = DEFINITIONAL_REPRESENTATION('',(#9262),#9266);
#9262 = LINE('',#9263,#9264);
#9263 = CARTESIAN_POINT('',(6.28318530718,-0.));
#9264 = VECTOR('',#9265,1.);
#9265 = DIRECTION('',(0.,1.));
#9266 = ( GEOMETRIC_REPRESENTATION_CONTEXT(2) 
PARAMETRIC_REPRESENTATION_CONTEXT() REPRESENTATION_CONTEXT('2D SPACE',''
  ) );
#9267 = PCURVE('',#2043,#9268);
#9268 = DEFINITIONAL_REPRESENTATION('',(#9269),#9273);
#9269 = LINE('',#9270,#9271);
#9270 = CARTESIAN_POINT('',(0.,-0.));
#9271 = VECTOR('',#9272,1.);
#9272 = DIRECTION('',(0.,1.));
#9273 = ( GEOMETRIC_REPRESENTATION_CONTEXT(2) 
PARAMETRIC_REPRESENTATION_CONTEXT() REPRESENTATION_CONTEXT('2D SPACE',''
  ) );
#9274 = ORIENTED_EDGE('',*,*,#9275,.T.);
#9275 = EDGE_CURVE('',#9253,#9253,#9276,.T.);
#9276 = SURFACE_CURVE('',#9277,(#9282,#9289),.PCURVE_S1.);
#9277 = CIRCLE('',#9278,1.7);
#9278 = AXIS2_PLACEMENT_3D('',#9279,#9280,#9281);
#9279 = CARTESIAN_POINT('',(-145.,290.2453718205,288.));
#9280 = DIRECTION('',(0.,0.,1.));
#9281 = DIRECTION('',(1.,0.,-0.));
#9282 = PCURVE('',#2043,#9283);
#9283 = DEFINITIONAL_REPRESENTATION('',(#9284),#9288);
#9284 = LINE('',#9285,#9286);
#9285 = CARTESIAN_POINT('',(0.,1.));
#9286 = VECTOR('',#9287,1.);
#9287 = DIRECTION('',(1.,0.));
#9288 = ( GEOMETRIC_REPRESENTATION_CONTEXT(2) 
PARAMETRIC_REPRESENTATION_CONTEXT() REPRESENTATION_CONTEXT('2D SPACE',''
  ) );
#9289 = PCURVE('',#5883,#9290);
#9290 = DEFINITIONAL_REPRESENTATION('',(#9291),#9295);
#9291 = CIRCLE('',#9292,1.7);
#9292 = AXIS2_PLACEMENT_2D('',#9293,#9294);
#9293 = CARTESIAN_POINT('',(7.,7.));
#9294 = DIRECTION('',(1.,0.));
#9295 = ( GEOMETRIC_REPRESENTATION_CONTEXT(2) 
PARAMETRIC_REPRESENTATION_CONTEXT() REPRESENTATION_CONTEXT('2D SPACE',''
  ) );
#9296 = ORIENTED_EDGE('',*,*,#9252,.T.);
#9297 = ADVANCED_FACE('',(#9298),#2074,.F.);
#9298 = FACE_BOUND('',#9299,.F.);
#9299 = EDGE_LOOP('',(#9300,#9301,#9324,#9346,#9347,#9369,#9370,#9392));
#9300 = ORIENTED_EDGE('',*,*,#2057,.F.);
#9301 = ORIENTED_EDGE('',*,*,#9302,.F.);
#9302 = EDGE_CURVE('',#9303,#2058,#9305,.T.);
#9303 = VERTEX_POINT('',#9304);
#9304 = CARTESIAN_POINT('',(162.2,275.,287.));
#9305 = SEAM_CURVE('',#9306,(#9310,#9317),.PCURVE_S1.);
#9306 = LINE('',#9307,#9308);
#9307 = CARTESIAN_POINT('',(162.2,275.,287.));
#9308 = VECTOR('',#9309,1.);
#9309 = DIRECTION('',(0.,0.,1.));
#9310 = PCURVE('',#2074,#9311);
#9311 = DEFINITIONAL_REPRESENTATION('',(#9312),#9316);
#9312 = LINE('',#9313,#9314);
#9313 = CARTESIAN_POINT('',(6.28318530718,-0.));
#9314 = VECTOR('',#9315,1.);
#9315 = DIRECTION('',(0.,1.));
#9316 = ( GEOMETRIC_REPRESENTATION_CONTEXT(2) 
PARAMETRIC_REPRESENTATION_CONTEXT() REPRESENTATION_CONTEXT('2D SPACE',''
  ) );
#9317 = PCURVE('',#2074,#9318);
#9318 = DEFINITIONAL_REPRESENTATION('',(#9319),#9323);
#9319 = LINE('',#9320,#9321);
#9320 = CARTESIAN_POINT('',(0.,-0.));
#9321 = VECTOR('',#9322,1.);
#9322 = DIRECTION('',(0.,1.));
#9323 = ( GEOMETRIC_REPRESENTATION_CONTEXT(2) 
PARAMETRIC_REPRESENTATION_CONTEXT() REPRESENTATION_CONTEXT('2D SPACE',''
  ) );
#9324 = ORIENTED_EDGE('',*,*,#9325,.T.);
#9325 = EDGE_CURVE('',#9303,#6596,#9326,.T.);
#9326 = SURFACE_CURVE('',#9327,(#9332,#9339),.PCURVE_S1.);
#9327 = CIRCLE('',#9328,1.7);
#9328 = AXIS2_PLACEMENT_3D('',#9329,#9330,#9331);
#9329 = CARTESIAN_POINT('',(160.5,275.,287.));
#9330 = DIRECTION('',(0.,0.,1.));
#9331 = DIRECTION('',(1.,0.,-0.));
#9332 = PCURVE('',#2074,#9333);
#9333 = DEFINITIONAL_REPRESENTATION('',(#9334),#9338);
#9334 = LINE('',#9335,#9336);
#9335 = CARTESIAN_POINT('',(0.,0.));
#9336 = VECTOR('',#9337,1.);
#9337 = DIRECTION('',(1.,0.));
#9338 = ( GEOMETRIC_REPRESENTATION_CONTEXT(2) 
PARAMETRIC_REPRESENTATION_CONTEXT() REPRESENTATION_CONTEXT('2D SPACE',''
  ) );
#9339 = PCURVE('',#6631,#9340);
#9340 = DEFINITIONAL_REPRESENTATION('',(#9341),#9345);
#9341 = CIRCLE('',#9342,1.7);
#9342 = AXIS2_PLACEMENT_2D('',#9343,#9344);
#9343 = CARTESIAN_POINT('',(0.,0.));
#9344 = DIRECTION('',(1.,0.));
#9345 = ( GEOMETRIC_REPRESENTATION_CONTEXT(2) 
PARAMETRIC_REPRESENTATION_CONTEXT() REPRESENTATION_CONTEXT('2D SPACE',''
  ) );
#9346 = ORIENTED_EDGE('',*,*,#6595,.T.);
#9347 = ORIENTED_EDGE('',*,*,#9348,.T.);
#9348 = EDGE_CURVE('',#6570,#6643,#9349,.T.);
#9349 = SURFACE_CURVE('',#9350,(#9355,#9362),.PCURVE_S1.);
#9350 = CIRCLE('',#9351,1.7);
#9351 = AXIS2_PLACEMENT_3D('',#9352,#9353,#9354);
#9352 = CARTESIAN_POINT('',(160.5,275.,288.));
#9353 = DIRECTION('',(0.,0.,1.));
#9354 = DIRECTION('',(1.,0.,-0.));
#9355 = PCURVE('',#2074,#9356);
#9356 = DEFINITIONAL_REPRESENTATION('',(#9357),#9361);
#9357 = LINE('',#9358,#9359);
#9358 = CARTESIAN_POINT('',(0.,1.));
#9359 = VECTOR('',#9360,1.);
#9360 = DIRECTION('',(1.,0.));
#9361 = ( GEOMETRIC_REPRESENTATION_CONTEXT(2) 
PARAMETRIC_REPRESENTATION_CONTEXT() REPRESENTATION_CONTEXT('2D SPACE',''
  ) );
#9362 = PCURVE('',#6584,#9363);
#9363 = DEFINITIONAL_REPRESENTATION('',(#9364),#9368);
#9364 = CIRCLE('',#9365,1.7);
#9365 = AXIS2_PLACEMENT_2D('',#9366,#9367);
#9366 = CARTESIAN_POINT('',(7.,7.));
#9367 = DIRECTION('',(1.,0.));
#9368 = ( GEOMETRIC_REPRESENTATION_CONTEXT(2) 
PARAMETRIC_REPRESENTATION_CONTEXT() REPRESENTATION_CONTEXT('2D SPACE',''
  ) );
#9369 = ORIENTED_EDGE('',*,*,#6642,.F.);
#9370 = ORIENTED_EDGE('',*,*,#9371,.T.);
#9371 = EDGE_CURVE('',#6617,#9303,#9372,.T.);
#9372 = SURFACE_CURVE('',#9373,(#9378,#9385),.PCURVE_S1.);
#9373 = CIRCLE('',#9374,1.7);
#9374 = AXIS2_PLACEMENT_3D('',#9375,#9376,#9377);
#9375 = CARTESIAN_POINT('',(160.5,275.,287.));
#9376 = DIRECTION('',(0.,0.,1.));
#9377 = DIRECTION('',(1.,0.,-0.));
#9378 = PCURVE('',#2074,#9379);
#9379 = DEFINITIONAL_REPRESENTATION('',(#9380),#9384);
#9380 = LINE('',#9381,#9382);
#9381 = CARTESIAN_POINT('',(0.,0.));
#9382 = VECTOR('',#9383,1.);
#9383 = DIRECTION('',(1.,0.));
#9384 = ( GEOMETRIC_REPRESENTATION_CONTEXT(2) 
PARAMETRIC_REPRESENTATION_CONTEXT() REPRESENTATION_CONTEXT('2D SPACE',''
  ) );
#9385 = PCURVE('',#6631,#9386);
#9386 = DEFINITIONAL_REPRESENTATION('',(#9387),#9391);
#9387 = CIRCLE('',#9388,1.7);
#9388 = AXIS2_PLACEMENT_2D('',#9389,#9390);
#9389 = CARTESIAN_POINT('',(0.,0.));
#9390 = DIRECTION('',(1.,0.));
#9391 = ( GEOMETRIC_REPRESENTATION_CONTEXT(2) 
PARAMETRIC_REPRESENTATION_CONTEXT() REPRESENTATION_CONTEXT('2D SPACE',''
  ) );
#9392 = ORIENTED_EDGE('',*,*,#9302,.T.);
#9393 = ADVANCED_FACE('',(#9394),#2105,.F.);
#9394 = FACE_BOUND('',#9395,.F.);
#9395 = EDGE_LOOP('',(#9396,#9397,#9420,#9442));
#9396 = ORIENTED_EDGE('',*,*,#2088,.F.);
#9397 = ORIENTED_EDGE('',*,*,#9398,.F.);
#9398 = EDGE_CURVE('',#9399,#2089,#9401,.T.);
#9399 = VERTEX_POINT('',#9400);
#9400 = CARTESIAN_POINT('',(146.7,290.2453718205,288.));
#9401 = SEAM_CURVE('',#9402,(#9406,#9413),.PCURVE_S1.);
#9402 = LINE('',#9403,#9404);
#9403 = CARTESIAN_POINT('',(146.7,290.2453718205,287.));
#9404 = VECTOR('',#9405,1.);
#9405 = DIRECTION('',(0.,0.,1.));
#9406 = PCURVE('',#2105,#9407);
#9407 = DEFINITIONAL_REPRESENTATION('',(#9408),#9412);
#9408 = LINE('',#9409,#9410);
#9409 = CARTESIAN_POINT('',(6.28318530718,-0.));
#9410 = VECTOR('',#9411,1.);
#9411 = DIRECTION('',(0.,1.));
#9412 = ( GEOMETRIC_REPRESENTATION_CONTEXT(2) 
PARAMETRIC_REPRESENTATION_CONTEXT() REPRESENTATION_CONTEXT('2D SPACE',''
  ) );
#9413 = PCURVE('',#2105,#9414);
#9414 = DEFINITIONAL_REPRESENTATION('',(#9415),#9419);
#9415 = LINE('',#9416,#9417);
#9416 = CARTESIAN_POINT('',(0.,-0.));
#9417 = VECTOR('',#9418,1.);
#9418 = DIRECTION('',(0.,1.));
#9419 = ( GEOMETRIC_REPRESENTATION_CONTEXT(2) 
PARAMETRIC_REPRESENTATION_CONTEXT() REPRESENTATION_CONTEXT('2D SPACE',''
  ) );
#9420 = ORIENTED_EDGE('',*,*,#9421,.T.);
#9421 = EDGE_CURVE('',#9399,#9399,#9422,.T.);
#9422 = SURFACE_CURVE('',#9423,(#9428,#9435),.PCURVE_S1.);
#9423 = CIRCLE('',#9424,1.7);
#9424 = AXIS2_PLACEMENT_3D('',#9425,#9426,#9427);
#9425 = CARTESIAN_POINT('',(145.,290.2453718205,288.));
#9426 = DIRECTION('',(0.,0.,1.));
#9427 = DIRECTION('',(1.,0.,-0.));
#9428 = PCURVE('',#2105,#9429);
#9429 = DEFINITIONAL_REPRESENTATION('',(#9430),#9434);
#9430 = LINE('',#9431,#9432);
#9431 = CARTESIAN_POINT('',(0.,1.));
#9432 = VECTOR('',#9433,1.);
#9433 = DIRECTION('',(1.,0.));
#9434 = ( GEOMETRIC_REPRESENTATION_CONTEXT(2) 
PARAMETRIC_REPRESENTATION_CONTEXT() REPRESENTATION_CONTEXT('2D SPACE',''
  ) );
#9435 = PCURVE('',#5950,#9436);
#9436 = DEFINITIONAL_REPRESENTATION('',(#9437),#9441);
#9437 = CIRCLE('',#9438,1.7);
#9438 = AXIS2_PLACEMENT_2D('',#9439,#9440);
#9439 = CARTESIAN_POINT('',(7.,7.));
#9440 = DIRECTION('',(1.,0.));
#9441 = ( GEOMETRIC_REPRESENTATION_CONTEXT(2) 
PARAMETRIC_REPRESENTATION_CONTEXT() REPRESENTATION_CONTEXT('2D SPACE',''
  ) );
#9442 = ORIENTED_EDGE('',*,*,#9398,.T.);
#9443 = ADVANCED_FACE('',(#9444),#2220,.T.);
#9444 = FACE_BOUND('',#9445,.F.);
#9445 = EDGE_LOOP('',(#9446,#9468,#9490,#9491));
#9446 = ORIENTED_EDGE('',*,*,#9447,.F.);
#9447 = EDGE_CURVE('',#9448,#2172,#9450,.T.);
#9448 = VERTEX_POINT('',#9449);
#9449 = CARTESIAN_POINT('',(-166.8,288.61512941223,133.83849330905));
#9450 = SURFACE_CURVE('',#9451,(#9456,#9462),.PCURVE_S1.);
#9451 = CIRCLE('',#9452,3.2);
#9452 = AXIS2_PLACEMENT_3D('',#9453,#9454,#9455);
#9453 = CARTESIAN_POINT('',(-166.8,287.78298413412,130.74858485797));
#9454 = DIRECTION('',(0.,-0.965596390966,0.26004539941));
#9455 = DIRECTION('',(-0.,0.26004539941,0.965596390966));
#9456 = PCURVE('',#2220,#9457);
#9457 = DEFINITIONAL_REPRESENTATION('',(#9458),#9461);
#9458 = B_SPLINE_CURVE_WITH_KNOTS('',1,(#9459,#9460),.UNSPECIFIED.,.F.,
  .F.,(2,2),(0.,1.570796326795),.PIECEWISE_BEZIER_KNOTS.);
#9459 = CARTESIAN_POINT('',(0.,3.14159265359));
#9460 = CARTESIAN_POINT('',(0.,4.712388980385));
#9461 = ( GEOMETRIC_REPRESENTATION_CONTEXT(2) 
PARAMETRIC_REPRESENTATION_CONTEXT() REPRESENTATION_CONTEXT('2D SPACE',''
  ) );
#9462 = PCURVE('',#2187,#9463);
#9463 = DEFINITIONAL_REPRESENTATION('',(#9464),#9467);
#9464 = B_SPLINE_CURVE_WITH_KNOTS('',1,(#9465,#9466),.UNSPECIFIED.,.F.,
  .F.,(2,2),(0.,1.570796326795),.PIECEWISE_BEZIER_KNOTS.);
#9465 = CARTESIAN_POINT('',(0.,34.05771384474));
#9466 = CARTESIAN_POINT('',(1.570796326795,34.05771384474));
#9467 = ( GEOMETRIC_REPRESENTATION_CONTEXT(2) 
PARAMETRIC_REPRESENTATION_CONTEXT() REPRESENTATION_CONTEXT('2D SPACE',''
  ) );
#9468 = ORIENTED_EDGE('',*,*,#9469,.T.);
#9469 = EDGE_CURVE('',#9448,#2312,#9470,.T.);
#9470 = SURFACE_CURVE('',#9471,(#9476,#9483),.PCURVE_S1.);
#9471 = CIRCLE('',#9472,25.);
#9472 = AXIS2_PLACEMENT_3D('',#9473,#9474,#9475);
#9473 = CARTESIAN_POINT('',(-166.8,295.11626439748,157.97840308319));
#9474 = DIRECTION('',(-1.,-0.,0.));
#9475 = DIRECTION('',(0.,-0.26004539941,-0.965596390966));
#9476 = PCURVE('',#2220,#9477);
#9477 = DEFINITIONAL_REPRESENTATION('',(#9478),#9482);
#9478 = LINE('',#9479,#9480);
#9479 = CARTESIAN_POINT('',(-0.,3.14159265359));
#9480 = VECTOR('',#9481,1.);
#9481 = DIRECTION('',(-1.,0.));
#9482 = ( GEOMETRIC_REPRESENTATION_CONTEXT(2) 
PARAMETRIC_REPRESENTATION_CONTEXT() REPRESENTATION_CONTEXT('2D SPACE',''
  ) );
#9483 = PCURVE('',#2423,#9484);
#9484 = DEFINITIONAL_REPRESENTATION('',(#9485),#9489);
#9485 = LINE('',#9486,#9487);
#9486 = CARTESIAN_POINT('',(-4.975458199959,-0.8));
#9487 = VECTOR('',#9488,1.);
#9488 = DIRECTION('',(-1.,0.));
#9489 = ( GEOMETRIC_REPRESENTATION_CONTEXT(2) 
PARAMETRIC_REPRESENTATION_CONTEXT() REPRESENTATION_CONTEXT('2D SPACE',''
  ) );
#9490 = ORIENTED_EDGE('',*,*,#2334,.T.);
#9491 = ORIENTED_EDGE('',*,*,#2199,.F.);
#9492 = ADVANCED_FACE('',(#9493),#2187,.T.);
#9493 = FACE_BOUND('',#9494,.T.);
#9494 = EDGE_LOOP('',(#9495,#9523,#9551,#9552));
#9495 = ORIENTED_EDGE('',*,*,#9496,.F.);
#9496 = EDGE_CURVE('',#9497,#9448,#9499,.T.);
#9497 = VERTEX_POINT('',#9498);
#9498 = CARTESIAN_POINT('',(-166.8,321.43408048832,125.));
#9499 = SURFACE_CURVE('',#9500,(#9504,#9511),.PCURVE_S1.);
#9500 = LINE('',#9501,#9502);
#9501 = CARTESIAN_POINT('',(-166.8,321.50113498525,124.98194150931));
#9502 = VECTOR('',#9503,1.);
#9503 = DIRECTION('',(0.,-0.965596390966,0.26004539941));
#9504 = PCURVE('',#2187,#9505);
#9505 = DEFINITIONAL_REPRESENTATION('',(#9506),#9510);
#9506 = LINE('',#9507,#9508);
#9507 = CARTESIAN_POINT('',(0.,0.));
#9508 = VECTOR('',#9509,1.);
#9509 = DIRECTION('',(0.,1.));
#9510 = ( GEOMETRIC_REPRESENTATION_CONTEXT(2) 
PARAMETRIC_REPRESENTATION_CONTEXT() REPRESENTATION_CONTEXT('2D SPACE',''
  ) );
#9511 = PCURVE('',#9512,#9517);
#9512 = PLANE('',#9513);
#9513 = AXIS2_PLACEMENT_3D('',#9514,#9515,#9516);
#9514 = CARTESIAN_POINT('',(-166.,321.50113498525,124.98194150931));
#9515 = DIRECTION('',(-0.,0.26004539941,0.965596390966));
#9516 = DIRECTION('',(0.,-0.965596390966,0.26004539941));
#9517 = DEFINITIONAL_REPRESENTATION('',(#9518),#9522);
#9518 = LINE('',#9519,#9520);
#9519 = CARTESIAN_POINT('',(0.,-0.8));
#9520 = VECTOR('',#9521,1.);
#9521 = DIRECTION('',(1.,0.));
#9522 = ( GEOMETRIC_REPRESENTATION_CONTEXT(2) 
PARAMETRIC_REPRESENTATION_CONTEXT() REPRESENTATION_CONTEXT('2D SPACE',''
  ) );
#9523 = ORIENTED_EDGE('',*,*,#9524,.T.);
#9524 = EDGE_CURVE('',#9497,#2145,#9525,.T.);
#9525 = SURFACE_CURVE('',#9526,(#9531,#9544),.PCURVE_S1.);
#9526 = ELLIPSE('',#9527,12.305543598387,3.2);
#9527 = AXIS2_PLACEMENT_3D('',#9528,#9529,#9530);
#9528 = CARTESIAN_POINT('',(-166.8,309.12853688993,125.));
#9529 = DIRECTION('',(0.,0.,1.));
#9530 = DIRECTION('',(0.,-1.,0.));
#9531 = PCURVE('',#2187,#9532);
#9532 = DEFINITIONAL_REPRESENTATION('',(#9533),#9543);
#9533 = B_SPLINE_CURVE_WITH_KNOTS('',8,(#9534,#9535,#9536,#9537,#9538,
    #9539,#9540,#9541,#9542),.UNSPECIFIED.,.F.,.F.,(9,9),(3.14159265359,
    4.712388980385),.PIECEWISE_BEZIER_KNOTS.);
#9534 = CARTESIAN_POINT('',(0.,6.944360765323E-02));
#9535 = CARTESIAN_POINT('',(0.196349540849,6.944360765323E-02));
#9536 = CARTESIAN_POINT('',(0.392699081698,0.592982052826));
#9537 = CARTESIAN_POINT('',(0.589048622547,1.640054495678));
#9538 = CARTESIAN_POINT('',(0.785398163399,3.167620279746));
#9539 = CARTESIAN_POINT('',(0.981747704246,5.089510671394));
#9540 = CARTESIAN_POINT('',(1.178097245096,7.285507033581));
#9541 = CARTESIAN_POINT('',(1.374446785946,9.618569841324));
#9542 = CARTESIAN_POINT('',(1.570796326795,11.951632095125));
#9543 = ( GEOMETRIC_REPRESENTATION_CONTEXT(2) 
PARAMETRIC_REPRESENTATION_CONTEXT() REPRESENTATION_CONTEXT('2D SPACE',''
  ) );
#9544 = PCURVE('',#2159,#9545);
#9545 = DEFINITIONAL_REPRESENTATION('',(#9546),#9550);
#9546 = ELLIPSE('',#9547,12.305543598387,3.2);
#9547 = AXIS2_PLACEMENT_2D('',#9548,#9549);
#9548 = CARTESIAN_POINT('',(53.2,359.12853688993));
#9549 = DIRECTION('',(0.,-1.));
#9550 = ( GEOMETRIC_REPRESENTATION_CONTEXT(2) 
PARAMETRIC_REPRESENTATION_CONTEXT() REPRESENTATION_CONTEXT('2D SPACE',''
  ) );
#9551 = ORIENTED_EDGE('',*,*,#2171,.T.);
#9552 = ORIENTED_EDGE('',*,*,#9447,.F.);
#9553 = ADVANCED_FACE('',(#9554,#9804,#9871,#9902,#10079,#10146,#10177,
    #10208,#10744,#10775,#10806),#2159,.F.);
#9554 = FACE_BOUND('',#9555,.F.);
#9555 = EDGE_LOOP('',(#9556,#9557,#9558,#9559,#9560,#9561,#9562,#9563,
    #9564,#9565,#9566,#9567,#9597,#9624,#9657,#9690,#9717,#9750,#9783,
    #9803));
#9556 = ORIENTED_EDGE('',*,*,#2144,.F.);
#9557 = ORIENTED_EDGE('',*,*,#2281,.T.);
#9558 = ORIENTED_EDGE('',*,*,#2361,.T.);
#9559 = ORIENTED_EDGE('',*,*,#2484,.T.);
#9560 = ORIENTED_EDGE('',*,*,#2589,.T.);
#9561 = ORIENTED_EDGE('',*,*,#2672,.T.);
#9562 = ORIENTED_EDGE('',*,*,#5308,.T.);
#9563 = ORIENTED_EDGE('',*,*,#4717,.T.);
#9564 = ORIENTED_EDGE('',*,*,#4624,.T.);
#9565 = ORIENTED_EDGE('',*,*,#4520,.T.);
#9566 = ORIENTED_EDGE('',*,*,#4268,.T.);
#9567 = ORIENTED_EDGE('',*,*,#9568,.T.);
#9568 = EDGE_CURVE('',#4269,#9569,#9571,.T.);
#9569 = VERTEX_POINT('',#9570);
#9570 = CARTESIAN_POINT('',(166.8,321.43408048832,125.));
#9571 = SURFACE_CURVE('',#9572,(#9577,#9584),.PCURVE_S1.);
#9572 = ELLIPSE('',#9573,12.305543598387,3.2);
#9573 = AXIS2_PLACEMENT_3D('',#9574,#9575,#9576);
#9574 = CARTESIAN_POINT('',(166.8,309.12853688993,125.));
#9575 = DIRECTION('',(0.,0.,1.));
#9576 = DIRECTION('',(0.,-1.,0.));
#9577 = PCURVE('',#2159,#9578);
#9578 = DEFINITIONAL_REPRESENTATION('',(#9579),#9583);
#9579 = ELLIPSE('',#9580,12.305543598387,3.2);
#9580 = AXIS2_PLACEMENT_2D('',#9581,#9582);
#9581 = CARTESIAN_POINT('',(386.8,359.12853688993));
#9582 = DIRECTION('',(0.,-1.));
#9583 = ( GEOMETRIC_REPRESENTATION_CONTEXT(2) 
PARAMETRIC_REPRESENTATION_CONTEXT() REPRESENTATION_CONTEXT('2D SPACE',''
  ) );
#9584 = PCURVE('',#4306,#9585);
#9585 = DEFINITIONAL_REPRESENTATION('',(#9586),#9596);
#9586 = B_SPLINE_CURVE_WITH_KNOTS('',8,(#9587,#9588,#9589,#9590,#9591,
    #9592,#9593,#9594,#9595),.UNSPECIFIED.,.F.,.F.,(9,9),(1.570796326795
    ,3.14159265359),.PIECEWISE_BEZIER_KNOTS.);
#9587 = CARTESIAN_POINT('',(-1.570796326795,11.951632095125));
#9588 = CARTESIAN_POINT('',(-1.374446785946,9.618569841324));
#9589 = CARTESIAN_POINT('',(-1.178097245095,7.28550703358));
#9590 = CARTESIAN_POINT('',(-0.981747704247,5.089510671394));
#9591 = CARTESIAN_POINT('',(-0.785398163396,3.16762027975));
#9592 = CARTESIAN_POINT('',(-0.589048622547,1.640054495685));
#9593 = CARTESIAN_POINT('',(-0.392699081698,0.592982052825));
#9594 = CARTESIAN_POINT('',(-0.196349540849,6.944360765323E-02));
#9595 = CARTESIAN_POINT('',(0.,6.944360765323E-02));
#9596 = ( GEOMETRIC_REPRESENTATION_CONTEXT(2) 
PARAMETRIC_REPRESENTATION_CONTEXT() REPRESENTATION_CONTEXT('2D SPACE',''
  ) );
#9597 = ORIENTED_EDGE('',*,*,#9598,.T.);
#9598 = EDGE_CURVE('',#9569,#9599,#9601,.T.);
#9599 = VERTEX_POINT('',#9600);
#9600 = CARTESIAN_POINT('',(165.2,321.43408048832,125.));
#9601 = SURFACE_CURVE('',#9602,(#9606,#9613),.PCURVE_S1.);
#9602 = LINE('',#9603,#9604);
#9603 = CARTESIAN_POINT('',(-27.,321.43408048832,125.));
#9604 = VECTOR('',#9605,1.);
#9605 = DIRECTION('',(-1.,-0.,0.));
#9606 = PCURVE('',#2159,#9607);
#9607 = DEFINITIONAL_REPRESENTATION('',(#9608),#9612);
#9608 = LINE('',#9609,#9610);
#9609 = CARTESIAN_POINT('',(193.,371.43408048832));
#9610 = VECTOR('',#9611,1.);
#9611 = DIRECTION('',(-1.,0.));
#9612 = ( GEOMETRIC_REPRESENTATION_CONTEXT(2) 
PARAMETRIC_REPRESENTATION_CONTEXT() REPRESENTATION_CONTEXT('2D SPACE',''
  ) );
#9613 = PCURVE('',#9614,#9619);
#9614 = PLANE('',#9615);
#9615 = AXIS2_PLACEMENT_3D('',#9616,#9617,#9618);
#9616 = CARTESIAN_POINT('',(166.,321.50113498525,124.98194150931));
#9617 = DIRECTION('',(-0.,0.26004539941,0.965596390966));
#9618 = DIRECTION('',(0.,-0.965596390966,0.26004539941));
#9619 = DEFINITIONAL_REPRESENTATION('',(#9620),#9623);
#9620 = B_SPLINE_CURVE_WITH_KNOTS('',1,(#9621,#9622),.UNSPECIFIED.,.F.,
  .F.,(2,2),(-193.8,-192.2),.PIECEWISE_BEZIER_KNOTS.);
#9621 = CARTESIAN_POINT('',(6.944360765331E-02,0.8));
#9622 = CARTESIAN_POINT('',(6.944360765331E-02,-0.8));
#9623 = ( GEOMETRIC_REPRESENTATION_CONTEXT(2) 
PARAMETRIC_REPRESENTATION_CONTEXT() REPRESENTATION_CONTEXT('2D SPACE',''
  ) );
#9624 = ORIENTED_EDGE('',*,*,#9625,.T.);
#9625 = EDGE_CURVE('',#9599,#9626,#9628,.T.);
#9626 = VERTEX_POINT('',#9627);
#9627 = CARTESIAN_POINT('',(162.85278712657,317.4924316403,125.));
#9628 = SURFACE_CURVE('',#9629,(#9634,#9641),.PCURVE_S1.);
#9629 = ELLIPSE('',#9630,12.305543598387,3.2);
#9630 = AXIS2_PLACEMENT_3D('',#9631,#9632,#9633);
#9631 = CARTESIAN_POINT('',(165.2,309.12853688993,125.));
#9632 = DIRECTION('',(0.,0.,1.));
#9633 = DIRECTION('',(0.,-1.,0.));
#9634 = PCURVE('',#2159,#9635);
#9635 = DEFINITIONAL_REPRESENTATION('',(#9636),#9640);
#9636 = ELLIPSE('',#9637,12.305543598387,3.2);
#9637 = AXIS2_PLACEMENT_2D('',#9638,#9639);
#9638 = CARTESIAN_POINT('',(385.2,359.12853688993));
#9639 = DIRECTION('',(0.,-1.));
#9640 = ( GEOMETRIC_REPRESENTATION_CONTEXT(2) 
PARAMETRIC_REPRESENTATION_CONTEXT() REPRESENTATION_CONTEXT('2D SPACE',''
  ) );
#9641 = PCURVE('',#9642,#9647);
#9642 = CYLINDRICAL_SURFACE('',#9643,3.2);
#9643 = AXIS2_PLACEMENT_3D('',#9644,#9645,#9646);
#9644 = CARTESIAN_POINT('',(165.2,320.66898970713,121.89203305822));
#9645 = DIRECTION('',(0.,-0.965596390966,0.26004539941));
#9646 = DIRECTION('',(-0.,0.26004539941,0.965596390966));
#9647 = DEFINITIONAL_REPRESENTATION('',(#9648),#9656);
#9648 = B_SPLINE_CURVE_WITH_KNOTS('',6,(#9649,#9650,#9651,#9652,#9653,
    #9654,#9655),.UNSPECIFIED.,.F.,.F.,(7,7),(3.14159265359,
    3.965055727124),.PIECEWISE_BEZIER_KNOTS.);
#9649 = CARTESIAN_POINT('',(0.,6.944360765323E-02));
#9650 = CARTESIAN_POINT('',(0.137243845589,6.944360765323E-02));
#9651 = CARTESIAN_POINT('',(0.274487691178,0.338016008043));
#9652 = CARTESIAN_POINT('',(0.411731536767,0.87516976096));
#9653 = CARTESIAN_POINT('',(0.548975382356,1.665698554844));
#9654 = CARTESIAN_POINT('',(0.686219227945,2.679318512275));
#9655 = CARTESIAN_POINT('',(0.823463073534,3.875485509753));
#9656 = ( GEOMETRIC_REPRESENTATION_CONTEXT(2) 
PARAMETRIC_REPRESENTATION_CONTEXT() REPRESENTATION_CONTEXT('2D SPACE',''
  ) );
#9657 = ORIENTED_EDGE('',*,*,#9658,.T.);
#9658 = EDGE_CURVE('',#9626,#9659,#9661,.T.);
#9659 = VERTEX_POINT('',#9660);
#9660 = CARTESIAN_POINT('',(158.,321.43408048832,125.));
#9661 = SURFACE_CURVE('',#9662,(#9667,#9674),.PCURVE_S1.);
#9662 = ELLIPSE('',#9663,46.14578849395,12.);
#9663 = AXIS2_PLACEMENT_3D('',#9664,#9665,#9666);
#9664 = CARTESIAN_POINT('',(158.,275.28829199437,125.));
#9665 = DIRECTION('',(0.,0.,1.));
#9666 = DIRECTION('',(0.,-1.,0.));
#9667 = PCURVE('',#2159,#9668);
#9668 = DEFINITIONAL_REPRESENTATION('',(#9669),#9673);
#9669 = ELLIPSE('',#9670,46.14578849395,12.);
#9670 = AXIS2_PLACEMENT_2D('',#9671,#9672);
#9671 = CARTESIAN_POINT('',(378.,325.28829199437));
#9672 = DIRECTION('',(0.,-1.));
#9673 = ( GEOMETRIC_REPRESENTATION_CONTEXT(2) 
PARAMETRIC_REPRESENTATION_CONTEXT() REPRESENTATION_CONTEXT('2D SPACE',''
  ) );
#9674 = PCURVE('',#9675,#9680);
#9675 = CYLINDRICAL_SURFACE('',#9676,12.);
#9676 = AXIS2_PLACEMENT_3D('',#9677,#9678,#9679);
#9677 = CARTESIAN_POINT('',(158.,318.38059019233,113.39478481772));
#9678 = DIRECTION('',(0.,-0.965596390966,0.26004539941));
#9679 = DIRECTION('',(-0.,0.26004539941,0.965596390966));
#9680 = DEFINITIONAL_REPRESENTATION('',(#9681),#9689);
#9681 = B_SPLINE_CURVE_WITH_KNOTS('',6,(#9682,#9683,#9684,#9685,#9686,
    #9687,#9688),.UNSPECIFIED.,.F.,.F.,(7,7),(2.725271128418,
    3.14159265359),.PIECEWISE_BEZIER_KNOTS.);
#9682 = CARTESIAN_POINT('',(-0.416321525171,3.875485509753));
#9683 = CARTESIAN_POINT('',(-0.346934604309,2.625182388383));
#9684 = CARTESIAN_POINT('',(-0.277547683448,1.610323039805));
#9685 = CARTESIAN_POINT('',(-0.208160762586,0.841742628107));
#9686 = CARTESIAN_POINT('',(-0.138773841724,0.326876565662));
#9687 = CARTESIAN_POINT('',(-6.93869208619E-02,6.944360765323E-02));
#9688 = CARTESIAN_POINT('',(0.,6.944360765323E-02));
#9689 = ( GEOMETRIC_REPRESENTATION_CONTEXT(2) 
PARAMETRIC_REPRESENTATION_CONTEXT() REPRESENTATION_CONTEXT('2D SPACE',''
  ) );
#9690 = ORIENTED_EDGE('',*,*,#9691,.T.);
#9691 = EDGE_CURVE('',#9659,#9692,#9694,.T.);
#9692 = VERTEX_POINT('',#9693);
#9693 = CARTESIAN_POINT('',(-158.,321.43408048832,125.));
#9694 = SURFACE_CURVE('',#9695,(#9699,#9706),.PCURVE_S1.);
#9695 = LINE('',#9696,#9697);
#9696 = CARTESIAN_POINT('',(-110.,321.43408048832,125.));
#9697 = VECTOR('',#9698,1.);
#9698 = DIRECTION('',(-1.,-0.,0.));
#9699 = PCURVE('',#2159,#9700);
#9700 = DEFINITIONAL_REPRESENTATION('',(#9701),#9705);
#9701 = LINE('',#9702,#9703);
#9702 = CARTESIAN_POINT('',(110.,371.43408048832));
#9703 = VECTOR('',#9704,1.);
#9704 = DIRECTION('',(-1.,0.));
#9705 = ( GEOMETRIC_REPRESENTATION_CONTEXT(2) 
PARAMETRIC_REPRESENTATION_CONTEXT() REPRESENTATION_CONTEXT('2D SPACE',''
  ) );
#9706 = PCURVE('',#9707,#9712);
#9707 = PLANE('',#9708);
#9708 = AXIS2_PLACEMENT_3D('',#9709,#9710,#9711);
#9709 = CARTESIAN_POINT('',(0.,321.50113498525,124.98194150931));
#9710 = DIRECTION('',(-0.,0.26004539941,0.965596390966));
#9711 = DIRECTION('',(0.,-0.965596390966,0.26004539941));
#9712 = DEFINITIONAL_REPRESENTATION('',(#9713),#9716);
#9713 = B_SPLINE_CURVE_WITH_KNOTS('',1,(#9714,#9715),.UNSPECIFIED.,.F.,
  .F.,(2,2),(-268.,48.),.PIECEWISE_BEZIER_KNOTS.);
#9714 = CARTESIAN_POINT('',(6.944360765318E-02,158.));
#9715 = CARTESIAN_POINT('',(6.944360765318E-02,-158.));
#9716 = ( GEOMETRIC_REPRESENTATION_CONTEXT(2) 
PARAMETRIC_REPRESENTATION_CONTEXT() REPRESENTATION_CONTEXT('2D SPACE',''
  ) );
#9717 = ORIENTED_EDGE('',*,*,#9718,.T.);
#9718 = EDGE_CURVE('',#9692,#9719,#9721,.T.);
#9719 = VERTEX_POINT('',#9720);
#9720 = CARTESIAN_POINT('',(-162.8527871265,317.4924316403,125.));
#9721 = SURFACE_CURVE('',#9722,(#9727,#9734),.PCURVE_S1.);
#9722 = ELLIPSE('',#9723,46.14578849395,12.);
#9723 = AXIS2_PLACEMENT_3D('',#9724,#9725,#9726);
#9724 = CARTESIAN_POINT('',(-158.,275.28829199437,125.));
#9725 = DIRECTION('',(0.,0.,1.));
#9726 = DIRECTION('',(0.,-1.,0.));
#9727 = PCURVE('',#2159,#9728);
#9728 = DEFINITIONAL_REPRESENTATION('',(#9729),#9733);
#9729 = ELLIPSE('',#9730,46.14578849395,12.);
#9730 = AXIS2_PLACEMENT_2D('',#9731,#9732);
#9731 = CARTESIAN_POINT('',(62.,325.28829199437));
#9732 = DIRECTION('',(0.,-1.));
#9733 = ( GEOMETRIC_REPRESENTATION_CONTEXT(2) 
PARAMETRIC_REPRESENTATION_CONTEXT() REPRESENTATION_CONTEXT('2D SPACE',''
  ) );
#9734 = PCURVE('',#9735,#9740);
#9735 = CYLINDRICAL_SURFACE('',#9736,12.);
#9736 = AXIS2_PLACEMENT_3D('',#9737,#9738,#9739);
#9737 = CARTESIAN_POINT('',(-158.,318.38059019233,113.39478481772));
#9738 = DIRECTION('',(0.,-0.965596390966,0.26004539941));
#9739 = DIRECTION('',(-1.,-0.,0.));
#9740 = DEFINITIONAL_REPRESENTATION('',(#9741),#9749);
#9741 = B_SPLINE_CURVE_WITH_KNOTS('',6,(#9742,#9743,#9744,#9745,#9746,
    #9747,#9748),.UNSPECIFIED.,.F.,.F.,(7,7),(3.14159265359,
    3.557914178761),.PIECEWISE_BEZIER_KNOTS.);
#9742 = CARTESIAN_POINT('',(-1.570796326795,6.944360765323E-02));
#9743 = CARTESIAN_POINT('',(-1.501409405933,6.944360765323E-02));
#9744 = CARTESIAN_POINT('',(-1.432022485071,0.326876565662));
#9745 = CARTESIAN_POINT('',(-1.362635564209,0.841742628105));
#9746 = CARTESIAN_POINT('',(-1.293248643347,1.610323039805));
#9747 = CARTESIAN_POINT('',(-1.223861722485,2.625182388383));
#9748 = CARTESIAN_POINT('',(-1.154474801624,3.875485509753));
#9749 = ( GEOMETRIC_REPRESENTATION_CONTEXT(2) 
PARAMETRIC_REPRESENTATION_CONTEXT() REPRESENTATION_CONTEXT('2D SPACE',''
  ) );
#9750 = ORIENTED_EDGE('',*,*,#9751,.T.);
#9751 = EDGE_CURVE('',#9719,#9752,#9754,.T.);
#9752 = VERTEX_POINT('',#9753);
#9753 = CARTESIAN_POINT('',(-165.2,321.43408048832,125.));
#9754 = SURFACE_CURVE('',#9755,(#9760,#9767),.PCURVE_S1.);
#9755 = ELLIPSE('',#9756,12.305543598387,3.2);
#9756 = AXIS2_PLACEMENT_3D('',#9757,#9758,#9759);
#9757 = CARTESIAN_POINT('',(-165.2,309.12853688993,125.));
#9758 = DIRECTION('',(0.,0.,1.));
#9759 = DIRECTION('',(0.,-1.,0.));
#9760 = PCURVE('',#2159,#9761);
#9761 = DEFINITIONAL_REPRESENTATION('',(#9762),#9766);
#9762 = ELLIPSE('',#9763,12.305543598387,3.2);
#9763 = AXIS2_PLACEMENT_2D('',#9764,#9765);
#9764 = CARTESIAN_POINT('',(54.8,359.12853688993));
#9765 = DIRECTION('',(0.,-1.));
#9766 = ( GEOMETRIC_REPRESENTATION_CONTEXT(2) 
PARAMETRIC_REPRESENTATION_CONTEXT() REPRESENTATION_CONTEXT('2D SPACE',''
  ) );
#9767 = PCURVE('',#9768,#9773);
#9768 = CYLINDRICAL_SURFACE('',#9769,3.2);
#9769 = AXIS2_PLACEMENT_3D('',#9770,#9771,#9772);
#9770 = CARTESIAN_POINT('',(-165.2,320.66898970713,121.89203305822));
#9771 = DIRECTION('',(0.,-0.965596390966,0.26004539941));
#9772 = DIRECTION('',(-0.,0.26004539941,0.965596390966));
#9773 = DEFINITIONAL_REPRESENTATION('',(#9774),#9782);
#9774 = B_SPLINE_CURVE_WITH_KNOTS('',6,(#9775,#9776,#9777,#9778,#9779,
    #9780,#9781),.UNSPECIFIED.,.F.,.F.,(7,7),(2.318129580056,
    3.14159265359),.PIECEWISE_BEZIER_KNOTS.);
#9775 = CARTESIAN_POINT('',(-0.823463073534,3.875485509753));
#9776 = CARTESIAN_POINT('',(-0.686219227945,2.679318512275));
#9777 = CARTESIAN_POINT('',(-0.548975382356,1.665698554843));
#9778 = CARTESIAN_POINT('',(-0.411731536767,0.875169760961));
#9779 = CARTESIAN_POINT('',(-0.274487691178,0.338016008042));
#9780 = CARTESIAN_POINT('',(-0.137243845589,6.944360765323E-02));
#9781 = CARTESIAN_POINT('',(0.,6.944360765323E-02));
#9782 = ( GEOMETRIC_REPRESENTATION_CONTEXT(2) 
PARAMETRIC_REPRESENTATION_CONTEXT() REPRESENTATION_CONTEXT('2D SPACE',''
  ) );
#9783 = ORIENTED_EDGE('',*,*,#9784,.T.);
#9784 = EDGE_CURVE('',#9752,#9497,#9785,.T.);
#9785 = SURFACE_CURVE('',#9786,(#9790,#9797),.PCURVE_S1.);
#9786 = LINE('',#9787,#9788);
#9787 = CARTESIAN_POINT('',(-193.,321.43408048832,125.));
#9788 = VECTOR('',#9789,1.);
#9789 = DIRECTION('',(-1.,-0.,0.));
#9790 = PCURVE('',#2159,#9791);
#9791 = DEFINITIONAL_REPRESENTATION('',(#9792),#9796);
#9792 = LINE('',#9793,#9794);
#9793 = CARTESIAN_POINT('',(27.,371.43408048832));
#9794 = VECTOR('',#9795,1.);
#9795 = DIRECTION('',(-1.,0.));
#9796 = ( GEOMETRIC_REPRESENTATION_CONTEXT(2) 
PARAMETRIC_REPRESENTATION_CONTEXT() REPRESENTATION_CONTEXT('2D SPACE',''
  ) );
#9797 = PCURVE('',#9512,#9798);
#9798 = DEFINITIONAL_REPRESENTATION('',(#9799),#9802);
#9799 = B_SPLINE_CURVE_WITH_KNOTS('',1,(#9800,#9801),.UNSPECIFIED.,.F.,
  .F.,(2,2),(-27.8,-26.2),.PIECEWISE_BEZIER_KNOTS.);
#9800 = CARTESIAN_POINT('',(6.944360765331E-02,0.8));
#9801 = CARTESIAN_POINT('',(6.944360765331E-02,-0.8));
#9802 = ( GEOMETRIC_REPRESENTATION_CONTEXT(2) 
PARAMETRIC_REPRESENTATION_CONTEXT() REPRESENTATION_CONTEXT('2D SPACE',''
  ) );
#9803 = ORIENTED_EDGE('',*,*,#9524,.T.);
#9804 = FACE_BOUND('',#9805,.F.);
#9805 = EDGE_LOOP('',(#9806,#9807,#9829,#9850,#9851));
#9806 = ORIENTED_EDGE('',*,*,#7657,.F.);
#9807 = ORIENTED_EDGE('',*,*,#9808,.T.);
#9808 = EDGE_CURVE('',#7658,#9809,#9811,.T.);
#9809 = VERTEX_POINT('',#9810);
#9810 = CARTESIAN_POINT('',(-162.,166.81391404175,125.));
#9811 = SURFACE_CURVE('',#9812,(#9816,#9823),.PCURVE_S1.);
#9812 = LINE('',#9813,#9814);
#9813 = CARTESIAN_POINT('',(-162.,74.566010661909,125.));
#9814 = VECTOR('',#9815,1.);
#9815 = DIRECTION('',(0.,1.,0.));
#9816 = PCURVE('',#2159,#9817);
#9817 = DEFINITIONAL_REPRESENTATION('',(#9818),#9822);
#9818 = LINE('',#9819,#9820);
#9819 = CARTESIAN_POINT('',(58.,124.5660106619));
#9820 = VECTOR('',#9821,1.);
#9821 = DIRECTION('',(0.,1.));
#9822 = ( GEOMETRIC_REPRESENTATION_CONTEXT(2) 
PARAMETRIC_REPRESENTATION_CONTEXT() REPRESENTATION_CONTEXT('2D SPACE',''
  ) );
#9823 = PCURVE('',#7699,#9824);
#9824 = DEFINITIONAL_REPRESENTATION('',(#9825),#9828);
#9825 = B_SPLINE_CURVE_WITH_KNOTS('',1,(#9826,#9827),.UNSPECIFIED.,.F.,
  .F.,(2,2),(-69.1766924527,261.50308108701),.PIECEWISE_BEZIER_KNOTS.);
#9826 = CARTESIAN_POINT('',(-193.7427031146,-42.81425665813));
#9827 = CARTESIAN_POINT('',(136.9370704251,-42.81425665813));
#9828 = ( GEOMETRIC_REPRESENTATION_CONTEXT(2) 
PARAMETRIC_REPRESENTATION_CONTEXT() REPRESENTATION_CONTEXT('2D SPACE',''
  ) );
#9829 = ORIENTED_EDGE('',*,*,#9830,.T.);
#9830 = EDGE_CURVE('',#9809,#8046,#9831,.T.);
#9831 = SURFACE_CURVE('',#9832,(#9836,#9843),.PCURVE_S1.);
#9832 = LINE('',#9833,#9834);
#9833 = CARTESIAN_POINT('',(-169.,166.81391404175,125.));
#9834 = VECTOR('',#9835,1.);
#9835 = DIRECTION('',(1.,0.,-0.));
#9836 = PCURVE('',#2159,#9837);
#9837 = DEFINITIONAL_REPRESENTATION('',(#9838),#9842);
#9838 = LINE('',#9839,#9840);
#9839 = CARTESIAN_POINT('',(51.,216.81391404175));
#9840 = VECTOR('',#9841,1.);
#9841 = DIRECTION('',(1.,0.));
#9842 = ( GEOMETRIC_REPRESENTATION_CONTEXT(2) 
PARAMETRIC_REPRESENTATION_CONTEXT() REPRESENTATION_CONTEXT('2D SPACE',''
  ) );
#9843 = PCURVE('',#7730,#9844);
#9844 = DEFINITIONAL_REPRESENTATION('',(#9845),#9849);
#9845 = LINE('',#9846,#9847);
#9846 = CARTESIAN_POINT('',(0.,0.));
#9847 = VECTOR('',#9848,1.);
#9848 = DIRECTION('',(0.,1.));
#9849 = ( GEOMETRIC_REPRESENTATION_CONTEXT(2) 
PARAMETRIC_REPRESENTATION_CONTEXT() REPRESENTATION_CONTEXT('2D SPACE',''
  ) );
#9850 = ORIENTED_EDGE('',*,*,#8045,.F.);
#9851 = ORIENTED_EDGE('',*,*,#9852,.F.);
#9852 = EDGE_CURVE('',#7630,#8025,#9853,.T.);
#9853 = SURFACE_CURVE('',#9854,(#9858,#9865),.PCURVE_S1.);
#9854 = LINE('',#9855,#9856);
#9855 = CARTESIAN_POINT('',(-110.,163.38093582634,125.));
#9856 = VECTOR('',#9857,1.);
#9857 = DIRECTION('',(1.,0.,-0.));
#9858 = PCURVE('',#2159,#9859);
#9859 = DEFINITIONAL_REPRESENTATION('',(#9860),#9864);
#9860 = LINE('',#9861,#9862);
#9861 = CARTESIAN_POINT('',(110.,213.38093582634));
#9862 = VECTOR('',#9863,1.);
#9863 = DIRECTION('',(1.,0.));
#9864 = ( GEOMETRIC_REPRESENTATION_CONTEXT(2) 
PARAMETRIC_REPRESENTATION_CONTEXT() REPRESENTATION_CONTEXT('2D SPACE',''
  ) );
#9865 = PCURVE('',#7645,#9866);
#9866 = DEFINITIONAL_REPRESENTATION('',(#9867),#9870);
#9867 = B_SPLINE_CURVE_WITH_KNOTS('',1,(#9868,#9869),.UNSPECIFIED.,.F.,
  .F.,(2,2),(-48.,268.),.PIECEWISE_BEZIER_KNOTS.);
#9868 = CARTESIAN_POINT('',(218.80381544336,-158.));
#9869 = CARTESIAN_POINT('',(218.80381544336,158.));
#9870 = ( GEOMETRIC_REPRESENTATION_CONTEXT(2) 
PARAMETRIC_REPRESENTATION_CONTEXT() REPRESENTATION_CONTEXT('2D SPACE',''
  ) );
#9871 = FACE_BOUND('',#9872,.F.);
#9872 = EDGE_LOOP('',(#9873));
#9873 = ORIENTED_EDGE('',*,*,#9874,.F.);
#9874 = EDGE_CURVE('',#9875,#9875,#9877,.T.);
#9875 = VERTEX_POINT('',#9876);
#9876 = CARTESIAN_POINT('',(-159.9,173.81391404175,125.));
#9877 = SURFACE_CURVE('',#9878,(#9883,#9890),.PCURVE_S1.);
#9878 = CIRCLE('',#9879,2.1);
#9879 = AXIS2_PLACEMENT_3D('',#9880,#9881,#9882);
#9880 = CARTESIAN_POINT('',(-162.,173.81391404175,125.));
#9881 = DIRECTION('',(0.,0.,1.));
#9882 = DIRECTION('',(1.,0.,-0.));
#9883 = PCURVE('',#2159,#9884);
#9884 = DEFINITIONAL_REPRESENTATION('',(#9885),#9889);
#9885 = CIRCLE('',#9886,2.1);
#9886 = AXIS2_PLACEMENT_2D('',#9887,#9888);
#9887 = CARTESIAN_POINT('',(58.,223.81391404175));
#9888 = DIRECTION('',(1.,0.));
#9889 = ( GEOMETRIC_REPRESENTATION_CONTEXT(2) 
PARAMETRIC_REPRESENTATION_CONTEXT() REPRESENTATION_CONTEXT('2D SPACE',''
  ) );
#9890 = PCURVE('',#9891,#9896);
#9891 = CYLINDRICAL_SURFACE('',#9892,2.1);
#9892 = AXIS2_PLACEMENT_3D('',#9893,#9894,#9895);
#9893 = CARTESIAN_POINT('',(-162.,173.81391404175,125.));
#9894 = DIRECTION('',(0.,0.,1.));
#9895 = DIRECTION('',(1.,0.,-0.));
#9896 = DEFINITIONAL_REPRESENTATION('',(#9897),#9901);
#9897 = LINE('',#9898,#9899);
#9898 = CARTESIAN_POINT('',(0.,0.));
#9899 = VECTOR('',#9900,1.);
#9900 = DIRECTION('',(1.,0.));
#9901 = ( GEOMETRIC_REPRESENTATION_CONTEXT(2) 
PARAMETRIC_REPRESENTATION_CONTEXT() REPRESENTATION_CONTEXT('2D SPACE',''
  ) );
#9902 = FACE_BOUND('',#9903,.F.);
#9903 = EDGE_LOOP('',(#9904,#9933,#9955,#9981,#9982,#10010,#10032,#10059
    ));
#9904 = ORIENTED_EDGE('',*,*,#9905,.F.);
#9905 = EDGE_CURVE('',#9906,#9908,#9910,.T.);
#9906 = VERTEX_POINT('',#9907);
#9907 = CARTESIAN_POINT('',(-136.7698823289,163.38093582634,125.));
#9908 = VERTEX_POINT('',#9909);
#9909 = CARTESIAN_POINT('',(-136.,163.27904373671,125.));
#9910 = SURFACE_CURVE('',#9911,(#9916,#9923),.PCURVE_S1.);
#9911 = ELLIPSE('',#9912,67.336280826418,14.);
#9912 = AXIS2_PLACEMENT_3D('',#9913,#9914,#9915);
#9913 = CARTESIAN_POINT('',(-136.,230.61532456313,125.));
#9914 = DIRECTION('',(0.,0.,1.));
#9915 = DIRECTION('',(0.,1.,-0.));
#9916 = PCURVE('',#2159,#9917);
#9917 = DEFINITIONAL_REPRESENTATION('',(#9918),#9922);
#9918 = ELLIPSE('',#9919,67.336280826418,14.);
#9919 = AXIS2_PLACEMENT_2D('',#9920,#9921);
#9920 = CARTESIAN_POINT('',(84.,280.61532456313));
#9921 = DIRECTION('',(0.,1.));
#9922 = ( GEOMETRIC_REPRESENTATION_CONTEXT(2) 
PARAMETRIC_REPRESENTATION_CONTEXT() REPRESENTATION_CONTEXT('2D SPACE',''
  ) );
#9923 = PCURVE('',#2819,#9924);
#9924 = DEFINITIONAL_REPRESENTATION('',(#9925),#9932);
#9925 = B_SPLINE_CURVE_WITH_KNOTS('',5,(#9926,#9927,#9928,#9929,#9930,
    #9931),.UNSPECIFIED.,.F.,.F.,(6,6),(3.086573138773,3.14159265359),
  .PIECEWISE_BEZIER_KNOTS.);
#9926 = CARTESIAN_POINT('',(-1.515776811978,4.000000600001));
#9927 = CARTESIAN_POINT('',(-1.526780714941,3.960144216104));
#9928 = CARTESIAN_POINT('',(-1.537784617905,3.930241871836));
#9929 = CARTESIAN_POINT('',(-1.548788520868,3.910303621821));
#9930 = CARTESIAN_POINT('',(-1.559792423831,3.900334496996));
#9931 = CARTESIAN_POINT('',(-1.570796326795,3.900334496996));
#9932 = ( GEOMETRIC_REPRESENTATION_CONTEXT(2) 
PARAMETRIC_REPRESENTATION_CONTEXT() REPRESENTATION_CONTEXT('2D SPACE',''
  ) );
#9933 = ORIENTED_EDGE('',*,*,#9934,.F.);
#9934 = EDGE_CURVE('',#9935,#9906,#9937,.T.);
#9935 = VERTEX_POINT('',#9936);
#9936 = CARTESIAN_POINT('',(-142.5818110696,163.38093582634,125.));
#9937 = SURFACE_CURVE('',#9938,(#9942,#9949),.PCURVE_S1.);
#9938 = LINE('',#9939,#9940);
#9939 = CARTESIAN_POINT('',(-110.,163.38093582634,125.));
#9940 = VECTOR('',#9941,1.);
#9941 = DIRECTION('',(1.,0.,-0.));
#9942 = PCURVE('',#2159,#9943);
#9943 = DEFINITIONAL_REPRESENTATION('',(#9944),#9948);
#9944 = LINE('',#9945,#9946);
#9945 = CARTESIAN_POINT('',(110.,213.38093582634));
#9946 = VECTOR('',#9947,1.);
#9947 = DIRECTION('',(1.,0.));
#9948 = ( GEOMETRIC_REPRESENTATION_CONTEXT(2) 
PARAMETRIC_REPRESENTATION_CONTEXT() REPRESENTATION_CONTEXT('2D SPACE',''
  ) );
#9949 = PCURVE('',#3284,#9950);
#9950 = DEFINITIONAL_REPRESENTATION('',(#9951),#9954);
#9951 = B_SPLINE_CURVE_WITH_KNOTS('',1,(#9952,#9953),.UNSPECIFIED.,.F.,
  .F.,(2,2),(-40.,-26.),.PIECEWISE_BEZIER_KNOTS.);
#9952 = CARTESIAN_POINT('',(218.80381544336,-150.));
#9953 = CARTESIAN_POINT('',(218.80381544336,-136.));
#9954 = ( GEOMETRIC_REPRESENTATION_CONTEXT(2) 
PARAMETRIC_REPRESENTATION_CONTEXT() REPRESENTATION_CONTEXT('2D SPACE',''
  ) );
#9955 = ORIENTED_EDGE('',*,*,#9956,.F.);
#9956 = EDGE_CURVE('',#3604,#9935,#9957,.T.);
#9957 = SURFACE_CURVE('',#9958,(#9963,#9970),.PCURVE_S1.);
#9958 = ELLIPSE('',#9959,38.477874757953,8.);
#9959 = AXIS2_PLACEMENT_3D('',#9960,#9961,#9962);
#9960 = CARTESIAN_POINT('',(-142.,201.75691849467,125.));
#9961 = DIRECTION('',(0.,0.,1.));
#9962 = DIRECTION('',(0.,1.,-0.));
#9963 = PCURVE('',#2159,#9964);
#9964 = DEFINITIONAL_REPRESENTATION('',(#9965),#9969);
#9965 = ELLIPSE('',#9966,38.477874757953,8.);
#9966 = AXIS2_PLACEMENT_2D('',#9967,#9968);
#9967 = CARTESIAN_POINT('',(78.,251.75691849467));
#9968 = DIRECTION('',(0.,1.));
#9969 = ( GEOMETRIC_REPRESENTATION_CONTEXT(2) 
PARAMETRIC_REPRESENTATION_CONTEXT() REPRESENTATION_CONTEXT('2D SPACE',''
  ) );
#9970 = PCURVE('',#3311,#9971);
#9971 = DEFINITIONAL_REPRESENTATION('',(#9972),#9980);
#9972 = B_SPLINE_CURVE_WITH_KNOTS('',6,(#9973,#9974,#9975,#9976,#9977,
    #9978,#9979),.UNSPECIFIED.,.F.,.F.,(7,7),(2.431383893515,
    3.068802226173),.PIECEWISE_BEZIER_KNOTS.);
#9973 = CARTESIAN_POINT('',(-0.860587566721,9.5000006));
#9974 = CARTESIAN_POINT('',(-0.966823955497,6.893060301426));
#9975 = CARTESIAN_POINT('',(-1.073060344273,4.672613961011));
#9976 = CARTESIAN_POINT('',(-1.17929673305,2.891616204847));
#9977 = CARTESIAN_POINT('',(-1.285533121826,1.589962594885));
#9978 = CARTESIAN_POINT('',(-1.391769510602,0.790789393481));
#9979 = CARTESIAN_POINT('',(-1.498005899378,0.499999400001));
#9980 = ( GEOMETRIC_REPRESENTATION_CONTEXT(2) 
PARAMETRIC_REPRESENTATION_CONTEXT() REPRESENTATION_CONTEXT('2D SPACE',''
  ) );
#9981 = ORIENTED_EDGE('',*,*,#3601,.F.);
#9982 = ORIENTED_EDGE('',*,*,#9983,.F.);
#9983 = EDGE_CURVE('',#9984,#3602,#9986,.T.);
#9984 = VERTEX_POINT('',#9985);
#9985 = CARTESIAN_POINT('',(142.58181106962,163.38093582634,125.));
#9986 = SURFACE_CURVE('',#9987,(#9992,#9999),.PCURVE_S1.);
#9987 = ELLIPSE('',#9988,38.477874757953,8.);
#9988 = AXIS2_PLACEMENT_3D('',#9989,#9990,#9991);
#9989 = CARTESIAN_POINT('',(142.,201.75691849467,125.));
#9990 = DIRECTION('',(0.,0.,1.));
#9991 = DIRECTION('',(0.,1.,-0.));
#9992 = PCURVE('',#2159,#9993);
#9993 = DEFINITIONAL_REPRESENTATION('',(#9994),#9998);
#9994 = ELLIPSE('',#9995,38.477874757953,8.);
#9995 = AXIS2_PLACEMENT_2D('',#9996,#9997);
#9996 = CARTESIAN_POINT('',(362.,251.75691849467));
#9997 = DIRECTION('',(0.,1.));
#9998 = ( GEOMETRIC_REPRESENTATION_CONTEXT(2) 
PARAMETRIC_REPRESENTATION_CONTEXT() REPRESENTATION_CONTEXT('2D SPACE',''
  ) );
#9999 = PCURVE('',#3816,#10000);
#10000 = DEFINITIONAL_REPRESENTATION('',(#10001),#10009);
#10001 = B_SPLINE_CURVE_WITH_KNOTS('',6,(#10002,#10003,#10004,#10005,
    #10006,#10007,#10008),.UNSPECIFIED.,.F.,.F.,(7,7),(3.214383081006,
    3.851801413664),.PIECEWISE_BEZIER_KNOTS.);
#10002 = CARTESIAN_POINT('',(1.498005899378,0.499999400001));
#10003 = CARTESIAN_POINT('',(1.391769510602,0.790789393481));
#10004 = CARTESIAN_POINT('',(1.285533121826,1.589962594885));
#10005 = CARTESIAN_POINT('',(1.179296733049,2.891616204847));
#10006 = CARTESIAN_POINT('',(1.073060344273,4.672613961011));
#10007 = CARTESIAN_POINT('',(0.966823955497,6.893060301426));
#10008 = CARTESIAN_POINT('',(0.860587566721,9.5000006));
#10009 = ( GEOMETRIC_REPRESENTATION_CONTEXT(2) 
PARAMETRIC_REPRESENTATION_CONTEXT() REPRESENTATION_CONTEXT('2D SPACE',''
  ) );
#10010 = ORIENTED_EDGE('',*,*,#10011,.F.);
#10011 = EDGE_CURVE('',#10012,#9984,#10014,.T.);
#10012 = VERTEX_POINT('',#10013);
#10013 = CARTESIAN_POINT('',(136.7698823289,163.38093582634,125.));
#10014 = SURFACE_CURVE('',#10015,(#10019,#10026),.PCURVE_S1.);
#10015 = LINE('',#10016,#10017);
#10016 = CARTESIAN_POINT('',(-110.,163.38093582634,125.));
#10017 = VECTOR('',#10018,1.);
#10018 = DIRECTION('',(1.,0.,-0.));
#10019 = PCURVE('',#2159,#10020);
#10020 = DEFINITIONAL_REPRESENTATION('',(#10021),#10025);
#10021 = LINE('',#10022,#10023);
#10022 = CARTESIAN_POINT('',(110.,213.38093582634));
#10023 = VECTOR('',#10024,1.);
#10024 = DIRECTION('',(1.,0.));
#10025 = ( GEOMETRIC_REPRESENTATION_CONTEXT(2) 
PARAMETRIC_REPRESENTATION_CONTEXT() REPRESENTATION_CONTEXT('2D SPACE',''
  ) );
#10026 = PCURVE('',#5474,#10027);
#10027 = DEFINITIONAL_REPRESENTATION('',(#10028),#10031);
#10028 = B_SPLINE_CURVE_WITH_KNOTS('',1,(#10029,#10030),.UNSPECIFIED.,
  .F.,.F.,(2,2),(246.,260.),.PIECEWISE_BEZIER_KNOTS.);
#10029 = CARTESIAN_POINT('',(218.80381544336,136.));
#10030 = CARTESIAN_POINT('',(218.80381544336,150.));
#10031 = ( GEOMETRIC_REPRESENTATION_CONTEXT(2) 
PARAMETRIC_REPRESENTATION_CONTEXT() REPRESENTATION_CONTEXT('2D SPACE',''
  ) );
#10032 = ORIENTED_EDGE('',*,*,#10033,.F.);
#10033 = EDGE_CURVE('',#10034,#10012,#10036,.T.);
#10034 = VERTEX_POINT('',#10035);
#10035 = CARTESIAN_POINT('',(136.,163.27904373671,125.));
#10036 = SURFACE_CURVE('',#10037,(#10042,#10049),.PCURVE_S1.);
#10037 = ELLIPSE('',#10038,67.336280826418,14.);
#10038 = AXIS2_PLACEMENT_3D('',#10039,#10040,#10041);
#10039 = CARTESIAN_POINT('',(136.,230.61532456313,125.));
#10040 = DIRECTION('',(0.,0.,1.));
#10041 = DIRECTION('',(0.,1.,-0.));
#10042 = PCURVE('',#2159,#10043);
#10043 = DEFINITIONAL_REPRESENTATION('',(#10044),#10048);
#10044 = ELLIPSE('',#10045,67.336280826418,14.);
#10045 = AXIS2_PLACEMENT_2D('',#10046,#10047);
#10046 = CARTESIAN_POINT('',(356.,280.61532456313));
#10047 = DIRECTION('',(0.,1.));
#10048 = ( GEOMETRIC_REPRESENTATION_CONTEXT(2) 
PARAMETRIC_REPRESENTATION_CONTEXT() REPRESENTATION_CONTEXT('2D SPACE',''
  ) );
#10049 = PCURVE('',#2759,#10050);
#10050 = DEFINITIONAL_REPRESENTATION('',(#10051),#10058);
#10051 = B_SPLINE_CURVE_WITH_KNOTS('',5,(#10052,#10053,#10054,#10055,
    #10056,#10057),.UNSPECIFIED.,.F.,.F.,(6,6),(3.14159265359,
    3.196612168407),.PIECEWISE_BEZIER_KNOTS.);
#10052 = CARTESIAN_POINT('',(1.570796326795,3.900334496996));
#10053 = CARTESIAN_POINT('',(1.559792423831,3.900334496996));
#10054 = CARTESIAN_POINT('',(1.548788520868,3.910303621821));
#10055 = CARTESIAN_POINT('',(1.537784617905,3.930241871836));
#10056 = CARTESIAN_POINT('',(1.526780714941,3.960144216104));
#10057 = CARTESIAN_POINT('',(1.515776811978,4.000000600001));
#10058 = ( GEOMETRIC_REPRESENTATION_CONTEXT(2) 
PARAMETRIC_REPRESENTATION_CONTEXT() REPRESENTATION_CONTEXT('2D SPACE',''
  ) );
#10059 = ORIENTED_EDGE('',*,*,#10060,.T.);
#10060 = EDGE_CURVE('',#10034,#9908,#10061,.T.);
#10061 = SURFACE_CURVE('',#10062,(#10066,#10073),.PCURVE_S1.);
#10062 = LINE('',#10063,#10064);
#10063 = CARTESIAN_POINT('',(-185.,163.27904373671,125.));
#10064 = VECTOR('',#10065,1.);
#10065 = DIRECTION('',(-1.,0.,0.));
#10066 = PCURVE('',#2159,#10067);
#10067 = DEFINITIONAL_REPRESENTATION('',(#10068),#10072);
#10068 = LINE('',#10069,#10070);
#10069 = CARTESIAN_POINT('',(35.,213.27904373671));
#10070 = VECTOR('',#10071,1.);
#10071 = DIRECTION('',(-1.,0.));
#10072 = ( GEOMETRIC_REPRESENTATION_CONTEXT(2) 
PARAMETRIC_REPRESENTATION_CONTEXT() REPRESENTATION_CONTEXT('2D SPACE',''
  ) );
#10073 = PCURVE('',#2786,#10074);
#10074 = DEFINITIONAL_REPRESENTATION('',(#10075),#10078);
#10075 = B_SPLINE_CURVE_WITH_KNOTS('',1,(#10076,#10077),.UNSPECIFIED.,
  .F.,.F.,(2,2),(-327.,-43.),.PIECEWISE_BEZIER_KNOTS.);
#10076 = CARTESIAN_POINT('',(292.,3.900334496996));
#10077 = CARTESIAN_POINT('',(8.,3.900334496996));
#10078 = ( GEOMETRIC_REPRESENTATION_CONTEXT(2) 
PARAMETRIC_REPRESENTATION_CONTEXT() REPRESENTATION_CONTEXT('2D SPACE',''
  ) );
#10079 = FACE_BOUND('',#10080,.F.);
#10080 = EDGE_LOOP('',(#10081,#10082,#10105,#10125,#10126));
#10081 = ORIENTED_EDGE('',*,*,#8447,.T.);
#10082 = ORIENTED_EDGE('',*,*,#10083,.T.);
#10083 = EDGE_CURVE('',#8448,#10084,#10086,.T.);
#10084 = VERTEX_POINT('',#10085);
#10085 = CARTESIAN_POINT('',(162.,166.81391404175,125.));
#10086 = SURFACE_CURVE('',#10087,(#10091,#10098),.PCURVE_S1.);
#10087 = LINE('',#10088,#10089);
#10088 = CARTESIAN_POINT('',(155.,166.81391404175,125.));
#10089 = VECTOR('',#10090,1.);
#10090 = DIRECTION('',(1.,0.,-0.));
#10091 = PCURVE('',#2159,#10092);
#10092 = DEFINITIONAL_REPRESENTATION('',(#10093),#10097);
#10093 = LINE('',#10094,#10095);
#10094 = CARTESIAN_POINT('',(375.,216.81391404175));
#10095 = VECTOR('',#10096,1.);
#10096 = DIRECTION('',(1.,0.));
#10097 = ( GEOMETRIC_REPRESENTATION_CONTEXT(2) 
PARAMETRIC_REPRESENTATION_CONTEXT() REPRESENTATION_CONTEXT('2D SPACE',''
  ) );
#10098 = PCURVE('',#8484,#10099);
#10099 = DEFINITIONAL_REPRESENTATION('',(#10100),#10104);
#10100 = LINE('',#10101,#10102);
#10101 = CARTESIAN_POINT('',(0.,0.));
#10102 = VECTOR('',#10103,1.);
#10103 = DIRECTION('',(0.,1.));
#10104 = ( GEOMETRIC_REPRESENTATION_CONTEXT(2) 
PARAMETRIC_REPRESENTATION_CONTEXT() REPRESENTATION_CONTEXT('2D SPACE',''
  ) );
#10105 = ORIENTED_EDGE('',*,*,#10106,.F.);
#10106 = EDGE_CURVE('',#8692,#10084,#10107,.T.);
#10107 = SURFACE_CURVE('',#10108,(#10112,#10119),.PCURVE_S1.);
#10108 = LINE('',#10109,#10110);
#10109 = CARTESIAN_POINT('',(162.,74.566010661909,125.));
#10110 = VECTOR('',#10111,1.);
#10111 = DIRECTION('',(0.,1.,0.));
#10112 = PCURVE('',#2159,#10113);
#10113 = DEFINITIONAL_REPRESENTATION('',(#10114),#10118);
#10114 = LINE('',#10115,#10116);
#10115 = CARTESIAN_POINT('',(382.,124.5660106619));
#10116 = VECTOR('',#10117,1.);
#10117 = DIRECTION('',(0.,1.));
#10118 = ( GEOMETRIC_REPRESENTATION_CONTEXT(2) 
PARAMETRIC_REPRESENTATION_CONTEXT() REPRESENTATION_CONTEXT('2D SPACE',''
  ) );
#10119 = PCURVE('',#8706,#10120);
#10120 = DEFINITIONAL_REPRESENTATION('',(#10121),#10124);
#10121 = B_SPLINE_CURVE_WITH_KNOTS('',1,(#10122,#10123),.UNSPECIFIED.,
  .F.,.F.,(2,2),(-69.17634586862,261.50308108701),
  .PIECEWISE_BEZIER_KNOTS.);
#10122 = CARTESIAN_POINT('',(-193.7423565305,-42.81425665813));
#10123 = CARTESIAN_POINT('',(136.9370704251,-42.81425665813));
#10124 = ( GEOMETRIC_REPRESENTATION_CONTEXT(2) 
PARAMETRIC_REPRESENTATION_CONTEXT() REPRESENTATION_CONTEXT('2D SPACE',''
  ) );
#10125 = ORIENTED_EDGE('',*,*,#8717,.F.);
#10126 = ORIENTED_EDGE('',*,*,#10127,.F.);
#10127 = EDGE_CURVE('',#8422,#8718,#10128,.T.);
#10128 = SURFACE_CURVE('',#10129,(#10133,#10140),.PCURVE_S1.);
#10129 = LINE('',#10130,#10131);
#10130 = CARTESIAN_POINT('',(-110.,163.38093582634,125.));
#10131 = VECTOR('',#10132,1.);
#10132 = DIRECTION('',(1.,0.,-0.));
#10133 = PCURVE('',#2159,#10134);
#10134 = DEFINITIONAL_REPRESENTATION('',(#10135),#10139);
#10135 = LINE('',#10136,#10137);
#10136 = CARTESIAN_POINT('',(110.,213.38093582634));
#10137 = VECTOR('',#10138,1.);
#10138 = DIRECTION('',(1.,0.));
#10139 = ( GEOMETRIC_REPRESENTATION_CONTEXT(2) 
PARAMETRIC_REPRESENTATION_CONTEXT() REPRESENTATION_CONTEXT('2D SPACE',''
  ) );
#10140 = PCURVE('',#8436,#10141);
#10141 = DEFINITIONAL_REPRESENTATION('',(#10142),#10145);
#10142 = B_SPLINE_CURVE_WITH_KNOTS('',1,(#10143,#10144),.UNSPECIFIED.,
  .F.,.F.,(2,2),(-48.,268.),.PIECEWISE_BEZIER_KNOTS.);
#10143 = CARTESIAN_POINT('',(218.80381544336,-158.));
#10144 = CARTESIAN_POINT('',(218.80381544336,158.));
#10145 = ( GEOMETRIC_REPRESENTATION_CONTEXT(2) 
PARAMETRIC_REPRESENTATION_CONTEXT() REPRESENTATION_CONTEXT('2D SPACE',''
  ) );
#10146 = FACE_BOUND('',#10147,.F.);
#10147 = EDGE_LOOP('',(#10148));
#10148 = ORIENTED_EDGE('',*,*,#10149,.F.);
#10149 = EDGE_CURVE('',#10150,#10150,#10152,.T.);
#10150 = VERTEX_POINT('',#10151);
#10151 = CARTESIAN_POINT('',(164.1,173.81391404175,125.));
#10152 = SURFACE_CURVE('',#10153,(#10158,#10165),.PCURVE_S1.);
#10153 = CIRCLE('',#10154,2.1);
#10154 = AXIS2_PLACEMENT_3D('',#10155,#10156,#10157);
#10155 = CARTESIAN_POINT('',(162.,173.81391404175,125.));
#10156 = DIRECTION('',(0.,0.,1.));
#10157 = DIRECTION('',(1.,0.,-0.));
#10158 = PCURVE('',#2159,#10159);
#10159 = DEFINITIONAL_REPRESENTATION('',(#10160),#10164);
#10160 = CIRCLE('',#10161,2.1);
#10161 = AXIS2_PLACEMENT_2D('',#10162,#10163);
#10162 = CARTESIAN_POINT('',(382.,223.81391404175));
#10163 = DIRECTION('',(1.,0.));
#10164 = ( GEOMETRIC_REPRESENTATION_CONTEXT(2) 
PARAMETRIC_REPRESENTATION_CONTEXT() REPRESENTATION_CONTEXT('2D SPACE',''
  ) );
#10165 = PCURVE('',#10166,#10171);
#10166 = CYLINDRICAL_SURFACE('',#10167,2.1);
#10167 = AXIS2_PLACEMENT_3D('',#10168,#10169,#10170);
#10168 = CARTESIAN_POINT('',(162.,173.81391404175,125.));
#10169 = DIRECTION('',(0.,0.,1.));
#10170 = DIRECTION('',(1.,0.,-0.));
#10171 = DEFINITIONAL_REPRESENTATION('',(#10172),#10176);
#10172 = LINE('',#10173,#10174);
#10173 = CARTESIAN_POINT('',(0.,0.));
#10174 = VECTOR('',#10175,1.);
#10175 = DIRECTION('',(1.,0.));
#10176 = ( GEOMETRIC_REPRESENTATION_CONTEXT(2) 
PARAMETRIC_REPRESENTATION_CONTEXT() REPRESENTATION_CONTEXT('2D SPACE',''
  ) );
#10177 = FACE_BOUND('',#10178,.F.);
#10178 = EDGE_LOOP('',(#10179));
#10179 = ORIENTED_EDGE('',*,*,#10180,.F.);
#10180 = EDGE_CURVE('',#10181,#10181,#10183,.T.);
#10181 = VERTEX_POINT('',#10182);
#10182 = CARTESIAN_POINT('',(-158.4,250.,125.));
#10183 = SURFACE_CURVE('',#10184,(#10189,#10196),.PCURVE_S1.);
#10184 = CIRCLE('',#10185,2.1);
#10185 = AXIS2_PLACEMENT_3D('',#10186,#10187,#10188);
#10186 = CARTESIAN_POINT('',(-160.5,250.,125.));
#10187 = DIRECTION('',(0.,0.,1.));
#10188 = DIRECTION('',(1.,0.,-0.));
#10189 = PCURVE('',#2159,#10190);
#10190 = DEFINITIONAL_REPRESENTATION('',(#10191),#10195);
#10191 = CIRCLE('',#10192,2.1);
#10192 = AXIS2_PLACEMENT_2D('',#10193,#10194);
#10193 = CARTESIAN_POINT('',(59.5,300.));
#10194 = DIRECTION('',(1.,0.));
#10195 = ( GEOMETRIC_REPRESENTATION_CONTEXT(2) 
PARAMETRIC_REPRESENTATION_CONTEXT() REPRESENTATION_CONTEXT('2D SPACE',''
  ) );
#10196 = PCURVE('',#10197,#10202);
#10197 = CYLINDRICAL_SURFACE('',#10198,2.1);
#10198 = AXIS2_PLACEMENT_3D('',#10199,#10200,#10201);
#10199 = CARTESIAN_POINT('',(-160.5,250.,125.));
#10200 = DIRECTION('',(0.,0.,1.));
#10201 = DIRECTION('',(1.,0.,-0.));
#10202 = DEFINITIONAL_REPRESENTATION('',(#10203),#10207);
#10203 = LINE('',#10204,#10205);
#10204 = CARTESIAN_POINT('',(0.,0.));
#10205 = VECTOR('',#10206,1.);
#10206 = DIRECTION('',(1.,0.));
#10207 = ( GEOMETRIC_REPRESENTATION_CONTEXT(2) 
PARAMETRIC_REPRESENTATION_CONTEXT() REPRESENTATION_CONTEXT('2D SPACE',''
  ) );
#10208 = FACE_BOUND('',#10209,.F.);
#10209 = EDGE_LOOP('',(#10210,#10211,#10212,#10235,#10256,#10257,#10280,
    #10308,#10329,#10330,#10358,#10385,#10413,#10441,#10469,#10491,
    #10519,#10547,#10575,#10597,#10623,#10624,#10647,#10675,#10696,
    #10697,#10720,#10741,#10742,#10743));
#10210 = ORIENTED_EDGE('',*,*,#4220,.F.);
#10211 = ORIENTED_EDGE('',*,*,#4350,.T.);
#10212 = ORIENTED_EDGE('',*,*,#10213,.T.);
#10213 = EDGE_CURVE('',#4351,#10214,#10216,.T.);
#10214 = VERTEX_POINT('',#10215);
#10215 = CARTESIAN_POINT('',(-155.,180.81391404175,125.));
#10216 = SURFACE_CURVE('',#10217,(#10221,#10228),.PCURVE_S1.);
#10217 = LINE('',#10218,#10219);
#10218 = CARTESIAN_POINT('',(-155.,166.81391404175,125.));
#10219 = VECTOR('',#10220,1.);
#10220 = DIRECTION('',(-0.,1.,0.));
#10221 = PCURVE('',#2159,#10222);
#10222 = DEFINITIONAL_REPRESENTATION('',(#10223),#10227);
#10223 = LINE('',#10224,#10225);
#10224 = CARTESIAN_POINT('',(65.,216.81391404175));
#10225 = VECTOR('',#10226,1.);
#10226 = DIRECTION('',(0.,1.));
#10227 = ( GEOMETRIC_REPRESENTATION_CONTEXT(2) 
PARAMETRIC_REPRESENTATION_CONTEXT() REPRESENTATION_CONTEXT('2D SPACE',''
  ) );
#10228 = PCURVE('',#4387,#10229);
#10229 = DEFINITIONAL_REPRESENTATION('',(#10230),#10234);
#10230 = LINE('',#10231,#10232);
#10231 = CARTESIAN_POINT('',(0.,0.));
#10232 = VECTOR('',#10233,1.);
#10233 = DIRECTION('',(0.,-1.));
#10234 = ( GEOMETRIC_REPRESENTATION_CONTEXT(2) 
PARAMETRIC_REPRESENTATION_CONTEXT() REPRESENTATION_CONTEXT('2D SPACE',''
  ) );
#10235 = ORIENTED_EDGE('',*,*,#10236,.F.);
#10236 = EDGE_CURVE('',#5205,#10214,#10237,.T.);
#10237 = SURFACE_CURVE('',#10238,(#10242,#10249),.PCURVE_S1.);
#10238 = LINE('',#10239,#10240);
#10239 = CARTESIAN_POINT('',(-169.,180.81391404175,125.));
#10240 = VECTOR('',#10241,1.);
#10241 = DIRECTION('',(1.,0.,-0.));
#10242 = PCURVE('',#2159,#10243);
#10243 = DEFINITIONAL_REPRESENTATION('',(#10244),#10248);
#10244 = LINE('',#10245,#10246);
#10245 = CARTESIAN_POINT('',(51.,230.81391404175));
#10246 = VECTOR('',#10247,1.);
#10247 = DIRECTION('',(1.,0.));
#10248 = ( GEOMETRIC_REPRESENTATION_CONTEXT(2) 
PARAMETRIC_REPRESENTATION_CONTEXT() REPRESENTATION_CONTEXT('2D SPACE',''
  ) );
#10249 = PCURVE('',#5219,#10250);
#10250 = DEFINITIONAL_REPRESENTATION('',(#10251),#10255);
#10251 = LINE('',#10252,#10253);
#10252 = CARTESIAN_POINT('',(0.,0.));
#10253 = VECTOR('',#10254,1.);
#10254 = DIRECTION('',(0.,1.));
#10255 = ( GEOMETRIC_REPRESENTATION_CONTEXT(2) 
PARAMETRIC_REPRESENTATION_CONTEXT() REPRESENTATION_CONTEXT('2D SPACE',''
  ) );
#10256 = ORIENTED_EDGE('',*,*,#5230,.T.);
#10257 = ORIENTED_EDGE('',*,*,#10258,.T.);
#10258 = EDGE_CURVE('',#5231,#10259,#10261,.T.);
#10259 = VERTEX_POINT('',#10260);
#10260 = CARTESIAN_POINT('',(-153.5,243.,125.));
#10261 = SURFACE_CURVE('',#10262,(#10266,#10273),.PCURVE_S1.);
#10262 = LINE('',#10263,#10264);
#10263 = CARTESIAN_POINT('',(-167.5,243.,125.));
#10264 = VECTOR('',#10265,1.);
#10265 = DIRECTION('',(1.,0.,-0.));
#10266 = PCURVE('',#2159,#10267);
#10267 = DEFINITIONAL_REPRESENTATION('',(#10268),#10272);
#10268 = LINE('',#10269,#10270);
#10269 = CARTESIAN_POINT('',(52.5,293.));
#10270 = VECTOR('',#10271,1.);
#10271 = DIRECTION('',(1.,0.));
#10272 = ( GEOMETRIC_REPRESENTATION_CONTEXT(2) 
PARAMETRIC_REPRESENTATION_CONTEXT() REPRESENTATION_CONTEXT('2D SPACE',''
  ) );
#10273 = PCURVE('',#5267,#10274);
#10274 = DEFINITIONAL_REPRESENTATION('',(#10275),#10279);
#10275 = LINE('',#10276,#10277);
#10276 = CARTESIAN_POINT('',(0.,0.));
#10277 = VECTOR('',#10278,1.);
#10278 = DIRECTION('',(0.,1.));
#10279 = ( GEOMETRIC_REPRESENTATION_CONTEXT(2) 
PARAMETRIC_REPRESENTATION_CONTEXT() REPRESENTATION_CONTEXT('2D SPACE',''
  ) );
#10280 = ORIENTED_EDGE('',*,*,#10281,.T.);
#10281 = EDGE_CURVE('',#10259,#10282,#10284,.T.);
#10282 = VERTEX_POINT('',#10283);
#10283 = CARTESIAN_POINT('',(-153.5,257.,125.));
#10284 = SURFACE_CURVE('',#10285,(#10289,#10296),.PCURVE_S1.);
#10285 = LINE('',#10286,#10287);
#10286 = CARTESIAN_POINT('',(-153.5,243.,125.));
#10287 = VECTOR('',#10288,1.);
#10288 = DIRECTION('',(-0.,1.,0.));
#10289 = PCURVE('',#2159,#10290);
#10290 = DEFINITIONAL_REPRESENTATION('',(#10291),#10295);
#10291 = LINE('',#10292,#10293);
#10292 = CARTESIAN_POINT('',(66.5,293.));
#10293 = VECTOR('',#10294,1.);
#10294 = DIRECTION('',(0.,1.));
#10295 = ( GEOMETRIC_REPRESENTATION_CONTEXT(2) 
PARAMETRIC_REPRESENTATION_CONTEXT() REPRESENTATION_CONTEXT('2D SPACE',''
  ) );
#10296 = PCURVE('',#10297,#10302);
#10297 = PLANE('',#10298);
#10298 = AXIS2_PLACEMENT_3D('',#10299,#10300,#10301);
#10299 = CARTESIAN_POINT('',(-153.5,243.,125.));
#10300 = DIRECTION('',(1.,0.,-0.));
#10301 = DIRECTION('',(0.,0.,1.));
#10302 = DEFINITIONAL_REPRESENTATION('',(#10303),#10307);
#10303 = LINE('',#10304,#10305);
#10304 = CARTESIAN_POINT('',(0.,0.));
#10305 = VECTOR('',#10306,1.);
#10306 = DIRECTION('',(0.,-1.));
#10307 = ( GEOMETRIC_REPRESENTATION_CONTEXT(2) 
PARAMETRIC_REPRESENTATION_CONTEXT() REPRESENTATION_CONTEXT('2D SPACE',''
  ) );
#10308 = ORIENTED_EDGE('',*,*,#10309,.F.);
#10309 = EDGE_CURVE('',#4747,#10282,#10310,.T.);
#10310 = SURFACE_CURVE('',#10311,(#10315,#10322),.PCURVE_S1.);
#10311 = LINE('',#10312,#10313);
#10312 = CARTESIAN_POINT('',(-167.5,257.,125.));
#10313 = VECTOR('',#10314,1.);
#10314 = DIRECTION('',(1.,0.,-0.));
#10315 = PCURVE('',#2159,#10316);
#10316 = DEFINITIONAL_REPRESENTATION('',(#10317),#10321);
#10317 = LINE('',#10318,#10319);
#10318 = CARTESIAN_POINT('',(52.5,307.));
#10319 = VECTOR('',#10320,1.);
#10320 = DIRECTION('',(1.,0.));
#10321 = ( GEOMETRIC_REPRESENTATION_CONTEXT(2) 
PARAMETRIC_REPRESENTATION_CONTEXT() REPRESENTATION_CONTEXT('2D SPACE',''
  ) );
#10322 = PCURVE('',#4763,#10323);
#10323 = DEFINITIONAL_REPRESENTATION('',(#10324),#10328);
#10324 = LINE('',#10325,#10326);
#10325 = CARTESIAN_POINT('',(0.,0.));
#10326 = VECTOR('',#10327,1.);
#10327 = DIRECTION('',(0.,1.));
#10328 = ( GEOMETRIC_REPRESENTATION_CONTEXT(2) 
PARAMETRIC_REPRESENTATION_CONTEXT() REPRESENTATION_CONTEXT('2D SPACE',''
  ) );
#10329 = ORIENTED_EDGE('',*,*,#4774,.T.);
#10330 = ORIENTED_EDGE('',*,*,#10331,.F.);
#10331 = EDGE_CURVE('',#10332,#4775,#10334,.T.);
#10332 = VERTEX_POINT('',#10333);
#10333 = CARTESIAN_POINT('',(-158.,309.89763336483,125.));
#10334 = SURFACE_CURVE('',#10335,(#10340,#10347),.PCURVE_S1.);
#10335 = ELLIPSE('',#10336,34.609341370463,9.);
#10336 = AXIS2_PLACEMENT_3D('',#10337,#10338,#10339);
#10337 = CARTESIAN_POINT('',(-158.,275.28829199437,125.));
#10338 = DIRECTION('',(0.,0.,1.));
#10339 = DIRECTION('',(0.,-1.,0.));
#10340 = PCURVE('',#2159,#10341);
#10341 = DEFINITIONAL_REPRESENTATION('',(#10342),#10346);
#10342 = ELLIPSE('',#10343,34.609341370463,9.);
#10343 = AXIS2_PLACEMENT_2D('',#10344,#10345);
#10344 = CARTESIAN_POINT('',(62.,325.28829199437));
#10345 = DIRECTION('',(0.,-1.));
#10346 = ( GEOMETRIC_REPRESENTATION_CONTEXT(2) 
PARAMETRIC_REPRESENTATION_CONTEXT() REPRESENTATION_CONTEXT('2D SPACE',''
  ) );
#10347 = PCURVE('',#4811,#10348);
#10348 = DEFINITIONAL_REPRESENTATION('',(#10349),#10357);
#10349 = B_SPLINE_CURVE_WITH_KNOTS('',6,(#10350,#10351,#10352,#10353,
    #10354,#10355,#10356),.UNSPECIFIED.,.F.,.F.,(7,7),(3.14159265359,
    3.602146645271),.PIECEWISE_BEZIER_KNOTS.);
#10350 = CARTESIAN_POINT('',(-1.570796326795,11.208995314658));
#10351 = CARTESIAN_POINT('',(-1.494037328181,11.208995314658));
#10352 = CARTESIAN_POINT('',(-1.417278329568,11.445276287779));
#10353 = CARTESIAN_POINT('',(-1.340519330954,11.917838479932));
#10354 = CARTESIAN_POINT('',(-1.263760332341,12.622504609211));
#10355 = CARTESIAN_POINT('',(-1.187001333727,13.55092363617));
#10356 = CARTESIAN_POINT('',(-1.110242335114,14.691004748215));
#10357 = ( GEOMETRIC_REPRESENTATION_CONTEXT(2) 
PARAMETRIC_REPRESENTATION_CONTEXT() REPRESENTATION_CONTEXT('2D SPACE',''
  ) );
#10358 = ORIENTED_EDGE('',*,*,#10359,.F.);
#10359 = EDGE_CURVE('',#10360,#10332,#10362,.T.);
#10360 = VERTEX_POINT('',#10361);
#10361 = CARTESIAN_POINT('',(-152.,309.89763336483,125.));
#10362 = SURFACE_CURVE('',#10363,(#10367,#10374),.PCURVE_S1.);
#10363 = LINE('',#10364,#10365);
#10364 = CARTESIAN_POINT('',(-110.,309.89763336483,125.));
#10365 = VECTOR('',#10366,1.);
#10366 = DIRECTION('',(-1.,-0.,0.));
#10367 = PCURVE('',#2159,#10368);
#10368 = DEFINITIONAL_REPRESENTATION('',(#10369),#10373);
#10369 = LINE('',#10370,#10371);
#10370 = CARTESIAN_POINT('',(110.,359.89763336483));
#10371 = VECTOR('',#10372,1.);
#10372 = DIRECTION('',(-1.,0.));
#10373 = ( GEOMETRIC_REPRESENTATION_CONTEXT(2) 
PARAMETRIC_REPRESENTATION_CONTEXT() REPRESENTATION_CONTEXT('2D SPACE',''
  ) );
#10374 = PCURVE('',#10375,#10380);
#10375 = PLANE('',#10376);
#10376 = AXIS2_PLACEMENT_3D('',#10377,#10378,#10379);
#10377 = CARTESIAN_POINT('',(0.,320.72099878702,122.08515233641));
#10378 = DIRECTION('',(-0.,0.26004539941,0.965596390966));
#10379 = DIRECTION('',(0.,-0.965596390966,0.26004539941));
#10380 = DEFINITIONAL_REPRESENTATION('',(#10381),#10384);
#10381 = B_SPLINE_CURVE_WITH_KNOTS('',1,(#10382,#10383),.UNSPECIFIED.,
  .F.,.F.,(2,2),(-268.,48.),.PIECEWISE_BEZIER_KNOTS.);
#10382 = CARTESIAN_POINT('',(11.208995314658,158.));
#10383 = CARTESIAN_POINT('',(11.208995314658,-158.));
#10384 = ( GEOMETRIC_REPRESENTATION_CONTEXT(2) 
PARAMETRIC_REPRESENTATION_CONTEXT() REPRESENTATION_CONTEXT('2D SPACE',''
  ) );
#10385 = ORIENTED_EDGE('',*,*,#10386,.F.);
#10386 = EDGE_CURVE('',#10387,#10360,#10389,.T.);
#10387 = VERTEX_POINT('',#10388);
#10388 = CARTESIAN_POINT('',(-152.,300.93408048832,125.));
#10389 = SURFACE_CURVE('',#10390,(#10394,#10401),.PCURVE_S1.);
#10390 = LINE('',#10391,#10392);
#10391 = CARTESIAN_POINT('',(-152.,300.93408048832,125.));
#10392 = VECTOR('',#10393,1.);
#10393 = DIRECTION('',(-0.,1.,0.));
#10394 = PCURVE('',#2159,#10395);
#10395 = DEFINITIONAL_REPRESENTATION('',(#10396),#10400);
#10396 = LINE('',#10397,#10398);
#10397 = CARTESIAN_POINT('',(68.,350.93408048832));
#10398 = VECTOR('',#10399,1.);
#10399 = DIRECTION('',(0.,1.));
#10400 = ( GEOMETRIC_REPRESENTATION_CONTEXT(2) 
PARAMETRIC_REPRESENTATION_CONTEXT() REPRESENTATION_CONTEXT('2D SPACE',''
  ) );
#10401 = PCURVE('',#10402,#10407);
#10402 = PLANE('',#10403);
#10403 = AXIS2_PLACEMENT_3D('',#10404,#10405,#10406);
#10404 = CARTESIAN_POINT('',(-152.,300.93408048832,125.));
#10405 = DIRECTION('',(1.,0.,-0.));
#10406 = DIRECTION('',(0.,0.,1.));
#10407 = DEFINITIONAL_REPRESENTATION('',(#10408),#10412);
#10408 = LINE('',#10409,#10410);
#10409 = CARTESIAN_POINT('',(0.,0.));
#10410 = VECTOR('',#10411,1.);
#10411 = DIRECTION('',(0.,-1.));
#10412 = ( GEOMETRIC_REPRESENTATION_CONTEXT(2) 
PARAMETRIC_REPRESENTATION_CONTEXT() REPRESENTATION_CONTEXT('2D SPACE',''
  ) );
#10413 = ORIENTED_EDGE('',*,*,#10414,.T.);
#10414 = EDGE_CURVE('',#10387,#10415,#10417,.T.);
#10415 = VERTEX_POINT('',#10416);
#10416 = CARTESIAN_POINT('',(-138.,300.93408048832,125.));
#10417 = SURFACE_CURVE('',#10418,(#10422,#10429),.PCURVE_S1.);
#10418 = LINE('',#10419,#10420);
#10419 = CARTESIAN_POINT('',(-152.,300.93408048832,125.));
#10420 = VECTOR('',#10421,1.);
#10421 = DIRECTION('',(1.,0.,-0.));
#10422 = PCURVE('',#2159,#10423);
#10423 = DEFINITIONAL_REPRESENTATION('',(#10424),#10428);
#10424 = LINE('',#10425,#10426);
#10425 = CARTESIAN_POINT('',(68.,350.93408048832));
#10426 = VECTOR('',#10427,1.);
#10427 = DIRECTION('',(1.,0.));
#10428 = ( GEOMETRIC_REPRESENTATION_CONTEXT(2) 
PARAMETRIC_REPRESENTATION_CONTEXT() REPRESENTATION_CONTEXT('2D SPACE',''
  ) );
#10429 = PCURVE('',#10430,#10435);
#10430 = PLANE('',#10431);
#10431 = AXIS2_PLACEMENT_3D('',#10432,#10433,#10434);
#10432 = CARTESIAN_POINT('',(-152.,300.93408048832,125.));
#10433 = DIRECTION('',(-0.,1.,0.));
#10434 = DIRECTION('',(0.,0.,1.));
#10435 = DEFINITIONAL_REPRESENTATION('',(#10436),#10440);
#10436 = LINE('',#10437,#10438);
#10437 = CARTESIAN_POINT('',(0.,0.));
#10438 = VECTOR('',#10439,1.);
#10439 = DIRECTION('',(0.,1.));
#10440 = ( GEOMETRIC_REPRESENTATION_CONTEXT(2) 
PARAMETRIC_REPRESENTATION_CONTEXT() REPRESENTATION_CONTEXT('2D SPACE',''
  ) );
#10441 = ORIENTED_EDGE('',*,*,#10442,.T.);
#10442 = EDGE_CURVE('',#10415,#10443,#10445,.T.);
#10443 = VERTEX_POINT('',#10444);
#10444 = CARTESIAN_POINT('',(-138.,309.89763336483,125.));
#10445 = SURFACE_CURVE('',#10446,(#10450,#10457),.PCURVE_S1.);
#10446 = LINE('',#10447,#10448);
#10447 = CARTESIAN_POINT('',(-138.,300.93408048832,125.));
#10448 = VECTOR('',#10449,1.);
#10449 = DIRECTION('',(-0.,1.,0.));
#10450 = PCURVE('',#2159,#10451);
#10451 = DEFINITIONAL_REPRESENTATION('',(#10452),#10456);
#10452 = LINE('',#10453,#10454);
#10453 = CARTESIAN_POINT('',(82.,350.93408048832));
#10454 = VECTOR('',#10455,1.);
#10455 = DIRECTION('',(0.,1.));
#10456 = ( GEOMETRIC_REPRESENTATION_CONTEXT(2) 
PARAMETRIC_REPRESENTATION_CONTEXT() REPRESENTATION_CONTEXT('2D SPACE',''
  ) );
#10457 = PCURVE('',#10458,#10463);
#10458 = PLANE('',#10459);
#10459 = AXIS2_PLACEMENT_3D('',#10460,#10461,#10462);
#10460 = CARTESIAN_POINT('',(-138.,300.93408048832,125.));
#10461 = DIRECTION('',(1.,0.,-0.));
#10462 = DIRECTION('',(0.,0.,1.));
#10463 = DEFINITIONAL_REPRESENTATION('',(#10464),#10468);
#10464 = LINE('',#10465,#10466);
#10465 = CARTESIAN_POINT('',(0.,0.));
#10466 = VECTOR('',#10467,1.);
#10467 = DIRECTION('',(0.,-1.));
#10468 = ( GEOMETRIC_REPRESENTATION_CONTEXT(2) 
PARAMETRIC_REPRESENTATION_CONTEXT() REPRESENTATION_CONTEXT('2D SPACE',''
  ) );
#10469 = ORIENTED_EDGE('',*,*,#10470,.F.);
#10470 = EDGE_CURVE('',#10471,#10443,#10473,.T.);
#10471 = VERTEX_POINT('',#10472);
#10472 = CARTESIAN_POINT('',(138.,309.89763336483,125.));
#10473 = SURFACE_CURVE('',#10474,(#10478,#10485),.PCURVE_S1.);
#10474 = LINE('',#10475,#10476);
#10475 = CARTESIAN_POINT('',(-110.,309.89763336483,125.));
#10476 = VECTOR('',#10477,1.);
#10477 = DIRECTION('',(-1.,-0.,0.));
#10478 = PCURVE('',#2159,#10479);
#10479 = DEFINITIONAL_REPRESENTATION('',(#10480),#10484);
#10480 = LINE('',#10481,#10482);
#10481 = CARTESIAN_POINT('',(110.,359.89763336483));
#10482 = VECTOR('',#10483,1.);
#10483 = DIRECTION('',(-1.,0.));
#10484 = ( GEOMETRIC_REPRESENTATION_CONTEXT(2) 
PARAMETRIC_REPRESENTATION_CONTEXT() REPRESENTATION_CONTEXT('2D SPACE',''
  ) );
#10485 = PCURVE('',#10375,#10486);
#10486 = DEFINITIONAL_REPRESENTATION('',(#10487),#10490);
#10487 = B_SPLINE_CURVE_WITH_KNOTS('',1,(#10488,#10489),.UNSPECIFIED.,
  .F.,.F.,(2,2),(-268.,48.),.PIECEWISE_BEZIER_KNOTS.);
#10488 = CARTESIAN_POINT('',(11.208995314658,158.));
#10489 = CARTESIAN_POINT('',(11.208995314658,-158.));
#10490 = ( GEOMETRIC_REPRESENTATION_CONTEXT(2) 
PARAMETRIC_REPRESENTATION_CONTEXT() REPRESENTATION_CONTEXT('2D SPACE',''
  ) );
#10491 = ORIENTED_EDGE('',*,*,#10492,.F.);
#10492 = EDGE_CURVE('',#10493,#10471,#10495,.T.);
#10493 = VERTEX_POINT('',#10494);
#10494 = CARTESIAN_POINT('',(138.,300.93408048832,125.));
#10495 = SURFACE_CURVE('',#10496,(#10500,#10507),.PCURVE_S1.);
#10496 = LINE('',#10497,#10498);
#10497 = CARTESIAN_POINT('',(138.,300.93408048832,125.));
#10498 = VECTOR('',#10499,1.);
#10499 = DIRECTION('',(-0.,1.,0.));
#10500 = PCURVE('',#2159,#10501);
#10501 = DEFINITIONAL_REPRESENTATION('',(#10502),#10506);
#10502 = LINE('',#10503,#10504);
#10503 = CARTESIAN_POINT('',(358.,350.93408048832));
#10504 = VECTOR('',#10505,1.);
#10505 = DIRECTION('',(0.,1.));
#10506 = ( GEOMETRIC_REPRESENTATION_CONTEXT(2) 
PARAMETRIC_REPRESENTATION_CONTEXT() REPRESENTATION_CONTEXT('2D SPACE',''
  ) );
#10507 = PCURVE('',#10508,#10513);
#10508 = PLANE('',#10509);
#10509 = AXIS2_PLACEMENT_3D('',#10510,#10511,#10512);
#10510 = CARTESIAN_POINT('',(138.,300.93408048832,125.));
#10511 = DIRECTION('',(1.,0.,-0.));
#10512 = DIRECTION('',(0.,0.,1.));
#10513 = DEFINITIONAL_REPRESENTATION('',(#10514),#10518);
#10514 = LINE('',#10515,#10516);
#10515 = CARTESIAN_POINT('',(0.,0.));
#10516 = VECTOR('',#10517,1.);
#10517 = DIRECTION('',(0.,-1.));
#10518 = ( GEOMETRIC_REPRESENTATION_CONTEXT(2) 
PARAMETRIC_REPRESENTATION_CONTEXT() REPRESENTATION_CONTEXT('2D SPACE',''
  ) );
#10519 = ORIENTED_EDGE('',*,*,#10520,.T.);
#10520 = EDGE_CURVE('',#10493,#10521,#10523,.T.);
#10521 = VERTEX_POINT('',#10522);
#10522 = CARTESIAN_POINT('',(152.,300.93408048832,125.));
#10523 = SURFACE_CURVE('',#10524,(#10528,#10535),.PCURVE_S1.);
#10524 = LINE('',#10525,#10526);
#10525 = CARTESIAN_POINT('',(138.,300.93408048832,125.));
#10526 = VECTOR('',#10527,1.);
#10527 = DIRECTION('',(1.,0.,-0.));
#10528 = PCURVE('',#2159,#10529);
#10529 = DEFINITIONAL_REPRESENTATION('',(#10530),#10534);
#10530 = LINE('',#10531,#10532);
#10531 = CARTESIAN_POINT('',(358.,350.93408048832));
#10532 = VECTOR('',#10533,1.);
#10533 = DIRECTION('',(1.,0.));
#10534 = ( GEOMETRIC_REPRESENTATION_CONTEXT(2) 
PARAMETRIC_REPRESENTATION_CONTEXT() REPRESENTATION_CONTEXT('2D SPACE',''
  ) );
#10535 = PCURVE('',#10536,#10541);
#10536 = PLANE('',#10537);
#10537 = AXIS2_PLACEMENT_3D('',#10538,#10539,#10540);
#10538 = CARTESIAN_POINT('',(138.,300.93408048832,125.));
#10539 = DIRECTION('',(-0.,1.,0.));
#10540 = DIRECTION('',(0.,0.,1.));
#10541 = DEFINITIONAL_REPRESENTATION('',(#10542),#10546);
#10542 = LINE('',#10543,#10544);
#10543 = CARTESIAN_POINT('',(0.,0.));
#10544 = VECTOR('',#10545,1.);
#10545 = DIRECTION('',(0.,1.));
#10546 = ( GEOMETRIC_REPRESENTATION_CONTEXT(2) 
PARAMETRIC_REPRESENTATION_CONTEXT() REPRESENTATION_CONTEXT('2D SPACE',''
  ) );
#10547 = ORIENTED_EDGE('',*,*,#10548,.T.);
#10548 = EDGE_CURVE('',#10521,#10549,#10551,.T.);
#10549 = VERTEX_POINT('',#10550);
#10550 = CARTESIAN_POINT('',(152.,309.89763336483,125.));
#10551 = SURFACE_CURVE('',#10552,(#10556,#10563),.PCURVE_S1.);
#10552 = LINE('',#10553,#10554);
#10553 = CARTESIAN_POINT('',(152.,300.93408048832,125.));
#10554 = VECTOR('',#10555,1.);
#10555 = DIRECTION('',(-0.,1.,0.));
#10556 = PCURVE('',#2159,#10557);
#10557 = DEFINITIONAL_REPRESENTATION('',(#10558),#10562);
#10558 = LINE('',#10559,#10560);
#10559 = CARTESIAN_POINT('',(372.,350.93408048832));
#10560 = VECTOR('',#10561,1.);
#10561 = DIRECTION('',(0.,1.));
#10562 = ( GEOMETRIC_REPRESENTATION_CONTEXT(2) 
PARAMETRIC_REPRESENTATION_CONTEXT() REPRESENTATION_CONTEXT('2D SPACE',''
  ) );
#10563 = PCURVE('',#10564,#10569);
#10564 = PLANE('',#10565);
#10565 = AXIS2_PLACEMENT_3D('',#10566,#10567,#10568);
#10566 = CARTESIAN_POINT('',(152.,300.93408048832,125.));
#10567 = DIRECTION('',(1.,0.,-0.));
#10568 = DIRECTION('',(0.,0.,1.));
#10569 = DEFINITIONAL_REPRESENTATION('',(#10570),#10574);
#10570 = LINE('',#10571,#10572);
#10571 = CARTESIAN_POINT('',(0.,0.));
#10572 = VECTOR('',#10573,1.);
#10573 = DIRECTION('',(0.,-1.));
#10574 = ( GEOMETRIC_REPRESENTATION_CONTEXT(2) 
PARAMETRIC_REPRESENTATION_CONTEXT() REPRESENTATION_CONTEXT('2D SPACE',''
  ) );
#10575 = ORIENTED_EDGE('',*,*,#10576,.F.);
#10576 = EDGE_CURVE('',#10577,#10549,#10579,.T.);
#10577 = VERTEX_POINT('',#10578);
#10578 = CARTESIAN_POINT('',(158.,309.89763336483,125.));
#10579 = SURFACE_CURVE('',#10580,(#10584,#10591),.PCURVE_S1.);
#10580 = LINE('',#10581,#10582);
#10581 = CARTESIAN_POINT('',(-110.,309.89763336483,125.));
#10582 = VECTOR('',#10583,1.);
#10583 = DIRECTION('',(-1.,-0.,0.));
#10584 = PCURVE('',#2159,#10585);
#10585 = DEFINITIONAL_REPRESENTATION('',(#10586),#10590);
#10586 = LINE('',#10587,#10588);
#10587 = CARTESIAN_POINT('',(110.,359.89763336483));
#10588 = VECTOR('',#10589,1.);
#10589 = DIRECTION('',(-1.,0.));
#10590 = ( GEOMETRIC_REPRESENTATION_CONTEXT(2) 
PARAMETRIC_REPRESENTATION_CONTEXT() REPRESENTATION_CONTEXT('2D SPACE',''
  ) );
#10591 = PCURVE('',#10375,#10592);
#10592 = DEFINITIONAL_REPRESENTATION('',(#10593),#10596);
#10593 = B_SPLINE_CURVE_WITH_KNOTS('',1,(#10594,#10595),.UNSPECIFIED.,
  .F.,.F.,(2,2),(-268.,48.),.PIECEWISE_BEZIER_KNOTS.);
#10594 = CARTESIAN_POINT('',(11.208995314658,158.));
#10595 = CARTESIAN_POINT('',(11.208995314658,-158.));
#10596 = ( GEOMETRIC_REPRESENTATION_CONTEXT(2) 
PARAMETRIC_REPRESENTATION_CONTEXT() REPRESENTATION_CONTEXT('2D SPACE',''
  ) );
#10597 = ORIENTED_EDGE('',*,*,#10598,.F.);
#10598 = EDGE_CURVE('',#6448,#10577,#10599,.T.);
#10599 = SURFACE_CURVE('',#10600,(#10605,#10612),.PCURVE_S1.);
#10600 = ELLIPSE('',#10601,34.609341370463,9.);
#10601 = AXIS2_PLACEMENT_3D('',#10602,#10603,#10604);
#10602 = CARTESIAN_POINT('',(158.,275.28829199437,125.));
#10603 = DIRECTION('',(0.,0.,1.));
#10604 = DIRECTION('',(0.,-1.,0.));
#10605 = PCURVE('',#2159,#10606);
#10606 = DEFINITIONAL_REPRESENTATION('',(#10607),#10611);
#10607 = ELLIPSE('',#10608,34.609341370463,9.);
#10608 = AXIS2_PLACEMENT_2D('',#10609,#10610);
#10609 = CARTESIAN_POINT('',(378.,325.28829199437));
#10610 = DIRECTION('',(0.,-1.));
#10611 = ( GEOMETRIC_REPRESENTATION_CONTEXT(2) 
PARAMETRIC_REPRESENTATION_CONTEXT() REPRESENTATION_CONTEXT('2D SPACE',''
  ) );
#10612 = PCURVE('',#6484,#10613);
#10613 = DEFINITIONAL_REPRESENTATION('',(#10614),#10622);
#10614 = B_SPLINE_CURVE_WITH_KNOTS('',6,(#10615,#10616,#10617,#10618,
    #10619,#10620,#10621),.UNSPECIFIED.,.F.,.F.,(7,7),(2.681038661908,
    3.14159265359),.PIECEWISE_BEZIER_KNOTS.);
#10615 = CARTESIAN_POINT('',(-0.460553991681,14.691004748215));
#10616 = CARTESIAN_POINT('',(-0.383794993068,13.55092363617));
#10617 = CARTESIAN_POINT('',(-0.307035994454,12.622504609211));
#10618 = CARTESIAN_POINT('',(-0.230276995841,11.917838479933));
#10619 = CARTESIAN_POINT('',(-0.153517997227,11.445276287779));
#10620 = CARTESIAN_POINT('',(-7.675899861355E-02,11.208995314658));
#10621 = CARTESIAN_POINT('',(0.,11.208995314658));
#10622 = ( GEOMETRIC_REPRESENTATION_CONTEXT(2) 
PARAMETRIC_REPRESENTATION_CONTEXT() REPRESENTATION_CONTEXT('2D SPACE',''
  ) );
#10623 = ORIENTED_EDGE('',*,*,#6447,.F.);
#10624 = ORIENTED_EDGE('',*,*,#10625,.F.);
#10625 = EDGE_CURVE('',#10626,#6420,#10628,.T.);
#10626 = VERTEX_POINT('',#10627);
#10627 = CARTESIAN_POINT('',(153.5,257.,125.));
#10628 = SURFACE_CURVE('',#10629,(#10633,#10640),.PCURVE_S1.);
#10629 = LINE('',#10630,#10631);
#10630 = CARTESIAN_POINT('',(153.5,257.,125.));
#10631 = VECTOR('',#10632,1.);
#10632 = DIRECTION('',(1.,0.,-0.));
#10633 = PCURVE('',#2159,#10634);
#10634 = DEFINITIONAL_REPRESENTATION('',(#10635),#10639);
#10635 = LINE('',#10636,#10637);
#10636 = CARTESIAN_POINT('',(373.5,307.));
#10637 = VECTOR('',#10638,1.);
#10638 = DIRECTION('',(1.,0.));
#10639 = ( GEOMETRIC_REPRESENTATION_CONTEXT(2) 
PARAMETRIC_REPRESENTATION_CONTEXT() REPRESENTATION_CONTEXT('2D SPACE',''
  ) );
#10640 = PCURVE('',#6436,#10641);
#10641 = DEFINITIONAL_REPRESENTATION('',(#10642),#10646);
#10642 = LINE('',#10643,#10644);
#10643 = CARTESIAN_POINT('',(0.,0.));
#10644 = VECTOR('',#10645,1.);
#10645 = DIRECTION('',(0.,1.));
#10646 = ( GEOMETRIC_REPRESENTATION_CONTEXT(2) 
PARAMETRIC_REPRESENTATION_CONTEXT() REPRESENTATION_CONTEXT('2D SPACE',''
  ) );
#10647 = ORIENTED_EDGE('',*,*,#10648,.F.);
#10648 = EDGE_CURVE('',#10649,#10626,#10651,.T.);
#10649 = VERTEX_POINT('',#10650);
#10650 = CARTESIAN_POINT('',(153.5,243.,125.));
#10651 = SURFACE_CURVE('',#10652,(#10656,#10663),.PCURVE_S1.);
#10652 = LINE('',#10653,#10654);
#10653 = CARTESIAN_POINT('',(153.5,243.,125.));
#10654 = VECTOR('',#10655,1.);
#10655 = DIRECTION('',(-0.,1.,0.));
#10656 = PCURVE('',#2159,#10657);
#10657 = DEFINITIONAL_REPRESENTATION('',(#10658),#10662);
#10658 = LINE('',#10659,#10660);
#10659 = CARTESIAN_POINT('',(373.5,293.));
#10660 = VECTOR('',#10661,1.);
#10661 = DIRECTION('',(0.,1.));
#10662 = ( GEOMETRIC_REPRESENTATION_CONTEXT(2) 
PARAMETRIC_REPRESENTATION_CONTEXT() REPRESENTATION_CONTEXT('2D SPACE',''
  ) );
#10663 = PCURVE('',#10664,#10669);
#10664 = PLANE('',#10665);
#10665 = AXIS2_PLACEMENT_3D('',#10666,#10667,#10668);
#10666 = CARTESIAN_POINT('',(153.5,243.,125.));
#10667 = DIRECTION('',(1.,0.,-0.));
#10668 = DIRECTION('',(0.,0.,1.));
#10669 = DEFINITIONAL_REPRESENTATION('',(#10670),#10674);
#10670 = LINE('',#10671,#10672);
#10671 = CARTESIAN_POINT('',(0.,0.));
#10672 = VECTOR('',#10673,1.);
#10673 = DIRECTION('',(0.,-1.));
#10674 = ( GEOMETRIC_REPRESENTATION_CONTEXT(2) 
PARAMETRIC_REPRESENTATION_CONTEXT() REPRESENTATION_CONTEXT('2D SPACE',''
  ) );
#10675 = ORIENTED_EDGE('',*,*,#10676,.T.);
#10676 = EDGE_CURVE('',#10649,#6904,#10677,.T.);
#10677 = SURFACE_CURVE('',#10678,(#10682,#10689),.PCURVE_S1.);
#10678 = LINE('',#10679,#10680);
#10679 = CARTESIAN_POINT('',(153.5,243.,125.));
#10680 = VECTOR('',#10681,1.);
#10681 = DIRECTION('',(1.,0.,-0.));
#10682 = PCURVE('',#2159,#10683);
#10683 = DEFINITIONAL_REPRESENTATION('',(#10684),#10688);
#10684 = LINE('',#10685,#10686);
#10685 = CARTESIAN_POINT('',(373.5,293.));
#10686 = VECTOR('',#10687,1.);
#10687 = DIRECTION('',(1.,0.));
#10688 = ( GEOMETRIC_REPRESENTATION_CONTEXT(2) 
PARAMETRIC_REPRESENTATION_CONTEXT() REPRESENTATION_CONTEXT('2D SPACE',''
  ) );
#10689 = PCURVE('',#6940,#10690);
#10690 = DEFINITIONAL_REPRESENTATION('',(#10691),#10695);
#10691 = LINE('',#10692,#10693);
#10692 = CARTESIAN_POINT('',(0.,0.));
#10693 = VECTOR('',#10694,1.);
#10694 = DIRECTION('',(0.,1.));
#10695 = ( GEOMETRIC_REPRESENTATION_CONTEXT(2) 
PARAMETRIC_REPRESENTATION_CONTEXT() REPRESENTATION_CONTEXT('2D SPACE',''
  ) );
#10696 = ORIENTED_EDGE('',*,*,#6903,.F.);
#10697 = ORIENTED_EDGE('',*,*,#10698,.F.);
#10698 = EDGE_CURVE('',#10699,#6878,#10701,.T.);
#10699 = VERTEX_POINT('',#10700);
#10700 = CARTESIAN_POINT('',(155.,180.81391404175,125.));
#10701 = SURFACE_CURVE('',#10702,(#10706,#10713),.PCURVE_S1.);
#10702 = LINE('',#10703,#10704);
#10703 = CARTESIAN_POINT('',(155.,180.81391404175,125.));
#10704 = VECTOR('',#10705,1.);
#10705 = DIRECTION('',(1.,0.,-0.));
#10706 = PCURVE('',#2159,#10707);
#10707 = DEFINITIONAL_REPRESENTATION('',(#10708),#10712);
#10708 = LINE('',#10709,#10710);
#10709 = CARTESIAN_POINT('',(375.,230.81391404175));
#10710 = VECTOR('',#10711,1.);
#10711 = DIRECTION('',(1.,0.));
#10712 = ( GEOMETRIC_REPRESENTATION_CONTEXT(2) 
PARAMETRIC_REPRESENTATION_CONTEXT() REPRESENTATION_CONTEXT('2D SPACE',''
  ) );
#10713 = PCURVE('',#6892,#10714);
#10714 = DEFINITIONAL_REPRESENTATION('',(#10715),#10719);
#10715 = LINE('',#10716,#10717);
#10716 = CARTESIAN_POINT('',(0.,0.));
#10717 = VECTOR('',#10718,1.);
#10718 = DIRECTION('',(0.,1.));
#10719 = ( GEOMETRIC_REPRESENTATION_CONTEXT(2) 
PARAMETRIC_REPRESENTATION_CONTEXT() REPRESENTATION_CONTEXT('2D SPACE',''
  ) );
#10720 = ORIENTED_EDGE('',*,*,#10721,.F.);
#10721 = EDGE_CURVE('',#6129,#10699,#10722,.T.);
#10722 = SURFACE_CURVE('',#10723,(#10727,#10734),.PCURVE_S1.);
#10723 = LINE('',#10724,#10725);
#10724 = CARTESIAN_POINT('',(155.,166.81391404175,125.));
#10725 = VECTOR('',#10726,1.);
#10726 = DIRECTION('',(-0.,1.,0.));
#10727 = PCURVE('',#2159,#10728);
#10728 = DEFINITIONAL_REPRESENTATION('',(#10729),#10733);
#10729 = LINE('',#10730,#10731);
#10730 = CARTESIAN_POINT('',(375.,216.81391404175));
#10731 = VECTOR('',#10732,1.);
#10732 = DIRECTION('',(0.,1.));
#10733 = ( GEOMETRIC_REPRESENTATION_CONTEXT(2) 
PARAMETRIC_REPRESENTATION_CONTEXT() REPRESENTATION_CONTEXT('2D SPACE',''
  ) );
#10734 = PCURVE('',#6143,#10735);
#10735 = DEFINITIONAL_REPRESENTATION('',(#10736),#10740);
#10736 = LINE('',#10737,#10738);
#10737 = CARTESIAN_POINT('',(0.,0.));
#10738 = VECTOR('',#10739,1.);
#10739 = DIRECTION('',(0.,-1.));
#10740 = ( GEOMETRIC_REPRESENTATION_CONTEXT(2) 
PARAMETRIC_REPRESENTATION_CONTEXT() REPRESENTATION_CONTEXT('2D SPACE',''
  ) );
#10741 = ORIENTED_EDGE('',*,*,#6154,.T.);
#10742 = ORIENTED_EDGE('',*,*,#6027,.T.);
#10743 = ORIENTED_EDGE('',*,*,#4008,.T.);
#10744 = FACE_BOUND('',#10745,.F.);
#10745 = EDGE_LOOP('',(#10746));
#10746 = ORIENTED_EDGE('',*,*,#10747,.F.);
#10747 = EDGE_CURVE('',#10748,#10748,#10750,.T.);
#10748 = VERTEX_POINT('',#10749);
#10749 = CARTESIAN_POINT('',(-142.9,307.93408048832,125.));
#10750 = SURFACE_CURVE('',#10751,(#10756,#10763),.PCURVE_S1.);
#10751 = CIRCLE('',#10752,2.1);
#10752 = AXIS2_PLACEMENT_3D('',#10753,#10754,#10755);
#10753 = CARTESIAN_POINT('',(-145.,307.93408048832,125.));
#10754 = DIRECTION('',(0.,0.,1.));
#10755 = DIRECTION('',(1.,0.,-0.));
#10756 = PCURVE('',#2159,#10757);
#10757 = DEFINITIONAL_REPRESENTATION('',(#10758),#10762);
#10758 = CIRCLE('',#10759,2.1);
#10759 = AXIS2_PLACEMENT_2D('',#10760,#10761);
#10760 = CARTESIAN_POINT('',(75.,357.93408048832));
#10761 = DIRECTION('',(1.,0.));
#10762 = ( GEOMETRIC_REPRESENTATION_CONTEXT(2) 
PARAMETRIC_REPRESENTATION_CONTEXT() REPRESENTATION_CONTEXT('2D SPACE',''
  ) );
#10763 = PCURVE('',#10764,#10769);
#10764 = CYLINDRICAL_SURFACE('',#10765,2.1);
#10765 = AXIS2_PLACEMENT_3D('',#10766,#10767,#10768);
#10766 = CARTESIAN_POINT('',(-145.,307.93408048832,125.));
#10767 = DIRECTION('',(0.,0.,1.));
#10768 = DIRECTION('',(1.,0.,-0.));
#10769 = DEFINITIONAL_REPRESENTATION('',(#10770),#10774);
#10770 = LINE('',#10771,#10772);
#10771 = CARTESIAN_POINT('',(0.,0.));
#10772 = VECTOR('',#10773,1.);
#10773 = DIRECTION('',(1.,0.));
#10774 = ( GEOMETRIC_REPRESENTATION_CONTEXT(2) 
PARAMETRIC_REPRESENTATION_CONTEXT() REPRESENTATION_CONTEXT('2D SPACE',''
  ) );
#10775 = FACE_BOUND('',#10776,.F.);
#10776 = EDGE_LOOP('',(#10777));
#10777 = ORIENTED_EDGE('',*,*,#10778,.F.);
#10778 = EDGE_CURVE('',#10779,#10779,#10781,.T.);
#10779 = VERTEX_POINT('',#10780);
#10780 = CARTESIAN_POINT('',(162.6,250.,125.));
#10781 = SURFACE_CURVE('',#10782,(#10787,#10794),.PCURVE_S1.);
#10782 = CIRCLE('',#10783,2.1);
#10783 = AXIS2_PLACEMENT_3D('',#10784,#10785,#10786);
#10784 = CARTESIAN_POINT('',(160.5,250.,125.));
#10785 = DIRECTION('',(0.,0.,1.));
#10786 = DIRECTION('',(1.,0.,-0.));
#10787 = PCURVE('',#2159,#10788);
#10788 = DEFINITIONAL_REPRESENTATION('',(#10789),#10793);
#10789 = CIRCLE('',#10790,2.1);
#10790 = AXIS2_PLACEMENT_2D('',#10791,#10792);
#10791 = CARTESIAN_POINT('',(380.5,300.));
#10792 = DIRECTION('',(1.,0.));
#10793 = ( GEOMETRIC_REPRESENTATION_CONTEXT(2) 
PARAMETRIC_REPRESENTATION_CONTEXT() REPRESENTATION_CONTEXT('2D SPACE',''
  ) );
#10794 = PCURVE('',#10795,#10800);
#10795 = CYLINDRICAL_SURFACE('',#10796,2.1);
#10796 = AXIS2_PLACEMENT_3D('',#10797,#10798,#10799);
#10797 = CARTESIAN_POINT('',(160.5,250.,125.));
#10798 = DIRECTION('',(0.,0.,1.));
#10799 = DIRECTION('',(1.,0.,-0.));
#10800 = DEFINITIONAL_REPRESENTATION('',(#10801),#10805);
#10801 = LINE('',#10802,#10803);
#10802 = CARTESIAN_POINT('',(0.,0.));
#10803 = VECTOR('',#10804,1.);
#10804 = DIRECTION('',(1.,0.));
#10805 = ( GEOMETRIC_REPRESENTATION_CONTEXT(2) 
PARAMETRIC_REPRESENTATION_CONTEXT() REPRESENTATION_CONTEXT('2D SPACE',''
  ) );
#10806 = FACE_BOUND('',#10807,.F.);
#10807 = EDGE_LOOP('',(#10808));
#10808 = ORIENTED_EDGE('',*,*,#10809,.F.);
#10809 = EDGE_CURVE('',#10810,#10810,#10812,.T.);
#10810 = VERTEX_POINT('',#10811);
#10811 = CARTESIAN_POINT('',(147.1,307.93408048832,125.));
#10812 = SURFACE_CURVE('',#10813,(#10818,#10825),.PCURVE_S1.);
#10813 = CIRCLE('',#10814,2.1);
#10814 = AXIS2_PLACEMENT_3D('',#10815,#10816,#10817);
#10815 = CARTESIAN_POINT('',(145.,307.93408048832,125.));
#10816 = DIRECTION('',(0.,0.,1.));
#10817 = DIRECTION('',(1.,0.,-0.));
#10818 = PCURVE('',#2159,#10819);
#10819 = DEFINITIONAL_REPRESENTATION('',(#10820),#10824);
#10820 = CIRCLE('',#10821,2.1);
#10821 = AXIS2_PLACEMENT_2D('',#10822,#10823);
#10822 = CARTESIAN_POINT('',(365.,357.93408048832));
#10823 = DIRECTION('',(1.,0.));
#10824 = ( GEOMETRIC_REPRESENTATION_CONTEXT(2) 
PARAMETRIC_REPRESENTATION_CONTEXT() REPRESENTATION_CONTEXT('2D SPACE',''
  ) );
#10825 = PCURVE('',#10826,#10831);
#10826 = CYLINDRICAL_SURFACE('',#10827,2.1);
#10827 = AXIS2_PLACEMENT_3D('',#10828,#10829,#10830);
#10828 = CARTESIAN_POINT('',(145.,307.93408048832,125.));
#10829 = DIRECTION('',(0.,0.,1.));
#10830 = DIRECTION('',(1.,0.,-0.));
#10831 = DEFINITIONAL_REPRESENTATION('',(#10832),#10836);
#10832 = LINE('',#10833,#10834);
#10833 = CARTESIAN_POINT('',(0.,0.));
#10834 = VECTOR('',#10835,1.);
#10835 = DIRECTION('',(1.,0.));
#10836 = ( GEOMETRIC_REPRESENTATION_CONTEXT(2) 
PARAMETRIC_REPRESENTATION_CONTEXT() REPRESENTATION_CONTEXT('2D SPACE',''
  ) );
#10837 = ADVANCED_FACE('',(#10838),#2423,.F.);
#10838 = FACE_BOUND('',#10839,.T.);
#10839 = EDGE_LOOP('',(#10840,#10863,#10864,#10865));
#10840 = ORIENTED_EDGE('',*,*,#10841,.F.);
#10841 = EDGE_CURVE('',#9448,#10842,#10844,.T.);
#10842 = VERTEX_POINT('',#10843);
#10843 = CARTESIAN_POINT('',(-165.2,288.61512941223,133.83849330905));
#10844 = SURFACE_CURVE('',#10845,(#10849,#10856),.PCURVE_S1.);
#10845 = LINE('',#10846,#10847);
#10846 = CARTESIAN_POINT('',(-170.,288.61512941223,133.83849330905));
#10847 = VECTOR('',#10848,1.);
#10848 = DIRECTION('',(1.,0.,0.));
#10849 = PCURVE('',#2423,#10850);
#10850 = DEFINITIONAL_REPRESENTATION('',(#10851),#10855);
#10851 = LINE('',#10852,#10853);
#10852 = CARTESIAN_POINT('',(-4.975458199959,-4.));
#10853 = VECTOR('',#10854,1.);
#10854 = DIRECTION('',(0.,1.));
#10855 = ( GEOMETRIC_REPRESENTATION_CONTEXT(2) 
PARAMETRIC_REPRESENTATION_CONTEXT() REPRESENTATION_CONTEXT('2D SPACE',''
  ) );
#10856 = PCURVE('',#9512,#10857);
#10857 = DEFINITIONAL_REPRESENTATION('',(#10858),#10862);
#10858 = LINE('',#10859,#10860);
#10859 = CARTESIAN_POINT('',(34.05771384474,-4.));
#10860 = VECTOR('',#10861,1.);
#10861 = DIRECTION('',(0.,1.));
#10862 = ( GEOMETRIC_REPRESENTATION_CONTEXT(2) 
PARAMETRIC_REPRESENTATION_CONTEXT() REPRESENTATION_CONTEXT('2D SPACE',''
  ) );
#10863 = ORIENTED_EDGE('',*,*,#9469,.T.);
#10864 = ORIENTED_EDGE('',*,*,#2407,.T.);
#10865 = ORIENTED_EDGE('',*,*,#10866,.F.);
#10866 = EDGE_CURVE('',#10842,#2408,#10867,.T.);
#10867 = SURFACE_CURVE('',#10868,(#10873,#10880),.PCURVE_S1.);
#10868 = CIRCLE('',#10869,25.);
#10869 = AXIS2_PLACEMENT_3D('',#10870,#10871,#10872);
#10870 = CARTESIAN_POINT('',(-165.2,295.11626439748,157.97840308319));
#10871 = DIRECTION('',(-1.,-0.,0.));
#10872 = DIRECTION('',(0.,-0.26004539941,-0.965596390966));
#10873 = PCURVE('',#2423,#10874);
#10874 = DEFINITIONAL_REPRESENTATION('',(#10875),#10879);
#10875 = LINE('',#10876,#10877);
#10876 = CARTESIAN_POINT('',(-4.975458199959,0.8));
#10877 = VECTOR('',#10878,1.);
#10878 = DIRECTION('',(-1.,0.));
#10879 = ( GEOMETRIC_REPRESENTATION_CONTEXT(2) 
PARAMETRIC_REPRESENTATION_CONTEXT() REPRESENTATION_CONTEXT('2D SPACE',''
  ) );
#10880 = PCURVE('',#2530,#10881);
#10881 = DEFINITIONAL_REPRESENTATION('',(#10882),#10886);
#10882 = LINE('',#10883,#10884);
#10883 = CARTESIAN_POINT('',(0.,3.14159265359));
#10884 = VECTOR('',#10885,1.);
#10885 = DIRECTION('',(1.,0.));
#10886 = ( GEOMETRIC_REPRESENTATION_CONTEXT(2) 
PARAMETRIC_REPRESENTATION_CONTEXT() REPRESENTATION_CONTEXT('2D SPACE',''
  ) );
#10887 = ADVANCED_FACE('',(#10888),#2530,.T.);
#10888 = FACE_BOUND('',#10889,.T.);
#10889 = EDGE_LOOP('',(#10890,#10912,#10913,#10914));
#10890 = ORIENTED_EDGE('',*,*,#10891,.F.);
#10891 = EDGE_CURVE('',#10842,#10892,#10894,.T.);
#10892 = VERTEX_POINT('',#10893);
#10893 = CARTESIAN_POINT('',(-162.8527871265,288.34858088874,
    132.84874962245));
#10894 = SURFACE_CURVE('',#10895,(#10900,#10906),.PCURVE_S1.);
#10895 = CIRCLE('',#10896,3.2);
#10896 = AXIS2_PLACEMENT_3D('',#10897,#10898,#10899);
#10897 = CARTESIAN_POINT('',(-165.2,287.78298413412,130.74858485797));
#10898 = DIRECTION('',(-0.,0.965596390966,-0.26004539941));
#10899 = DIRECTION('',(0.,0.26004539941,0.965596390966));
#10900 = PCURVE('',#2530,#10901);
#10901 = DEFINITIONAL_REPRESENTATION('',(#10902),#10905);
#10902 = B_SPLINE_CURVE_WITH_KNOTS('',1,(#10903,#10904),.UNSPECIFIED.,
  .F.,.F.,(2,2),(0.,1.570796326795),.PIECEWISE_BEZIER_KNOTS.);
#10903 = CARTESIAN_POINT('',(0.,3.14159265359));
#10904 = CARTESIAN_POINT('',(0.,4.712388980385));
#10905 = ( GEOMETRIC_REPRESENTATION_CONTEXT(2) 
PARAMETRIC_REPRESENTATION_CONTEXT() REPRESENTATION_CONTEXT('2D SPACE',''
  ) );
#10906 = PCURVE('',#9768,#10907);
#10907 = DEFINITIONAL_REPRESENTATION('',(#10908),#10911);
#10908 = B_SPLINE_CURVE_WITH_KNOTS('',1,(#10909,#10910),.UNSPECIFIED.,
  .F.,.F.,(2,2),(0.,1.570796326795),.PIECEWISE_BEZIER_KNOTS.);
#10909 = CARTESIAN_POINT('',(0.,34.05771384474));
#10910 = CARTESIAN_POINT('',(-1.570796326795,34.05771384474));
#10911 = ( GEOMETRIC_REPRESENTATION_CONTEXT(2) 
PARAMETRIC_REPRESENTATION_CONTEXT() REPRESENTATION_CONTEXT('2D SPACE',''
  ) );
#10912 = ORIENTED_EDGE('',*,*,#10866,.T.);
#10913 = ORIENTED_EDGE('',*,*,#2514,.T.);
#10914 = ORIENTED_EDGE('',*,*,#10915,.F.);
#10915 = EDGE_CURVE('',#10892,#2515,#10916,.T.);
#10916 = SURFACE_CURVE('',#10917,(#10944,#10974),.PCURVE_S1.);
#10917 = B_SPLINE_CURVE_WITH_KNOTS('',4,(#10918,#10919,#10920,#10921,
    #10922,#10923,#10924,#10925,#10926,#10927,#10928,#10929,#10930,
    #10931,#10932,#10933,#10934,#10935,#10936,#10937,#10938,#10939,
    #10940,#10941,#10942,#10943),.UNSPECIFIED.,.F.,.F.,(5,3,3,3,3,3,3,3,
    5),(0.,0.125496239518,0.250296240238,0.375496239522,0.500296240242,
    0.625496239526,0.750296240247,0.87549623953,1.),.UNSPECIFIED.);
#10918 = CARTESIAN_POINT('',(-162.8527871265,288.34858088874,
    132.84874962245));
#10919 = CARTESIAN_POINT('',(-162.8527871265,287.15241859225,
    133.17088887759));
#10920 = CARTESIAN_POINT('',(-162.8527871265,285.97669477942,
    133.56894606112));
#10921 = CARTESIAN_POINT('',(-162.8527871265,284.8286646604,
    134.04096602905));
#10922 = CARTESIAN_POINT('',(-162.8527871265,282.60768010129,
    135.12333931424));
#10923 = CARTESIAN_POINT('',(-162.8527871265,281.53433252485,
    135.73291646641));
#10924 = CARTESIAN_POINT('',(-162.8527871265,280.50168265884,
    136.40915132096));
#10925 = CARTESIAN_POINT('',(-162.8527871265,278.52644844006,
    137.88844610904));
#10926 = CARTESIAN_POINT('',(-162.8527871265,277.5841526913,
    138.69191358453));
#10927 = CARTESIAN_POINT('',(-162.8527871265,276.69472951376,
    139.55354440661));
#10928 = CARTESIAN_POINT('',(-162.8527871265,275.03432649091,
    141.37917445971));
#10929 = CARTESIAN_POINT('',(-162.8527871265,274.26296839126,
    142.34284764415));
#10930 = CARTESIAN_POINT('',(-162.8527871265,273.55409635106,
    143.3533721391));
#10931 = CARTESIAN_POINT('',(-162.8527871265,272.26697514901,
    145.45888449963));
#10932 = CARTESIAN_POINT('',(-162.8527871265,271.68914497681,
    146.55414408274));
#10933 = CARTESIAN_POINT('',(-162.8527871265,271.18196528075,
    147.68385644357));
#10934 = CARTESIAN_POINT('',(-162.8527871265,270.31553430405,
    149.99451882733));
#10935 = CARTESIAN_POINT('',(-162.8527871265,269.95581092984,
    151.17530603014));
#10936 = CARTESIAN_POINT('',(-162.8527871265,269.67147983848,
    152.37647843857));
#10937 = CARTESIAN_POINT('',(-162.8527871265,269.25543041681,
    154.80891881149));
#10938 = CARTESIAN_POINT('',(-162.8527871265,269.12420190417,
    156.0402840456));
#10939 = CARTESIAN_POINT('',(-162.8527871265,269.07135911017,
    157.27749417385));
#10940 = CARTESIAN_POINT('',(-162.8527871265,269.12199955221,
    159.74181454358));
#10941 = CARTESIAN_POINT('',(-162.8527871265,269.22461535436,
    160.96895583219));
#10942 = CARTESIAN_POINT('',(-162.8527871265,269.40444546337,
    162.18717866803));
#10943 = CARTESIAN_POINT('',(-162.8527871265,269.65996560651,
    163.38930642705));
#10944 = PCURVE('',#2530,#10945);
#10945 = DEFINITIONAL_REPRESENTATION('',(#10946),#10973);
#10946 = B_SPLINE_CURVE_WITH_KNOTS('',4,(#10947,#10948,#10949,#10950,
    #10951,#10952,#10953,#10954,#10955,#10956,#10957,#10958,#10959,
    #10960,#10961,#10962,#10963,#10964,#10965,#10966,#10967,#10968,
    #10969,#10970,#10971,#10972),.UNSPECIFIED.,.F.,.F.,(5,3,3,3,3,3,3,3,
    5),(0.,0.125496239518,0.250296240238,0.375496239522,0.500296240242,
    0.625496239526,0.750296240247,0.87549623953,1.),.UNSPECIFIED.);
#10947 = CARTESIAN_POINT('',(-2.992235365734E-15,3.965055727124));
#10948 = CARTESIAN_POINT('',(4.759963357068E-02,3.965055727124));
#10949 = CARTESIAN_POINT('',(9.519935396702E-02,3.965055727124));
#10950 = CARTESIAN_POINT('',(0.142799074346,3.965055727124));
#10951 = CARTESIAN_POINT('',(0.237734264181,3.965055727124));
#10952 = CARTESIAN_POINT('',(0.285069904857,3.965055727124));
#10953 = CARTESIAN_POINT('',(0.332405545533,3.965055727124));
#10954 = CARTESIAN_POINT('',(0.42722837402,3.965055727124));
#10955 = CARTESIAN_POINT('',(0.474715732039,3.965055727124));
#10956 = CARTESIAN_POINT('',(0.522203090058,3.965055727124));
#10957 = CARTESIAN_POINT('',(0.617025918545,3.965055727124));
#10958 = CARTESIAN_POINT('',(0.664361559221,3.965055727124));
#10959 = CARTESIAN_POINT('',(0.711697199897,3.965055727124));
#10960 = CARTESIAN_POINT('',(0.806520028384,3.965055727124));
#10961 = CARTESIAN_POINT('',(0.854007386404,3.965055727124));
#10962 = CARTESIAN_POINT('',(0.901494744423,3.965055727124));
#10963 = CARTESIAN_POINT('',(0.99631757291,3.965055727124));
#10964 = CARTESIAN_POINT('',(1.043653213586,3.965055727124));
#10965 = CARTESIAN_POINT('',(1.090988854262,3.965055727124));
#10966 = CARTESIAN_POINT('',(1.185811682749,3.965055727124));
#10967 = CARTESIAN_POINT('',(1.233299040768,3.965055727124));
#10968 = CARTESIAN_POINT('',(1.280786398788,3.965055727124));
#10969 = CARTESIAN_POINT('',(1.37549686592,3.965055727124));
#10970 = CARTESIAN_POINT('',(1.422720144238,3.965055727124));
#10971 = CARTESIAN_POINT('',(1.469943422569,3.965055727124));
#10972 = CARTESIAN_POINT('',(1.51716661746,3.965055727124));
#10973 = ( GEOMETRIC_REPRESENTATION_CONTEXT(2) 
PARAMETRIC_REPRESENTATION_CONTEXT() REPRESENTATION_CONTEXT('2D SPACE',''
  ) );
#10974 = PCURVE('',#2634,#10975);
#10975 = DEFINITIONAL_REPRESENTATION('',(#10976),#11003);
#10976 = B_SPLINE_CURVE_WITH_KNOTS('',4,(#10977,#10978,#10979,#10980,
    #10981,#10982,#10983,#10984,#10985,#10986,#10987,#10988,#10989,
    #10990,#10991,#10992,#10993,#10994,#10995,#10996,#10997,#10998,
    #10999,#11000,#11001,#11002),.UNSPECIFIED.,.F.,.F.,(5,3,3,3,3,3,3,3,
    5),(0.,0.125496239518,0.250296240238,0.375496239522,0.500296240242,
    0.625496239526,0.750296240247,0.87549623953,1.),.UNSPECIFIED.);
#10977 = CARTESIAN_POINT('',(0.,2.725271128418));
#10978 = CARTESIAN_POINT('',(4.759963357068E-02,2.725271128418));
#10979 = CARTESIAN_POINT('',(9.519935396702E-02,2.725271128418));
#10980 = CARTESIAN_POINT('',(0.142799074346,2.725271128418));
#10981 = CARTESIAN_POINT('',(0.237734264181,2.725271128418));
#10982 = CARTESIAN_POINT('',(0.285069904857,2.725271128418));
#10983 = CARTESIAN_POINT('',(0.332405545533,2.725271128418));
#10984 = CARTESIAN_POINT('',(0.42722837402,2.725271128418));
#10985 = CARTESIAN_POINT('',(0.474715732039,2.725271128418));
#10986 = CARTESIAN_POINT('',(0.522203090058,2.725271128418));
#10987 = CARTESIAN_POINT('',(0.617025918545,2.725271128418));
#10988 = CARTESIAN_POINT('',(0.664361559221,2.725271128418));
#10989 = CARTESIAN_POINT('',(0.711697199897,2.725271128418));
#10990 = CARTESIAN_POINT('',(0.806520028384,2.725271128418));
#10991 = CARTESIAN_POINT('',(0.854007386404,2.725271128418));
#10992 = CARTESIAN_POINT('',(0.901494744423,2.725271128418));
#10993 = CARTESIAN_POINT('',(0.99631757291,2.725271128418));
#10994 = CARTESIAN_POINT('',(1.043653213586,2.725271128418));
#10995 = CARTESIAN_POINT('',(1.090988854262,2.725271128418));
#10996 = CARTESIAN_POINT('',(1.185811682749,2.725271128418));
#10997 = CARTESIAN_POINT('',(1.233299040768,2.725271128418));
#10998 = CARTESIAN_POINT('',(1.280786398788,2.725271128418));
#10999 = CARTESIAN_POINT('',(1.37549686592,2.725271128418));
#11000 = CARTESIAN_POINT('',(1.422720144238,2.725271128418));
#11001 = CARTESIAN_POINT('',(1.469943422569,2.725271128418));
#11002 = CARTESIAN_POINT('',(1.51716661746,2.725271128418));
#11003 = ( GEOMETRIC_REPRESENTATION_CONTEXT(2) 
PARAMETRIC_REPRESENTATION_CONTEXT() REPRESENTATION_CONTEXT('2D SPACE',''
  ) );
#11004 = ADVANCED_FACE('',(#11005),#2634,.T.);
#11005 = FACE_BOUND('',#11006,.T.);
#11006 = EDGE_LOOP('',(#11007,#11029,#11030,#11031));
#11007 = ORIENTED_EDGE('',*,*,#11008,.F.);
#11008 = EDGE_CURVE('',#10892,#11009,#11011,.T.);
#11009 = VERTEX_POINT('',#11010);
#11010 = CARTESIAN_POINT('',(-158.,288.61512941223,133.83849330905));
#11011 = SURFACE_CURVE('',#11012,(#11017,#11023),.PCURVE_S1.);
#11012 = CIRCLE('',#11013,12.);
#11013 = AXIS2_PLACEMENT_3D('',#11014,#11015,#11016);
#11014 = CARTESIAN_POINT('',(-158.,285.49458461931,122.25133661747));
#11015 = DIRECTION('',(-0.,0.965596390966,-0.26004539941));
#11016 = DIRECTION('',(-1.,-0.,0.));
#11017 = PCURVE('',#2634,#11018);
#11018 = DEFINITIONAL_REPRESENTATION('',(#11019),#11022);
#11019 = B_SPLINE_CURVE_WITH_KNOTS('',1,(#11020,#11021),.UNSPECIFIED.,
  .F.,.F.,(2,2),(0.,1.570796326795),.PIECEWISE_BEZIER_KNOTS.);
#11020 = CARTESIAN_POINT('',(0.,1.570796326795));
#11021 = CARTESIAN_POINT('',(0.,3.14159265359));
#11022 = ( GEOMETRIC_REPRESENTATION_CONTEXT(2) 
PARAMETRIC_REPRESENTATION_CONTEXT() REPRESENTATION_CONTEXT('2D SPACE',''
  ) );
#11023 = PCURVE('',#9735,#11024);
#11024 = DEFINITIONAL_REPRESENTATION('',(#11025),#11028);
#11025 = B_SPLINE_CURVE_WITH_KNOTS('',1,(#11026,#11027),.UNSPECIFIED.,
  .F.,.F.,(2,2),(0.,1.570796326795),.PIECEWISE_BEZIER_KNOTS.);
#11026 = CARTESIAN_POINT('',(0.,34.05771384474));
#11027 = CARTESIAN_POINT('',(-1.570796326795,34.05771384474));
#11028 = ( GEOMETRIC_REPRESENTATION_CONTEXT(2) 
PARAMETRIC_REPRESENTATION_CONTEXT() REPRESENTATION_CONTEXT('2D SPACE',''
  ) );
#11029 = ORIENTED_EDGE('',*,*,#10915,.T.);
#11030 = ORIENTED_EDGE('',*,*,#2618,.T.);
#11031 = ORIENTED_EDGE('',*,*,#11032,.F.);
#11032 = EDGE_CURVE('',#11009,#2619,#11033,.T.);
#11033 = SURFACE_CURVE('',#11034,(#11039,#11046),.PCURVE_S1.);
#11034 = CIRCLE('',#11035,25.);
#11035 = AXIS2_PLACEMENT_3D('',#11036,#11037,#11038);
#11036 = CARTESIAN_POINT('',(-158.,295.11626439748,157.97840308319));
#11037 = DIRECTION('',(-1.,-0.,0.));
#11038 = DIRECTION('',(0.,-0.26004539941,-0.965596390966));
#11039 = PCURVE('',#2634,#11040);
#11040 = DEFINITIONAL_REPRESENTATION('',(#11041),#11045);
#11041 = LINE('',#11042,#11043);
#11042 = CARTESIAN_POINT('',(0.,3.14159265359));
#11043 = VECTOR('',#11044,1.);
#11044 = DIRECTION('',(1.,0.));
#11045 = ( GEOMETRIC_REPRESENTATION_CONTEXT(2) 
PARAMETRIC_REPRESENTATION_CONTEXT() REPRESENTATION_CONTEXT('2D SPACE',''
  ) );
#11046 = PCURVE('',#2994,#11047);
#11047 = DEFINITIONAL_REPRESENTATION('',(#11048),#11052);
#11048 = LINE('',#11049,#11050);
#11049 = CARTESIAN_POINT('',(-4.975458199959,-158.));
#11050 = VECTOR('',#11051,1.);
#11051 = DIRECTION('',(-1.,0.));
#11052 = ( GEOMETRIC_REPRESENTATION_CONTEXT(2) 
PARAMETRIC_REPRESENTATION_CONTEXT() REPRESENTATION_CONTEXT('2D SPACE',''
  ) );
#11053 = ADVANCED_FACE('',(#11054),#2819,.F.);
#11054 = FACE_BOUND('',#11055,.T.);
#11055 = EDGE_LOOP('',(#11056,#11082,#11083,#11084,#11105));
#11056 = ORIENTED_EDGE('',*,*,#11057,.T.);
#11057 = EDGE_CURVE('',#9906,#3246,#11058,.T.);
#11058 = SURFACE_CURVE('',#11059,(#11064,#11071),.PCURVE_S1.);
#11059 = CIRCLE('',#11060,14.);
#11060 = AXIS2_PLACEMENT_3D('',#11061,#11062,#11063);
#11061 = CARTESIAN_POINT('',(-136.,166.2872949808,138.67334478702));
#11062 = DIRECTION('',(0.,0.978147600734,-0.207911690818));
#11063 = DIRECTION('',(-1.,0.,-0.));
#11064 = PCURVE('',#2819,#11065);
#11065 = DEFINITIONAL_REPRESENTATION('',(#11066),#11070);
#11066 = LINE('',#11067,#11068);
#11067 = CARTESIAN_POINT('',(-6.28318530718,4.000000000001));
#11068 = VECTOR('',#11069,1.);
#11069 = DIRECTION('',(1.,-0.));
#11070 = ( GEOMETRIC_REPRESENTATION_CONTEXT(2) 
PARAMETRIC_REPRESENTATION_CONTEXT() REPRESENTATION_CONTEXT('2D SPACE',''
  ) );
#11071 = PCURVE('',#3284,#11072);
#11072 = DEFINITIONAL_REPRESENTATION('',(#11073),#11081);
#11073 = ( BOUNDED_CURVE() B_SPLINE_CURVE(2,(#11074,#11075,#11076,#11077
    ,#11078,#11079,#11080),.UNSPECIFIED.,.T.,.F.) 
B_SPLINE_CURVE_WITH_KNOTS((1,2,2,2,2,1),(-2.094395102393,0.,
    2.094395102393,4.188790204786,6.28318530718,8.377580409573),
.UNSPECIFIED.) CURVE() GEOMETRIC_REPRESENTATION_ITEM() 
RATIONAL_B_SPLINE_CURVE((1.,0.5,1.,0.5,1.,0.5,1.)) REPRESENTATION_ITEM(
  '') );
#11074 = CARTESIAN_POINT('',(204.825,-150.));
#11075 = CARTESIAN_POINT('',(180.57628869403,-150.));
#11076 = CARTESIAN_POINT('',(192.70064434701,-129.));
#11077 = CARTESIAN_POINT('',(204.825,-108.));
#11078 = CARTESIAN_POINT('',(216.94935565298,-129.));
#11079 = CARTESIAN_POINT('',(229.07371130596,-150.));
#11080 = CARTESIAN_POINT('',(204.825,-150.));
#11081 = ( GEOMETRIC_REPRESENTATION_CONTEXT(2) 
PARAMETRIC_REPRESENTATION_CONTEXT() REPRESENTATION_CONTEXT('2D SPACE',''
  ) );
#11082 = ORIENTED_EDGE('',*,*,#3245,.T.);
#11083 = ORIENTED_EDGE('',*,*,#2798,.F.);
#11084 = ORIENTED_EDGE('',*,*,#11085,.T.);
#11085 = EDGE_CURVE('',#2772,#9908,#11086,.T.);
#11086 = SURFACE_CURVE('',#11087,(#11091,#11098),.PCURVE_S1.);
#11087 = LINE('',#11088,#11089);
#11088 = CARTESIAN_POINT('',(-136.,160.44208850715,125.6030134492));
#11089 = VECTOR('',#11090,1.);
#11090 = DIRECTION('',(0.,0.978147600734,-0.207911690818));
#11091 = PCURVE('',#2819,#11092);
#11092 = DEFINITIONAL_REPRESENTATION('',(#11093),#11097);
#11093 = LINE('',#11094,#11095);
#11094 = CARTESIAN_POINT('',(-1.570796326795,1.000000000001));
#11095 = VECTOR('',#11096,1.);
#11096 = DIRECTION('',(-0.,1.));
#11097 = ( GEOMETRIC_REPRESENTATION_CONTEXT(2) 
PARAMETRIC_REPRESENTATION_CONTEXT() REPRESENTATION_CONTEXT('2D SPACE',''
  ) );
#11098 = PCURVE('',#2786,#11099);
#11099 = DEFINITIONAL_REPRESENTATION('',(#11100),#11104);
#11100 = LINE('',#11101,#11102);
#11101 = CARTESIAN_POINT('',(14.,1.000000000001));
#11102 = VECTOR('',#11103,1.);
#11103 = DIRECTION('',(0.,1.));
#11104 = ( GEOMETRIC_REPRESENTATION_CONTEXT(2) 
PARAMETRIC_REPRESENTATION_CONTEXT() REPRESENTATION_CONTEXT('2D SPACE',''
  ) );
#11105 = ORIENTED_EDGE('',*,*,#9905,.F.);
#11106 = ADVANCED_FACE('',(#11107),#2786,.T.);
#11107 = FACE_BOUND('',#11108,.T.);
#11108 = EDGE_LOOP('',(#11109,#11110,#11131,#11132));
#11109 = ORIENTED_EDGE('',*,*,#2771,.F.);
#11110 = ORIENTED_EDGE('',*,*,#11111,.T.);
#11111 = EDGE_CURVE('',#2739,#10034,#11112,.T.);
#11112 = SURFACE_CURVE('',#11113,(#11117,#11124),.PCURVE_S1.);
#11113 = LINE('',#11114,#11115);
#11114 = CARTESIAN_POINT('',(136.,160.44208850715,125.6030134492));
#11115 = VECTOR('',#11116,1.);
#11116 = DIRECTION('',(0.,0.978147600734,-0.207911690818));
#11117 = PCURVE('',#2786,#11118);
#11118 = DEFINITIONAL_REPRESENTATION('',(#11119),#11123);
#11119 = LINE('',#11120,#11121);
#11120 = CARTESIAN_POINT('',(286.,1.000000000001));
#11121 = VECTOR('',#11122,1.);
#11122 = DIRECTION('',(0.,1.));
#11123 = ( GEOMETRIC_REPRESENTATION_CONTEXT(2) 
PARAMETRIC_REPRESENTATION_CONTEXT() REPRESENTATION_CONTEXT('2D SPACE',''
  ) );
#11124 = PCURVE('',#2759,#11125);
#11125 = DEFINITIONAL_REPRESENTATION('',(#11126),#11130);
#11126 = LINE('',#11127,#11128);
#11127 = CARTESIAN_POINT('',(1.570796326795,1.000000000001));
#11128 = VECTOR('',#11129,1.);
#11129 = DIRECTION('',(0.,1.));
#11130 = ( GEOMETRIC_REPRESENTATION_CONTEXT(2) 
PARAMETRIC_REPRESENTATION_CONTEXT() REPRESENTATION_CONTEXT('2D SPACE',''
  ) );
#11131 = ORIENTED_EDGE('',*,*,#10060,.T.);
#11132 = ORIENTED_EDGE('',*,*,#11085,.F.);
#11133 = ADVANCED_FACE('',(#11134),#2759,.F.);
#11134 = FACE_BOUND('',#11135,.F.);
#11135 = EDGE_LOOP('',(#11136,#11137,#11138,#11139,#11140));
#11136 = ORIENTED_EDGE('',*,*,#5435,.F.);
#11137 = ORIENTED_EDGE('',*,*,#2738,.T.);
#11138 = ORIENTED_EDGE('',*,*,#11111,.T.);
#11139 = ORIENTED_EDGE('',*,*,#10033,.T.);
#11140 = ORIENTED_EDGE('',*,*,#11141,.F.);
#11141 = EDGE_CURVE('',#5436,#10012,#11142,.T.);
#11142 = SURFACE_CURVE('',#11143,(#11148,#11155),.PCURVE_S1.);
#11143 = CIRCLE('',#11144,14.);
#11144 = AXIS2_PLACEMENT_3D('',#11145,#11146,#11147);
#11145 = CARTESIAN_POINT('',(136.,166.2872949808,138.67334478702));
#11146 = DIRECTION('',(0.,0.978147600734,-0.207911690818));
#11147 = DIRECTION('',(1.,-0.,0.));
#11148 = PCURVE('',#2759,#11149);
#11149 = DEFINITIONAL_REPRESENTATION('',(#11150),#11154);
#11150 = LINE('',#11151,#11152);
#11151 = CARTESIAN_POINT('',(0.,4.000000000001));
#11152 = VECTOR('',#11153,1.);
#11153 = DIRECTION('',(1.,0.));
#11154 = ( GEOMETRIC_REPRESENTATION_CONTEXT(2) 
PARAMETRIC_REPRESENTATION_CONTEXT() REPRESENTATION_CONTEXT('2D SPACE',''
  ) );
#11155 = PCURVE('',#5474,#11156);
#11156 = DEFINITIONAL_REPRESENTATION('',(#11157),#11165);
#11157 = ( BOUNDED_CURVE() B_SPLINE_CURVE(2,(#11158,#11159,#11160,#11161
    ,#11162,#11163,#11164),.UNSPECIFIED.,.T.,.F.) 
B_SPLINE_CURVE_WITH_KNOTS((1,2,2,2,2,1),(-2.094395102393,0.,
    2.094395102393,4.188790204786,6.28318530718,8.377580409573),
.UNSPECIFIED.) CURVE() GEOMETRIC_REPRESENTATION_ITEM() 
RATIONAL_B_SPLINE_CURVE((1.,0.5,1.,0.5,1.,0.5,1.)) REPRESENTATION_ITEM(
  '') );
#11158 = CARTESIAN_POINT('',(204.825,150.));
#11159 = CARTESIAN_POINT('',(229.07371130596,150.));
#11160 = CARTESIAN_POINT('',(216.94935565298,129.));
#11161 = CARTESIAN_POINT('',(204.825,108.));
#11162 = CARTESIAN_POINT('',(192.70064434701,129.));
#11163 = CARTESIAN_POINT('',(180.57628869403,150.));
#11164 = CARTESIAN_POINT('',(204.825,150.));
#11165 = ( GEOMETRIC_REPRESENTATION_CONTEXT(2) 
PARAMETRIC_REPRESENTATION_CONTEXT() REPRESENTATION_CONTEXT('2D SPACE',''
  ) );
#11166 = ADVANCED_FACE('',(#11167),#2870,.F.);
#11167 = FACE_BOUND('',#11168,.F.);
#11168 = EDGE_LOOP('',(#11169,#11198,#11219,#11220));
#11169 = ORIENTED_EDGE('',*,*,#11170,.T.);
#11170 = EDGE_CURVE('',#11171,#11171,#11173,.T.);
#11171 = VERTEX_POINT('',#11172);
#11172 = CARTESIAN_POINT('',(-152.3,193.15747438427,277.11193571753));
#11173 = SURFACE_CURVE('',#11174,(#11179,#11186),.PCURVE_S1.);
#11174 = CIRCLE('',#11175,1.7);
#11175 = AXIS2_PLACEMENT_3D('',#11176,#11177,#11178);
#11176 = CARTESIAN_POINT('',(-154.,193.15747438427,277.11193571753));
#11177 = DIRECTION('',(0.,-0.978147600734,0.207911690818));
#11178 = DIRECTION('',(1.,0.,0.));
#11179 = PCURVE('',#2870,#11180);
#11180 = DEFINITIONAL_REPRESENTATION('',(#11181),#11185);
#11181 = LINE('',#11182,#11183);
#11182 = CARTESIAN_POINT('',(0.,3.5));
#11183 = VECTOR('',#11184,1.);
#11184 = DIRECTION('',(1.,0.));
#11185 = ( GEOMETRIC_REPRESENTATION_CONTEXT(2) 
PARAMETRIC_REPRESENTATION_CONTEXT() REPRESENTATION_CONTEXT('2D SPACE',''
  ) );
#11186 = PCURVE('',#11187,#11192);
#11187 = PLANE('',#11188);
#11188 = AXIS2_PLACEMENT_3D('',#11189,#11190,#11191);
#11189 = CARTESIAN_POINT('',(-154.,193.15747438427,277.11193571753));
#11190 = DIRECTION('',(0.,-0.978147600734,0.207911690818));
#11191 = DIRECTION('',(1.,0.,0.));
#11192 = DEFINITIONAL_REPRESENTATION('',(#11193),#11197);
#11193 = CIRCLE('',#11194,1.7);
#11194 = AXIS2_PLACEMENT_2D('',#11195,#11196);
#11195 = CARTESIAN_POINT('',(0.,-6.741966510342E-14));
#11196 = DIRECTION('',(1.,0.));
#11197 = ( GEOMETRIC_REPRESENTATION_CONTEXT(2) 
PARAMETRIC_REPRESENTATION_CONTEXT() REPRESENTATION_CONTEXT('2D SPACE',''
  ) );
#11198 = ORIENTED_EDGE('',*,*,#11199,.T.);
#11199 = EDGE_CURVE('',#11171,#2854,#11200,.T.);
#11200 = SEAM_CURVE('',#11201,(#11205,#11212),.PCURVE_S1.);
#11201 = LINE('',#11202,#11203);
#11202 = CARTESIAN_POINT('',(-152.3,196.58099098684,276.38424479967));
#11203 = VECTOR('',#11204,1.);
#11204 = DIRECTION('',(0.,-0.978147600734,0.207911690818));
#11205 = PCURVE('',#2870,#11206);
#11206 = DEFINITIONAL_REPRESENTATION('',(#11207),#11211);
#11207 = LINE('',#11208,#11209);
#11208 = CARTESIAN_POINT('',(0.,-0.));
#11209 = VECTOR('',#11210,1.);
#11210 = DIRECTION('',(0.,1.));
#11211 = ( GEOMETRIC_REPRESENTATION_CONTEXT(2) 
PARAMETRIC_REPRESENTATION_CONTEXT() REPRESENTATION_CONTEXT('2D SPACE',''
  ) );
#11212 = PCURVE('',#2870,#11213);
#11213 = DEFINITIONAL_REPRESENTATION('',(#11214),#11218);
#11214 = LINE('',#11215,#11216);
#11215 = CARTESIAN_POINT('',(6.28318530718,-0.));
#11216 = VECTOR('',#11217,1.);
#11217 = DIRECTION('',(0.,1.));
#11218 = ( GEOMETRIC_REPRESENTATION_CONTEXT(2) 
PARAMETRIC_REPRESENTATION_CONTEXT() REPRESENTATION_CONTEXT('2D SPACE',''
  ) );
#11219 = ORIENTED_EDGE('',*,*,#2853,.F.);
#11220 = ORIENTED_EDGE('',*,*,#11199,.F.);
#11221 = ADVANCED_FACE('',(#11222),#2901,.F.);
#11222 = FACE_BOUND('',#11223,.F.);
#11223 = EDGE_LOOP('',(#11224,#11253,#11274,#11275));
#11224 = ORIENTED_EDGE('',*,*,#11225,.T.);
#11225 = EDGE_CURVE('',#11226,#11226,#11228,.T.);
#11226 = VERTEX_POINT('',#11227);
#11227 = CARTESIAN_POINT('',(-152.3,170.28718839432,169.51569963682));
#11228 = SURFACE_CURVE('',#11229,(#11234,#11241),.PCURVE_S1.);
#11229 = CIRCLE('',#11230,1.7);
#11230 = AXIS2_PLACEMENT_3D('',#11231,#11232,#11233);
#11231 = CARTESIAN_POINT('',(-154.,170.28718839432,169.51569963682));
#11232 = DIRECTION('',(0.,-0.978147600734,0.207911690818));
#11233 = DIRECTION('',(1.,0.,0.));
#11234 = PCURVE('',#2901,#11235);
#11235 = DEFINITIONAL_REPRESENTATION('',(#11236),#11240);
#11236 = LINE('',#11237,#11238);
#11237 = CARTESIAN_POINT('',(0.,3.5));
#11238 = VECTOR('',#11239,1.);
#11239 = DIRECTION('',(1.,0.));
#11240 = ( GEOMETRIC_REPRESENTATION_CONTEXT(2) 
PARAMETRIC_REPRESENTATION_CONTEXT() REPRESENTATION_CONTEXT('2D SPACE',''
  ) );
#11241 = PCURVE('',#11242,#11247);
#11242 = PLANE('',#11243);
#11243 = AXIS2_PLACEMENT_3D('',#11244,#11245,#11246);
#11244 = CARTESIAN_POINT('',(-154.,170.28718839432,169.51569963682));
#11245 = DIRECTION('',(0.,-0.978147600734,0.207911690818));
#11246 = DIRECTION('',(1.,0.,0.));
#11247 = DEFINITIONAL_REPRESENTATION('',(#11248),#11252);
#11248 = CIRCLE('',#11249,1.7);
#11249 = AXIS2_PLACEMENT_2D('',#11250,#11251);
#11250 = CARTESIAN_POINT('',(0.,-5.909205663606E-15));
#11251 = DIRECTION('',(1.,0.));
#11252 = ( GEOMETRIC_REPRESENTATION_CONTEXT(2) 
PARAMETRIC_REPRESENTATION_CONTEXT() REPRESENTATION_CONTEXT('2D SPACE',''
  ) );
#11253 = ORIENTED_EDGE('',*,*,#11254,.T.);
#11254 = EDGE_CURVE('',#11226,#2885,#11255,.T.);
#11255 = SEAM_CURVE('',#11256,(#11260,#11267),.PCURVE_S1.);
#11256 = LINE('',#11257,#11258);
#11257 = CARTESIAN_POINT('',(-152.3,173.71070499688,168.78800871895));
#11258 = VECTOR('',#11259,1.);
#11259 = DIRECTION('',(0.,-0.978147600734,0.207911690818));
#11260 = PCURVE('',#2901,#11261);
#11261 = DEFINITIONAL_REPRESENTATION('',(#11262),#11266);
#11262 = LINE('',#11263,#11264);
#11263 = CARTESIAN_POINT('',(0.,-0.));
#11264 = VECTOR('',#11265,1.);
#11265 = DIRECTION('',(0.,1.));
#11266 = ( GEOMETRIC_REPRESENTATION_CONTEXT(2) 
PARAMETRIC_REPRESENTATION_CONTEXT() REPRESENTATION_CONTEXT('2D SPACE',''
  ) );
#11267 = PCURVE('',#2901,#11268);
#11268 = DEFINITIONAL_REPRESENTATION('',(#11269),#11273);
#11269 = LINE('',#11270,#11271);
#11270 = CARTESIAN_POINT('',(6.28318530718,-0.));
#11271 = VECTOR('',#11272,1.);
#11272 = DIRECTION('',(0.,1.));
#11273 = ( GEOMETRIC_REPRESENTATION_CONTEXT(2) 
PARAMETRIC_REPRESENTATION_CONTEXT() REPRESENTATION_CONTEXT('2D SPACE',''
  ) );
#11274 = ORIENTED_EDGE('',*,*,#2884,.F.);
#11275 = ORIENTED_EDGE('',*,*,#11254,.F.);
#11276 = ADVANCED_FACE('',(#11277),#2932,.F.);
#11277 = FACE_BOUND('',#11278,.F.);
#11278 = EDGE_LOOP('',(#11279,#11308,#11329,#11330));
#11279 = ORIENTED_EDGE('',*,*,#11280,.T.);
#11280 = EDGE_CURVE('',#11281,#11281,#11283,.T.);
#11281 = VERTEX_POINT('',#11282);
#11282 = CARTESIAN_POINT('',(155.7,193.15747438427,277.11193571753));
#11283 = SURFACE_CURVE('',#11284,(#11289,#11296),.PCURVE_S1.);
#11284 = CIRCLE('',#11285,1.7);
#11285 = AXIS2_PLACEMENT_3D('',#11286,#11287,#11288);
#11286 = CARTESIAN_POINT('',(154.,193.15747438427,277.11193571753));
#11287 = DIRECTION('',(0.,-0.978147600734,0.207911690818));
#11288 = DIRECTION('',(1.,0.,0.));
#11289 = PCURVE('',#2932,#11290);
#11290 = DEFINITIONAL_REPRESENTATION('',(#11291),#11295);
#11291 = LINE('',#11292,#11293);
#11292 = CARTESIAN_POINT('',(0.,3.5));
#11293 = VECTOR('',#11294,1.);
#11294 = DIRECTION('',(1.,0.));
#11295 = ( GEOMETRIC_REPRESENTATION_CONTEXT(2) 
PARAMETRIC_REPRESENTATION_CONTEXT() REPRESENTATION_CONTEXT('2D SPACE',''
  ) );
#11296 = PCURVE('',#11297,#11302);
#11297 = PLANE('',#11298);
#11298 = AXIS2_PLACEMENT_3D('',#11299,#11300,#11301);
#11299 = CARTESIAN_POINT('',(154.,193.15747438427,277.11193571753));
#11300 = DIRECTION('',(0.,-0.978147600734,0.207911690818));
#11301 = DIRECTION('',(1.,0.,0.));
#11302 = DEFINITIONAL_REPRESENTATION('',(#11303),#11307);
#11303 = CIRCLE('',#11304,1.7);
#11304 = AXIS2_PLACEMENT_2D('',#11305,#11306);
#11305 = CARTESIAN_POINT('',(0.,-6.741966510342E-14));
#11306 = DIRECTION('',(1.,0.));
#11307 = ( GEOMETRIC_REPRESENTATION_CONTEXT(2) 
PARAMETRIC_REPRESENTATION_CONTEXT() REPRESENTATION_CONTEXT('2D SPACE',''
  ) );
#11308 = ORIENTED_EDGE('',*,*,#11309,.T.);
#11309 = EDGE_CURVE('',#11281,#2916,#11310,.T.);
#11310 = SEAM_CURVE('',#11311,(#11315,#11322),.PCURVE_S1.);
#11311 = LINE('',#11312,#11313);
#11312 = CARTESIAN_POINT('',(155.7,196.58099098684,276.38424479967));
#11313 = VECTOR('',#11314,1.);
#11314 = DIRECTION('',(0.,-0.978147600734,0.207911690818));
#11315 = PCURVE('',#2932,#11316);
#11316 = DEFINITIONAL_REPRESENTATION('',(#11317),#11321);
#11317 = LINE('',#11318,#11319);
#11318 = CARTESIAN_POINT('',(0.,-0.));
#11319 = VECTOR('',#11320,1.);
#11320 = DIRECTION('',(0.,1.));
#11321 = ( GEOMETRIC_REPRESENTATION_CONTEXT(2) 
PARAMETRIC_REPRESENTATION_CONTEXT() REPRESENTATION_CONTEXT('2D SPACE',''
  ) );
#11322 = PCURVE('',#2932,#11323);
#11323 = DEFINITIONAL_REPRESENTATION('',(#11324),#11328);
#11324 = LINE('',#11325,#11326);
#11325 = CARTESIAN_POINT('',(6.28318530718,-0.));
#11326 = VECTOR('',#11327,1.);
#11327 = DIRECTION('',(0.,1.));
#11328 = ( GEOMETRIC_REPRESENTATION_CONTEXT(2) 
PARAMETRIC_REPRESENTATION_CONTEXT() REPRESENTATION_CONTEXT('2D SPACE',''
  ) );
#11329 = ORIENTED_EDGE('',*,*,#2915,.F.);
#11330 = ORIENTED_EDGE('',*,*,#11309,.F.);
#11331 = ADVANCED_FACE('',(#11332),#2963,.F.);
#11332 = FACE_BOUND('',#11333,.F.);
#11333 = EDGE_LOOP('',(#11334,#11363,#11384,#11385));
#11334 = ORIENTED_EDGE('',*,*,#11335,.T.);
#11335 = EDGE_CURVE('',#11336,#11336,#11338,.T.);
#11336 = VERTEX_POINT('',#11337);
#11337 = CARTESIAN_POINT('',(155.7,170.28718839432,169.51569963682));
#11338 = SURFACE_CURVE('',#11339,(#11344,#11351),.PCURVE_S1.);
#11339 = CIRCLE('',#11340,1.7);
#11340 = AXIS2_PLACEMENT_3D('',#11341,#11342,#11343);
#11341 = CARTESIAN_POINT('',(154.,170.28718839432,169.51569963682));
#11342 = DIRECTION('',(0.,-0.978147600734,0.207911690818));
#11343 = DIRECTION('',(1.,0.,0.));
#11344 = PCURVE('',#2963,#11345);
#11345 = DEFINITIONAL_REPRESENTATION('',(#11346),#11350);
#11346 = LINE('',#11347,#11348);
#11347 = CARTESIAN_POINT('',(0.,3.5));
#11348 = VECTOR('',#11349,1.);
#11349 = DIRECTION('',(1.,0.));
#11350 = ( GEOMETRIC_REPRESENTATION_CONTEXT(2) 
PARAMETRIC_REPRESENTATION_CONTEXT() REPRESENTATION_CONTEXT('2D SPACE',''
  ) );
#11351 = PCURVE('',#11352,#11357);
#11352 = PLANE('',#11353);
#11353 = AXIS2_PLACEMENT_3D('',#11354,#11355,#11356);
#11354 = CARTESIAN_POINT('',(154.,170.28718839432,169.51569963682));
#11355 = DIRECTION('',(0.,-0.978147600734,0.207911690818));
#11356 = DIRECTION('',(1.,0.,0.));
#11357 = DEFINITIONAL_REPRESENTATION('',(#11358),#11362);
#11358 = CIRCLE('',#11359,1.7);
#11359 = AXIS2_PLACEMENT_2D('',#11360,#11361);
#11360 = CARTESIAN_POINT('',(0.,-5.909205663606E-15));
#11361 = DIRECTION('',(1.,0.));
#11362 = ( GEOMETRIC_REPRESENTATION_CONTEXT(2) 
PARAMETRIC_REPRESENTATION_CONTEXT() REPRESENTATION_CONTEXT('2D SPACE',''
  ) );
#11363 = ORIENTED_EDGE('',*,*,#11364,.T.);
#11364 = EDGE_CURVE('',#11336,#2947,#11365,.T.);
#11365 = SEAM_CURVE('',#11366,(#11370,#11377),.PCURVE_S1.);
#11366 = LINE('',#11367,#11368);
#11367 = CARTESIAN_POINT('',(155.7,173.71070499688,168.78800871895));
#11368 = VECTOR('',#11369,1.);
#11369 = DIRECTION('',(0.,-0.978147600734,0.207911690818));
#11370 = PCURVE('',#2963,#11371);
#11371 = DEFINITIONAL_REPRESENTATION('',(#11372),#11376);
#11372 = LINE('',#11373,#11374);
#11373 = CARTESIAN_POINT('',(0.,-0.));
#11374 = VECTOR('',#11375,1.);
#11375 = DIRECTION('',(0.,1.));
#11376 = ( GEOMETRIC_REPRESENTATION_CONTEXT(2) 
PARAMETRIC_REPRESENTATION_CONTEXT() REPRESENTATION_CONTEXT('2D SPACE',''
  ) );
#11377 = PCURVE('',#2963,#11378);
#11378 = DEFINITIONAL_REPRESENTATION('',(#11379),#11383);
#11379 = LINE('',#11380,#11381);
#11380 = CARTESIAN_POINT('',(6.28318530718,-0.));
#11381 = VECTOR('',#11382,1.);
#11382 = DIRECTION('',(0.,1.));
#11383 = ( GEOMETRIC_REPRESENTATION_CONTEXT(2) 
PARAMETRIC_REPRESENTATION_CONTEXT() REPRESENTATION_CONTEXT('2D SPACE',''
  ) );
#11384 = ORIENTED_EDGE('',*,*,#2946,.F.);
#11385 = ORIENTED_EDGE('',*,*,#11364,.F.);
#11386 = ADVANCED_FACE('',(#11387),#2994,.F.);
#11387 = FACE_BOUND('',#11388,.T.);
#11388 = EDGE_LOOP('',(#11389,#11412,#11413,#11414));
#11389 = ORIENTED_EDGE('',*,*,#11390,.F.);
#11390 = EDGE_CURVE('',#11009,#11391,#11393,.T.);
#11391 = VERTEX_POINT('',#11392);
#11392 = CARTESIAN_POINT('',(158.,288.61512941223,133.83849330905));
#11393 = SURFACE_CURVE('',#11394,(#11398,#11405),.PCURVE_S1.);
#11394 = LINE('',#11395,#11396);
#11395 = CARTESIAN_POINT('',(-170.,288.61512941223,133.83849330905));
#11396 = VECTOR('',#11397,1.);
#11397 = DIRECTION('',(1.,0.,0.));
#11398 = PCURVE('',#2994,#11399);
#11399 = DEFINITIONAL_REPRESENTATION('',(#11400),#11404);
#11400 = LINE('',#11401,#11402);
#11401 = CARTESIAN_POINT('',(-4.975458199959,-170.));
#11402 = VECTOR('',#11403,1.);
#11403 = DIRECTION('',(0.,1.));
#11404 = ( GEOMETRIC_REPRESENTATION_CONTEXT(2) 
PARAMETRIC_REPRESENTATION_CONTEXT() REPRESENTATION_CONTEXT('2D SPACE',''
  ) );
#11405 = PCURVE('',#9707,#11406);
#11406 = DEFINITIONAL_REPRESENTATION('',(#11407),#11411);
#11407 = LINE('',#11408,#11409);
#11408 = CARTESIAN_POINT('',(34.05771384474,-170.));
#11409 = VECTOR('',#11410,1.);
#11410 = DIRECTION('',(0.,1.));
#11411 = ( GEOMETRIC_REPRESENTATION_CONTEXT(2) 
PARAMETRIC_REPRESENTATION_CONTEXT() REPRESENTATION_CONTEXT('2D SPACE',''
  ) );
#11412 = ORIENTED_EDGE('',*,*,#11032,.T.);
#11413 = ORIENTED_EDGE('',*,*,#2978,.T.);
#11414 = ORIENTED_EDGE('',*,*,#11415,.F.);
#11415 = EDGE_CURVE('',#11391,#2979,#11416,.T.);
#11416 = SURFACE_CURVE('',#11417,(#11422,#11429),.PCURVE_S1.);
#11417 = CIRCLE('',#11418,25.);
#11418 = AXIS2_PLACEMENT_3D('',#11419,#11420,#11421);
#11419 = CARTESIAN_POINT('',(158.,295.11626439748,157.97840308319));
#11420 = DIRECTION('',(-1.,-0.,0.));
#11421 = DIRECTION('',(0.,-0.26004539941,-0.965596390966));
#11422 = PCURVE('',#2994,#11423);
#11423 = DEFINITIONAL_REPRESENTATION('',(#11424),#11428);
#11424 = LINE('',#11425,#11426);
#11425 = CARTESIAN_POINT('',(-4.975458199959,158.));
#11426 = VECTOR('',#11427,1.);
#11427 = DIRECTION('',(-1.,0.));
#11428 = ( GEOMETRIC_REPRESENTATION_CONTEXT(2) 
PARAMETRIC_REPRESENTATION_CONTEXT() REPRESENTATION_CONTEXT('2D SPACE',''
  ) );
#11429 = PCURVE('',#3567,#11430);
#11430 = DEFINITIONAL_REPRESENTATION('',(#11431),#11435);
#11431 = LINE('',#11432,#11433);
#11432 = CARTESIAN_POINT('',(0.,3.14159265359));
#11433 = VECTOR('',#11434,1.);
#11434 = DIRECTION('',(1.,0.));
#11435 = ( GEOMETRIC_REPRESENTATION_CONTEXT(2) 
PARAMETRIC_REPRESENTATION_CONTEXT() REPRESENTATION_CONTEXT('2D SPACE',''
  ) );
#11436 = ADVANCED_FACE('',(#11437),#3048,.T.);
#11437 = FACE_BOUND('',#11438,.T.);
#11438 = EDGE_LOOP('',(#11439,#11462,#11485,#11506));
#11439 = ORIENTED_EDGE('',*,*,#11440,.F.);
#11440 = EDGE_CURVE('',#11441,#3034,#11443,.T.);
#11441 = VERTEX_POINT('',#11442);
#11442 = CARTESIAN_POINT('',(-138.,297.2453718205,288.));
#11443 = SURFACE_CURVE('',#11444,(#11448,#11455),.PCURVE_S1.);
#11444 = LINE('',#11445,#11446);
#11445 = CARTESIAN_POINT('',(-138.,297.2453718205,288.));
#11446 = VECTOR('',#11447,1.);
#11447 = DIRECTION('',(0.,0.,1.));
#11448 = PCURVE('',#3048,#11449);
#11449 = DEFINITIONAL_REPRESENTATION('',(#11450),#11454);
#11450 = LINE('',#11451,#11452);
#11451 = CARTESIAN_POINT('',(0.,14.));
#11452 = VECTOR('',#11453,1.);
#11453 = DIRECTION('',(1.,0.));
#11454 = ( GEOMETRIC_REPRESENTATION_CONTEXT(2) 
PARAMETRIC_REPRESENTATION_CONTEXT() REPRESENTATION_CONTEXT('2D SPACE',''
  ) );
#11455 = PCURVE('',#3124,#11456);
#11456 = DEFINITIONAL_REPRESENTATION('',(#11457),#11461);
#11457 = LINE('',#11458,#11459);
#11458 = CARTESIAN_POINT('',(0.,-14.));
#11459 = VECTOR('',#11460,1.);
#11460 = DIRECTION('',(1.,0.));
#11461 = ( GEOMETRIC_REPRESENTATION_CONTEXT(2) 
PARAMETRIC_REPRESENTATION_CONTEXT() REPRESENTATION_CONTEXT('2D SPACE',''
  ) );
#11462 = ORIENTED_EDGE('',*,*,#11463,.F.);
#11463 = EDGE_CURVE('',#11464,#11441,#11466,.T.);
#11464 = VERTEX_POINT('',#11465);
#11465 = CARTESIAN_POINT('',(-152.,297.2453718205,288.));
#11466 = SURFACE_CURVE('',#11467,(#11471,#11478),.PCURVE_S1.);
#11467 = LINE('',#11468,#11469);
#11468 = CARTESIAN_POINT('',(-152.,297.2453718205,288.));
#11469 = VECTOR('',#11470,1.);
#11470 = DIRECTION('',(1.,0.,-0.));
#11471 = PCURVE('',#3048,#11472);
#11472 = DEFINITIONAL_REPRESENTATION('',(#11473),#11477);
#11473 = LINE('',#11474,#11475);
#11474 = CARTESIAN_POINT('',(0.,0.));
#11475 = VECTOR('',#11476,1.);
#11476 = DIRECTION('',(0.,1.));
#11477 = ( GEOMETRIC_REPRESENTATION_CONTEXT(2) 
PARAMETRIC_REPRESENTATION_CONTEXT() REPRESENTATION_CONTEXT('2D SPACE',''
  ) );
#11478 = PCURVE('',#3100,#11479);
#11479 = DEFINITIONAL_REPRESENTATION('',(#11480),#11484);
#11480 = LINE('',#11481,#11482);
#11481 = CARTESIAN_POINT('',(0.,14.));
#11482 = VECTOR('',#11483,1.);
#11483 = DIRECTION('',(1.,0.));
#11484 = ( GEOMETRIC_REPRESENTATION_CONTEXT(2) 
PARAMETRIC_REPRESENTATION_CONTEXT() REPRESENTATION_CONTEXT('2D SPACE',''
  ) );
#11485 = ORIENTED_EDGE('',*,*,#11486,.T.);
#11486 = EDGE_CURVE('',#11464,#3032,#11487,.T.);
#11487 = SURFACE_CURVE('',#11488,(#11492,#11499),.PCURVE_S1.);
#11488 = LINE('',#11489,#11490);
#11489 = CARTESIAN_POINT('',(-152.,297.2453718205,288.));
#11490 = VECTOR('',#11491,1.);
#11491 = DIRECTION('',(0.,0.,1.));
#11492 = PCURVE('',#3048,#11493);
#11493 = DEFINITIONAL_REPRESENTATION('',(#11494),#11498);
#11494 = LINE('',#11495,#11496);
#11495 = CARTESIAN_POINT('',(0.,0.));
#11496 = VECTOR('',#11497,1.);
#11497 = DIRECTION('',(1.,0.));
#11498 = ( GEOMETRIC_REPRESENTATION_CONTEXT(2) 
PARAMETRIC_REPRESENTATION_CONTEXT() REPRESENTATION_CONTEXT('2D SPACE',''
  ) );
#11499 = PCURVE('',#3074,#11500);
#11500 = DEFINITIONAL_REPRESENTATION('',(#11501),#11505);
#11501 = LINE('',#11502,#11503);
#11502 = CARTESIAN_POINT('',(0.,-14.));
#11503 = VECTOR('',#11504,1.);
#11504 = DIRECTION('',(1.,0.));
#11505 = ( GEOMETRIC_REPRESENTATION_CONTEXT(2) 
PARAMETRIC_REPRESENTATION_CONTEXT() REPRESENTATION_CONTEXT('2D SPACE',''
  ) );
#11506 = ORIENTED_EDGE('',*,*,#3031,.T.);
#11507 = ADVANCED_FACE('',(#11508),#3074,.F.);
#11508 = FACE_BOUND('',#11509,.F.);
#11509 = EDGE_LOOP('',(#11510,#11511,#11532));
#11510 = ORIENTED_EDGE('',*,*,#3059,.T.);
#11511 = ORIENTED_EDGE('',*,*,#11512,.T.);
#11512 = EDGE_CURVE('',#3060,#11464,#11513,.T.);
#11513 = SURFACE_CURVE('',#11514,(#11518,#11525),.PCURVE_S1.);
#11514 = LINE('',#11515,#11516);
#11515 = CARTESIAN_POINT('',(-152.,283.2453718205,288.));
#11516 = VECTOR('',#11517,1.);
#11517 = DIRECTION('',(-0.,1.,0.));
#11518 = PCURVE('',#3074,#11519);
#11519 = DEFINITIONAL_REPRESENTATION('',(#11520),#11524);
#11520 = LINE('',#11521,#11522);
#11521 = CARTESIAN_POINT('',(0.,0.));
#11522 = VECTOR('',#11523,1.);
#11523 = DIRECTION('',(0.,-1.));
#11524 = ( GEOMETRIC_REPRESENTATION_CONTEXT(2) 
PARAMETRIC_REPRESENTATION_CONTEXT() REPRESENTATION_CONTEXT('2D SPACE',''
  ) );
#11525 = PCURVE('',#3100,#11526);
#11526 = DEFINITIONAL_REPRESENTATION('',(#11527),#11531);
#11527 = LINE('',#11528,#11529);
#11528 = CARTESIAN_POINT('',(0.,0.));
#11529 = VECTOR('',#11530,1.);
#11530 = DIRECTION('',(0.,1.));
#11531 = ( GEOMETRIC_REPRESENTATION_CONTEXT(2) 
PARAMETRIC_REPRESENTATION_CONTEXT() REPRESENTATION_CONTEXT('2D SPACE',''
  ) );
#11532 = ORIENTED_EDGE('',*,*,#11486,.T.);
#11533 = ADVANCED_FACE('',(#11534),#3124,.T.);
#11534 = FACE_BOUND('',#11535,.T.);
#11535 = EDGE_LOOP('',(#11536,#11537,#11558));
#11536 = ORIENTED_EDGE('',*,*,#3111,.T.);
#11537 = ORIENTED_EDGE('',*,*,#11538,.T.);
#11538 = EDGE_CURVE('',#3086,#11441,#11539,.T.);
#11539 = SURFACE_CURVE('',#11540,(#11544,#11551),.PCURVE_S1.);
#11540 = LINE('',#11541,#11542);
#11541 = CARTESIAN_POINT('',(-138.,283.2453718205,288.));
#11542 = VECTOR('',#11543,1.);
#11543 = DIRECTION('',(-0.,1.,0.));
#11544 = PCURVE('',#3124,#11545);
#11545 = DEFINITIONAL_REPRESENTATION('',(#11546),#11550);
#11546 = LINE('',#11547,#11548);
#11547 = CARTESIAN_POINT('',(0.,0.));
#11548 = VECTOR('',#11549,1.);
#11549 = DIRECTION('',(0.,-1.));
#11550 = ( GEOMETRIC_REPRESENTATION_CONTEXT(2) 
PARAMETRIC_REPRESENTATION_CONTEXT() REPRESENTATION_CONTEXT('2D SPACE',''
  ) );
#11551 = PCURVE('',#3100,#11552);
#11552 = DEFINITIONAL_REPRESENTATION('',(#11553),#11557);
#11553 = LINE('',#11554,#11555);
#11554 = CARTESIAN_POINT('',(14.,0.));
#11555 = VECTOR('',#11556,1.);
#11556 = DIRECTION('',(0.,1.));
#11557 = ( GEOMETRIC_REPRESENTATION_CONTEXT(2) 
PARAMETRIC_REPRESENTATION_CONTEXT() REPRESENTATION_CONTEXT('2D SPACE',''
  ) );
#11558 = ORIENTED_EDGE('',*,*,#11440,.T.);
#11559 = ADVANCED_FACE('',(#11560),#3100,.F.);
#11560 = FACE_BOUND('',#11561,.F.);
#11561 = EDGE_LOOP('',(#11562,#11563,#11564,#11565));
#11562 = ORIENTED_EDGE('',*,*,#11512,.F.);
#11563 = ORIENTED_EDGE('',*,*,#3085,.T.);
#11564 = ORIENTED_EDGE('',*,*,#11538,.T.);
#11565 = ORIENTED_EDGE('',*,*,#11463,.F.);
#11566 = ADVANCED_FACE('',(#11567),#3154,.T.);
#11567 = FACE_BOUND('',#11568,.T.);
#11568 = EDGE_LOOP('',(#11569,#11592,#11615,#11636));
#11569 = ORIENTED_EDGE('',*,*,#11570,.F.);
#11570 = EDGE_CURVE('',#11571,#3140,#11573,.T.);
#11571 = VERTEX_POINT('',#11572);
#11572 = CARTESIAN_POINT('',(152.,297.2453718205,288.));
#11573 = SURFACE_CURVE('',#11574,(#11578,#11585),.PCURVE_S1.);
#11574 = LINE('',#11575,#11576);
#11575 = CARTESIAN_POINT('',(152.,297.2453718205,288.));
#11576 = VECTOR('',#11577,1.);
#11577 = DIRECTION('',(0.,0.,1.));
#11578 = PCURVE('',#3154,#11579);
#11579 = DEFINITIONAL_REPRESENTATION('',(#11580),#11584);
#11580 = LINE('',#11581,#11582);
#11581 = CARTESIAN_POINT('',(0.,14.));
#11582 = VECTOR('',#11583,1.);
#11583 = DIRECTION('',(1.,0.));
#11584 = ( GEOMETRIC_REPRESENTATION_CONTEXT(2) 
PARAMETRIC_REPRESENTATION_CONTEXT() REPRESENTATION_CONTEXT('2D SPACE',''
  ) );
#11585 = PCURVE('',#3230,#11586);
#11586 = DEFINITIONAL_REPRESENTATION('',(#11587),#11591);
#11587 = LINE('',#11588,#11589);
#11588 = CARTESIAN_POINT('',(0.,-14.));
#11589 = VECTOR('',#11590,1.);
#11590 = DIRECTION('',(1.,0.));
#11591 = ( GEOMETRIC_REPRESENTATION_CONTEXT(2) 
PARAMETRIC_REPRESENTATION_CONTEXT() REPRESENTATION_CONTEXT('2D SPACE',''
  ) );
#11592 = ORIENTED_EDGE('',*,*,#11593,.F.);
#11593 = EDGE_CURVE('',#11594,#11571,#11596,.T.);
#11594 = VERTEX_POINT('',#11595);
#11595 = CARTESIAN_POINT('',(138.,297.2453718205,288.));
#11596 = SURFACE_CURVE('',#11597,(#11601,#11608),.PCURVE_S1.);
#11597 = LINE('',#11598,#11599);
#11598 = CARTESIAN_POINT('',(138.,297.2453718205,288.));
#11599 = VECTOR('',#11600,1.);
#11600 = DIRECTION('',(1.,0.,-0.));
#11601 = PCURVE('',#3154,#11602);
#11602 = DEFINITIONAL_REPRESENTATION('',(#11603),#11607);
#11603 = LINE('',#11604,#11605);
#11604 = CARTESIAN_POINT('',(0.,0.));
#11605 = VECTOR('',#11606,1.);
#11606 = DIRECTION('',(0.,1.));
#11607 = ( GEOMETRIC_REPRESENTATION_CONTEXT(2) 
PARAMETRIC_REPRESENTATION_CONTEXT() REPRESENTATION_CONTEXT('2D SPACE',''
  ) );
#11608 = PCURVE('',#3206,#11609);
#11609 = DEFINITIONAL_REPRESENTATION('',(#11610),#11614);
#11610 = LINE('',#11611,#11612);
#11611 = CARTESIAN_POINT('',(0.,14.));
#11612 = VECTOR('',#11613,1.);
#11613 = DIRECTION('',(1.,0.));
#11614 = ( GEOMETRIC_REPRESENTATION_CONTEXT(2) 
PARAMETRIC_REPRESENTATION_CONTEXT() REPRESENTATION_CONTEXT('2D SPACE',''
  ) );
#11615 = ORIENTED_EDGE('',*,*,#11616,.T.);
#11616 = EDGE_CURVE('',#11594,#3138,#11617,.T.);
#11617 = SURFACE_CURVE('',#11618,(#11622,#11629),.PCURVE_S1.);
#11618 = LINE('',#11619,#11620);
#11619 = CARTESIAN_POINT('',(138.,297.2453718205,288.));
#11620 = VECTOR('',#11621,1.);
#11621 = DIRECTION('',(0.,0.,1.));
#11622 = PCURVE('',#3154,#11623);
#11623 = DEFINITIONAL_REPRESENTATION('',(#11624),#11628);
#11624 = LINE('',#11625,#11626);
#11625 = CARTESIAN_POINT('',(0.,0.));
#11626 = VECTOR('',#11627,1.);
#11627 = DIRECTION('',(1.,0.));
#11628 = ( GEOMETRIC_REPRESENTATION_CONTEXT(2) 
PARAMETRIC_REPRESENTATION_CONTEXT() REPRESENTATION_CONTEXT('2D SPACE',''
  ) );
#11629 = PCURVE('',#3180,#11630);
#11630 = DEFINITIONAL_REPRESENTATION('',(#11631),#11635);
#11631 = LINE('',#11632,#11633);
#11632 = CARTESIAN_POINT('',(0.,-14.));
#11633 = VECTOR('',#11634,1.);
#11634 = DIRECTION('',(1.,0.));
#11635 = ( GEOMETRIC_REPRESENTATION_CONTEXT(2) 
PARAMETRIC_REPRESENTATION_CONTEXT() REPRESENTATION_CONTEXT('2D SPACE',''
  ) );
#11636 = ORIENTED_EDGE('',*,*,#3137,.T.);
#11637 = ADVANCED_FACE('',(#11638),#3230,.T.);
#11638 = FACE_BOUND('',#11639,.T.);
#11639 = EDGE_LOOP('',(#11640,#11641,#11662));
#11640 = ORIENTED_EDGE('',*,*,#3217,.T.);
#11641 = ORIENTED_EDGE('',*,*,#11642,.T.);
#11642 = EDGE_CURVE('',#3192,#11571,#11643,.T.);
#11643 = SURFACE_CURVE('',#11644,(#11648,#11655),.PCURVE_S1.);
#11644 = LINE('',#11645,#11646);
#11645 = CARTESIAN_POINT('',(152.,283.2453718205,288.));
#11646 = VECTOR('',#11647,1.);
#11647 = DIRECTION('',(-0.,1.,0.));
#11648 = PCURVE('',#3230,#11649);
#11649 = DEFINITIONAL_REPRESENTATION('',(#11650),#11654);
#11650 = LINE('',#11651,#11652);
#11651 = CARTESIAN_POINT('',(0.,0.));
#11652 = VECTOR('',#11653,1.);
#11653 = DIRECTION('',(0.,-1.));
#11654 = ( GEOMETRIC_REPRESENTATION_CONTEXT(2) 
PARAMETRIC_REPRESENTATION_CONTEXT() REPRESENTATION_CONTEXT('2D SPACE',''
  ) );
#11655 = PCURVE('',#3206,#11656);
#11656 = DEFINITIONAL_REPRESENTATION('',(#11657),#11661);
#11657 = LINE('',#11658,#11659);
#11658 = CARTESIAN_POINT('',(14.,0.));
#11659 = VECTOR('',#11660,1.);
#11660 = DIRECTION('',(0.,1.));
#11661 = ( GEOMETRIC_REPRESENTATION_CONTEXT(2) 
PARAMETRIC_REPRESENTATION_CONTEXT() REPRESENTATION_CONTEXT('2D SPACE',''
  ) );
#11662 = ORIENTED_EDGE('',*,*,#11570,.T.);
#11663 = ADVANCED_FACE('',(#11664),#3206,.F.);
#11664 = FACE_BOUND('',#11665,.F.);
#11665 = EDGE_LOOP('',(#11666,#11687,#11688,#11689));
#11666 = ORIENTED_EDGE('',*,*,#11667,.F.);
#11667 = EDGE_CURVE('',#3166,#11594,#11668,.T.);
#11668 = SURFACE_CURVE('',#11669,(#11673,#11680),.PCURVE_S1.);
#11669 = LINE('',#11670,#11671);
#11670 = CARTESIAN_POINT('',(138.,283.2453718205,288.));
#11671 = VECTOR('',#11672,1.);
#11672 = DIRECTION('',(-0.,1.,0.));
#11673 = PCURVE('',#3206,#11674);
#11674 = DEFINITIONAL_REPRESENTATION('',(#11675),#11679);
#11675 = LINE('',#11676,#11677);
#11676 = CARTESIAN_POINT('',(0.,0.));
#11677 = VECTOR('',#11678,1.);
#11678 = DIRECTION('',(0.,1.));
#11679 = ( GEOMETRIC_REPRESENTATION_CONTEXT(2) 
PARAMETRIC_REPRESENTATION_CONTEXT() REPRESENTATION_CONTEXT('2D SPACE',''
  ) );
#11680 = PCURVE('',#3180,#11681);
#11681 = DEFINITIONAL_REPRESENTATION('',(#11682),#11686);
#11682 = LINE('',#11683,#11684);
#11683 = CARTESIAN_POINT('',(0.,0.));
#11684 = VECTOR('',#11685,1.);
#11685 = DIRECTION('',(0.,-1.));
#11686 = ( GEOMETRIC_REPRESENTATION_CONTEXT(2) 
PARAMETRIC_REPRESENTATION_CONTEXT() REPRESENTATION_CONTEXT('2D SPACE',''
  ) );
#11687 = ORIENTED_EDGE('',*,*,#3191,.T.);
#11688 = ORIENTED_EDGE('',*,*,#11642,.T.);
#11689 = ORIENTED_EDGE('',*,*,#11593,.F.);
#11690 = ADVANCED_FACE('',(#11691),#3180,.F.);
#11691 = FACE_BOUND('',#11692,.F.);
#11692 = EDGE_LOOP('',(#11693,#11694,#11695));
#11693 = ORIENTED_EDGE('',*,*,#3165,.T.);
#11694 = ORIENTED_EDGE('',*,*,#11667,.T.);
#11695 = ORIENTED_EDGE('',*,*,#11616,.T.);
#11696 = ADVANCED_FACE('',(#11697),#3311,.F.);
#11697 = FACE_BOUND('',#11698,.T.);
#11698 = EDGE_LOOP('',(#11699,#11700,#11726,#11727));
#11699 = ORIENTED_EDGE('',*,*,#3295,.F.);
#11700 = ORIENTED_EDGE('',*,*,#11701,.F.);
#11701 = EDGE_CURVE('',#9935,#3269,#11702,.T.);
#11702 = SURFACE_CURVE('',#11703,(#11708,#11715),.PCURVE_S1.);
#11703 = CIRCLE('',#11704,8.);
#11704 = AXIS2_PLACEMENT_3D('',#11705,#11706,#11707);
#11705 = CARTESIAN_POINT('',(-142.,165.03982483589,132.80445918262));
#11706 = DIRECTION('',(0.,0.978147600734,-0.207911690818));
#11707 = DIRECTION('',(-1.,0.,-0.));
#11708 = PCURVE('',#3311,#11709);
#11709 = DEFINITIONAL_REPRESENTATION('',(#11710),#11714);
#11710 = LINE('',#11711,#11712);
#11711 = CARTESIAN_POINT('',(-6.28318530718,0.500000000001));
#11712 = VECTOR('',#11713,1.);
#11713 = DIRECTION('',(1.,-0.));
#11714 = ( GEOMETRIC_REPRESENTATION_CONTEXT(2) 
PARAMETRIC_REPRESENTATION_CONTEXT() REPRESENTATION_CONTEXT('2D SPACE',''
  ) );
#11715 = PCURVE('',#3284,#11716);
#11716 = DEFINITIONAL_REPRESENTATION('',(#11717),#11725);
#11717 = ( BOUNDED_CURVE() B_SPLINE_CURVE(2,(#11718,#11719,#11720,#11721
    ,#11722,#11723,#11724),.UNSPECIFIED.,.T.,.F.) 
B_SPLINE_CURVE_WITH_KNOTS((1,2,2,2,2,1),(-2.094395102393,0.,
    2.094395102393,4.188790204786,6.28318530718,8.377580409573),
.UNSPECIFIED.) CURVE() GEOMETRIC_REPRESENTATION_ITEM() 
RATIONAL_B_SPLINE_CURVE((1.,0.5,1.,0.5,1.,0.5,1.)) REPRESENTATION_ITEM(
  '') );
#11718 = CARTESIAN_POINT('',(210.825,-150.));
#11719 = CARTESIAN_POINT('',(196.96859353944,-150.));
#11720 = CARTESIAN_POINT('',(203.89679676972,-138.));
#11721 = CARTESIAN_POINT('',(210.825,-126.));
#11722 = CARTESIAN_POINT('',(217.75320323027,-138.));
#11723 = CARTESIAN_POINT('',(224.68140646055,-150.));
#11724 = CARTESIAN_POINT('',(210.825,-150.));
#11725 = ( GEOMETRIC_REPRESENTATION_CONTEXT(2) 
PARAMETRIC_REPRESENTATION_CONTEXT() REPRESENTATION_CONTEXT('2D SPACE',''
  ) );
#11726 = ORIENTED_EDGE('',*,*,#9956,.F.);
#11727 = ORIENTED_EDGE('',*,*,#3625,.F.);
#11728 = ADVANCED_FACE('',(#11729),#3284,.F.);
#11729 = FACE_BOUND('',#11730,.F.);
#11730 = EDGE_LOOP('',(#11731,#11732,#11733,#11734));
#11731 = ORIENTED_EDGE('',*,*,#9934,.T.);
#11732 = ORIENTED_EDGE('',*,*,#11057,.T.);
#11733 = ORIENTED_EDGE('',*,*,#3268,.F.);
#11734 = ORIENTED_EDGE('',*,*,#11701,.F.);
#11735 = ADVANCED_FACE('',(#11736),#3364,.F.);
#11736 = FACE_BOUND('',#11737,.F.);
#11737 = EDGE_LOOP('',(#11738,#11739));
#11738 = ORIENTED_EDGE('',*,*,#3347,.T.);
#11739 = ORIENTED_EDGE('',*,*,#11740,.F.);
#11740 = EDGE_CURVE('',#3348,#3350,#11741,.T.);
#11741 = SURFACE_CURVE('',#11742,(#11747,#11758),.PCURVE_S1.);
#11742 = CIRCLE('',#11743,6.);
#11743 = AXIS2_PLACEMENT_3D('',#11744,#11745,#11746);
#11744 = CARTESIAN_POINT('',(-154.,177.62329539982,167.95636195568));
#11745 = DIRECTION('',(1.387778780781E-17,0.978147600734,-0.207911690818
    ));
#11746 = DIRECTION('',(0.666666666667,0.154968224662,0.729068175756));
#11747 = PCURVE('',#3364,#11748);
#11748 = DEFINITIONAL_REPRESENTATION('',(#11749),#11757);
#11749 = ( BOUNDED_CURVE() B_SPLINE_CURVE(2,(#11750,#11751,#11752,#11753
    ,#11754,#11755,#11756),.UNSPECIFIED.,.T.,.F.) 
B_SPLINE_CURVE_WITH_KNOTS((1,2,2,2,2,1),(-2.094395102393,0.,
    2.094395102393,4.188790204786,6.28318530718,8.377580409573),
.UNSPECIFIED.) CURVE() GEOMETRIC_REPRESENTATION_ITEM() 
RATIONAL_B_SPLINE_CURVE((1.,0.5,1.,0.5,1.,0.5,1.)) REPRESENTATION_ITEM(
  '') );
#11750 = CARTESIAN_POINT('',(4.,4.472135955));
#11751 = CARTESIAN_POINT('',(11.745966692415,-2.456067275276));
#11752 = CARTESIAN_POINT('',(1.872983346207,-5.700169592638));
#11753 = CARTESIAN_POINT('',(-8.,-8.944271909999));
#11754 = CARTESIAN_POINT('',(-5.872983346207,1.228033637638));
#11755 = CARTESIAN_POINT('',(-3.745966692415,11.400339185275));
#11756 = CARTESIAN_POINT('',(4.,4.472135955));
#11757 = ( GEOMETRIC_REPRESENTATION_CONTEXT(2) 
PARAMETRIC_REPRESENTATION_CONTEXT() REPRESENTATION_CONTEXT('2D SPACE',''
  ) );
#11758 = PCURVE('',#3390,#11759);
#11759 = DEFINITIONAL_REPRESENTATION('',(#11760),#11764);
#11760 = LINE('',#11761,#11762);
#11761 = CARTESIAN_POINT('',(7.124253977748,0.));
#11762 = VECTOR('',#11763,1.);
#11763 = DIRECTION('',(-1.,-0.));
#11764 = ( GEOMETRIC_REPRESENTATION_CONTEXT(2) 
PARAMETRIC_REPRESENTATION_CONTEXT() REPRESENTATION_CONTEXT('2D SPACE',''
  ) );
#11765 = ADVANCED_FACE('',(#11766),#3390,.T.);
#11766 = FACE_BOUND('',#11767,.T.);
#11767 = EDGE_LOOP('',(#11768,#11769,#11795,#11796));
#11768 = ORIENTED_EDGE('',*,*,#3427,.T.);
#11769 = ORIENTED_EDGE('',*,*,#11770,.T.);
#11770 = EDGE_CURVE('',#3402,#3376,#11771,.T.);
#11771 = SURFACE_CURVE('',#11772,(#11777,#11784),.PCURVE_S1.);
#11772 = CIRCLE('',#11773,6.);
#11773 = AXIS2_PLACEMENT_3D('',#11774,#11775,#11776);
#11774 = CARTESIAN_POINT('',(-154.,172.73255739615,168.99592040977));
#11775 = DIRECTION('',(1.387778780781E-17,0.978147600734,-0.207911690818
    ));
#11776 = DIRECTION('',(0.666666666667,0.154968224662,0.729068175756));
#11777 = PCURVE('',#3390,#11778);
#11778 = DEFINITIONAL_REPRESENTATION('',(#11779),#11783);
#11779 = LINE('',#11780,#11781);
#11780 = CARTESIAN_POINT('',(7.124253977748,5.));
#11781 = VECTOR('',#11782,1.);
#11782 = DIRECTION('',(-1.,-0.));
#11783 = ( GEOMETRIC_REPRESENTATION_CONTEXT(2) 
PARAMETRIC_REPRESENTATION_CONTEXT() REPRESENTATION_CONTEXT('2D SPACE',''
  ) );
#11784 = PCURVE('',#3416,#11785);
#11785 = DEFINITIONAL_REPRESENTATION('',(#11786),#11794);
#11786 = ( BOUNDED_CURVE() B_SPLINE_CURVE(2,(#11787,#11788,#11789,#11790
    ,#11791,#11792,#11793),.UNSPECIFIED.,.T.,.F.) 
B_SPLINE_CURVE_WITH_KNOTS((1,2,2,2,2,1),(-2.094395102393,0.,
    2.094395102393,4.188790204786,6.28318530718,8.377580409573),
.UNSPECIFIED.) CURVE() GEOMETRIC_REPRESENTATION_ITEM() 
RATIONAL_B_SPLINE_CURVE((1.,0.5,1.,0.5,1.,0.5,1.)) REPRESENTATION_ITEM(
  '') );
#11787 = CARTESIAN_POINT('',(4.,4.472135955));
#11788 = CARTESIAN_POINT('',(11.745966692415,-2.456067275276));
#11789 = CARTESIAN_POINT('',(1.872983346207,-5.700169592638));
#11790 = CARTESIAN_POINT('',(-8.,-8.944271909999));
#11791 = CARTESIAN_POINT('',(-5.872983346207,1.228033637638));
#11792 = CARTESIAN_POINT('',(-3.745966692415,11.400339185275));
#11793 = CARTESIAN_POINT('',(4.,4.472135955));
#11794 = ( GEOMETRIC_REPRESENTATION_CONTEXT(2) 
PARAMETRIC_REPRESENTATION_CONTEXT() REPRESENTATION_CONTEXT('2D SPACE',''
  ) );
#11795 = ORIENTED_EDGE('',*,*,#3375,.F.);
#11796 = ORIENTED_EDGE('',*,*,#11740,.F.);
#11797 = ADVANCED_FACE('',(#11798),#3416,.T.);
#11798 = FACE_BOUND('',#11799,.T.);
#11799 = EDGE_LOOP('',(#11800,#11801));
#11800 = ORIENTED_EDGE('',*,*,#11770,.F.);
#11801 = ORIENTED_EDGE('',*,*,#3401,.T.);
#11802 = ADVANCED_FACE('',(#11803),#3465,.F.);
#11803 = FACE_BOUND('',#11804,.F.);
#11804 = EDGE_LOOP('',(#11805,#11806));
#11805 = ORIENTED_EDGE('',*,*,#3448,.T.);
#11806 = ORIENTED_EDGE('',*,*,#11807,.F.);
#11807 = EDGE_CURVE('',#3449,#3451,#11808,.T.);
#11808 = SURFACE_CURVE('',#11809,(#11814,#11825),.PCURVE_S1.);
#11809 = CIRCLE('',#11810,6.);
#11810 = AXIS2_PLACEMENT_3D('',#11811,#11812,#11813);
#11811 = CARTESIAN_POINT('',(-154.,200.49358138977,275.5525980364));
#11812 = DIRECTION('',(0.,0.978147600734,-0.207911690818));
#11813 = DIRECTION('',(0.666666666667,0.154968224662,0.729068175756));
#11814 = PCURVE('',#3465,#11815);
#11815 = DEFINITIONAL_REPRESENTATION('',(#11816),#11824);
#11816 = ( BOUNDED_CURVE() B_SPLINE_CURVE(2,(#11817,#11818,#11819,#11820
    ,#11821,#11822,#11823),.UNSPECIFIED.,.T.,.F.) 
B_SPLINE_CURVE_WITH_KNOTS((1,2,2,2,2,1),(-2.094395102393,0.,
    2.094395102393,4.188790204786,6.28318530718,8.377580409573),
.UNSPECIFIED.) CURVE() GEOMETRIC_REPRESENTATION_ITEM() 
RATIONAL_B_SPLINE_CURVE((1.,0.5,1.,0.5,1.,0.5,1.)) REPRESENTATION_ITEM(
  '') );
#11817 = CARTESIAN_POINT('',(4.,4.472135955));
#11818 = CARTESIAN_POINT('',(11.745966692415,-2.456067275276));
#11819 = CARTESIAN_POINT('',(1.872983346207,-5.700169592638));
#11820 = CARTESIAN_POINT('',(-8.,-8.944271909999));
#11821 = CARTESIAN_POINT('',(-5.872983346207,1.228033637638));
#11822 = CARTESIAN_POINT('',(-3.745966692415,11.400339185275));
#11823 = CARTESIAN_POINT('',(4.,4.472135955));
#11824 = ( GEOMETRIC_REPRESENTATION_CONTEXT(2) 
PARAMETRIC_REPRESENTATION_CONTEXT() REPRESENTATION_CONTEXT('2D SPACE',''
  ) );
#11825 = PCURVE('',#3491,#11826);
#11826 = DEFINITIONAL_REPRESENTATION('',(#11827),#11831);
#11827 = LINE('',#11828,#11829);
#11828 = CARTESIAN_POINT('',(7.124253977748,0.));
#11829 = VECTOR('',#11830,1.);
#11830 = DIRECTION('',(-1.,-0.));
#11831 = ( GEOMETRIC_REPRESENTATION_CONTEXT(2) 
PARAMETRIC_REPRESENTATION_CONTEXT() REPRESENTATION_CONTEXT('2D SPACE',''
  ) );
#11832 = ADVANCED_FACE('',(#11833),#3491,.T.);
#11833 = FACE_BOUND('',#11834,.T.);
#11834 = EDGE_LOOP('',(#11835,#11836,#11862,#11863));
#11835 = ORIENTED_EDGE('',*,*,#3528,.T.);
#11836 = ORIENTED_EDGE('',*,*,#11837,.T.);
#11837 = EDGE_CURVE('',#3503,#3477,#11838,.T.);
#11838 = SURFACE_CURVE('',#11839,(#11844,#11851),.PCURVE_S1.);
#11839 = CIRCLE('',#11840,6.);
#11840 = AXIS2_PLACEMENT_3D('',#11841,#11842,#11843);
#11841 = CARTESIAN_POINT('',(-154.,195.6028433861,276.59215649049));
#11842 = DIRECTION('',(0.,0.978147600734,-0.207911690818));
#11843 = DIRECTION('',(0.666666666667,0.154968224662,0.729068175756));
#11844 = PCURVE('',#3491,#11845);
#11845 = DEFINITIONAL_REPRESENTATION('',(#11846),#11850);
#11846 = LINE('',#11847,#11848);
#11847 = CARTESIAN_POINT('',(7.124253977748,5.));
#11848 = VECTOR('',#11849,1.);
#11849 = DIRECTION('',(-1.,-0.));
#11850 = ( GEOMETRIC_REPRESENTATION_CONTEXT(2) 
PARAMETRIC_REPRESENTATION_CONTEXT() REPRESENTATION_CONTEXT('2D SPACE',''
  ) );
#11851 = PCURVE('',#3517,#11852);
#11852 = DEFINITIONAL_REPRESENTATION('',(#11853),#11861);
#11853 = ( BOUNDED_CURVE() B_SPLINE_CURVE(2,(#11854,#11855,#11856,#11857
    ,#11858,#11859,#11860),.UNSPECIFIED.,.T.,.F.) 
B_SPLINE_CURVE_WITH_KNOTS((1,2,2,2,2,1),(-2.094395102393,0.,
    2.094395102393,4.188790204786,6.28318530718,8.377580409573),
.UNSPECIFIED.) CURVE() GEOMETRIC_REPRESENTATION_ITEM() 
RATIONAL_B_SPLINE_CURVE((1.,0.5,1.,0.5,1.,0.5,1.)) REPRESENTATION_ITEM(
  '') );
#11854 = CARTESIAN_POINT('',(4.,4.472135955));
#11855 = CARTESIAN_POINT('',(11.745966692415,-2.456067275276));
#11856 = CARTESIAN_POINT('',(1.872983346207,-5.700169592638));
#11857 = CARTESIAN_POINT('',(-8.,-8.944271909999));
#11858 = CARTESIAN_POINT('',(-5.872983346207,1.228033637638));
#11859 = CARTESIAN_POINT('',(-3.745966692415,11.400339185275));
#11860 = CARTESIAN_POINT('',(4.,4.472135955));
#11861 = ( GEOMETRIC_REPRESENTATION_CONTEXT(2) 
PARAMETRIC_REPRESENTATION_CONTEXT() REPRESENTATION_CONTEXT('2D SPACE',''
  ) );
#11862 = ORIENTED_EDGE('',*,*,#3476,.F.);
#11863 = ORIENTED_EDGE('',*,*,#11807,.F.);
#11864 = ADVANCED_FACE('',(#11865),#3517,.T.);
#11865 = FACE_BOUND('',#11866,.T.);
#11866 = EDGE_LOOP('',(#11867,#11868));
#11867 = ORIENTED_EDGE('',*,*,#11837,.F.);
#11868 = ORIENTED_EDGE('',*,*,#3502,.T.);
#11869 = ADVANCED_FACE('',(#11870),#3567,.T.);
#11870 = FACE_BOUND('',#11871,.T.);
#11871 = EDGE_LOOP('',(#11872,#11894,#11895,#11896));
#11872 = ORIENTED_EDGE('',*,*,#11873,.F.);
#11873 = EDGE_CURVE('',#11391,#11874,#11876,.T.);
#11874 = VERTEX_POINT('',#11875);
#11875 = CARTESIAN_POINT('',(162.85278712657,288.34858088874,
    132.84874962245));
#11876 = SURFACE_CURVE('',#11877,(#11882,#11888),.PCURVE_S1.);
#11877 = CIRCLE('',#11878,12.);
#11878 = AXIS2_PLACEMENT_3D('',#11879,#11880,#11881);
#11879 = CARTESIAN_POINT('',(158.,285.49458461931,122.25133661747));
#11880 = DIRECTION('',(-0.,0.965596390966,-0.26004539941));
#11881 = DIRECTION('',(0.,0.26004539941,0.965596390966));
#11882 = PCURVE('',#3567,#11883);
#11883 = DEFINITIONAL_REPRESENTATION('',(#11884),#11887);
#11884 = B_SPLINE_CURVE_WITH_KNOTS('',1,(#11885,#11886),.UNSPECIFIED.,
  .F.,.F.,(2,2),(0.,1.570796326795),.PIECEWISE_BEZIER_KNOTS.);
#11885 = CARTESIAN_POINT('',(0.,3.14159265359));
#11886 = CARTESIAN_POINT('',(0.,4.712388980385));
#11887 = ( GEOMETRIC_REPRESENTATION_CONTEXT(2) 
PARAMETRIC_REPRESENTATION_CONTEXT() REPRESENTATION_CONTEXT('2D SPACE',''
  ) );
#11888 = PCURVE('',#9675,#11889);
#11889 = DEFINITIONAL_REPRESENTATION('',(#11890),#11893);
#11890 = B_SPLINE_CURVE_WITH_KNOTS('',1,(#11891,#11892),.UNSPECIFIED.,
  .F.,.F.,(2,2),(0.,1.570796326795),.PIECEWISE_BEZIER_KNOTS.);
#11891 = CARTESIAN_POINT('',(0.,34.05771384474));
#11892 = CARTESIAN_POINT('',(-1.570796326795,34.05771384474));
#11893 = ( GEOMETRIC_REPRESENTATION_CONTEXT(2) 
PARAMETRIC_REPRESENTATION_CONTEXT() REPRESENTATION_CONTEXT('2D SPACE',''
  ) );
#11894 = ORIENTED_EDGE('',*,*,#11415,.T.);
#11895 = ORIENTED_EDGE('',*,*,#3551,.T.);
#11896 = ORIENTED_EDGE('',*,*,#11897,.F.);
#11897 = EDGE_CURVE('',#11874,#3552,#11898,.T.);
#11898 = SURFACE_CURVE('',#11899,(#11926,#11956),.PCURVE_S1.);
#11899 = B_SPLINE_CURVE_WITH_KNOTS('',4,(#11900,#11901,#11902,#11903,
    #11904,#11905,#11906,#11907,#11908,#11909,#11910,#11911,#11912,
    #11913,#11914,#11915,#11916,#11917,#11918,#11919,#11920,#11921,
    #11922,#11923,#11924,#11925),.UNSPECIFIED.,.F.,.F.,(5,3,3,3,3,3,3,3,
    5),(0.,0.124901258755,0.250101258034,0.375301257314,0.500101258032,
    0.625301257312,0.750101258029,0.875301257309,1.),.UNSPECIFIED.);
#11900 = CARTESIAN_POINT('',(162.85278712657,288.34858088874,
    132.84874962245));
#11901 = CARTESIAN_POINT('',(162.85278712657,287.15808962706,
    133.16936160748));
#11902 = CARTESIAN_POINT('',(162.85278712657,285.98784360014,
    133.56517333913));
#11903 = CARTESIAN_POINT('',(162.85278712657,284.84499505446,
    134.03425743746));
#11904 = CARTESIAN_POINT('',(162.85278712657,282.6247652748,
    135.11378381253));
#11905 = CARTESIAN_POINT('',(162.85278712657,281.54753515477,
    135.72456735095));
#11906 = CARTESIAN_POINT('',(162.85278712657,280.51122501147,
    136.40246302818));
#11907 = CARTESIAN_POINT('',(162.85278712657,278.5323922084,
    137.88353936281));
#11908 = CARTESIAN_POINT('',(162.85278712657,277.58985881787,
    138.68672805175));
#11909 = CARTESIAN_POINT('',(162.85278712657,276.70018079027,
    139.54809572557));
#11910 = CARTESIAN_POINT('',(162.85278712657,275.03923777933,
    141.37323451578));
#11911 = CARTESIAN_POINT('',(162.85278712657,274.26759463813,
    142.33667947369));
#11912 = CARTESIAN_POINT('',(162.85278712657,273.55842369401,
    143.34699422479));
#11913 = CARTESIAN_POINT('',(162.85278712657,272.27067969233,
    145.45212573499));
#11914 = CARTESIAN_POINT('',(162.85278712657,271.692525544,
    146.54721433555));
#11915 = CARTESIAN_POINT('',(162.85278712657,271.18501167687,
    147.67677661226));
#11916 = CARTESIAN_POINT('',(162.85278712657,270.31789719432,
    149.98718258595));
#11917 = CARTESIAN_POINT('',(162.85278712657,269.95782453354,
    151.16786332317));
#11918 = CARTESIAN_POINT('',(162.85278712657,269.67313812192,
    152.36895156778));
#11919 = CARTESIAN_POINT('',(162.85278712657,269.25636915014,
    154.80126875788));
#11920 = CARTESIAN_POINT('',(162.85278712657,269.12477637886,
    156.03259511789));
#11921 = CARTESIAN_POINT('',(162.85278712657,269.07156759373,
    157.26978955996));
#11922 = CARTESIAN_POINT('',(162.85278712657,269.12151800802,
    159.73604908887));
#11923 = CARTESIAN_POINT('',(162.85278712657,269.22405228065,
    160.96514010559));
#11924 = CARTESIAN_POINT('',(162.85278712657,269.40404529968,
    162.18529604588));
#11925 = CARTESIAN_POINT('',(162.85278712657,269.65996560651,
    163.38930642705));
#11926 = PCURVE('',#3567,#11927);
#11927 = DEFINITIONAL_REPRESENTATION('',(#11928),#11955);
#11928 = B_SPLINE_CURVE_WITH_KNOTS('',4,(#11929,#11930,#11931,#11932,
    #11933,#11934,#11935,#11936,#11937,#11938,#11939,#11940,#11941,
    #11942,#11943,#11944,#11945,#11946,#11947,#11948,#11949,#11950,
    #11951,#11952,#11953,#11954),.UNSPECIFIED.,.F.,.F.,(5,3,3,3,3,3,3,3,
    5),(0.,0.124901258755,0.250101258034,0.375301257314,0.500101258032,
    0.625301257312,0.750101258029,0.875301257309,1.),.UNSPECIFIED.);
#11929 = CARTESIAN_POINT('',(0.,3.557914178761));
#11930 = CARTESIAN_POINT('',(4.73739625397E-02,3.557914178761));
#11931 = CARTESIAN_POINT('',(9.474800985953E-02,3.557914178761));
#11932 = CARTESIAN_POINT('',(0.142122057167,3.557914178761));
#11933 = CARTESIAN_POINT('',(0.236983291948,3.557914178761));
#11934 = CARTESIAN_POINT('',(0.284470649967,3.557914178761));
#11935 = CARTESIAN_POINT('',(0.331958007986,3.557914178761));
#11936 = CARTESIAN_POINT('',(0.426932552453,3.557914178761));
#11937 = CARTESIAN_POINT('',(0.474419910473,3.557914178761));
#11938 = CARTESIAN_POINT('',(0.521907268492,3.557914178761));
#11939 = CARTESIAN_POINT('',(0.616730096979,3.557914178761));
#11940 = CARTESIAN_POINT('',(0.664065737655,3.557914178761));
#11941 = CARTESIAN_POINT('',(0.711401378331,3.557914178761));
#11942 = CARTESIAN_POINT('',(0.806224206818,3.557914178761));
#11943 = CARTESIAN_POINT('',(0.853711564837,3.557914178761));
#11944 = CARTESIAN_POINT('',(0.901198922857,3.557914178761));
#11945 = CARTESIAN_POINT('',(0.996021751344,3.557914178761));
#11946 = CARTESIAN_POINT('',(1.04335739202,3.557914178761));
#11947 = CARTESIAN_POINT('',(1.090693032696,3.557914178761));
#11948 = CARTESIAN_POINT('',(1.185515861183,3.557914178761));
#11949 = CARTESIAN_POINT('',(1.233003219202,3.557914178761));
#11950 = CARTESIAN_POINT('',(1.280490577222,3.557914178761));
#11951 = CARTESIAN_POINT('',(1.375274999418,3.557914178761));
#11952 = CARTESIAN_POINT('',(1.422572233454,3.557914178761));
#11953 = CARTESIAN_POINT('',(1.469869467507,3.557914178761));
#11954 = CARTESIAN_POINT('',(1.51716661746,3.557914178761));
#11955 = ( GEOMETRIC_REPRESENTATION_CONTEXT(2) 
PARAMETRIC_REPRESENTATION_CONTEXT() REPRESENTATION_CONTEXT('2D SPACE',''
  ) );
#11956 = PCURVE('',#3868,#11957);
#11957 = DEFINITIONAL_REPRESENTATION('',(#11958),#11985);
#11958 = B_SPLINE_CURVE_WITH_KNOTS('',4,(#11959,#11960,#11961,#11962,
    #11963,#11964,#11965,#11966,#11967,#11968,#11969,#11970,#11971,
    #11972,#11973,#11974,#11975,#11976,#11977,#11978,#11979,#11980,
    #11981,#11982,#11983,#11984),.UNSPECIFIED.,.F.,.F.,(5,3,3,3,3,3,3,3,
    5),(0.,0.124901258755,0.250101258034,0.375301257314,0.500101258032,
    0.625301257312,0.750101258029,0.875301257309,1.),.UNSPECIFIED.);
#11959 = CARTESIAN_POINT('',(1.185927441319E-15,3.965055727124));
#11960 = CARTESIAN_POINT('',(-4.73739625397E-02,3.965055727124));
#11961 = CARTESIAN_POINT('',(-9.474800985953E-02,3.965055727124));
#11962 = CARTESIAN_POINT('',(-0.142122057167,3.965055727124));
#11963 = CARTESIAN_POINT('',(-0.236983291948,3.965055727124));
#11964 = CARTESIAN_POINT('',(-0.284470649967,3.965055727124));
#11965 = CARTESIAN_POINT('',(-0.331958007986,3.965055727124));
#11966 = CARTESIAN_POINT('',(-0.426932552453,3.965055727124));
#11967 = CARTESIAN_POINT('',(-0.474419910473,3.965055727124));
#11968 = CARTESIAN_POINT('',(-0.521907268492,3.965055727124));
#11969 = CARTESIAN_POINT('',(-0.616730096979,3.965055727124));
#11970 = CARTESIAN_POINT('',(-0.664065737655,3.965055727124));
#11971 = CARTESIAN_POINT('',(-0.711401378331,3.965055727124));
#11972 = CARTESIAN_POINT('',(-0.806224206818,3.965055727124));
#11973 = CARTESIAN_POINT('',(-0.853711564837,3.965055727124));
#11974 = CARTESIAN_POINT('',(-0.901198922857,3.965055727124));
#11975 = CARTESIAN_POINT('',(-0.996021751344,3.965055727124));
#11976 = CARTESIAN_POINT('',(-1.04335739202,3.965055727124));
#11977 = CARTESIAN_POINT('',(-1.090693032696,3.965055727124));
#11978 = CARTESIAN_POINT('',(-1.185515861183,3.965055727124));
#11979 = CARTESIAN_POINT('',(-1.233003219202,3.965055727124));
#11980 = CARTESIAN_POINT('',(-1.280490577222,3.965055727124));
#11981 = CARTESIAN_POINT('',(-1.375274999418,3.965055727124));
#11982 = CARTESIAN_POINT('',(-1.422572233454,3.965055727124));
#11983 = CARTESIAN_POINT('',(-1.469869467507,3.965055727124));
#11984 = CARTESIAN_POINT('',(-1.51716661746,3.965055727124));
#11985 = ( GEOMETRIC_REPRESENTATION_CONTEXT(2) 
PARAMETRIC_REPRESENTATION_CONTEXT() REPRESENTATION_CONTEXT('2D SPACE',''
  ) );
#11986 = ADVANCED_FACE('',(#11987),#3816,.F.);
#11987 = FACE_BOUND('',#11988,.F.);
#11988 = EDGE_LOOP('',(#11989,#11990,#12016,#12017));
#11989 = ORIENTED_EDGE('',*,*,#5485,.F.);
#11990 = ORIENTED_EDGE('',*,*,#11991,.T.);
#11991 = EDGE_CURVE('',#5459,#9984,#11992,.T.);
#11992 = SURFACE_CURVE('',#11993,(#11998,#12005),.PCURVE_S1.);
#11993 = CIRCLE('',#11994,8.);
#11994 = AXIS2_PLACEMENT_3D('',#11995,#11996,#11997);
#11995 = CARTESIAN_POINT('',(142.,165.03982483589,132.80445918262));
#11996 = DIRECTION('',(0.,0.978147600734,-0.207911690818));
#11997 = DIRECTION('',(1.,-0.,0.));
#11998 = PCURVE('',#3816,#11999);
#11999 = DEFINITIONAL_REPRESENTATION('',(#12000),#12004);
#12000 = LINE('',#12001,#12002);
#12001 = CARTESIAN_POINT('',(0.,0.500000000001));
#12002 = VECTOR('',#12003,1.);
#12003 = DIRECTION('',(1.,0.));
#12004 = ( GEOMETRIC_REPRESENTATION_CONTEXT(2) 
PARAMETRIC_REPRESENTATION_CONTEXT() REPRESENTATION_CONTEXT('2D SPACE',''
  ) );
#12005 = PCURVE('',#5474,#12006);
#12006 = DEFINITIONAL_REPRESENTATION('',(#12007),#12015);
#12007 = ( BOUNDED_CURVE() B_SPLINE_CURVE(2,(#12008,#12009,#12010,#12011
    ,#12012,#12013,#12014),.UNSPECIFIED.,.T.,.F.) 
B_SPLINE_CURVE_WITH_KNOTS((1,2,2,2,2,1),(-2.094395102393,0.,
    2.094395102393,4.188790204786,6.28318530718,8.377580409573),
.UNSPECIFIED.) CURVE() GEOMETRIC_REPRESENTATION_ITEM() 
RATIONAL_B_SPLINE_CURVE((1.,0.5,1.,0.5,1.,0.5,1.)) REPRESENTATION_ITEM(
  '') );
#12008 = CARTESIAN_POINT('',(210.825,150.));
#12009 = CARTESIAN_POINT('',(224.68140646055,150.));
#12010 = CARTESIAN_POINT('',(217.75320323027,138.));
#12011 = CARTESIAN_POINT('',(210.825,126.));
#12012 = CARTESIAN_POINT('',(203.89679676972,138.));
#12013 = CARTESIAN_POINT('',(196.96859353944,150.));
#12014 = CARTESIAN_POINT('',(210.825,150.));
#12015 = ( GEOMETRIC_REPRESENTATION_CONTEXT(2) 
PARAMETRIC_REPRESENTATION_CONTEXT() REPRESENTATION_CONTEXT('2D SPACE',''
  ) );
#12016 = ORIENTED_EDGE('',*,*,#9983,.T.);
#12017 = ORIENTED_EDGE('',*,*,#3801,.F.);
#12018 = ADVANCED_FACE('',(#12019),#3746,.F.);
#12019 = FACE_BOUND('',#12020,.F.);
#12020 = EDGE_LOOP('',(#12021,#12022,#12023,#12044));
#12021 = ORIENTED_EDGE('',*,*,#5742,.F.);
#12022 = ORIENTED_EDGE('',*,*,#3729,.T.);
#12023 = ORIENTED_EDGE('',*,*,#12024,.T.);
#12024 = EDGE_CURVE('',#3704,#4078,#12025,.T.);
#12025 = SURFACE_CURVE('',#12026,(#12030,#12037),.PCURVE_S1.);
#12026 = LINE('',#12027,#12028);
#12027 = CARTESIAN_POINT('',(116.5,172.24127056931,128.20672285388));
#12028 = VECTOR('',#12029,1.);
#12029 = DIRECTION('',(0.,0.978147600734,-0.207911690818));
#12030 = PCURVE('',#3746,#12031);
#12031 = DEFINITIONAL_REPRESENTATION('',(#12032),#12036);
#12032 = LINE('',#12033,#12034);
#12033 = CARTESIAN_POINT('',(1.570796326795,0.));
#12034 = VECTOR('',#12035,1.);
#12035 = DIRECTION('',(0.,1.));
#12036 = ( GEOMETRIC_REPRESENTATION_CONTEXT(2) 
PARAMETRIC_REPRESENTATION_CONTEXT() REPRESENTATION_CONTEXT('2D SPACE',''
  ) );
#12037 = PCURVE('',#3718,#12038);
#12038 = DEFINITIONAL_REPRESENTATION('',(#12039),#12043);
#12039 = LINE('',#12040,#12041);
#12040 = CARTESIAN_POINT('',(243.,0.));
#12041 = VECTOR('',#12042,1.);
#12042 = DIRECTION('',(0.,1.));
#12043 = ( GEOMETRIC_REPRESENTATION_CONTEXT(2) 
PARAMETRIC_REPRESENTATION_CONTEXT() REPRESENTATION_CONTEXT('2D SPACE',''
  ) );
#12044 = ORIENTED_EDGE('',*,*,#4098,.F.);
#12045 = ADVANCED_FACE('',(#12046),#3718,.T.);
#12046 = FACE_BOUND('',#12047,.T.);
#12047 = EDGE_LOOP('',(#12048,#12049,#12070,#12071));
#12048 = ORIENTED_EDGE('',*,*,#4077,.F.);
#12049 = ORIENTED_EDGE('',*,*,#12050,.F.);
#12050 = EDGE_CURVE('',#3675,#4054,#12051,.T.);
#12051 = SURFACE_CURVE('',#12052,(#12056,#12063),.PCURVE_S1.);
#12052 = LINE('',#12053,#12054);
#12053 = CARTESIAN_POINT('',(-116.5,172.24127056931,128.20672285388));
#12054 = VECTOR('',#12055,1.);
#12055 = DIRECTION('',(0.,0.978147600734,-0.207911690818));
#12056 = PCURVE('',#3718,#12057);
#12057 = DEFINITIONAL_REPRESENTATION('',(#12058),#12062);
#12058 = LINE('',#12059,#12060);
#12059 = CARTESIAN_POINT('',(10.,0.));
#12060 = VECTOR('',#12061,1.);
#12061 = DIRECTION('',(0.,1.));
#12062 = ( GEOMETRIC_REPRESENTATION_CONTEXT(2) 
PARAMETRIC_REPRESENTATION_CONTEXT() REPRESENTATION_CONTEXT('2D SPACE',''
  ) );
#12063 = PCURVE('',#3691,#12064);
#12064 = DEFINITIONAL_REPRESENTATION('',(#12065),#12069);
#12065 = LINE('',#12066,#12067);
#12066 = CARTESIAN_POINT('',(-1.570796326795,0.));
#12067 = VECTOR('',#12068,1.);
#12068 = DIRECTION('',(-0.,1.));
#12069 = ( GEOMETRIC_REPRESENTATION_CONTEXT(2) 
PARAMETRIC_REPRESENTATION_CONTEXT() REPRESENTATION_CONTEXT('2D SPACE',''
  ) );
#12070 = ORIENTED_EDGE('',*,*,#3703,.T.);
#12071 = ORIENTED_EDGE('',*,*,#12024,.T.);
#12072 = ADVANCED_FACE('',(#12073),#3691,.F.);
#12073 = FACE_BOUND('',#12074,.T.);
#12074 = EDGE_LOOP('',(#12075,#12076,#12077,#12078));
#12075 = ORIENTED_EDGE('',*,*,#3886,.F.);
#12076 = ORIENTED_EDGE('',*,*,#3674,.F.);
#12077 = ORIENTED_EDGE('',*,*,#12050,.T.);
#12078 = ORIENTED_EDGE('',*,*,#4053,.T.);
#12079 = ADVANCED_FACE('',(#12080),#3868,.T.);
#12080 = FACE_BOUND('',#12081,.F.);
#12081 = EDGE_LOOP('',(#12082,#12104,#12126,#12127));
#12082 = ORIENTED_EDGE('',*,*,#12083,.F.);
#12083 = EDGE_CURVE('',#12084,#11874,#12086,.T.);
#12084 = VERTEX_POINT('',#12085);
#12085 = CARTESIAN_POINT('',(165.2,288.61512941223,133.83849330905));
#12086 = SURFACE_CURVE('',#12087,(#12092,#12098),.PCURVE_S1.);
#12087 = CIRCLE('',#12088,3.2);
#12088 = AXIS2_PLACEMENT_3D('',#12089,#12090,#12091);
#12089 = CARTESIAN_POINT('',(165.2,287.78298413412,130.74858485797));
#12090 = DIRECTION('',(0.,-0.965596390966,0.26004539941));
#12091 = DIRECTION('',(-0.,0.26004539941,0.965596390966));
#12092 = PCURVE('',#3868,#12093);
#12093 = DEFINITIONAL_REPRESENTATION('',(#12094),#12097);
#12094 = B_SPLINE_CURVE_WITH_KNOTS('',1,(#12095,#12096),.UNSPECIFIED.,
  .F.,.F.,(2,2),(0.,1.570796326795),.PIECEWISE_BEZIER_KNOTS.);
#12095 = CARTESIAN_POINT('',(0.,3.14159265359));
#12096 = CARTESIAN_POINT('',(0.,4.712388980385));
#12097 = ( GEOMETRIC_REPRESENTATION_CONTEXT(2) 
PARAMETRIC_REPRESENTATION_CONTEXT() REPRESENTATION_CONTEXT('2D SPACE',''
  ) );
#12098 = PCURVE('',#9642,#12099);
#12099 = DEFINITIONAL_REPRESENTATION('',(#12100),#12103);
#12100 = B_SPLINE_CURVE_WITH_KNOTS('',1,(#12101,#12102),.UNSPECIFIED.,
  .F.,.F.,(2,2),(0.,1.570796326795),.PIECEWISE_BEZIER_KNOTS.);
#12101 = CARTESIAN_POINT('',(0.,34.05771384474));
#12102 = CARTESIAN_POINT('',(1.570796326795,34.05771384474));
#12103 = ( GEOMETRIC_REPRESENTATION_CONTEXT(2) 
PARAMETRIC_REPRESENTATION_CONTEXT() REPRESENTATION_CONTEXT('2D SPACE',''
  ) );
#12104 = ORIENTED_EDGE('',*,*,#12105,.T.);
#12105 = EDGE_CURVE('',#12084,#3832,#12106,.T.);
#12106 = SURFACE_CURVE('',#12107,(#12112,#12119),.PCURVE_S1.);
#12107 = CIRCLE('',#12108,25.);
#12108 = AXIS2_PLACEMENT_3D('',#12109,#12110,#12111);
#12109 = CARTESIAN_POINT('',(165.2,295.11626439748,157.97840308319));
#12110 = DIRECTION('',(-1.,-0.,0.));
#12111 = DIRECTION('',(0.,-0.26004539941,-0.965596390966));
#12112 = PCURVE('',#3868,#12113);
#12113 = DEFINITIONAL_REPRESENTATION('',(#12114),#12118);
#12114 = LINE('',#12115,#12116);
#12115 = CARTESIAN_POINT('',(-0.,3.14159265359));
#12116 = VECTOR('',#12117,1.);
#12117 = DIRECTION('',(-1.,0.));
#12118 = ( GEOMETRIC_REPRESENTATION_CONTEXT(2) 
PARAMETRIC_REPRESENTATION_CONTEXT() REPRESENTATION_CONTEXT('2D SPACE',''
  ) );
#12119 = PCURVE('',#3947,#12120);
#12120 = DEFINITIONAL_REPRESENTATION('',(#12121),#12125);
#12121 = LINE('',#12122,#12123);
#12122 = CARTESIAN_POINT('',(-4.975458199959,-0.8));
#12123 = VECTOR('',#12124,1.);
#12124 = DIRECTION('',(-1.,0.));
#12125 = ( GEOMETRIC_REPRESENTATION_CONTEXT(2) 
PARAMETRIC_REPRESENTATION_CONTEXT() REPRESENTATION_CONTEXT('2D SPACE',''
  ) );
#12126 = ORIENTED_EDGE('',*,*,#3854,.T.);
#12127 = ORIENTED_EDGE('',*,*,#11897,.F.);
#12128 = ADVANCED_FACE('',(#12129),#3947,.F.);
#12129 = FACE_BOUND('',#12130,.T.);
#12130 = EDGE_LOOP('',(#12131,#12154,#12155,#12156));
#12131 = ORIENTED_EDGE('',*,*,#12132,.F.);
#12132 = EDGE_CURVE('',#12084,#12133,#12135,.T.);
#12133 = VERTEX_POINT('',#12134);
#12134 = CARTESIAN_POINT('',(166.8,288.61512941223,133.83849330905));
#12135 = SURFACE_CURVE('',#12136,(#12140,#12147),.PCURVE_S1.);
#12136 = LINE('',#12137,#12138);
#12137 = CARTESIAN_POINT('',(162.,288.61512941223,133.83849330905));
#12138 = VECTOR('',#12139,1.);
#12139 = DIRECTION('',(1.,0.,0.));
#12140 = PCURVE('',#3947,#12141);
#12141 = DEFINITIONAL_REPRESENTATION('',(#12142),#12146);
#12142 = LINE('',#12143,#12144);
#12143 = CARTESIAN_POINT('',(-4.975458199959,-4.));
#12144 = VECTOR('',#12145,1.);
#12145 = DIRECTION('',(0.,1.));
#12146 = ( GEOMETRIC_REPRESENTATION_CONTEXT(2) 
PARAMETRIC_REPRESENTATION_CONTEXT() REPRESENTATION_CONTEXT('2D SPACE',''
  ) );
#12147 = PCURVE('',#9614,#12148);
#12148 = DEFINITIONAL_REPRESENTATION('',(#12149),#12153);
#12149 = LINE('',#12150,#12151);
#12150 = CARTESIAN_POINT('',(34.05771384474,-4.));
#12151 = VECTOR('',#12152,1.);
#12152 = DIRECTION('',(0.,1.));
#12153 = ( GEOMETRIC_REPRESENTATION_CONTEXT(2) 
PARAMETRIC_REPRESENTATION_CONTEXT() REPRESENTATION_CONTEXT('2D SPACE',''
  ) );
#12154 = ORIENTED_EDGE('',*,*,#12105,.T.);
#12155 = ORIENTED_EDGE('',*,*,#3931,.T.);
#12156 = ORIENTED_EDGE('',*,*,#12157,.F.);
#12157 = EDGE_CURVE('',#12133,#3932,#12158,.T.);
#12158 = SURFACE_CURVE('',#12159,(#12164,#12171),.PCURVE_S1.);
#12159 = CIRCLE('',#12160,25.);
#12160 = AXIS2_PLACEMENT_3D('',#12161,#12162,#12163);
#12161 = CARTESIAN_POINT('',(166.8,295.11626439748,157.97840308319));
#12162 = DIRECTION('',(-1.,-0.,0.));
#12163 = DIRECTION('',(0.,-0.26004539941,-0.965596390966));
#12164 = PCURVE('',#3947,#12165);
#12165 = DEFINITIONAL_REPRESENTATION('',(#12166),#12170);
#12166 = LINE('',#12167,#12168);
#12167 = CARTESIAN_POINT('',(-4.975458199959,0.8));
#12168 = VECTOR('',#12169,1.);
#12169 = DIRECTION('',(-1.,0.));
#12170 = ( GEOMETRIC_REPRESENTATION_CONTEXT(2) 
PARAMETRIC_REPRESENTATION_CONTEXT() REPRESENTATION_CONTEXT('2D SPACE',''
  ) );
#12171 = PCURVE('',#4162,#12172);
#12172 = DEFINITIONAL_REPRESENTATION('',(#12173),#12177);
#12173 = LINE('',#12174,#12175);
#12174 = CARTESIAN_POINT('',(0.,3.14159265359));
#12175 = VECTOR('',#12176,1.);
#12176 = DIRECTION('',(1.,0.));
#12177 = ( GEOMETRIC_REPRESENTATION_CONTEXT(2) 
PARAMETRIC_REPRESENTATION_CONTEXT() REPRESENTATION_CONTEXT('2D SPACE',''
  ) );
#12178 = ADVANCED_FACE('',(#12179),#4162,.T.);
#12179 = FACE_BOUND('',#12180,.T.);
#12180 = EDGE_LOOP('',(#12181,#12201,#12202,#12203));
#12181 = ORIENTED_EDGE('',*,*,#12182,.F.);
#12182 = EDGE_CURVE('',#12133,#4291,#12183,.T.);
#12183 = SURFACE_CURVE('',#12184,(#12189,#12195),.PCURVE_S1.);
#12184 = CIRCLE('',#12185,3.2);
#12185 = AXIS2_PLACEMENT_3D('',#12186,#12187,#12188);
#12186 = CARTESIAN_POINT('',(166.8,287.78298413412,130.74858485797));
#12187 = DIRECTION('',(-0.,0.965596390966,-0.26004539941));
#12188 = DIRECTION('',(0.,0.26004539941,0.965596390966));
#12189 = PCURVE('',#4162,#12190);
#12190 = DEFINITIONAL_REPRESENTATION('',(#12191),#12194);
#12191 = B_SPLINE_CURVE_WITH_KNOTS('',1,(#12192,#12193),.UNSPECIFIED.,
  .F.,.F.,(2,2),(0.,1.570796326795),.PIECEWISE_BEZIER_KNOTS.);
#12192 = CARTESIAN_POINT('',(0.,3.14159265359));
#12193 = CARTESIAN_POINT('',(0.,4.712388980385));
#12194 = ( GEOMETRIC_REPRESENTATION_CONTEXT(2) 
PARAMETRIC_REPRESENTATION_CONTEXT() REPRESENTATION_CONTEXT('2D SPACE',''
  ) );
#12195 = PCURVE('',#4306,#12196);
#12196 = DEFINITIONAL_REPRESENTATION('',(#12197),#12200);
#12197 = B_SPLINE_CURVE_WITH_KNOTS('',1,(#12198,#12199),.UNSPECIFIED.,
  .F.,.F.,(2,2),(0.,1.570796326795),.PIECEWISE_BEZIER_KNOTS.);
#12198 = CARTESIAN_POINT('',(0.,34.05771384474));
#12199 = CARTESIAN_POINT('',(-1.570796326795,34.05771384474));
#12200 = ( GEOMETRIC_REPRESENTATION_CONTEXT(2) 
PARAMETRIC_REPRESENTATION_CONTEXT() REPRESENTATION_CONTEXT('2D SPACE',''
  ) );
#12201 = ORIENTED_EDGE('',*,*,#12157,.T.);
#12202 = ORIENTED_EDGE('',*,*,#4146,.T.);
#12203 = ORIENTED_EDGE('',*,*,#4318,.F.);
#12204 = ADVANCED_FACE('',(#12205),#4306,.T.);
#12205 = FACE_BOUND('',#12206,.F.);
#12206 = EDGE_LOOP('',(#12207,#12228,#12229,#12230));
#12207 = ORIENTED_EDGE('',*,*,#12208,.F.);
#12208 = EDGE_CURVE('',#9569,#12133,#12209,.T.);
#12209 = SURFACE_CURVE('',#12210,(#12214,#12221),.PCURVE_S1.);
#12210 = LINE('',#12211,#12212);
#12211 = CARTESIAN_POINT('',(166.8,321.50113498525,124.98194150931));
#12212 = VECTOR('',#12213,1.);
#12213 = DIRECTION('',(0.,-0.965596390966,0.26004539941));
#12214 = PCURVE('',#4306,#12215);
#12215 = DEFINITIONAL_REPRESENTATION('',(#12216),#12220);
#12216 = LINE('',#12217,#12218);
#12217 = CARTESIAN_POINT('',(-0.,0.));
#12218 = VECTOR('',#12219,1.);
#12219 = DIRECTION('',(-0.,1.));
#12220 = ( GEOMETRIC_REPRESENTATION_CONTEXT(2) 
PARAMETRIC_REPRESENTATION_CONTEXT() REPRESENTATION_CONTEXT('2D SPACE',''
  ) );
#12221 = PCURVE('',#9614,#12222);
#12222 = DEFINITIONAL_REPRESENTATION('',(#12223),#12227);
#12223 = LINE('',#12224,#12225);
#12224 = CARTESIAN_POINT('',(0.,0.8));
#12225 = VECTOR('',#12226,1.);
#12226 = DIRECTION('',(1.,0.));
#12227 = ( GEOMETRIC_REPRESENTATION_CONTEXT(2) 
PARAMETRIC_REPRESENTATION_CONTEXT() REPRESENTATION_CONTEXT('2D SPACE',''
  ) );
#12228 = ORIENTED_EDGE('',*,*,#9568,.F.);
#12229 = ORIENTED_EDGE('',*,*,#4290,.T.);
#12230 = ORIENTED_EDGE('',*,*,#12182,.F.);
#12231 = ADVANCED_FACE('',(#12232),#4462,.F.);
#12232 = FACE_BOUND('',#12233,.F.);
#12233 = EDGE_LOOP('',(#12234,#12235,#12236,#12237,#12238,#12239,#12240,
    #12241,#12242));
#12234 = ORIENTED_EDGE('',*,*,#4647,.F.);
#12235 = ORIENTED_EDGE('',*,*,#5032,.T.);
#12236 = ORIENTED_EDGE('',*,*,#8155,.F.);
#12237 = ORIENTED_EDGE('',*,*,#8201,.F.);
#12238 = ORIENTED_EDGE('',*,*,#5121,.T.);
#12239 = ORIENTED_EDGE('',*,*,#7770,.T.);
#12240 = ORIENTED_EDGE('',*,*,#8108,.F.);
#12241 = ORIENTED_EDGE('',*,*,#4447,.T.);
#12242 = ORIENTED_EDGE('',*,*,#4552,.T.);
#12243 = ADVANCED_FACE('',(#12244),#4413,.T.);
#12244 = FACE_BOUND('',#12245,.T.);
#12245 = EDGE_LOOP('',(#12246,#12269,#12270,#12271,#12292,#12293,#12294)
  );
#12246 = ORIENTED_EDGE('',*,*,#12247,.F.);
#12247 = EDGE_CURVE('',#5184,#12248,#12250,.T.);
#12248 = VERTEX_POINT('',#12249);
#12249 = CARTESIAN_POINT('',(-155.,180.81391404175,137.));
#12250 = SURFACE_CURVE('',#12251,(#12255,#12262),.PCURVE_S1.);
#12251 = LINE('',#12252,#12253);
#12252 = CARTESIAN_POINT('',(-169.,180.81391404175,137.));
#12253 = VECTOR('',#12254,1.);
#12254 = DIRECTION('',(1.,0.,-0.));
#12255 = PCURVE('',#4413,#12256);
#12256 = DEFINITIONAL_REPRESENTATION('',(#12257),#12261);
#12257 = LINE('',#12258,#12259);
#12258 = CARTESIAN_POINT('',(0.,14.));
#12259 = VECTOR('',#12260,1.);
#12260 = DIRECTION('',(1.,0.));
#12261 = ( GEOMETRIC_REPRESENTATION_CONTEXT(2) 
PARAMETRIC_REPRESENTATION_CONTEXT() REPRESENTATION_CONTEXT('2D SPACE',''
  ) );
#12262 = PCURVE('',#5219,#12263);
#12263 = DEFINITIONAL_REPRESENTATION('',(#12264),#12268);
#12264 = LINE('',#12265,#12266);
#12265 = CARTESIAN_POINT('',(12.,0.));
#12266 = VECTOR('',#12267,1.);
#12267 = DIRECTION('',(0.,1.));
#12268 = ( GEOMETRIC_REPRESENTATION_CONTEXT(2) 
PARAMETRIC_REPRESENTATION_CONTEXT() REPRESENTATION_CONTEXT('2D SPACE',''
  ) );
#12269 = ORIENTED_EDGE('',*,*,#5183,.T.);
#12270 = ORIENTED_EDGE('',*,*,#7742,.T.);
#12271 = ORIENTED_EDGE('',*,*,#12272,.T.);
#12272 = EDGE_CURVE('',#7711,#8068,#12273,.T.);
#12273 = SURFACE_CURVE('',#12274,(#12278,#12285),.PCURVE_S1.);
#12274 = LINE('',#12275,#12276);
#12275 = CARTESIAN_POINT('',(-169.,166.81391404175,137.));
#12276 = VECTOR('',#12277,1.);
#12277 = DIRECTION('',(1.,0.,-0.));
#12278 = PCURVE('',#4413,#12279);
#12279 = DEFINITIONAL_REPRESENTATION('',(#12280),#12284);
#12280 = LINE('',#12281,#12282);
#12281 = CARTESIAN_POINT('',(0.,0.));
#12282 = VECTOR('',#12283,1.);
#12283 = DIRECTION('',(1.,0.));
#12284 = ( GEOMETRIC_REPRESENTATION_CONTEXT(2) 
PARAMETRIC_REPRESENTATION_CONTEXT() REPRESENTATION_CONTEXT('2D SPACE',''
  ) );
#12285 = PCURVE('',#7730,#12286);
#12286 = DEFINITIONAL_REPRESENTATION('',(#12287),#12291);
#12287 = LINE('',#12288,#12289);
#12288 = CARTESIAN_POINT('',(12.,0.));
#12289 = VECTOR('',#12290,1.);
#12290 = DIRECTION('',(0.,1.));
#12291 = ( GEOMETRIC_REPRESENTATION_CONTEXT(2) 
PARAMETRIC_REPRESENTATION_CONTEXT() REPRESENTATION_CONTEXT('2D SPACE',''
  ) );
#12292 = ORIENTED_EDGE('',*,*,#8088,.F.);
#12293 = ORIENTED_EDGE('',*,*,#4398,.T.);
#12294 = ORIENTED_EDGE('',*,*,#12295,.T.);
#12295 = EDGE_CURVE('',#4373,#12248,#12296,.T.);
#12296 = SURFACE_CURVE('',#12297,(#12301,#12308),.PCURVE_S1.);
#12297 = LINE('',#12298,#12299);
#12298 = CARTESIAN_POINT('',(-155.,166.81391404175,137.));
#12299 = VECTOR('',#12300,1.);
#12300 = DIRECTION('',(-0.,1.,0.));
#12301 = PCURVE('',#4413,#12302);
#12302 = DEFINITIONAL_REPRESENTATION('',(#12303),#12307);
#12303 = LINE('',#12304,#12305);
#12304 = CARTESIAN_POINT('',(14.,0.));
#12305 = VECTOR('',#12306,1.);
#12306 = DIRECTION('',(0.,1.));
#12307 = ( GEOMETRIC_REPRESENTATION_CONTEXT(2) 
PARAMETRIC_REPRESENTATION_CONTEXT() REPRESENTATION_CONTEXT('2D SPACE',''
  ) );
#12308 = PCURVE('',#4387,#12309);
#12309 = DEFINITIONAL_REPRESENTATION('',(#12310),#12314);
#12310 = LINE('',#12311,#12312);
#12311 = CARTESIAN_POINT('',(12.,0.));
#12312 = VECTOR('',#12313,1.);
#12313 = DIRECTION('',(0.,-1.));
#12314 = ( GEOMETRIC_REPRESENTATION_CONTEXT(2) 
PARAMETRIC_REPRESENTATION_CONTEXT() REPRESENTATION_CONTEXT('2D SPACE',''
  ) );
#12315 = ADVANCED_FACE('',(#12316),#4387,.T.);
#12316 = FACE_BOUND('',#12317,.T.);
#12317 = EDGE_LOOP('',(#12318,#12319,#12320,#12321));
#12318 = ORIENTED_EDGE('',*,*,#12295,.F.);
#12319 = ORIENTED_EDGE('',*,*,#4372,.T.);
#12320 = ORIENTED_EDGE('',*,*,#10213,.T.);
#12321 = ORIENTED_EDGE('',*,*,#12322,.T.);
#12322 = EDGE_CURVE('',#10214,#12248,#12323,.T.);
#12323 = SURFACE_CURVE('',#12324,(#12328,#12335),.PCURVE_S1.);
#12324 = LINE('',#12325,#12326);
#12325 = CARTESIAN_POINT('',(-155.,180.81391404175,125.));
#12326 = VECTOR('',#12327,1.);
#12327 = DIRECTION('',(0.,0.,1.));
#12328 = PCURVE('',#4387,#12329);
#12329 = DEFINITIONAL_REPRESENTATION('',(#12330),#12334);
#12330 = LINE('',#12331,#12332);
#12331 = CARTESIAN_POINT('',(0.,-14.));
#12332 = VECTOR('',#12333,1.);
#12333 = DIRECTION('',(1.,0.));
#12334 = ( GEOMETRIC_REPRESENTATION_CONTEXT(2) 
PARAMETRIC_REPRESENTATION_CONTEXT() REPRESENTATION_CONTEXT('2D SPACE',''
  ) );
#12335 = PCURVE('',#5219,#12336);
#12336 = DEFINITIONAL_REPRESENTATION('',(#12337),#12341);
#12337 = LINE('',#12338,#12339);
#12338 = CARTESIAN_POINT('',(0.,14.));
#12339 = VECTOR('',#12340,1.);
#12340 = DIRECTION('',(1.,0.));
#12341 = ( GEOMETRIC_REPRESENTATION_CONTEXT(2) 
PARAMETRIC_REPRESENTATION_CONTEXT() REPRESENTATION_CONTEXT('2D SPACE',''
  ) );
#12342 = ADVANCED_FACE('',(#12343),#4763,.T.);
#12343 = FACE_BOUND('',#12344,.T.);
#12344 = EDGE_LOOP('',(#12345,#12346,#12347,#12370));
#12345 = ORIENTED_EDGE('',*,*,#10309,.F.);
#12346 = ORIENTED_EDGE('',*,*,#4746,.T.);
#12347 = ORIENTED_EDGE('',*,*,#12348,.T.);
#12348 = EDGE_CURVE('',#4749,#12349,#12351,.T.);
#12349 = VERTEX_POINT('',#12350);
#12350 = CARTESIAN_POINT('',(-153.5,257.,137.));
#12351 = SURFACE_CURVE('',#12352,(#12356,#12363),.PCURVE_S1.);
#12352 = LINE('',#12353,#12354);
#12353 = CARTESIAN_POINT('',(-167.5,257.,137.));
#12354 = VECTOR('',#12355,1.);
#12355 = DIRECTION('',(1.,0.,-0.));
#12356 = PCURVE('',#4763,#12357);
#12357 = DEFINITIONAL_REPRESENTATION('',(#12358),#12362);
#12358 = LINE('',#12359,#12360);
#12359 = CARTESIAN_POINT('',(12.,0.));
#12360 = VECTOR('',#12361,1.);
#12361 = DIRECTION('',(0.,1.));
#12362 = ( GEOMETRIC_REPRESENTATION_CONTEXT(2) 
PARAMETRIC_REPRESENTATION_CONTEXT() REPRESENTATION_CONTEXT('2D SPACE',''
  ) );
#12363 = PCURVE('',#5291,#12364);
#12364 = DEFINITIONAL_REPRESENTATION('',(#12365),#12369);
#12365 = LINE('',#12366,#12367);
#12366 = CARTESIAN_POINT('',(0.,14.));
#12367 = VECTOR('',#12368,1.);
#12368 = DIRECTION('',(1.,0.));
#12369 = ( GEOMETRIC_REPRESENTATION_CONTEXT(2) 
PARAMETRIC_REPRESENTATION_CONTEXT() REPRESENTATION_CONTEXT('2D SPACE',''
  ) );
#12370 = ORIENTED_EDGE('',*,*,#12371,.F.);
#12371 = EDGE_CURVE('',#10282,#12349,#12372,.T.);
#12372 = SURFACE_CURVE('',#12373,(#12377,#12384),.PCURVE_S1.);
#12373 = LINE('',#12374,#12375);
#12374 = CARTESIAN_POINT('',(-153.5,257.,125.));
#12375 = VECTOR('',#12376,1.);
#12376 = DIRECTION('',(0.,0.,1.));
#12377 = PCURVE('',#4763,#12378);
#12378 = DEFINITIONAL_REPRESENTATION('',(#12379),#12383);
#12379 = LINE('',#12380,#12381);
#12380 = CARTESIAN_POINT('',(0.,14.));
#12381 = VECTOR('',#12382,1.);
#12382 = DIRECTION('',(1.,0.));
#12383 = ( GEOMETRIC_REPRESENTATION_CONTEXT(2) 
PARAMETRIC_REPRESENTATION_CONTEXT() REPRESENTATION_CONTEXT('2D SPACE',''
  ) );
#12384 = PCURVE('',#10297,#12385);
#12385 = DEFINITIONAL_REPRESENTATION('',(#12386),#12390);
#12386 = LINE('',#12387,#12388);
#12387 = CARTESIAN_POINT('',(0.,-14.));
#12388 = VECTOR('',#12389,1.);
#12389 = DIRECTION('',(1.,0.));
#12390 = ( GEOMETRIC_REPRESENTATION_CONTEXT(2) 
PARAMETRIC_REPRESENTATION_CONTEXT() REPRESENTATION_CONTEXT('2D SPACE',''
  ) );
#12391 = ADVANCED_FACE('',(#12392),#5291,.T.);
#12392 = FACE_BOUND('',#12393,.T.);
#12393 = EDGE_LOOP('',(#12394,#12395,#12396,#12419));
#12394 = ORIENTED_EDGE('',*,*,#12348,.F.);
#12395 = ORIENTED_EDGE('',*,*,#5278,.T.);
#12396 = ORIENTED_EDGE('',*,*,#12397,.T.);
#12397 = EDGE_CURVE('',#5253,#12398,#12400,.T.);
#12398 = VERTEX_POINT('',#12399);
#12399 = CARTESIAN_POINT('',(-153.5,243.,137.));
#12400 = SURFACE_CURVE('',#12401,(#12405,#12412),.PCURVE_S1.);
#12401 = LINE('',#12402,#12403);
#12402 = CARTESIAN_POINT('',(-167.5,243.,137.));
#12403 = VECTOR('',#12404,1.);
#12404 = DIRECTION('',(1.,0.,-0.));
#12405 = PCURVE('',#5291,#12406);
#12406 = DEFINITIONAL_REPRESENTATION('',(#12407),#12411);
#12407 = LINE('',#12408,#12409);
#12408 = CARTESIAN_POINT('',(0.,0.));
#12409 = VECTOR('',#12410,1.);
#12410 = DIRECTION('',(1.,0.));
#12411 = ( GEOMETRIC_REPRESENTATION_CONTEXT(2) 
PARAMETRIC_REPRESENTATION_CONTEXT() REPRESENTATION_CONTEXT('2D SPACE',''
  ) );
#12412 = PCURVE('',#5267,#12413);
#12413 = DEFINITIONAL_REPRESENTATION('',(#12414),#12418);
#12414 = LINE('',#12415,#12416);
#12415 = CARTESIAN_POINT('',(12.,0.));
#12416 = VECTOR('',#12417,1.);
#12417 = DIRECTION('',(0.,1.));
#12418 = ( GEOMETRIC_REPRESENTATION_CONTEXT(2) 
PARAMETRIC_REPRESENTATION_CONTEXT() REPRESENTATION_CONTEXT('2D SPACE',''
  ) );
#12419 = ORIENTED_EDGE('',*,*,#12420,.T.);
#12420 = EDGE_CURVE('',#12398,#12349,#12421,.T.);
#12421 = SURFACE_CURVE('',#12422,(#12426,#12433),.PCURVE_S1.);
#12422 = LINE('',#12423,#12424);
#12423 = CARTESIAN_POINT('',(-153.5,243.,137.));
#12424 = VECTOR('',#12425,1.);
#12425 = DIRECTION('',(-0.,1.,0.));
#12426 = PCURVE('',#5291,#12427);
#12427 = DEFINITIONAL_REPRESENTATION('',(#12428),#12432);
#12428 = LINE('',#12429,#12430);
#12429 = CARTESIAN_POINT('',(14.,0.));
#12430 = VECTOR('',#12431,1.);
#12431 = DIRECTION('',(0.,1.));
#12432 = ( GEOMETRIC_REPRESENTATION_CONTEXT(2) 
PARAMETRIC_REPRESENTATION_CONTEXT() REPRESENTATION_CONTEXT('2D SPACE',''
  ) );
#12433 = PCURVE('',#10297,#12434);
#12434 = DEFINITIONAL_REPRESENTATION('',(#12435),#12439);
#12435 = LINE('',#12436,#12437);
#12436 = CARTESIAN_POINT('',(12.,0.));
#12437 = VECTOR('',#12438,1.);
#12438 = DIRECTION('',(0.,-1.));
#12439 = ( GEOMETRIC_REPRESENTATION_CONTEXT(2) 
PARAMETRIC_REPRESENTATION_CONTEXT() REPRESENTATION_CONTEXT('2D SPACE',''
  ) );
#12440 = ADVANCED_FACE('',(#12441),#5267,.F.);
#12441 = FACE_BOUND('',#12442,.F.);
#12442 = EDGE_LOOP('',(#12443,#12444,#12445,#12446));
#12443 = ORIENTED_EDGE('',*,*,#10258,.F.);
#12444 = ORIENTED_EDGE('',*,*,#5252,.T.);
#12445 = ORIENTED_EDGE('',*,*,#12397,.T.);
#12446 = ORIENTED_EDGE('',*,*,#12447,.F.);
#12447 = EDGE_CURVE('',#10259,#12398,#12448,.T.);
#12448 = SURFACE_CURVE('',#12449,(#12453,#12460),.PCURVE_S1.);
#12449 = LINE('',#12450,#12451);
#12450 = CARTESIAN_POINT('',(-153.5,243.,125.));
#12451 = VECTOR('',#12452,1.);
#12452 = DIRECTION('',(0.,0.,1.));
#12453 = PCURVE('',#5267,#12454);
#12454 = DEFINITIONAL_REPRESENTATION('',(#12455),#12459);
#12455 = LINE('',#12456,#12457);
#12456 = CARTESIAN_POINT('',(0.,14.));
#12457 = VECTOR('',#12458,1.);
#12458 = DIRECTION('',(1.,0.));
#12459 = ( GEOMETRIC_REPRESENTATION_CONTEXT(2) 
PARAMETRIC_REPRESENTATION_CONTEXT() REPRESENTATION_CONTEXT('2D SPACE',''
  ) );
#12460 = PCURVE('',#10297,#12461);
#12461 = DEFINITIONAL_REPRESENTATION('',(#12462),#12466);
#12462 = LINE('',#12463,#12464);
#12463 = CARTESIAN_POINT('',(0.,0.));
#12464 = VECTOR('',#12465,1.);
#12465 = DIRECTION('',(1.,0.));
#12466 = ( GEOMETRIC_REPRESENTATION_CONTEXT(2) 
PARAMETRIC_REPRESENTATION_CONTEXT() REPRESENTATION_CONTEXT('2D SPACE',''
  ) );
#12467 = ADVANCED_FACE('',(#12468),#5219,.T.);
#12468 = FACE_BOUND('',#12469,.T.);
#12469 = EDGE_LOOP('',(#12470,#12471,#12472,#12473));
#12470 = ORIENTED_EDGE('',*,*,#10236,.F.);
#12471 = ORIENTED_EDGE('',*,*,#5204,.T.);
#12472 = ORIENTED_EDGE('',*,*,#12247,.T.);
#12473 = ORIENTED_EDGE('',*,*,#12322,.F.);
#12474 = ADVANCED_FACE('',(#12475),#5089,.T.);
#12475 = FACE_BOUND('',#12476,.T.);
#12476 = EDGE_LOOP('',(#12477,#12478));
#12477 = ORIENTED_EDGE('',*,*,#5074,.F.);
#12478 = ORIENTED_EDGE('',*,*,#8178,.T.);
#12479 = ADVANCED_FACE('',(#12480),#4911,.F.);
#12480 = FACE_BOUND('',#12481,.F.);
#12481 = EDGE_LOOP('',(#12482,#12483,#12484,#12485,#12486,#12487,#12488)
  );
#12482 = ORIENTED_EDGE('',*,*,#5713,.F.);
#12483 = ORIENTED_EDGE('',*,*,#4896,.T.);
#12484 = ORIENTED_EDGE('',*,*,#9179,.F.);
#12485 = ORIENTED_EDGE('',*,*,#9225,.F.);
#12486 = ORIENTED_EDGE('',*,*,#4990,.T.);
#12487 = ORIENTED_EDGE('',*,*,#5336,.T.);
#12488 = ORIENTED_EDGE('',*,*,#5386,.T.);
#12489 = ADVANCED_FACE('',(#12490),#4958,.T.);
#12490 = FACE_BOUND('',#12491,.T.);
#12491 = EDGE_LOOP('',(#12492,#12493));
#12492 = ORIENTED_EDGE('',*,*,#4943,.F.);
#12493 = ORIENTED_EDGE('',*,*,#9202,.T.);
#12494 = ADVANCED_FACE('',(#12495),#4843,.F.);
#12495 = FACE_BOUND('',#12496,.F.);
#12496 = EDGE_LOOP('',(#12497,#12521,#12522,#12523));
#12497 = ORIENTED_EDGE('',*,*,#12498,.F.);
#12498 = EDGE_CURVE('',#4797,#12499,#12501,.T.);
#12499 = VERTEX_POINT('',#12500);
#12500 = CARTESIAN_POINT('',(-158.,287.834993214,130.94170413616));
#12501 = SURFACE_CURVE('',#12502,(#12507,#12514),.PCURVE_S1.);
#12502 = CIRCLE('',#12503,9.);
#12503 = AXIS2_PLACEMENT_3D('',#12504,#12505,#12506);
#12504 = CARTESIAN_POINT('',(-158.,285.49458461931,122.25133661747));
#12505 = DIRECTION('',(-4.277480266701E-17,0.965596390966,-0.26004539941
    ));
#12506 = DIRECTION('',(-1.,-5.551115123126E-17,-4.163336342344E-17));
#12507 = PCURVE('',#4843,#12508);
#12508 = DEFINITIONAL_REPRESENTATION('',(#12509),#12513);
#12509 = LINE('',#12510,#12511);
#12510 = CARTESIAN_POINT('',(0.,1.570796326795));
#12511 = VECTOR('',#12512,1.);
#12512 = DIRECTION('',(0.,1.));
#12513 = ( GEOMETRIC_REPRESENTATION_CONTEXT(2) 
PARAMETRIC_REPRESENTATION_CONTEXT() REPRESENTATION_CONTEXT('2D SPACE',''
  ) );
#12514 = PCURVE('',#4811,#12515);
#12515 = DEFINITIONAL_REPRESENTATION('',(#12516),#12520);
#12516 = LINE('',#12517,#12518);
#12517 = CARTESIAN_POINT('',(-0.,34.05771384474));
#12518 = VECTOR('',#12519,1.);
#12519 = DIRECTION('',(-1.,0.));
#12520 = ( GEOMETRIC_REPRESENTATION_CONTEXT(2) 
PARAMETRIC_REPRESENTATION_CONTEXT() REPRESENTATION_CONTEXT('2D SPACE',''
  ) );
#12521 = ORIENTED_EDGE('',*,*,#4822,.T.);
#12522 = ORIENTED_EDGE('',*,*,#5768,.T.);
#12523 = ORIENTED_EDGE('',*,*,#12524,.F.);
#12524 = EDGE_CURVE('',#12499,#5769,#12525,.T.);
#12525 = SURFACE_CURVE('',#12526,(#12531,#12538),.PCURVE_S1.);
#12526 = CIRCLE('',#12527,28.);
#12527 = AXIS2_PLACEMENT_3D('',#12528,#12529,#12530);
#12528 = CARTESIAN_POINT('',(-158.,295.11626439748,157.97840308319));
#12529 = DIRECTION('',(-1.,-0.,0.));
#12530 = DIRECTION('',(0.,-0.26004539941,-0.965596390966));
#12531 = PCURVE('',#4843,#12532);
#12532 = DEFINITIONAL_REPRESENTATION('',(#12533),#12537);
#12533 = LINE('',#12534,#12535);
#12534 = CARTESIAN_POINT('',(0.,3.14159265359));
#12535 = VECTOR('',#12536,1.);
#12536 = DIRECTION('',(1.,0.));
#12537 = ( GEOMETRIC_REPRESENTATION_CONTEXT(2) 
PARAMETRIC_REPRESENTATION_CONTEXT() REPRESENTATION_CONTEXT('2D SPACE',''
  ) );
#12538 = PCURVE('',#5833,#12539);
#12539 = DEFINITIONAL_REPRESENTATION('',(#12540),#12544);
#12540 = LINE('',#12541,#12542);
#12541 = CARTESIAN_POINT('',(-4.975458199959,-158.));
#12542 = VECTOR('',#12543,1.);
#12543 = DIRECTION('',(-1.,0.));
#12544 = ( GEOMETRIC_REPRESENTATION_CONTEXT(2) 
PARAMETRIC_REPRESENTATION_CONTEXT() REPRESENTATION_CONTEXT('2D SPACE',''
  ) );
#12545 = ADVANCED_FACE('',(#12546),#4811,.F.);
#12546 = FACE_BOUND('',#12547,.T.);
#12547 = EDGE_LOOP('',(#12548,#12549,#12550,#12571));
#12548 = ORIENTED_EDGE('',*,*,#4796,.F.);
#12549 = ORIENTED_EDGE('',*,*,#10331,.F.);
#12550 = ORIENTED_EDGE('',*,*,#12551,.T.);
#12551 = EDGE_CURVE('',#10332,#12499,#12552,.T.);
#12552 = SURFACE_CURVE('',#12553,(#12557,#12564),.PCURVE_S1.);
#12553 = LINE('',#12554,#12555);
#12554 = CARTESIAN_POINT('',(-158.,320.72099878702,122.08515233641));
#12555 = VECTOR('',#12556,1.);
#12556 = DIRECTION('',(0.,-0.965596390966,0.26004539941));
#12557 = PCURVE('',#4811,#12558);
#12558 = DEFINITIONAL_REPRESENTATION('',(#12559),#12563);
#12559 = LINE('',#12560,#12561);
#12560 = CARTESIAN_POINT('',(-1.570796326795,0.));
#12561 = VECTOR('',#12562,1.);
#12562 = DIRECTION('',(-0.,1.));
#12563 = ( GEOMETRIC_REPRESENTATION_CONTEXT(2) 
PARAMETRIC_REPRESENTATION_CONTEXT() REPRESENTATION_CONTEXT('2D SPACE',''
  ) );
#12564 = PCURVE('',#10375,#12565);
#12565 = DEFINITIONAL_REPRESENTATION('',(#12566),#12570);
#12566 = LINE('',#12567,#12568);
#12567 = CARTESIAN_POINT('',(0.,-158.));
#12568 = VECTOR('',#12569,1.);
#12569 = DIRECTION('',(1.,0.));
#12570 = ( GEOMETRIC_REPRESENTATION_CONTEXT(2) 
PARAMETRIC_REPRESENTATION_CONTEXT() REPRESENTATION_CONTEXT('2D SPACE',''
  ) );
#12571 = ORIENTED_EDGE('',*,*,#12498,.F.);
#12572 = ADVANCED_FACE('',(#12573),#5474,.F.);
#12573 = FACE_BOUND('',#12574,.F.);
#12574 = EDGE_LOOP('',(#12575,#12576,#12577,#12578));
#12575 = ORIENTED_EDGE('',*,*,#5458,.T.);
#12576 = ORIENTED_EDGE('',*,*,#11141,.T.);
#12577 = ORIENTED_EDGE('',*,*,#10011,.T.);
#12578 = ORIENTED_EDGE('',*,*,#11991,.F.);
#12579 = ADVANCED_FACE('',(#12580),#5527,.F.);
#12580 = FACE_BOUND('',#12581,.F.);
#12581 = EDGE_LOOP('',(#12582,#12583));
#12582 = ORIENTED_EDGE('',*,*,#5510,.F.);
#12583 = ORIENTED_EDGE('',*,*,#12584,.T.);
#12584 = EDGE_CURVE('',#5511,#5513,#12585,.T.);
#12585 = SURFACE_CURVE('',#12586,(#12591,#12598),.PCURVE_S1.);
#12586 = CIRCLE('',#12587,6.);
#12587 = AXIS2_PLACEMENT_3D('',#12588,#12589,#12590);
#12588 = CARTESIAN_POINT('',(154.,177.62329539982,167.95636195568));
#12589 = DIRECTION('',(0.,-0.978147600734,0.207911690818));
#12590 = DIRECTION('',(1.,0.,0.));
#12591 = PCURVE('',#5527,#12592);
#12592 = DEFINITIONAL_REPRESENTATION('',(#12593),#12597);
#12593 = CIRCLE('',#12594,6.);
#12594 = AXIS2_PLACEMENT_2D('',#12595,#12596);
#12595 = CARTESIAN_POINT('',(0.,0.));
#12596 = DIRECTION('',(1.,0.));
#12597 = ( GEOMETRIC_REPRESENTATION_CONTEXT(2) 
PARAMETRIC_REPRESENTATION_CONTEXT() REPRESENTATION_CONTEXT('2D SPACE',''
  ) );
#12598 = PCURVE('',#5553,#12599);
#12599 = DEFINITIONAL_REPRESENTATION('',(#12600),#12604);
#12600 = LINE('',#12601,#12602);
#12601 = CARTESIAN_POINT('',(0.,0.));
#12602 = VECTOR('',#12603,1.);
#12603 = DIRECTION('',(1.,0.));
#12604 = ( GEOMETRIC_REPRESENTATION_CONTEXT(2) 
PARAMETRIC_REPRESENTATION_CONTEXT() REPRESENTATION_CONTEXT('2D SPACE',''
  ) );
#12605 = ADVANCED_FACE('',(#12606),#5553,.T.);
#12606 = FACE_BOUND('',#12607,.T.);
#12607 = EDGE_LOOP('',(#12608,#12630,#12631,#12632));
#12608 = ORIENTED_EDGE('',*,*,#12609,.F.);
#12609 = EDGE_CURVE('',#5565,#5539,#12610,.T.);
#12610 = SURFACE_CURVE('',#12611,(#12616,#12623),.PCURVE_S1.);
#12611 = CIRCLE('',#12612,6.);
#12612 = AXIS2_PLACEMENT_3D('',#12613,#12614,#12615);
#12613 = CARTESIAN_POINT('',(154.,172.73255739615,168.99592040977));
#12614 = DIRECTION('',(0.,-0.978147600734,0.207911690818));
#12615 = DIRECTION('',(1.,0.,0.));
#12616 = PCURVE('',#5553,#12617);
#12617 = DEFINITIONAL_REPRESENTATION('',(#12618),#12622);
#12618 = LINE('',#12619,#12620);
#12619 = CARTESIAN_POINT('',(0.,5.));
#12620 = VECTOR('',#12621,1.);
#12621 = DIRECTION('',(1.,0.));
#12622 = ( GEOMETRIC_REPRESENTATION_CONTEXT(2) 
PARAMETRIC_REPRESENTATION_CONTEXT() REPRESENTATION_CONTEXT('2D SPACE',''
  ) );
#12623 = PCURVE('',#5579,#12624);
#12624 = DEFINITIONAL_REPRESENTATION('',(#12625),#12629);
#12625 = CIRCLE('',#12626,6.);
#12626 = AXIS2_PLACEMENT_2D('',#12627,#12628);
#12627 = CARTESIAN_POINT('',(0.,0.));
#12628 = DIRECTION('',(1.,0.));
#12629 = ( GEOMETRIC_REPRESENTATION_CONTEXT(2) 
PARAMETRIC_REPRESENTATION_CONTEXT() REPRESENTATION_CONTEXT('2D SPACE',''
  ) );
#12630 = ORIENTED_EDGE('',*,*,#5590,.F.);
#12631 = ORIENTED_EDGE('',*,*,#12584,.T.);
#12632 = ORIENTED_EDGE('',*,*,#5538,.T.);
#12633 = ADVANCED_FACE('',(#12634),#5579,.T.);
#12634 = FACE_BOUND('',#12635,.T.);
#12635 = EDGE_LOOP('',(#12636,#12637));
#12636 = ORIENTED_EDGE('',*,*,#5564,.F.);
#12637 = ORIENTED_EDGE('',*,*,#12609,.T.);
#12638 = ADVANCED_FACE('',(#12639),#5628,.F.);
#12639 = FACE_BOUND('',#12640,.F.);
#12640 = EDGE_LOOP('',(#12641,#12642));
#12641 = ORIENTED_EDGE('',*,*,#5611,.F.);
#12642 = ORIENTED_EDGE('',*,*,#12643,.T.);
#12643 = EDGE_CURVE('',#5612,#5614,#12644,.T.);
#12644 = SURFACE_CURVE('',#12645,(#12650,#12657),.PCURVE_S1.);
#12645 = CIRCLE('',#12646,6.);
#12646 = AXIS2_PLACEMENT_3D('',#12647,#12648,#12649);
#12647 = CARTESIAN_POINT('',(154.,200.49358138977,275.5525980364));
#12648 = DIRECTION('',(0.,-0.978147600734,0.207911690818));
#12649 = DIRECTION('',(1.,0.,0.));
#12650 = PCURVE('',#5628,#12651);
#12651 = DEFINITIONAL_REPRESENTATION('',(#12652),#12656);
#12652 = CIRCLE('',#12653,6.);
#12653 = AXIS2_PLACEMENT_2D('',#12654,#12655);
#12654 = CARTESIAN_POINT('',(0.,0.));
#12655 = DIRECTION('',(1.,0.));
#12656 = ( GEOMETRIC_REPRESENTATION_CONTEXT(2) 
PARAMETRIC_REPRESENTATION_CONTEXT() REPRESENTATION_CONTEXT('2D SPACE',''
  ) );
#12657 = PCURVE('',#5654,#12658);
#12658 = DEFINITIONAL_REPRESENTATION('',(#12659),#12663);
#12659 = LINE('',#12660,#12661);
#12660 = CARTESIAN_POINT('',(0.,0.));
#12661 = VECTOR('',#12662,1.);
#12662 = DIRECTION('',(1.,0.));
#12663 = ( GEOMETRIC_REPRESENTATION_CONTEXT(2) 
PARAMETRIC_REPRESENTATION_CONTEXT() REPRESENTATION_CONTEXT('2D SPACE',''
  ) );
#12664 = ADVANCED_FACE('',(#12665),#5654,.T.);
#12665 = FACE_BOUND('',#12666,.T.);
#12666 = EDGE_LOOP('',(#12667,#12689,#12690,#12691));
#12667 = ORIENTED_EDGE('',*,*,#12668,.F.);
#12668 = EDGE_CURVE('',#5666,#5640,#12669,.T.);
#12669 = SURFACE_CURVE('',#12670,(#12675,#12682),.PCURVE_S1.);
#12670 = CIRCLE('',#12671,6.);
#12671 = AXIS2_PLACEMENT_3D('',#12672,#12673,#12674);
#12672 = CARTESIAN_POINT('',(154.,195.6028433861,276.59215649049));
#12673 = DIRECTION('',(0.,-0.978147600734,0.207911690818));
#12674 = DIRECTION('',(1.,0.,0.));
#12675 = PCURVE('',#5654,#12676);
#12676 = DEFINITIONAL_REPRESENTATION('',(#12677),#12681);
#12677 = LINE('',#12678,#12679);
#12678 = CARTESIAN_POINT('',(0.,5.));
#12679 = VECTOR('',#12680,1.);
#12680 = DIRECTION('',(1.,0.));
#12681 = ( GEOMETRIC_REPRESENTATION_CONTEXT(2) 
PARAMETRIC_REPRESENTATION_CONTEXT() REPRESENTATION_CONTEXT('2D SPACE',''
  ) );
#12682 = PCURVE('',#5680,#12683);
#12683 = DEFINITIONAL_REPRESENTATION('',(#12684),#12688);
#12684 = CIRCLE('',#12685,6.);
#12685 = AXIS2_PLACEMENT_2D('',#12686,#12687);
#12686 = CARTESIAN_POINT('',(0.,0.));
#12687 = DIRECTION('',(1.,0.));
#12688 = ( GEOMETRIC_REPRESENTATION_CONTEXT(2) 
PARAMETRIC_REPRESENTATION_CONTEXT() REPRESENTATION_CONTEXT('2D SPACE',''
  ) );
#12689 = ORIENTED_EDGE('',*,*,#5691,.F.);
#12690 = ORIENTED_EDGE('',*,*,#12643,.T.);
#12691 = ORIENTED_EDGE('',*,*,#5639,.T.);
#12692 = ADVANCED_FACE('',(#12693),#5680,.T.);
#12693 = FACE_BOUND('',#12694,.T.);
#12694 = EDGE_LOOP('',(#12695,#12696));
#12695 = ORIENTED_EDGE('',*,*,#5665,.F.);
#12696 = ORIENTED_EDGE('',*,*,#12668,.T.);
#12697 = ADVANCED_FACE('',(#12698),#5833,.T.);
#12698 = FACE_BOUND('',#12699,.F.);
#12699 = EDGE_LOOP('',(#12700,#12723,#12724,#12725));
#12700 = ORIENTED_EDGE('',*,*,#12701,.F.);
#12701 = EDGE_CURVE('',#12499,#12702,#12704,.T.);
#12702 = VERTEX_POINT('',#12703);
#12703 = CARTESIAN_POINT('',(158.,287.834993214,130.94170413616));
#12704 = SURFACE_CURVE('',#12705,(#12709,#12716),.PCURVE_S1.);
#12705 = LINE('',#12706,#12707);
#12706 = CARTESIAN_POINT('',(-170.,287.834993214,130.94170413616));
#12707 = VECTOR('',#12708,1.);
#12708 = DIRECTION('',(1.,-0.,-0.));
#12709 = PCURVE('',#5833,#12710);
#12710 = DEFINITIONAL_REPRESENTATION('',(#12711),#12715);
#12711 = LINE('',#12712,#12713);
#12712 = CARTESIAN_POINT('',(-4.975458199959,-170.));
#12713 = VECTOR('',#12714,1.);
#12714 = DIRECTION('',(0.,1.));
#12715 = ( GEOMETRIC_REPRESENTATION_CONTEXT(2) 
PARAMETRIC_REPRESENTATION_CONTEXT() REPRESENTATION_CONTEXT('2D SPACE',''
  ) );
#12716 = PCURVE('',#10375,#12717);
#12717 = DEFINITIONAL_REPRESENTATION('',(#12718),#12722);
#12718 = LINE('',#12719,#12720);
#12719 = CARTESIAN_POINT('',(34.05771384474,-170.));
#12720 = VECTOR('',#12721,1.);
#12721 = DIRECTION('',(0.,1.));
#12722 = ( GEOMETRIC_REPRESENTATION_CONTEXT(2) 
PARAMETRIC_REPRESENTATION_CONTEXT() REPRESENTATION_CONTEXT('2D SPACE',''
  ) );
#12723 = ORIENTED_EDGE('',*,*,#12524,.T.);
#12724 = ORIENTED_EDGE('',*,*,#5817,.T.);
#12725 = ORIENTED_EDGE('',*,*,#12726,.F.);
#12726 = EDGE_CURVE('',#12702,#5818,#12727,.T.);
#12727 = SURFACE_CURVE('',#12728,(#12733,#12740),.PCURVE_S1.);
#12728 = CIRCLE('',#12729,28.);
#12729 = AXIS2_PLACEMENT_3D('',#12730,#12731,#12732);
#12730 = CARTESIAN_POINT('',(158.,295.11626439748,157.97840308319));
#12731 = DIRECTION('',(-1.,-0.,0.));
#12732 = DIRECTION('',(0.,-0.26004539941,-0.965596390966));
#12733 = PCURVE('',#5833,#12734);
#12734 = DEFINITIONAL_REPRESENTATION('',(#12735),#12739);
#12735 = LINE('',#12736,#12737);
#12736 = CARTESIAN_POINT('',(-4.975458199959,158.));
#12737 = VECTOR('',#12738,1.);
#12738 = DIRECTION('',(-1.,0.));
#12739 = ( GEOMETRIC_REPRESENTATION_CONTEXT(2) 
PARAMETRIC_REPRESENTATION_CONTEXT() REPRESENTATION_CONTEXT('2D SPACE',''
  ) );
#12740 = PCURVE('',#6516,#12741);
#12741 = DEFINITIONAL_REPRESENTATION('',(#12742),#12746);
#12742 = LINE('',#12743,#12744);
#12743 = CARTESIAN_POINT('',(0.,3.14159265359));
#12744 = VECTOR('',#12745,1.);
#12745 = DIRECTION('',(1.,0.));
#12746 = ( GEOMETRIC_REPRESENTATION_CONTEXT(2) 
PARAMETRIC_REPRESENTATION_CONTEXT() REPRESENTATION_CONTEXT('2D SPACE',''
  ) );
#12747 = ADVANCED_FACE('',(#12748,#12754),#5950,.F.);
#12748 = FACE_BOUND('',#12749,.F.);
#12749 = EDGE_LOOP('',(#12750,#12751,#12752,#12753));
#12750 = ORIENTED_EDGE('',*,*,#7002,.F.);
#12751 = ORIENTED_EDGE('',*,*,#7076,.T.);
#12752 = ORIENTED_EDGE('',*,*,#7176,.T.);
#12753 = ORIENTED_EDGE('',*,*,#5935,.F.);
#12754 = FACE_BOUND('',#12755,.F.);
#12755 = EDGE_LOOP('',(#12756));
#12756 = ORIENTED_EDGE('',*,*,#9421,.F.);
#12757 = ADVANCED_FACE('',(#12758,#12764),#5883,.F.);
#12758 = FACE_BOUND('',#12759,.F.);
#12759 = EDGE_LOOP('',(#12760,#12761,#12762,#12763));
#12760 = ORIENTED_EDGE('',*,*,#6075,.F.);
#12761 = ORIENTED_EDGE('',*,*,#6247,.T.);
#12762 = ORIENTED_EDGE('',*,*,#6347,.T.);
#12763 = ORIENTED_EDGE('',*,*,#5868,.F.);
#12764 = FACE_BOUND('',#12765,.F.);
#12765 = EDGE_LOOP('',(#12766));
#12766 = ORIENTED_EDGE('',*,*,#9275,.F.);
#12767 = ADVANCED_FACE('',(#12768),#6117,.T.);
#12768 = FACE_BOUND('',#12769,.T.);
#12769 = EDGE_LOOP('',(#12770,#12793,#12794,#12795,#12816,#12817,#12818)
  );
#12770 = ORIENTED_EDGE('',*,*,#12771,.F.);
#12771 = EDGE_CURVE('',#6101,#12772,#12774,.T.);
#12772 = VERTEX_POINT('',#12773);
#12773 = CARTESIAN_POINT('',(155.,180.81391404175,137.));
#12774 = SURFACE_CURVE('',#12775,(#12779,#12786),.PCURVE_S1.);
#12775 = LINE('',#12776,#12777);
#12776 = CARTESIAN_POINT('',(155.,166.81391404175,137.));
#12777 = VECTOR('',#12778,1.);
#12778 = DIRECTION('',(-0.,1.,0.));
#12779 = PCURVE('',#6117,#12780);
#12780 = DEFINITIONAL_REPRESENTATION('',(#12781),#12785);
#12781 = LINE('',#12782,#12783);
#12782 = CARTESIAN_POINT('',(0.,0.));
#12783 = VECTOR('',#12784,1.);
#12784 = DIRECTION('',(0.,1.));
#12785 = ( GEOMETRIC_REPRESENTATION_CONTEXT(2) 
PARAMETRIC_REPRESENTATION_CONTEXT() REPRESENTATION_CONTEXT('2D SPACE',''
  ) );
#12786 = PCURVE('',#6143,#12787);
#12787 = DEFINITIONAL_REPRESENTATION('',(#12788),#12792);
#12788 = LINE('',#12789,#12790);
#12789 = CARTESIAN_POINT('',(12.,0.));
#12790 = VECTOR('',#12791,1.);
#12791 = DIRECTION('',(0.,-1.));
#12792 = ( GEOMETRIC_REPRESENTATION_CONTEXT(2) 
PARAMETRIC_REPRESENTATION_CONTEXT() REPRESENTATION_CONTEXT('2D SPACE',''
  ) );
#12793 = ORIENTED_EDGE('',*,*,#6100,.T.);
#12794 = ORIENTED_EDGE('',*,*,#8495,.T.);
#12795 = ORIENTED_EDGE('',*,*,#12796,.T.);
#12796 = EDGE_CURVE('',#8470,#8638,#12797,.T.);
#12797 = SURFACE_CURVE('',#12798,(#12802,#12809),.PCURVE_S1.);
#12798 = LINE('',#12799,#12800);
#12799 = CARTESIAN_POINT('',(155.,166.81391404175,137.));
#12800 = VECTOR('',#12801,1.);
#12801 = DIRECTION('',(1.,0.,-0.));
#12802 = PCURVE('',#6117,#12803);
#12803 = DEFINITIONAL_REPRESENTATION('',(#12804),#12808);
#12804 = LINE('',#12805,#12806);
#12805 = CARTESIAN_POINT('',(0.,0.));
#12806 = VECTOR('',#12807,1.);
#12807 = DIRECTION('',(1.,0.));
#12808 = ( GEOMETRIC_REPRESENTATION_CONTEXT(2) 
PARAMETRIC_REPRESENTATION_CONTEXT() REPRESENTATION_CONTEXT('2D SPACE',''
  ) );
#12809 = PCURVE('',#8484,#12810);
#12810 = DEFINITIONAL_REPRESENTATION('',(#12811),#12815);
#12811 = LINE('',#12812,#12813);
#12812 = CARTESIAN_POINT('',(12.,0.));
#12813 = VECTOR('',#12814,1.);
#12814 = DIRECTION('',(0.,1.));
#12815 = ( GEOMETRIC_REPRESENTATION_CONTEXT(2) 
PARAMETRIC_REPRESENTATION_CONTEXT() REPRESENTATION_CONTEXT('2D SPACE',''
  ) );
#12816 = ORIENTED_EDGE('',*,*,#8637,.T.);
#12817 = ORIENTED_EDGE('',*,*,#6856,.F.);
#12818 = ORIENTED_EDGE('',*,*,#12819,.F.);
#12819 = EDGE_CURVE('',#12772,#6857,#12820,.T.);
#12820 = SURFACE_CURVE('',#12821,(#12825,#12832),.PCURVE_S1.);
#12821 = LINE('',#12822,#12823);
#12822 = CARTESIAN_POINT('',(155.,180.81391404175,137.));
#12823 = VECTOR('',#12824,1.);
#12824 = DIRECTION('',(1.,0.,-0.));
#12825 = PCURVE('',#6117,#12826);
#12826 = DEFINITIONAL_REPRESENTATION('',(#12827),#12831);
#12827 = LINE('',#12828,#12829);
#12828 = CARTESIAN_POINT('',(0.,14.));
#12829 = VECTOR('',#12830,1.);
#12830 = DIRECTION('',(1.,0.));
#12831 = ( GEOMETRIC_REPRESENTATION_CONTEXT(2) 
PARAMETRIC_REPRESENTATION_CONTEXT() REPRESENTATION_CONTEXT('2D SPACE',''
  ) );
#12832 = PCURVE('',#6892,#12833);
#12833 = DEFINITIONAL_REPRESENTATION('',(#12834),#12838);
#12834 = LINE('',#12835,#12836);
#12835 = CARTESIAN_POINT('',(12.,0.));
#12836 = VECTOR('',#12837,1.);
#12837 = DIRECTION('',(0.,1.));
#12838 = ( GEOMETRIC_REPRESENTATION_CONTEXT(2) 
PARAMETRIC_REPRESENTATION_CONTEXT() REPRESENTATION_CONTEXT('2D SPACE',''
  ) );
#12839 = ADVANCED_FACE('',(#12840),#6212,.F.);
#12840 = FACE_BOUND('',#12841,.F.);
#12841 = EDGE_LOOP('',(#12842,#12843,#12844,#12845,#12846,#12847,#12848,
    #12849));
#12842 = ORIENTED_EDGE('',*,*,#6298,.F.);
#12843 = ORIENTED_EDGE('',*,*,#6197,.T.);
#12844 = ORIENTED_EDGE('',*,*,#8515,.T.);
#12845 = ORIENTED_EDGE('',*,*,#8607,.T.);
#12846 = ORIENTED_EDGE('',*,*,#6794,.F.);
#12847 = ORIENTED_EDGE('',*,*,#9106,.F.);
#12848 = ORIENTED_EDGE('',*,*,#6705,.F.);
#12849 = ORIENTED_EDGE('',*,*,#6372,.F.);
#12850 = ADVANCED_FACE('',(#12851),#6143,.F.);
#12851 = FACE_BOUND('',#12852,.F.);
#12852 = EDGE_LOOP('',(#12853,#12854,#12855,#12856));
#12853 = ORIENTED_EDGE('',*,*,#12771,.F.);
#12854 = ORIENTED_EDGE('',*,*,#6128,.T.);
#12855 = ORIENTED_EDGE('',*,*,#10721,.T.);
#12856 = ORIENTED_EDGE('',*,*,#12857,.T.);
#12857 = EDGE_CURVE('',#10699,#12772,#12858,.T.);
#12858 = SURFACE_CURVE('',#12859,(#12863,#12870),.PCURVE_S1.);
#12859 = LINE('',#12860,#12861);
#12860 = CARTESIAN_POINT('',(155.,180.81391404175,125.));
#12861 = VECTOR('',#12862,1.);
#12862 = DIRECTION('',(0.,0.,1.));
#12863 = PCURVE('',#6143,#12864);
#12864 = DEFINITIONAL_REPRESENTATION('',(#12865),#12869);
#12865 = LINE('',#12866,#12867);
#12866 = CARTESIAN_POINT('',(0.,-14.));
#12867 = VECTOR('',#12868,1.);
#12868 = DIRECTION('',(1.,0.));
#12869 = ( GEOMETRIC_REPRESENTATION_CONTEXT(2) 
PARAMETRIC_REPRESENTATION_CONTEXT() REPRESENTATION_CONTEXT('2D SPACE',''
  ) );
#12870 = PCURVE('',#6892,#12871);
#12871 = DEFINITIONAL_REPRESENTATION('',(#12872),#12876);
#12872 = LINE('',#12873,#12874);
#12873 = CARTESIAN_POINT('',(0.,0.));
#12874 = VECTOR('',#12875,1.);
#12875 = DIRECTION('',(1.,0.));
#12876 = ( GEOMETRIC_REPRESENTATION_CONTEXT(2) 
PARAMETRIC_REPRESENTATION_CONTEXT() REPRESENTATION_CONTEXT('2D SPACE',''
  ) );
#12877 = ADVANCED_FACE('',(#12878),#6436,.T.);
#12878 = FACE_BOUND('',#12879,.T.);
#12879 = EDGE_LOOP('',(#12880,#12881,#12904,#12925));
#12880 = ORIENTED_EDGE('',*,*,#10625,.F.);
#12881 = ORIENTED_EDGE('',*,*,#12882,.T.);
#12882 = EDGE_CURVE('',#10626,#12883,#12885,.T.);
#12883 = VERTEX_POINT('',#12884);
#12884 = CARTESIAN_POINT('',(153.5,257.,137.));
#12885 = SURFACE_CURVE('',#12886,(#12890,#12897),.PCURVE_S1.);
#12886 = LINE('',#12887,#12888);
#12887 = CARTESIAN_POINT('',(153.5,257.,125.));
#12888 = VECTOR('',#12889,1.);
#12889 = DIRECTION('',(0.,0.,1.));
#12890 = PCURVE('',#6436,#12891);
#12891 = DEFINITIONAL_REPRESENTATION('',(#12892),#12896);
#12892 = LINE('',#12893,#12894);
#12893 = CARTESIAN_POINT('',(0.,0.));
#12894 = VECTOR('',#12895,1.);
#12895 = DIRECTION('',(1.,0.));
#12896 = ( GEOMETRIC_REPRESENTATION_CONTEXT(2) 
PARAMETRIC_REPRESENTATION_CONTEXT() REPRESENTATION_CONTEXT('2D SPACE',''
  ) );
#12897 = PCURVE('',#10664,#12898);
#12898 = DEFINITIONAL_REPRESENTATION('',(#12899),#12903);
#12899 = LINE('',#12900,#12901);
#12900 = CARTESIAN_POINT('',(0.,-14.));
#12901 = VECTOR('',#12902,1.);
#12902 = DIRECTION('',(1.,0.));
#12903 = ( GEOMETRIC_REPRESENTATION_CONTEXT(2) 
PARAMETRIC_REPRESENTATION_CONTEXT() REPRESENTATION_CONTEXT('2D SPACE',''
  ) );
#12904 = ORIENTED_EDGE('',*,*,#12905,.T.);
#12905 = EDGE_CURVE('',#12883,#6422,#12906,.T.);
#12906 = SURFACE_CURVE('',#12907,(#12911,#12918),.PCURVE_S1.);
#12907 = LINE('',#12908,#12909);
#12908 = CARTESIAN_POINT('',(153.5,257.,137.));
#12909 = VECTOR('',#12910,1.);
#12910 = DIRECTION('',(1.,0.,-0.));
#12911 = PCURVE('',#6436,#12912);
#12912 = DEFINITIONAL_REPRESENTATION('',(#12913),#12917);
#12913 = LINE('',#12914,#12915);
#12914 = CARTESIAN_POINT('',(12.,0.));
#12915 = VECTOR('',#12916,1.);
#12916 = DIRECTION('',(0.,1.));
#12917 = ( GEOMETRIC_REPRESENTATION_CONTEXT(2) 
PARAMETRIC_REPRESENTATION_CONTEXT() REPRESENTATION_CONTEXT('2D SPACE',''
  ) );
#12918 = PCURVE('',#6964,#12919);
#12919 = DEFINITIONAL_REPRESENTATION('',(#12920),#12924);
#12920 = LINE('',#12921,#12922);
#12921 = CARTESIAN_POINT('',(0.,14.));
#12922 = VECTOR('',#12923,1.);
#12923 = DIRECTION('',(1.,0.));
#12924 = ( GEOMETRIC_REPRESENTATION_CONTEXT(2) 
PARAMETRIC_REPRESENTATION_CONTEXT() REPRESENTATION_CONTEXT('2D SPACE',''
  ) );
#12925 = ORIENTED_EDGE('',*,*,#6419,.F.);
#12926 = ADVANCED_FACE('',(#12927),#6964,.T.);
#12927 = FACE_BOUND('',#12928,.T.);
#12928 = EDGE_LOOP('',(#12929,#12930,#12953,#12974));
#12929 = ORIENTED_EDGE('',*,*,#12905,.F.);
#12930 = ORIENTED_EDGE('',*,*,#12931,.F.);
#12931 = EDGE_CURVE('',#12932,#12883,#12934,.T.);
#12932 = VERTEX_POINT('',#12933);
#12933 = CARTESIAN_POINT('',(153.5,243.,137.));
#12934 = SURFACE_CURVE('',#12935,(#12939,#12946),.PCURVE_S1.);
#12935 = LINE('',#12936,#12937);
#12936 = CARTESIAN_POINT('',(153.5,243.,137.));
#12937 = VECTOR('',#12938,1.);
#12938 = DIRECTION('',(-0.,1.,0.));
#12939 = PCURVE('',#6964,#12940);
#12940 = DEFINITIONAL_REPRESENTATION('',(#12941),#12945);
#12941 = LINE('',#12942,#12943);
#12942 = CARTESIAN_POINT('',(0.,0.));
#12943 = VECTOR('',#12944,1.);
#12944 = DIRECTION('',(0.,1.));
#12945 = ( GEOMETRIC_REPRESENTATION_CONTEXT(2) 
PARAMETRIC_REPRESENTATION_CONTEXT() REPRESENTATION_CONTEXT('2D SPACE',''
  ) );
#12946 = PCURVE('',#10664,#12947);
#12947 = DEFINITIONAL_REPRESENTATION('',(#12948),#12952);
#12948 = LINE('',#12949,#12950);
#12949 = CARTESIAN_POINT('',(12.,0.));
#12950 = VECTOR('',#12951,1.);
#12951 = DIRECTION('',(0.,-1.));
#12952 = ( GEOMETRIC_REPRESENTATION_CONTEXT(2) 
PARAMETRIC_REPRESENTATION_CONTEXT() REPRESENTATION_CONTEXT('2D SPACE',''
  ) );
#12953 = ORIENTED_EDGE('',*,*,#12954,.T.);
#12954 = EDGE_CURVE('',#12932,#6926,#12955,.T.);
#12955 = SURFACE_CURVE('',#12956,(#12960,#12967),.PCURVE_S1.);
#12956 = LINE('',#12957,#12958);
#12957 = CARTESIAN_POINT('',(153.5,243.,137.));
#12958 = VECTOR('',#12959,1.);
#12959 = DIRECTION('',(1.,0.,-0.));
#12960 = PCURVE('',#6964,#12961);
#12961 = DEFINITIONAL_REPRESENTATION('',(#12962),#12966);
#12962 = LINE('',#12963,#12964);
#12963 = CARTESIAN_POINT('',(0.,0.));
#12964 = VECTOR('',#12965,1.);
#12965 = DIRECTION('',(1.,0.));
#12966 = ( GEOMETRIC_REPRESENTATION_CONTEXT(2) 
PARAMETRIC_REPRESENTATION_CONTEXT() REPRESENTATION_CONTEXT('2D SPACE',''
  ) );
#12967 = PCURVE('',#6940,#12968);
#12968 = DEFINITIONAL_REPRESENTATION('',(#12969),#12973);
#12969 = LINE('',#12970,#12971);
#12970 = CARTESIAN_POINT('',(12.,0.));
#12971 = VECTOR('',#12972,1.);
#12972 = DIRECTION('',(0.,1.));
#12973 = ( GEOMETRIC_REPRESENTATION_CONTEXT(2) 
PARAMETRIC_REPRESENTATION_CONTEXT() REPRESENTATION_CONTEXT('2D SPACE',''
  ) );
#12974 = ORIENTED_EDGE('',*,*,#6951,.F.);
#12975 = ADVANCED_FACE('',(#12976),#6940,.F.);
#12976 = FACE_BOUND('',#12977,.F.);
#12977 = EDGE_LOOP('',(#12978,#12979,#13000,#13001));
#12978 = ORIENTED_EDGE('',*,*,#10676,.F.);
#12979 = ORIENTED_EDGE('',*,*,#12980,.T.);
#12980 = EDGE_CURVE('',#10649,#12932,#12981,.T.);
#12981 = SURFACE_CURVE('',#12982,(#12986,#12993),.PCURVE_S1.);
#12982 = LINE('',#12983,#12984);
#12983 = CARTESIAN_POINT('',(153.5,243.,125.));
#12984 = VECTOR('',#12985,1.);
#12985 = DIRECTION('',(0.,0.,1.));
#12986 = PCURVE('',#6940,#12987);
#12987 = DEFINITIONAL_REPRESENTATION('',(#12988),#12992);
#12988 = LINE('',#12989,#12990);
#12989 = CARTESIAN_POINT('',(0.,0.));
#12990 = VECTOR('',#12991,1.);
#12991 = DIRECTION('',(1.,0.));
#12992 = ( GEOMETRIC_REPRESENTATION_CONTEXT(2) 
PARAMETRIC_REPRESENTATION_CONTEXT() REPRESENTATION_CONTEXT('2D SPACE',''
  ) );
#12993 = PCURVE('',#10664,#12994);
#12994 = DEFINITIONAL_REPRESENTATION('',(#12995),#12999);
#12995 = LINE('',#12996,#12997);
#12996 = CARTESIAN_POINT('',(0.,0.));
#12997 = VECTOR('',#12998,1.);
#12998 = DIRECTION('',(1.,0.));
#12999 = ( GEOMETRIC_REPRESENTATION_CONTEXT(2) 
PARAMETRIC_REPRESENTATION_CONTEXT() REPRESENTATION_CONTEXT('2D SPACE',''
  ) );
#13000 = ORIENTED_EDGE('',*,*,#12954,.T.);
#13001 = ORIENTED_EDGE('',*,*,#6925,.F.);
#13002 = ADVANCED_FACE('',(#13003),#6892,.T.);
#13003 = FACE_BOUND('',#13004,.T.);
#13004 = EDGE_LOOP('',(#13005,#13006,#13007,#13008));
#13005 = ORIENTED_EDGE('',*,*,#10698,.F.);
#13006 = ORIENTED_EDGE('',*,*,#12857,.T.);
#13007 = ORIENTED_EDGE('',*,*,#12819,.T.);
#13008 = ORIENTED_EDGE('',*,*,#6877,.F.);
#13009 = ADVANCED_FACE('',(#13010),#6762,.T.);
#13010 = FACE_BOUND('',#13011,.T.);
#13011 = EDGE_LOOP('',(#13012,#13013,#13014));
#13012 = ORIENTED_EDGE('',*,*,#9129,.T.);
#13013 = ORIENTED_EDGE('',*,*,#9083,.T.);
#13014 = ORIENTED_EDGE('',*,*,#6747,.T.);
#13015 = ADVANCED_FACE('',(#13016),#6584,.F.);
#13016 = FACE_BOUND('',#13017,.F.);
#13017 = EDGE_LOOP('',(#13018,#13019,#13020,#13021,#13022,#13023));
#13018 = ORIENTED_EDGE('',*,*,#7201,.F.);
#13019 = ORIENTED_EDGE('',*,*,#7126,.F.);
#13020 = ORIENTED_EDGE('',*,*,#7027,.T.);
#13021 = ORIENTED_EDGE('',*,*,#6663,.F.);
#13022 = ORIENTED_EDGE('',*,*,#9348,.F.);
#13023 = ORIENTED_EDGE('',*,*,#6569,.F.);
#13024 = ADVANCED_FACE('',(#13025),#6631,.T.);
#13025 = FACE_BOUND('',#13026,.T.);
#13026 = EDGE_LOOP('',(#13027,#13028,#13029));
#13027 = ORIENTED_EDGE('',*,*,#9371,.T.);
#13028 = ORIENTED_EDGE('',*,*,#9325,.T.);
#13029 = ORIENTED_EDGE('',*,*,#6616,.T.);
#13030 = ADVANCED_FACE('',(#13031),#6516,.F.);
#13031 = FACE_BOUND('',#13032,.F.);
#13032 = EDGE_LOOP('',(#13033,#13055,#13056,#13057));
#13033 = ORIENTED_EDGE('',*,*,#13034,.F.);
#13034 = EDGE_CURVE('',#12702,#6470,#13035,.T.);
#13035 = SURFACE_CURVE('',#13036,(#13041,#13048),.PCURVE_S1.);
#13036 = CIRCLE('',#13037,9.);
#13037 = AXIS2_PLACEMENT_3D('',#13038,#13039,#13040);
#13038 = CARTESIAN_POINT('',(158.,285.49458461931,122.25133661747));
#13039 = DIRECTION('',(0.,0.965596390966,-0.26004539941));
#13040 = DIRECTION('',(-1.224646799147E-16,0.26004539941,0.965596390966)
  );
#13041 = PCURVE('',#6516,#13042);
#13042 = DEFINITIONAL_REPRESENTATION('',(#13043),#13047);
#13043 = LINE('',#13044,#13045);
#13044 = CARTESIAN_POINT('',(0.,3.14159265359));
#13045 = VECTOR('',#13046,1.);
#13046 = DIRECTION('',(0.,1.));
#13047 = ( GEOMETRIC_REPRESENTATION_CONTEXT(2) 
PARAMETRIC_REPRESENTATION_CONTEXT() REPRESENTATION_CONTEXT('2D SPACE',''
  ) );
#13048 = PCURVE('',#6484,#13049);
#13049 = DEFINITIONAL_REPRESENTATION('',(#13050),#13054);
#13050 = LINE('',#13051,#13052);
#13051 = CARTESIAN_POINT('',(-0.,34.05771384474));
#13052 = VECTOR('',#13053,1.);
#13053 = DIRECTION('',(-1.,0.));
#13054 = ( GEOMETRIC_REPRESENTATION_CONTEXT(2) 
PARAMETRIC_REPRESENTATION_CONTEXT() REPRESENTATION_CONTEXT('2D SPACE',''
  ) );
#13055 = ORIENTED_EDGE('',*,*,#12726,.T.);
#13056 = ORIENTED_EDGE('',*,*,#7229,.T.);
#13057 = ORIENTED_EDGE('',*,*,#6495,.F.);
#13058 = ADVANCED_FACE('',(#13059),#6484,.F.);
#13059 = FACE_BOUND('',#13060,.T.);
#13060 = EDGE_LOOP('',(#13061,#13082,#13083,#13084));
#13061 = ORIENTED_EDGE('',*,*,#13062,.F.);
#13062 = EDGE_CURVE('',#10577,#12702,#13063,.T.);
#13063 = SURFACE_CURVE('',#13064,(#13068,#13075),.PCURVE_S1.);
#13064 = LINE('',#13065,#13066);
#13065 = CARTESIAN_POINT('',(158.,320.72099878702,122.08515233641));
#13066 = VECTOR('',#13067,1.);
#13067 = DIRECTION('',(0.,-0.965596390966,0.26004539941));
#13068 = PCURVE('',#6484,#13069);
#13069 = DEFINITIONAL_REPRESENTATION('',(#13070),#13074);
#13070 = LINE('',#13071,#13072);
#13071 = CARTESIAN_POINT('',(-0.,0.));
#13072 = VECTOR('',#13073,1.);
#13073 = DIRECTION('',(-0.,1.));
#13074 = ( GEOMETRIC_REPRESENTATION_CONTEXT(2) 
PARAMETRIC_REPRESENTATION_CONTEXT() REPRESENTATION_CONTEXT('2D SPACE',''
  ) );
#13075 = PCURVE('',#10375,#13076);
#13076 = DEFINITIONAL_REPRESENTATION('',(#13077),#13081);
#13077 = LINE('',#13078,#13079);
#13078 = CARTESIAN_POINT('',(0.,158.));
#13079 = VECTOR('',#13080,1.);
#13080 = DIRECTION('',(1.,0.));
#13081 = ( GEOMETRIC_REPRESENTATION_CONTEXT(2) 
PARAMETRIC_REPRESENTATION_CONTEXT() REPRESENTATION_CONTEXT('2D SPACE',''
  ) );
#13082 = ORIENTED_EDGE('',*,*,#10598,.F.);
#13083 = ORIENTED_EDGE('',*,*,#6469,.T.);
#13084 = ORIENTED_EDGE('',*,*,#13034,.F.);
#13085 = ADVANCED_FACE('',(#13086),#7730,.F.);
#13086 = FACE_BOUND('',#13087,.F.);
#13087 = EDGE_LOOP('',(#13088,#13089,#13108,#13109,#13110));
#13088 = ORIENTED_EDGE('',*,*,#9830,.F.);
#13089 = ORIENTED_EDGE('',*,*,#13090,.T.);
#13090 = EDGE_CURVE('',#9809,#7685,#13091,.T.);
#13091 = SURFACE_CURVE('',#13092,(#13096,#13102),.PCURVE_S1.);
#13092 = LINE('',#13093,#13094);
#13093 = CARTESIAN_POINT('',(-162.,166.81391404175,146.40712832906));
#13094 = VECTOR('',#13095,1.);
#13095 = DIRECTION('',(0.,-0.,1.));
#13096 = PCURVE('',#7730,#13097);
#13097 = DEFINITIONAL_REPRESENTATION('',(#13098),#13101);
#13098 = B_SPLINE_CURVE_WITH_KNOTS('',1,(#13099,#13100),.UNSPECIFIED.,
  .F.,.F.,(2,2),(-21.40712832906,-9.407128329067),
  .PIECEWISE_BEZIER_KNOTS.);
#13099 = CARTESIAN_POINT('',(0.,7.));
#13100 = CARTESIAN_POINT('',(12.,7.));
#13101 = ( GEOMETRIC_REPRESENTATION_CONTEXT(2) 
PARAMETRIC_REPRESENTATION_CONTEXT() REPRESENTATION_CONTEXT('2D SPACE',''
  ) );
#13102 = PCURVE('',#7699,#13103);
#13103 = DEFINITIONAL_REPRESENTATION('',(#13104),#13107);
#13104 = B_SPLINE_CURVE_WITH_KNOTS('',1,(#13105,#13106),.UNSPECIFIED.,
  .F.,.F.,(2,2),(-21.40712832906,-9.407128329067),
  .PIECEWISE_BEZIER_KNOTS.);
#13105 = CARTESIAN_POINT('',(-32.31810728206,-42.81425665813));
#13106 = CARTESIAN_POINT('',(-32.31810728206,-30.81425665813));
#13107 = ( GEOMETRIC_REPRESENTATION_CONTEXT(2) 
PARAMETRIC_REPRESENTATION_CONTEXT() REPRESENTATION_CONTEXT('2D SPACE',''
  ) );
#13108 = ORIENTED_EDGE('',*,*,#7710,.T.);
#13109 = ORIENTED_EDGE('',*,*,#12272,.T.);
#13110 = ORIENTED_EDGE('',*,*,#8067,.F.);
#13111 = ADVANCED_FACE('',(#13112),#7699,.T.);
#13112 = FACE_BOUND('',#13113,.T.);
#13113 = EDGE_LOOP('',(#13114,#13115,#13116));
#13114 = ORIENTED_EDGE('',*,*,#13090,.T.);
#13115 = ORIENTED_EDGE('',*,*,#7684,.T.);
#13116 = ORIENTED_EDGE('',*,*,#9808,.T.);
#13117 = ADVANCED_FACE('',(#13118),#7645,.F.);
#13118 = FACE_BOUND('',#13119,.F.);
#13119 = EDGE_LOOP('',(#13120,#13121,#13122,#13123));
#13120 = ORIENTED_EDGE('',*,*,#7629,.T.);
#13121 = ORIENTED_EDGE('',*,*,#9852,.T.);
#13122 = ORIENTED_EDGE('',*,*,#8024,.T.);
#13123 = ORIENTED_EDGE('',*,*,#13124,.F.);
#13124 = EDGE_CURVE('',#7470,#8004,#13125,.T.);
#13125 = SURFACE_CURVE('',#13126,(#13131,#13138),.PCURVE_S1.);
#13126 = CIRCLE('',#13127,6.);
#13127 = AXIS2_PLACEMENT_3D('',#13128,#13129,#13130);
#13128 = CARTESIAN_POINT('',(-154.,172.73255739615,168.99592040977));
#13129 = DIRECTION('',(0.,-0.978147600734,0.207911690818));
#13130 = DIRECTION('',(1.,0.,0.));
#13131 = PCURVE('',#7645,#13132);
#13132 = DEFINITIONAL_REPRESENTATION('',(#13133),#13137);
#13133 = CIRCLE('',#13134,6.);
#13134 = AXIS2_PLACEMENT_2D('',#13135,#13136);
#13135 = CARTESIAN_POINT('',(173.825,-154.));
#13136 = DIRECTION('',(0.,1.));
#13137 = ( GEOMETRIC_REPRESENTATION_CONTEXT(2) 
PARAMETRIC_REPRESENTATION_CONTEXT() REPRESENTATION_CONTEXT('2D SPACE',''
  ) );
#13138 = PCURVE('',#7573,#13139);
#13139 = DEFINITIONAL_REPRESENTATION('',(#13140),#13144);
#13140 = LINE('',#13141,#13142);
#13141 = CARTESIAN_POINT('',(0.,5.));
#13142 = VECTOR('',#13143,1.);
#13143 = DIRECTION('',(1.,0.));
#13144 = ( GEOMETRIC_REPRESENTATION_CONTEXT(2) 
PARAMETRIC_REPRESENTATION_CONTEXT() REPRESENTATION_CONTEXT('2D SPACE',''
  ) );
#13145 = ADVANCED_FACE('',(#13146),#7573,.T.);
#13146 = FACE_BOUND('',#13147,.T.);
#13147 = EDGE_LOOP('',(#13148,#13170,#13171,#13193,#13194,#13195));
#13148 = ORIENTED_EDGE('',*,*,#13149,.F.);
#13149 = EDGE_CURVE('',#7936,#7442,#13150,.T.);
#13150 = SURFACE_CURVE('',#13151,(#13156,#13163),.PCURVE_S1.);
#13151 = CIRCLE('',#13152,6.);
#13152 = AXIS2_PLACEMENT_3D('',#13153,#13154,#13155);
#13153 = CARTESIAN_POINT('',(-154.,172.73255739615,168.99592040977));
#13154 = DIRECTION('',(0.,-0.978147600734,0.207911690818));
#13155 = DIRECTION('',(1.,0.,0.));
#13156 = PCURVE('',#7573,#13157);
#13157 = DEFINITIONAL_REPRESENTATION('',(#13158),#13162);
#13158 = LINE('',#13159,#13160);
#13159 = CARTESIAN_POINT('',(0.,5.));
#13160 = VECTOR('',#13161,1.);
#13161 = DIRECTION('',(1.,0.));
#13162 = ( GEOMETRIC_REPRESENTATION_CONTEXT(2) 
PARAMETRIC_REPRESENTATION_CONTEXT() REPRESENTATION_CONTEXT('2D SPACE',''
  ) );
#13163 = PCURVE('',#7457,#13164);
#13164 = DEFINITIONAL_REPRESENTATION('',(#13165),#13169);
#13165 = CIRCLE('',#13166,6.);
#13166 = AXIS2_PLACEMENT_2D('',#13167,#13168);
#13167 = CARTESIAN_POINT('',(173.825,-154.));
#13168 = DIRECTION('',(0.,1.));
#13169 = ( GEOMETRIC_REPRESENTATION_CONTEXT(2) 
PARAMETRIC_REPRESENTATION_CONTEXT() REPRESENTATION_CONTEXT('2D SPACE',''
  ) );
#13170 = ORIENTED_EDGE('',*,*,#7956,.F.);
#13171 = ORIENTED_EDGE('',*,*,#13172,.T.);
#13172 = EDGE_CURVE('',#7957,#7978,#13173,.T.);
#13173 = SURFACE_CURVE('',#13174,(#13179,#13186),.PCURVE_S1.);
#13174 = CIRCLE('',#13175,6.);
#13175 = AXIS2_PLACEMENT_3D('',#13176,#13177,#13178);
#13176 = CARTESIAN_POINT('',(-154.,177.62329539982,167.95636195568));
#13177 = DIRECTION('',(0.,-0.978147600734,0.207911690818));
#13178 = DIRECTION('',(1.,0.,0.));
#13179 = PCURVE('',#7573,#13180);
#13180 = DEFINITIONAL_REPRESENTATION('',(#13181),#13185);
#13181 = LINE('',#13182,#13183);
#13182 = CARTESIAN_POINT('',(0.,0.));
#13183 = VECTOR('',#13184,1.);
#13184 = DIRECTION('',(1.,0.));
#13185 = ( GEOMETRIC_REPRESENTATION_CONTEXT(2) 
PARAMETRIC_REPRESENTATION_CONTEXT() REPRESENTATION_CONTEXT('2D SPACE',''
  ) );
#13186 = PCURVE('',#7992,#13187);
#13187 = DEFINITIONAL_REPRESENTATION('',(#13188),#13192);
#13188 = CIRCLE('',#13189,6.);
#13189 = AXIS2_PLACEMENT_2D('',#13190,#13191);
#13190 = CARTESIAN_POINT('',(0.,0.));
#13191 = DIRECTION('',(1.,0.));
#13192 = ( GEOMETRIC_REPRESENTATION_CONTEXT(2) 
PARAMETRIC_REPRESENTATION_CONTEXT() REPRESENTATION_CONTEXT('2D SPACE',''
  ) );
#13193 = ORIENTED_EDGE('',*,*,#8003,.T.);
#13194 = ORIENTED_EDGE('',*,*,#13124,.F.);
#13195 = ORIENTED_EDGE('',*,*,#7469,.F.);
#13196 = ADVANCED_FACE('',(#13197),#7457,.F.);
#13197 = FACE_BOUND('',#13198,.F.);
#13198 = EDGE_LOOP('',(#13199,#13221,#13222,#13223));
#13199 = ORIENTED_EDGE('',*,*,#13200,.F.);
#13200 = EDGE_CURVE('',#7282,#7915,#13201,.T.);
#13201 = SURFACE_CURVE('',#13202,(#13207,#13214),.PCURVE_S1.);
#13202 = CIRCLE('',#13203,6.);
#13203 = AXIS2_PLACEMENT_3D('',#13204,#13205,#13206);
#13204 = CARTESIAN_POINT('',(-154.,195.6028433861,276.59215649049));
#13205 = DIRECTION('',(0.,-0.978147600734,0.207911690818));
#13206 = DIRECTION('',(1.,0.,0.));
#13207 = PCURVE('',#7457,#13208);
#13208 = DEFINITIONAL_REPRESENTATION('',(#13209),#13213);
#13209 = CIRCLE('',#13210,6.);
#13210 = AXIS2_PLACEMENT_2D('',#13211,#13212);
#13211 = CARTESIAN_POINT('',(63.825,-154.));
#13212 = DIRECTION('',(0.,1.));
#13213 = ( GEOMETRIC_REPRESENTATION_CONTEXT(2) 
PARAMETRIC_REPRESENTATION_CONTEXT() REPRESENTATION_CONTEXT('2D SPACE',''
  ) );
#13214 = PCURVE('',#7385,#13215);
#13215 = DEFINITIONAL_REPRESENTATION('',(#13216),#13220);
#13216 = LINE('',#13217,#13218);
#13217 = CARTESIAN_POINT('',(0.,5.));
#13218 = VECTOR('',#13219,1.);
#13219 = DIRECTION('',(1.,0.));
#13220 = ( GEOMETRIC_REPRESENTATION_CONTEXT(2) 
PARAMETRIC_REPRESENTATION_CONTEXT() REPRESENTATION_CONTEXT('2D SPACE',''
  ) );
#13221 = ORIENTED_EDGE('',*,*,#7441,.T.);
#13222 = ORIENTED_EDGE('',*,*,#13149,.F.);
#13223 = ORIENTED_EDGE('',*,*,#7935,.T.);
#13224 = ADVANCED_FACE('',(#13225),#7385,.T.);
#13225 = FACE_BOUND('',#13226,.T.);
#13226 = EDGE_LOOP('',(#13227,#13228,#13229,#13251,#13252,#13253));
#13227 = ORIENTED_EDGE('',*,*,#7819,.F.);
#13228 = ORIENTED_EDGE('',*,*,#7867,.F.);
#13229 = ORIENTED_EDGE('',*,*,#13230,.T.);
#13230 = EDGE_CURVE('',#7868,#7889,#13231,.T.);
#13231 = SURFACE_CURVE('',#13232,(#13237,#13244),.PCURVE_S1.);
#13232 = CIRCLE('',#13233,6.);
#13233 = AXIS2_PLACEMENT_3D('',#13234,#13235,#13236);
#13234 = CARTESIAN_POINT('',(-154.,200.49358138977,275.5525980364));
#13235 = DIRECTION('',(0.,-0.978147600734,0.207911690818));
#13236 = DIRECTION('',(1.,0.,0.));
#13237 = PCURVE('',#7385,#13238);
#13238 = DEFINITIONAL_REPRESENTATION('',(#13239),#13243);
#13239 = LINE('',#13240,#13241);
#13240 = CARTESIAN_POINT('',(0.,0.));
#13241 = VECTOR('',#13242,1.);
#13242 = DIRECTION('',(1.,0.));
#13243 = ( GEOMETRIC_REPRESENTATION_CONTEXT(2) 
PARAMETRIC_REPRESENTATION_CONTEXT() REPRESENTATION_CONTEXT('2D SPACE',''
  ) );
#13244 = PCURVE('',#7903,#13245);
#13245 = DEFINITIONAL_REPRESENTATION('',(#13246),#13250);
#13246 = CIRCLE('',#13247,6.);
#13247 = AXIS2_PLACEMENT_2D('',#13248,#13249);
#13248 = CARTESIAN_POINT('',(0.,0.));
#13249 = DIRECTION('',(1.,0.));
#13250 = ( GEOMETRIC_REPRESENTATION_CONTEXT(2) 
PARAMETRIC_REPRESENTATION_CONTEXT() REPRESENTATION_CONTEXT('2D SPACE',''
  ) );
#13251 = ORIENTED_EDGE('',*,*,#7914,.T.);
#13252 = ORIENTED_EDGE('',*,*,#13200,.F.);
#13253 = ORIENTED_EDGE('',*,*,#7281,.F.);
#13254 = ADVANCED_FACE('',(#13255),#7992,.F.);
#13255 = FACE_BOUND('',#13256,.F.);
#13256 = EDGE_LOOP('',(#13257,#13258));
#13257 = ORIENTED_EDGE('',*,*,#7977,.F.);
#13258 = ORIENTED_EDGE('',*,*,#13172,.T.);
#13259 = ADVANCED_FACE('',(#13260),#7903,.F.);
#13260 = FACE_BOUND('',#13261,.F.);
#13261 = EDGE_LOOP('',(#13262,#13263));
#13262 = ORIENTED_EDGE('',*,*,#7888,.F.);
#13263 = ORIENTED_EDGE('',*,*,#13230,.T.);
#13264 = ADVANCED_FACE('',(#13265),#8484,.F.);
#13265 = FACE_BOUND('',#13266,.F.);
#13266 = EDGE_LOOP('',(#13267,#13268,#13269,#13270,#13271));
#13267 = ORIENTED_EDGE('',*,*,#10083,.F.);
#13268 = ORIENTED_EDGE('',*,*,#8469,.T.);
#13269 = ORIENTED_EDGE('',*,*,#12796,.T.);
#13270 = ORIENTED_EDGE('',*,*,#8664,.T.);
#13271 = ORIENTED_EDGE('',*,*,#13272,.F.);
#13272 = EDGE_CURVE('',#10084,#8665,#13273,.T.);
#13273 = SURFACE_CURVE('',#13274,(#13278,#13284),.PCURVE_S1.);
#13274 = LINE('',#13275,#13276);
#13275 = CARTESIAN_POINT('',(162.,166.81391404175,146.40712832906));
#13276 = VECTOR('',#13277,1.);
#13277 = DIRECTION('',(0.,-0.,1.));
#13278 = PCURVE('',#8484,#13279);
#13279 = DEFINITIONAL_REPRESENTATION('',(#13280),#13283);
#13280 = B_SPLINE_CURVE_WITH_KNOTS('',1,(#13281,#13282),.UNSPECIFIED.,
  .F.,.F.,(2,2),(-21.40712832906,-9.407128329067),
  .PIECEWISE_BEZIER_KNOTS.);
#13281 = CARTESIAN_POINT('',(0.,7.));
#13282 = CARTESIAN_POINT('',(12.,7.));
#13283 = ( GEOMETRIC_REPRESENTATION_CONTEXT(2) 
PARAMETRIC_REPRESENTATION_CONTEXT() REPRESENTATION_CONTEXT('2D SPACE',''
  ) );
#13284 = PCURVE('',#8706,#13285);
#13285 = DEFINITIONAL_REPRESENTATION('',(#13286),#13289);
#13286 = B_SPLINE_CURVE_WITH_KNOTS('',1,(#13287,#13288),.UNSPECIFIED.,
  .F.,.F.,(2,2),(-21.40712832906,-9.407128329067),
  .PIECEWISE_BEZIER_KNOTS.);
#13287 = CARTESIAN_POINT('',(-32.31810728206,-42.81425665813));
#13288 = CARTESIAN_POINT('',(-32.31810728206,-30.81425665813));
#13289 = ( GEOMETRIC_REPRESENTATION_CONTEXT(2) 
PARAMETRIC_REPRESENTATION_CONTEXT() REPRESENTATION_CONTEXT('2D SPACE',''
  ) );
#13290 = ADVANCED_FACE('',(#13291),#8436,.F.);
#13291 = FACE_BOUND('',#13292,.F.);
#13292 = EDGE_LOOP('',(#13293,#13294,#13315,#13316));
#13293 = ORIENTED_EDGE('',*,*,#8744,.F.);
#13294 = ORIENTED_EDGE('',*,*,#13295,.F.);
#13295 = EDGE_CURVE('',#8401,#8745,#13296,.T.);
#13296 = SURFACE_CURVE('',#13297,(#13302,#13309),.PCURVE_S1.);
#13297 = CIRCLE('',#13298,6.);
#13298 = AXIS2_PLACEMENT_3D('',#13299,#13300,#13301);
#13299 = CARTESIAN_POINT('',(154.,172.73255739615,168.99592040977));
#13300 = DIRECTION('',(0.,-0.978147600734,0.207911690818));
#13301 = DIRECTION('',(1.,0.,0.));
#13302 = PCURVE('',#8436,#13303);
#13303 = DEFINITIONAL_REPRESENTATION('',(#13304),#13308);
#13304 = CIRCLE('',#13305,6.);
#13305 = AXIS2_PLACEMENT_2D('',#13306,#13307);
#13306 = CARTESIAN_POINT('',(173.825,154.));
#13307 = DIRECTION('',(0.,1.));
#13308 = ( GEOMETRIC_REPRESENTATION_CONTEXT(2) 
PARAMETRIC_REPRESENTATION_CONTEXT() REPRESENTATION_CONTEXT('2D SPACE',''
  ) );
#13309 = PCURVE('',#8363,#13310);
#13310 = DEFINITIONAL_REPRESENTATION('',(#13311),#13314);
#13311 = B_SPLINE_CURVE_WITH_KNOTS('',1,(#13312,#13313),.UNSPECIFIED.,
  .F.,.F.,(2,2),(5.235987755983,5.442116636612),
  .PIECEWISE_BEZIER_KNOTS.);
#13312 = CARTESIAN_POINT('',(5.235987755983,5.));
#13313 = CARTESIAN_POINT('',(5.442116636612,5.));
#13314 = ( GEOMETRIC_REPRESENTATION_CONTEXT(2) 
PARAMETRIC_REPRESENTATION_CONTEXT() REPRESENTATION_CONTEXT('2D SPACE',''
  ) );
#13315 = ORIENTED_EDGE('',*,*,#8421,.F.);
#13316 = ORIENTED_EDGE('',*,*,#10127,.T.);
#13317 = ADVANCED_FACE('',(#13318),#8363,.T.);
#13318 = FACE_BOUND('',#13319,.T.);
#13319 = EDGE_LOOP('',(#13320,#13321,#13322,#13323,#13345,#13346));
#13320 = ORIENTED_EDGE('',*,*,#8767,.F.);
#13321 = ORIENTED_EDGE('',*,*,#13295,.F.);
#13322 = ORIENTED_EDGE('',*,*,#8400,.F.);
#13323 = ORIENTED_EDGE('',*,*,#13324,.T.);
#13324 = EDGE_CURVE('',#8375,#8349,#13325,.T.);
#13325 = SURFACE_CURVE('',#13326,(#13331,#13338),.PCURVE_S1.);
#13326 = CIRCLE('',#13327,6.);
#13327 = AXIS2_PLACEMENT_3D('',#13328,#13329,#13330);
#13328 = CARTESIAN_POINT('',(154.,177.62329539982,167.95636195568));
#13329 = DIRECTION('',(0.,-0.978147600734,0.207911690818));
#13330 = DIRECTION('',(0.5,-0.180056805992,-0.847100670886));
#13331 = PCURVE('',#8363,#13332);
#13332 = DEFINITIONAL_REPRESENTATION('',(#13333),#13337);
#13333 = LINE('',#13334,#13335);
#13334 = CARTESIAN_POINT('',(5.235987755983,0.));
#13335 = VECTOR('',#13336,1.);
#13336 = DIRECTION('',(1.,0.));
#13337 = ( GEOMETRIC_REPRESENTATION_CONTEXT(2) 
PARAMETRIC_REPRESENTATION_CONTEXT() REPRESENTATION_CONTEXT('2D SPACE',''
  ) );
#13338 = PCURVE('',#8389,#13339);
#13339 = DEFINITIONAL_REPRESENTATION('',(#13340),#13344);
#13340 = CIRCLE('',#13341,6.);
#13341 = AXIS2_PLACEMENT_2D('',#13342,#13343);
#13342 = CARTESIAN_POINT('',(0.,-5.684341886081E-14));
#13343 = DIRECTION('',(0.5,-0.866025403784));
#13344 = ( GEOMETRIC_REPRESENTATION_CONTEXT(2) 
PARAMETRIC_REPRESENTATION_CONTEXT() REPRESENTATION_CONTEXT('2D SPACE',''
  ) );
#13345 = ORIENTED_EDGE('',*,*,#8348,.T.);
#13346 = ORIENTED_EDGE('',*,*,#13347,.F.);
#13347 = EDGE_CURVE('',#8768,#8323,#13348,.T.);
#13348 = SURFACE_CURVE('',#13349,(#13354,#13360),.PCURVE_S1.);
#13349 = CIRCLE('',#13350,6.);
#13350 = AXIS2_PLACEMENT_3D('',#13351,#13352,#13353);
#13351 = CARTESIAN_POINT('',(154.,172.73255739615,168.99592040977));
#13352 = DIRECTION('',(0.,-0.978147600734,0.207911690818));
#13353 = DIRECTION('',(1.,0.,0.));
#13354 = PCURVE('',#8363,#13355);
#13355 = DEFINITIONAL_REPRESENTATION('',(#13356),#13359);
#13356 = B_SPLINE_CURVE_WITH_KNOTS('',1,(#13357,#13358),.UNSPECIFIED.,
  .F.,.F.,(2,2),(0.841068670568,1.047197551197),
  .PIECEWISE_BEZIER_KNOTS.);
#13357 = CARTESIAN_POINT('',(7.124253977748,5.));
#13358 = CARTESIAN_POINT('',(7.330382858376,5.));
#13359 = ( GEOMETRIC_REPRESENTATION_CONTEXT(2) 
PARAMETRIC_REPRESENTATION_CONTEXT() REPRESENTATION_CONTEXT('2D SPACE',''
  ) );
#13360 = PCURVE('',#8337,#13361);
#13361 = DEFINITIONAL_REPRESENTATION('',(#13362),#13366);
#13362 = CIRCLE('',#13363,6.);
#13363 = AXIS2_PLACEMENT_2D('',#13364,#13365);
#13364 = CARTESIAN_POINT('',(173.825,154.));
#13365 = DIRECTION('',(0.,1.));
#13366 = ( GEOMETRIC_REPRESENTATION_CONTEXT(2) 
PARAMETRIC_REPRESENTATION_CONTEXT() REPRESENTATION_CONTEXT('2D SPACE',''
  ) );
#13367 = ADVANCED_FACE('',(#13368),#8389,.F.);
#13368 = FACE_BOUND('',#13369,.F.);
#13369 = EDGE_LOOP('',(#13370,#13371));
#13370 = ORIENTED_EDGE('',*,*,#13324,.T.);
#13371 = ORIENTED_EDGE('',*,*,#8374,.T.);
#13372 = ADVANCED_FACE('',(#13373),#8337,.F.);
#13373 = FACE_BOUND('',#13374,.F.);
#13374 = EDGE_LOOP('',(#13375,#13376,#13397,#13398));
#13375 = ORIENTED_EDGE('',*,*,#8901,.F.);
#13376 = ORIENTED_EDGE('',*,*,#13377,.F.);
#13377 = EDGE_CURVE('',#8302,#8902,#13378,.T.);
#13378 = SURFACE_CURVE('',#13379,(#13384,#13391),.PCURVE_S1.);
#13379 = CIRCLE('',#13380,6.);
#13380 = AXIS2_PLACEMENT_3D('',#13381,#13382,#13383);
#13381 = CARTESIAN_POINT('',(154.,195.6028433861,276.59215649049));
#13382 = DIRECTION('',(0.,-0.978147600734,0.207911690818));
#13383 = DIRECTION('',(1.,0.,0.));
#13384 = PCURVE('',#8337,#13385);
#13385 = DEFINITIONAL_REPRESENTATION('',(#13386),#13390);
#13386 = CIRCLE('',#13387,6.);
#13387 = AXIS2_PLACEMENT_2D('',#13388,#13389);
#13388 = CARTESIAN_POINT('',(63.825,154.));
#13389 = DIRECTION('',(0.,1.));
#13390 = ( GEOMETRIC_REPRESENTATION_CONTEXT(2) 
PARAMETRIC_REPRESENTATION_CONTEXT() REPRESENTATION_CONTEXT('2D SPACE',''
  ) );
#13391 = PCURVE('',#8264,#13392);
#13392 = DEFINITIONAL_REPRESENTATION('',(#13393),#13396);
#13393 = B_SPLINE_CURVE_WITH_KNOTS('',1,(#13394,#13395),.UNSPECIFIED.,
  .F.,.F.,(2,2),(5.235987755983,5.442116636612),
  .PIECEWISE_BEZIER_KNOTS.);
#13394 = CARTESIAN_POINT('',(5.235987755983,5.));
#13395 = CARTESIAN_POINT('',(5.442116636612,5.));
#13396 = ( GEOMETRIC_REPRESENTATION_CONTEXT(2) 
PARAMETRIC_REPRESENTATION_CONTEXT() REPRESENTATION_CONTEXT('2D SPACE',''
  ) );
#13397 = ORIENTED_EDGE('',*,*,#8322,.F.);
#13398 = ORIENTED_EDGE('',*,*,#13347,.F.);
#13399 = ADVANCED_FACE('',(#13400),#8264,.T.);
#13400 = FACE_BOUND('',#13401,.T.);
#13401 = EDGE_LOOP('',(#13402,#13403,#13404,#13405,#13427,#13428));
#13402 = ORIENTED_EDGE('',*,*,#8924,.F.);
#13403 = ORIENTED_EDGE('',*,*,#13377,.F.);
#13404 = ORIENTED_EDGE('',*,*,#8301,.F.);
#13405 = ORIENTED_EDGE('',*,*,#13406,.T.);
#13406 = EDGE_CURVE('',#8276,#8250,#13407,.T.);
#13407 = SURFACE_CURVE('',#13408,(#13413,#13420),.PCURVE_S1.);
#13408 = CIRCLE('',#13409,6.);
#13409 = AXIS2_PLACEMENT_3D('',#13410,#13411,#13412);
#13410 = CARTESIAN_POINT('',(154.,200.49358138977,275.5525980364));
#13411 = DIRECTION('',(0.,-0.978147600734,0.207911690818));
#13412 = DIRECTION('',(0.5,-0.180056805992,-0.847100670886));
#13413 = PCURVE('',#8264,#13414);
#13414 = DEFINITIONAL_REPRESENTATION('',(#13415),#13419);
#13415 = LINE('',#13416,#13417);
#13416 = CARTESIAN_POINT('',(5.235987755983,0.));
#13417 = VECTOR('',#13418,1.);
#13418 = DIRECTION('',(1.,0.));
#13419 = ( GEOMETRIC_REPRESENTATION_CONTEXT(2) 
PARAMETRIC_REPRESENTATION_CONTEXT() REPRESENTATION_CONTEXT('2D SPACE',''
  ) );
#13420 = PCURVE('',#8290,#13421);
#13421 = DEFINITIONAL_REPRESENTATION('',(#13422),#13426);
#13422 = CIRCLE('',#13423,6.);
#13423 = AXIS2_PLACEMENT_2D('',#13424,#13425);
#13424 = CARTESIAN_POINT('',(0.,0.));
#13425 = DIRECTION('',(0.5,-0.866025403784));
#13426 = ( GEOMETRIC_REPRESENTATION_CONTEXT(2) 
PARAMETRIC_REPRESENTATION_CONTEXT() REPRESENTATION_CONTEXT('2D SPACE',''
  ) );
#13427 = ORIENTED_EDGE('',*,*,#8249,.T.);
#13428 = ORIENTED_EDGE('',*,*,#8583,.F.);
#13429 = ADVANCED_FACE('',(#13430),#8290,.F.);
#13430 = FACE_BOUND('',#13431,.F.);
#13431 = EDGE_LOOP('',(#13432,#13433));
#13432 = ORIENTED_EDGE('',*,*,#13406,.T.);
#13433 = ORIENTED_EDGE('',*,*,#8275,.T.);
#13434 = ADVANCED_FACE('',(#13435),#8706,.F.);
#13435 = FACE_BOUND('',#13436,.F.);
#13436 = EDGE_LOOP('',(#13437,#13438,#13439));
#13437 = ORIENTED_EDGE('',*,*,#13272,.T.);
#13438 = ORIENTED_EDGE('',*,*,#8691,.T.);
#13439 = ORIENTED_EDGE('',*,*,#10106,.T.);
#13440 = ADVANCED_FACE('',(#13441),#9512,.T.);
#13441 = FACE_BOUND('',#13442,.T.);
#13442 = EDGE_LOOP('',(#13443,#13444,#13445,#13446));
#13443 = ORIENTED_EDGE('',*,*,#9784,.T.);
#13444 = ORIENTED_EDGE('',*,*,#9496,.T.);
#13445 = ORIENTED_EDGE('',*,*,#10841,.T.);
#13446 = ORIENTED_EDGE('',*,*,#13447,.F.);
#13447 = EDGE_CURVE('',#9752,#10842,#13448,.T.);
#13448 = SURFACE_CURVE('',#13449,(#13453,#13460),.PCURVE_S1.);
#13449 = LINE('',#13450,#13451);
#13450 = CARTESIAN_POINT('',(-165.2,321.50113498525,124.98194150931));
#13451 = VECTOR('',#13452,1.);
#13452 = DIRECTION('',(0.,-0.965596390966,0.26004539941));
#13453 = PCURVE('',#9512,#13454);
#13454 = DEFINITIONAL_REPRESENTATION('',(#13455),#13459);
#13455 = LINE('',#13456,#13457);
#13456 = CARTESIAN_POINT('',(0.,0.8));
#13457 = VECTOR('',#13458,1.);
#13458 = DIRECTION('',(1.,0.));
#13459 = ( GEOMETRIC_REPRESENTATION_CONTEXT(2) 
PARAMETRIC_REPRESENTATION_CONTEXT() REPRESENTATION_CONTEXT('2D SPACE',''
  ) );
#13460 = PCURVE('',#9768,#13461);
#13461 = DEFINITIONAL_REPRESENTATION('',(#13462),#13466);
#13462 = LINE('',#13463,#13464);
#13463 = CARTESIAN_POINT('',(-0.,0.));
#13464 = VECTOR('',#13465,1.);
#13465 = DIRECTION('',(-0.,1.));
#13466 = ( GEOMETRIC_REPRESENTATION_CONTEXT(2) 
PARAMETRIC_REPRESENTATION_CONTEXT() REPRESENTATION_CONTEXT('2D SPACE',''
  ) );
#13467 = ADVANCED_FACE('',(#13468),#9768,.T.);
#13468 = FACE_BOUND('',#13469,.F.);
#13469 = EDGE_LOOP('',(#13470,#13471,#13472,#13491));
#13470 = ORIENTED_EDGE('',*,*,#13447,.F.);
#13471 = ORIENTED_EDGE('',*,*,#9751,.F.);
#13472 = ORIENTED_EDGE('',*,*,#13473,.T.);
#13473 = EDGE_CURVE('',#9719,#10892,#13474,.T.);
#13474 = SURFACE_CURVE('',#13475,(#13479,#13485),.PCURVE_S1.);
#13475 = LINE('',#13476,#13477);
#13476 = CARTESIAN_POINT('',(-162.8527871265,321.23458646176,
    123.9921978227));
#13477 = VECTOR('',#13478,1.);
#13478 = DIRECTION('',(0.,-0.965596390966,0.26004539941));
#13479 = PCURVE('',#9768,#13480);
#13480 = DEFINITIONAL_REPRESENTATION('',(#13481),#13484);
#13481 = B_SPLINE_CURVE_WITH_KNOTS('',1,(#13482,#13483),.UNSPECIFIED.,
  .F.,.F.,(2,2),(-5.999999472677E-07,34.05771444474),
  .PIECEWISE_BEZIER_KNOTS.);
#13482 = CARTESIAN_POINT('',(-0.823463073534,-5.999998333588E-07));
#13483 = CARTESIAN_POINT('',(-0.823463073534,34.05771444474));
#13484 = ( GEOMETRIC_REPRESENTATION_CONTEXT(2) 
PARAMETRIC_REPRESENTATION_CONTEXT() REPRESENTATION_CONTEXT('2D SPACE',''
  ) );
#13485 = PCURVE('',#9735,#13486);
#13486 = DEFINITIONAL_REPRESENTATION('',(#13487),#13490);
#13487 = B_SPLINE_CURVE_WITH_KNOTS('',1,(#13488,#13489),.UNSPECIFIED.,
  .F.,.F.,(2,2),(-5.999999472677E-07,34.05771444474),
  .PIECEWISE_BEZIER_KNOTS.);
#13488 = CARTESIAN_POINT('',(-1.154474801624,-5.999999481559E-07));
#13489 = CARTESIAN_POINT('',(-1.154474801624,34.05771444474));
#13490 = ( GEOMETRIC_REPRESENTATION_CONTEXT(2) 
PARAMETRIC_REPRESENTATION_CONTEXT() REPRESENTATION_CONTEXT('2D SPACE',''
  ) );
#13491 = ORIENTED_EDGE('',*,*,#10891,.F.);
#13492 = ADVANCED_FACE('',(#13493),#9735,.T.);
#13493 = FACE_BOUND('',#13494,.F.);
#13494 = EDGE_LOOP('',(#13495,#13496,#13497,#13518));
#13495 = ORIENTED_EDGE('',*,*,#13473,.F.);
#13496 = ORIENTED_EDGE('',*,*,#9718,.F.);
#13497 = ORIENTED_EDGE('',*,*,#13498,.T.);
#13498 = EDGE_CURVE('',#9692,#11009,#13499,.T.);
#13499 = SURFACE_CURVE('',#13500,(#13504,#13511),.PCURVE_S1.);
#13500 = LINE('',#13501,#13502);
#13501 = CARTESIAN_POINT('',(-158.,321.50113498525,124.98194150931));
#13502 = VECTOR('',#13503,1.);
#13503 = DIRECTION('',(0.,-0.965596390966,0.26004539941));
#13504 = PCURVE('',#9735,#13505);
#13505 = DEFINITIONAL_REPRESENTATION('',(#13506),#13510);
#13506 = LINE('',#13507,#13508);
#13507 = CARTESIAN_POINT('',(-1.570796326795,0.));
#13508 = VECTOR('',#13509,1.);
#13509 = DIRECTION('',(-0.,1.));
#13510 = ( GEOMETRIC_REPRESENTATION_CONTEXT(2) 
PARAMETRIC_REPRESENTATION_CONTEXT() REPRESENTATION_CONTEXT('2D SPACE',''
  ) );
#13511 = PCURVE('',#9707,#13512);
#13512 = DEFINITIONAL_REPRESENTATION('',(#13513),#13517);
#13513 = LINE('',#13514,#13515);
#13514 = CARTESIAN_POINT('',(0.,-158.));
#13515 = VECTOR('',#13516,1.);
#13516 = DIRECTION('',(1.,0.));
#13517 = ( GEOMETRIC_REPRESENTATION_CONTEXT(2) 
PARAMETRIC_REPRESENTATION_CONTEXT() REPRESENTATION_CONTEXT('2D SPACE',''
  ) );
#13518 = ORIENTED_EDGE('',*,*,#11008,.F.);
#13519 = ADVANCED_FACE('',(#13520,#13546,#13652),#9707,.T.);
#13520 = FACE_BOUND('',#13521,.T.);
#13521 = EDGE_LOOP('',(#13522,#13523,#13524,#13525));
#13522 = ORIENTED_EDGE('',*,*,#9691,.T.);
#13523 = ORIENTED_EDGE('',*,*,#13498,.T.);
#13524 = ORIENTED_EDGE('',*,*,#11390,.T.);
#13525 = ORIENTED_EDGE('',*,*,#13526,.F.);
#13526 = EDGE_CURVE('',#9659,#11391,#13527,.T.);
#13527 = SURFACE_CURVE('',#13528,(#13532,#13539),.PCURVE_S1.);
#13528 = LINE('',#13529,#13530);
#13529 = CARTESIAN_POINT('',(158.,321.50113498525,124.98194150931));
#13530 = VECTOR('',#13531,1.);
#13531 = DIRECTION('',(0.,-0.965596390966,0.26004539941));
#13532 = PCURVE('',#9707,#13533);
#13533 = DEFINITIONAL_REPRESENTATION('',(#13534),#13538);
#13534 = LINE('',#13535,#13536);
#13535 = CARTESIAN_POINT('',(0.,158.));
#13536 = VECTOR('',#13537,1.);
#13537 = DIRECTION('',(1.,0.));
#13538 = ( GEOMETRIC_REPRESENTATION_CONTEXT(2) 
PARAMETRIC_REPRESENTATION_CONTEXT() REPRESENTATION_CONTEXT('2D SPACE',''
  ) );
#13539 = PCURVE('',#9675,#13540);
#13540 = DEFINITIONAL_REPRESENTATION('',(#13541),#13545);
#13541 = LINE('',#13542,#13543);
#13542 = CARTESIAN_POINT('',(-0.,0.));
#13543 = VECTOR('',#13544,1.);
#13544 = DIRECTION('',(-0.,1.));
#13545 = ( GEOMETRIC_REPRESENTATION_CONTEXT(2) 
PARAMETRIC_REPRESENTATION_CONTEXT() REPRESENTATION_CONTEXT('2D SPACE',''
  ) );
#13546 = FACE_BOUND('',#13547,.T.);
#13547 = EDGE_LOOP('',(#13548,#13576,#13602,#13628));
#13548 = ORIENTED_EDGE('',*,*,#13549,.T.);
#13549 = EDGE_CURVE('',#13550,#13552,#13554,.T.);
#13550 = VERTEX_POINT('',#13551);
#13551 = CARTESIAN_POINT('',(-138.,300.93408048832,130.52086848892));
#13552 = VERTEX_POINT('',#13553);
#13553 = CARTESIAN_POINT('',(-152.,300.93408048832,130.52086848892));
#13554 = SURFACE_CURVE('',#13555,(#13559,#13565),.PCURVE_S1.);
#13555 = LINE('',#13556,#13557);
#13556 = CARTESIAN_POINT('',(-76.,300.93408048832,130.52086848892));
#13557 = VECTOR('',#13558,1.);
#13558 = DIRECTION('',(-1.,0.,0.));
#13559 = PCURVE('',#9707,#13560);
#13560 = DEFINITIONAL_REPRESENTATION('',(#13561),#13564);
#13561 = B_SPLINE_CURVE_WITH_KNOTS('',1,(#13562,#13563),.UNSPECIFIED.,
  .F.,.F.,(2,2),(62.,76.),.PIECEWISE_BEZIER_KNOTS.);
#13562 = CARTESIAN_POINT('',(21.29984607374,-138.));
#13563 = CARTESIAN_POINT('',(21.29984607374,-152.));
#13564 = ( GEOMETRIC_REPRESENTATION_CONTEXT(2) 
PARAMETRIC_REPRESENTATION_CONTEXT() REPRESENTATION_CONTEXT('2D SPACE',''
  ) );
#13565 = PCURVE('',#13566,#13571);
#13566 = PLANE('',#13567);
#13567 = AXIS2_PLACEMENT_3D('',#13568,#13569,#13570);
#13568 = CARTESIAN_POINT('',(-152.,300.93408048832,125.));
#13569 = DIRECTION('',(-0.,1.,0.));
#13570 = DIRECTION('',(0.,0.,1.));
#13571 = DEFINITIONAL_REPRESENTATION('',(#13572),#13575);
#13572 = B_SPLINE_CURVE_WITH_KNOTS('',1,(#13573,#13574),.UNSPECIFIED.,
  .F.,.F.,(2,2),(62.,76.),.PIECEWISE_BEZIER_KNOTS.);
#13573 = CARTESIAN_POINT('',(5.520868488929,14.));
#13574 = CARTESIAN_POINT('',(5.520868488929,0.));
#13575 = ( GEOMETRIC_REPRESENTATION_CONTEXT(2) 
PARAMETRIC_REPRESENTATION_CONTEXT() REPRESENTATION_CONTEXT('2D SPACE',''
  ) );
#13576 = ORIENTED_EDGE('',*,*,#13577,.T.);
#13577 = EDGE_CURVE('',#13552,#13578,#13580,.T.);
#13578 = VERTEX_POINT('',#13579);
#13579 = CARTESIAN_POINT('',(-152.,314.93408048832,126.75051927697));
#13580 = SURFACE_CURVE('',#13581,(#13585,#13591),.PCURVE_S1.);
#13581 = LINE('',#13582,#13583);
#13582 = CARTESIAN_POINT('',(-152.,311.91074973677,127.56473447102));
#13583 = VECTOR('',#13584,1.);
#13584 = DIRECTION('',(-0.,0.965596390966,-0.26004539941));
#13585 = PCURVE('',#9707,#13586);
#13586 = DEFINITIONAL_REPRESENTATION('',(#13587),#13590);
#13587 = B_SPLINE_CURVE_WITH_KNOTS('',1,(#13588,#13589),.UNSPECIFIED.,
  .F.,.F.,(2,2),(-11.36776126251,3.131050177738),
  .PIECEWISE_BEZIER_KNOTS.);
#13588 = CARTESIAN_POINT('',(21.29984607374,-152.));
#13589 = CARTESIAN_POINT('',(6.801034633485,-152.));
#13590 = ( GEOMETRIC_REPRESENTATION_CONTEXT(2) 
PARAMETRIC_REPRESENTATION_CONTEXT() REPRESENTATION_CONTEXT('2D SPACE',''
  ) );
#13591 = PCURVE('',#13592,#13597);
#13592 = PLANE('',#13593);
#13593 = AXIS2_PLACEMENT_3D('',#13594,#13595,#13596);
#13594 = CARTESIAN_POINT('',(-152.,300.93408048832,125.));
#13595 = DIRECTION('',(1.,0.,-0.));
#13596 = DIRECTION('',(0.,0.,1.));
#13597 = DEFINITIONAL_REPRESENTATION('',(#13598),#13601);
#13598 = B_SPLINE_CURVE_WITH_KNOTS('',1,(#13599,#13600),.UNSPECIFIED.,
  .F.,.F.,(2,2),(-11.36776126251,3.131050177738),
  .PIECEWISE_BEZIER_KNOTS.);
#13599 = CARTESIAN_POINT('',(5.520868488929,0.));
#13600 = CARTESIAN_POINT('',(1.750519276977,-14.));
#13601 = ( GEOMETRIC_REPRESENTATION_CONTEXT(2) 
PARAMETRIC_REPRESENTATION_CONTEXT() REPRESENTATION_CONTEXT('2D SPACE',''
  ) );
#13602 = ORIENTED_EDGE('',*,*,#13603,.F.);
#13603 = EDGE_CURVE('',#13604,#13578,#13606,.T.);
#13604 = VERTEX_POINT('',#13605);
#13605 = CARTESIAN_POINT('',(-138.,314.93408048832,126.75051927697));
#13606 = SURFACE_CURVE('',#13607,(#13611,#13617),.PCURVE_S1.);
#13607 = LINE('',#13608,#13609);
#13608 = CARTESIAN_POINT('',(-76.,314.93408048832,126.75051927697));
#13609 = VECTOR('',#13610,1.);
#13610 = DIRECTION('',(-1.,0.,0.));
#13611 = PCURVE('',#9707,#13612);
#13612 = DEFINITIONAL_REPRESENTATION('',(#13613),#13616);
#13613 = B_SPLINE_CURVE_WITH_KNOTS('',1,(#13614,#13615),.UNSPECIFIED.,
  .F.,.F.,(2,2),(62.,76.),.PIECEWISE_BEZIER_KNOTS.);
#13614 = CARTESIAN_POINT('',(6.801034633485,-138.));
#13615 = CARTESIAN_POINT('',(6.801034633485,-152.));
#13616 = ( GEOMETRIC_REPRESENTATION_CONTEXT(2) 
PARAMETRIC_REPRESENTATION_CONTEXT() REPRESENTATION_CONTEXT('2D SPACE',''
  ) );
#13617 = PCURVE('',#13618,#13623);
#13618 = PLANE('',#13619);
#13619 = AXIS2_PLACEMENT_3D('',#13620,#13621,#13622);
#13620 = CARTESIAN_POINT('',(-152.,314.93408048832,125.));
#13621 = DIRECTION('',(-0.,1.,0.));
#13622 = DIRECTION('',(0.,0.,1.));
#13623 = DEFINITIONAL_REPRESENTATION('',(#13624),#13627);
#13624 = B_SPLINE_CURVE_WITH_KNOTS('',1,(#13625,#13626),.UNSPECIFIED.,
  .F.,.F.,(2,2),(62.,76.),.PIECEWISE_BEZIER_KNOTS.);
#13625 = CARTESIAN_POINT('',(1.750519276977,14.));
#13626 = CARTESIAN_POINT('',(1.750519276977,0.));
#13627 = ( GEOMETRIC_REPRESENTATION_CONTEXT(2) 
PARAMETRIC_REPRESENTATION_CONTEXT() REPRESENTATION_CONTEXT('2D SPACE',''
  ) );
#13628 = ORIENTED_EDGE('',*,*,#13629,.F.);
#13629 = EDGE_CURVE('',#13550,#13604,#13630,.T.);
#13630 = SURFACE_CURVE('',#13631,(#13635,#13641),.PCURVE_S1.);
#13631 = LINE('',#13632,#13633);
#13632 = CARTESIAN_POINT('',(-138.,311.91074973677,127.56473447102));
#13633 = VECTOR('',#13634,1.);
#13634 = DIRECTION('',(-0.,0.965596390966,-0.26004539941));
#13635 = PCURVE('',#9707,#13636);
#13636 = DEFINITIONAL_REPRESENTATION('',(#13637),#13640);
#13637 = B_SPLINE_CURVE_WITH_KNOTS('',1,(#13638,#13639),.UNSPECIFIED.,
  .F.,.F.,(2,2),(-11.36776126251,3.131050177738),
  .PIECEWISE_BEZIER_KNOTS.);
#13638 = CARTESIAN_POINT('',(21.29984607374,-138.));
#13639 = CARTESIAN_POINT('',(6.801034633485,-138.));
#13640 = ( GEOMETRIC_REPRESENTATION_CONTEXT(2) 
PARAMETRIC_REPRESENTATION_CONTEXT() REPRESENTATION_CONTEXT('2D SPACE',''
  ) );
#13641 = PCURVE('',#13642,#13647);
#13642 = PLANE('',#13643);
#13643 = AXIS2_PLACEMENT_3D('',#13644,#13645,#13646);
#13644 = CARTESIAN_POINT('',(-138.,300.93408048832,125.));
#13645 = DIRECTION('',(1.,0.,-0.));
#13646 = DIRECTION('',(0.,0.,1.));
#13647 = DEFINITIONAL_REPRESENTATION('',(#13648),#13651);
#13648 = B_SPLINE_CURVE_WITH_KNOTS('',1,(#13649,#13650),.UNSPECIFIED.,
  .F.,.F.,(2,2),(-11.36776126251,3.131050177738),
  .PIECEWISE_BEZIER_KNOTS.);
#13649 = CARTESIAN_POINT('',(5.520868488929,0.));
#13650 = CARTESIAN_POINT('',(1.750519276977,-14.));
#13651 = ( GEOMETRIC_REPRESENTATION_CONTEXT(2) 
PARAMETRIC_REPRESENTATION_CONTEXT() REPRESENTATION_CONTEXT('2D SPACE',''
  ) );
#13652 = FACE_BOUND('',#13653,.T.);
#13653 = EDGE_LOOP('',(#13654,#13682,#13708,#13734));
#13654 = ORIENTED_EDGE('',*,*,#13655,.T.);
#13655 = EDGE_CURVE('',#13656,#13658,#13660,.T.);
#13656 = VERTEX_POINT('',#13657);
#13657 = CARTESIAN_POINT('',(152.,300.93408048832,130.52086848892));
#13658 = VERTEX_POINT('',#13659);
#13659 = CARTESIAN_POINT('',(138.,300.93408048832,130.52086848892));
#13660 = SURFACE_CURVE('',#13661,(#13665,#13671),.PCURVE_S1.);
#13661 = LINE('',#13662,#13663);
#13662 = CARTESIAN_POINT('',(69.,300.93408048832,130.52086848892));
#13663 = VECTOR('',#13664,1.);
#13664 = DIRECTION('',(-1.,0.,0.));
#13665 = PCURVE('',#9707,#13666);
#13666 = DEFINITIONAL_REPRESENTATION('',(#13667),#13670);
#13667 = B_SPLINE_CURVE_WITH_KNOTS('',1,(#13668,#13669),.UNSPECIFIED.,
  .F.,.F.,(2,2),(-83.,-69.),.PIECEWISE_BEZIER_KNOTS.);
#13668 = CARTESIAN_POINT('',(21.29984607374,152.));
#13669 = CARTESIAN_POINT('',(21.29984607374,138.));
#13670 = ( GEOMETRIC_REPRESENTATION_CONTEXT(2) 
PARAMETRIC_REPRESENTATION_CONTEXT() REPRESENTATION_CONTEXT('2D SPACE',''
  ) );
#13671 = PCURVE('',#13672,#13677);
#13672 = PLANE('',#13673);
#13673 = AXIS2_PLACEMENT_3D('',#13674,#13675,#13676);
#13674 = CARTESIAN_POINT('',(138.,300.93408048832,125.));
#13675 = DIRECTION('',(-0.,1.,0.));
#13676 = DIRECTION('',(0.,0.,1.));
#13677 = DEFINITIONAL_REPRESENTATION('',(#13678),#13681);
#13678 = B_SPLINE_CURVE_WITH_KNOTS('',1,(#13679,#13680),.UNSPECIFIED.,
  .F.,.F.,(2,2),(-83.,-69.),.PIECEWISE_BEZIER_KNOTS.);
#13679 = CARTESIAN_POINT('',(5.520868488929,14.));
#13680 = CARTESIAN_POINT('',(5.520868488929,0.));
#13681 = ( GEOMETRIC_REPRESENTATION_CONTEXT(2) 
PARAMETRIC_REPRESENTATION_CONTEXT() REPRESENTATION_CONTEXT('2D SPACE',''
  ) );
#13682 = ORIENTED_EDGE('',*,*,#13683,.T.);
#13683 = EDGE_CURVE('',#13658,#13684,#13686,.T.);
#13684 = VERTEX_POINT('',#13685);
#13685 = CARTESIAN_POINT('',(138.,314.93408048832,126.75051927697));
#13686 = SURFACE_CURVE('',#13687,(#13691,#13697),.PCURVE_S1.);
#13687 = LINE('',#13688,#13689);
#13688 = CARTESIAN_POINT('',(138.,311.91074973677,127.56473447102));
#13689 = VECTOR('',#13690,1.);
#13690 = DIRECTION('',(-0.,0.965596390966,-0.26004539941));
#13691 = PCURVE('',#9707,#13692);
#13692 = DEFINITIONAL_REPRESENTATION('',(#13693),#13696);
#13693 = B_SPLINE_CURVE_WITH_KNOTS('',1,(#13694,#13695),.UNSPECIFIED.,
  .F.,.F.,(2,2),(-11.36776126251,3.131050177738),
  .PIECEWISE_BEZIER_KNOTS.);
#13694 = CARTESIAN_POINT('',(21.29984607374,138.));
#13695 = CARTESIAN_POINT('',(6.801034633485,138.));
#13696 = ( GEOMETRIC_REPRESENTATION_CONTEXT(2) 
PARAMETRIC_REPRESENTATION_CONTEXT() REPRESENTATION_CONTEXT('2D SPACE',''
  ) );
#13697 = PCURVE('',#13698,#13703);
#13698 = PLANE('',#13699);
#13699 = AXIS2_PLACEMENT_3D('',#13700,#13701,#13702);
#13700 = CARTESIAN_POINT('',(138.,300.93408048832,125.));
#13701 = DIRECTION('',(1.,0.,-0.));
#13702 = DIRECTION('',(0.,0.,1.));
#13703 = DEFINITIONAL_REPRESENTATION('',(#13704),#13707);
#13704 = B_SPLINE_CURVE_WITH_KNOTS('',1,(#13705,#13706),.UNSPECIFIED.,
  .F.,.F.,(2,2),(-11.36776126251,3.131050177738),
  .PIECEWISE_BEZIER_KNOTS.);
#13705 = CARTESIAN_POINT('',(5.520868488929,0.));
#13706 = CARTESIAN_POINT('',(1.750519276977,-14.));
#13707 = ( GEOMETRIC_REPRESENTATION_CONTEXT(2) 
PARAMETRIC_REPRESENTATION_CONTEXT() REPRESENTATION_CONTEXT('2D SPACE',''
  ) );
#13708 = ORIENTED_EDGE('',*,*,#13709,.F.);
#13709 = EDGE_CURVE('',#13710,#13684,#13712,.T.);
#13710 = VERTEX_POINT('',#13711);
#13711 = CARTESIAN_POINT('',(152.,314.93408048832,126.75051927697));
#13712 = SURFACE_CURVE('',#13713,(#13717,#13723),.PCURVE_S1.);
#13713 = LINE('',#13714,#13715);
#13714 = CARTESIAN_POINT('',(69.,314.93408048832,126.75051927697));
#13715 = VECTOR('',#13716,1.);
#13716 = DIRECTION('',(-1.,0.,0.));
#13717 = PCURVE('',#9707,#13718);
#13718 = DEFINITIONAL_REPRESENTATION('',(#13719),#13722);
#13719 = B_SPLINE_CURVE_WITH_KNOTS('',1,(#13720,#13721),.UNSPECIFIED.,
  .F.,.F.,(2,2),(-83.,-69.),.PIECEWISE_BEZIER_KNOTS.);
#13720 = CARTESIAN_POINT('',(6.801034633485,152.));
#13721 = CARTESIAN_POINT('',(6.801034633485,138.));
#13722 = ( GEOMETRIC_REPRESENTATION_CONTEXT(2) 
PARAMETRIC_REPRESENTATION_CONTEXT() REPRESENTATION_CONTEXT('2D SPACE',''
  ) );
#13723 = PCURVE('',#13724,#13729);
#13724 = PLANE('',#13725);
#13725 = AXIS2_PLACEMENT_3D('',#13726,#13727,#13728);
#13726 = CARTESIAN_POINT('',(138.,314.93408048832,125.));
#13727 = DIRECTION('',(-0.,1.,0.));
#13728 = DIRECTION('',(0.,0.,1.));
#13729 = DEFINITIONAL_REPRESENTATION('',(#13730),#13733);
#13730 = B_SPLINE_CURVE_WITH_KNOTS('',1,(#13731,#13732),.UNSPECIFIED.,
  .F.,.F.,(2,2),(-83.,-69.),.PIECEWISE_BEZIER_KNOTS.);
#13731 = CARTESIAN_POINT('',(1.750519276977,14.));
#13732 = CARTESIAN_POINT('',(1.750519276977,0.));
#13733 = ( GEOMETRIC_REPRESENTATION_CONTEXT(2) 
PARAMETRIC_REPRESENTATION_CONTEXT() REPRESENTATION_CONTEXT('2D SPACE',''
  ) );
#13734 = ORIENTED_EDGE('',*,*,#13735,.F.);
#13735 = EDGE_CURVE('',#13656,#13710,#13736,.T.);
#13736 = SURFACE_CURVE('',#13737,(#13741,#13747),.PCURVE_S1.);
#13737 = LINE('',#13738,#13739);
#13738 = CARTESIAN_POINT('',(152.,311.91074973677,127.56473447102));
#13739 = VECTOR('',#13740,1.);
#13740 = DIRECTION('',(-0.,0.965596390966,-0.26004539941));
#13741 = PCURVE('',#9707,#13742);
#13742 = DEFINITIONAL_REPRESENTATION('',(#13743),#13746);
#13743 = B_SPLINE_CURVE_WITH_KNOTS('',1,(#13744,#13745),.UNSPECIFIED.,
  .F.,.F.,(2,2),(-11.36776126251,3.131050177738),
  .PIECEWISE_BEZIER_KNOTS.);
#13744 = CARTESIAN_POINT('',(21.29984607374,152.));
#13745 = CARTESIAN_POINT('',(6.801034633485,152.));
#13746 = ( GEOMETRIC_REPRESENTATION_CONTEXT(2) 
PARAMETRIC_REPRESENTATION_CONTEXT() REPRESENTATION_CONTEXT('2D SPACE',''
  ) );
#13747 = PCURVE('',#13748,#13753);
#13748 = PLANE('',#13749);
#13749 = AXIS2_PLACEMENT_3D('',#13750,#13751,#13752);
#13750 = CARTESIAN_POINT('',(152.,300.93408048832,125.));
#13751 = DIRECTION('',(1.,0.,-0.));
#13752 = DIRECTION('',(0.,0.,1.));
#13753 = DEFINITIONAL_REPRESENTATION('',(#13754),#13757);
#13754 = B_SPLINE_CURVE_WITH_KNOTS('',1,(#13755,#13756),.UNSPECIFIED.,
  .F.,.F.,(2,2),(-11.36776126251,3.131050177738),
  .PIECEWISE_BEZIER_KNOTS.);
#13755 = CARTESIAN_POINT('',(5.520868488929,0.));
#13756 = CARTESIAN_POINT('',(1.750519276977,-14.));
#13757 = ( GEOMETRIC_REPRESENTATION_CONTEXT(2) 
PARAMETRIC_REPRESENTATION_CONTEXT() REPRESENTATION_CONTEXT('2D SPACE',''
  ) );
#13758 = ADVANCED_FACE('',(#13759),#9675,.T.);
#13759 = FACE_BOUND('',#13760,.F.);
#13760 = EDGE_LOOP('',(#13761,#13762,#13763,#13782));
#13761 = ORIENTED_EDGE('',*,*,#13526,.F.);
#13762 = ORIENTED_EDGE('',*,*,#9658,.F.);
#13763 = ORIENTED_EDGE('',*,*,#13764,.T.);
#13764 = EDGE_CURVE('',#9626,#11874,#13765,.T.);
#13765 = SURFACE_CURVE('',#13766,(#13770,#13776),.PCURVE_S1.);
#13766 = LINE('',#13767,#13768);
#13767 = CARTESIAN_POINT('',(162.85278712657,321.23458646176,
    123.9921978227));
#13768 = VECTOR('',#13769,1.);
#13769 = DIRECTION('',(0.,-0.965596390966,0.26004539941));
#13770 = PCURVE('',#9675,#13771);
#13771 = DEFINITIONAL_REPRESENTATION('',(#13772),#13775);
#13772 = B_SPLINE_CURVE_WITH_KNOTS('',1,(#13773,#13774),.UNSPECIFIED.,
  .F.,.F.,(2,2),(-5.999999472677E-07,34.05771444474),
  .PIECEWISE_BEZIER_KNOTS.);
#13773 = CARTESIAN_POINT('',(-0.416321525171,-5.999999481559E-07));
#13774 = CARTESIAN_POINT('',(-0.416321525171,34.05771444474));
#13775 = ( GEOMETRIC_REPRESENTATION_CONTEXT(2) 
PARAMETRIC_REPRESENTATION_CONTEXT() REPRESENTATION_CONTEXT('2D SPACE',''
  ) );
#13776 = PCURVE('',#9642,#13777);
#13777 = DEFINITIONAL_REPRESENTATION('',(#13778),#13781);
#13778 = B_SPLINE_CURVE_WITH_KNOTS('',1,(#13779,#13780),.UNSPECIFIED.,
  .F.,.F.,(2,2),(-5.999999472677E-07,34.05771444474),
  .PIECEWISE_BEZIER_KNOTS.);
#13779 = CARTESIAN_POINT('',(0.823463073534,-5.999998333588E-07));
#13780 = CARTESIAN_POINT('',(0.823463073534,34.05771444474));
#13781 = ( GEOMETRIC_REPRESENTATION_CONTEXT(2) 
PARAMETRIC_REPRESENTATION_CONTEXT() REPRESENTATION_CONTEXT('2D SPACE',''
  ) );
#13782 = ORIENTED_EDGE('',*,*,#11873,.F.);
#13783 = ADVANCED_FACE('',(#13784),#9642,.T.);
#13784 = FACE_BOUND('',#13785,.T.);
#13785 = EDGE_LOOP('',(#13786,#13807,#13808,#13809));
#13786 = ORIENTED_EDGE('',*,*,#13787,.F.);
#13787 = EDGE_CURVE('',#9599,#12084,#13788,.T.);
#13788 = SURFACE_CURVE('',#13789,(#13793,#13800),.PCURVE_S1.);
#13789 = LINE('',#13790,#13791);
#13790 = CARTESIAN_POINT('',(165.2,321.50113498525,124.98194150931));
#13791 = VECTOR('',#13792,1.);
#13792 = DIRECTION('',(0.,-0.965596390966,0.26004539941));
#13793 = PCURVE('',#9642,#13794);
#13794 = DEFINITIONAL_REPRESENTATION('',(#13795),#13799);
#13795 = LINE('',#13796,#13797);
#13796 = CARTESIAN_POINT('',(0.,0.));
#13797 = VECTOR('',#13798,1.);
#13798 = DIRECTION('',(0.,1.));
#13799 = ( GEOMETRIC_REPRESENTATION_CONTEXT(2) 
PARAMETRIC_REPRESENTATION_CONTEXT() REPRESENTATION_CONTEXT('2D SPACE',''
  ) );
#13800 = PCURVE('',#9614,#13801);
#13801 = DEFINITIONAL_REPRESENTATION('',(#13802),#13806);
#13802 = LINE('',#13803,#13804);
#13803 = CARTESIAN_POINT('',(0.,-0.8));
#13804 = VECTOR('',#13805,1.);
#13805 = DIRECTION('',(1.,0.));
#13806 = ( GEOMETRIC_REPRESENTATION_CONTEXT(2) 
PARAMETRIC_REPRESENTATION_CONTEXT() REPRESENTATION_CONTEXT('2D SPACE',''
  ) );
#13807 = ORIENTED_EDGE('',*,*,#9625,.T.);
#13808 = ORIENTED_EDGE('',*,*,#13764,.T.);
#13809 = ORIENTED_EDGE('',*,*,#12083,.F.);
#13810 = ADVANCED_FACE('',(#13811),#9614,.T.);
#13811 = FACE_BOUND('',#13812,.T.);
#13812 = EDGE_LOOP('',(#13813,#13814,#13815,#13816));
#13813 = ORIENTED_EDGE('',*,*,#9598,.T.);
#13814 = ORIENTED_EDGE('',*,*,#13787,.T.);
#13815 = ORIENTED_EDGE('',*,*,#12132,.T.);
#13816 = ORIENTED_EDGE('',*,*,#12208,.F.);
#13817 = ADVANCED_FACE('',(#13818),#9891,.F.);
#13818 = FACE_BOUND('',#13819,.F.);
#13819 = EDGE_LOOP('',(#13820,#13849,#13870,#13871));
#13820 = ORIENTED_EDGE('',*,*,#13821,.F.);
#13821 = EDGE_CURVE('',#13822,#13822,#13824,.T.);
#13822 = VERTEX_POINT('',#13823);
#13823 = CARTESIAN_POINT('',(-159.9,173.81391404175,132.));
#13824 = SURFACE_CURVE('',#13825,(#13830,#13837),.PCURVE_S1.);
#13825 = CIRCLE('',#13826,2.1);
#13826 = AXIS2_PLACEMENT_3D('',#13827,#13828,#13829);
#13827 = CARTESIAN_POINT('',(-162.,173.81391404175,132.));
#13828 = DIRECTION('',(0.,0.,1.));
#13829 = DIRECTION('',(1.,0.,-0.));
#13830 = PCURVE('',#9891,#13831);
#13831 = DEFINITIONAL_REPRESENTATION('',(#13832),#13836);
#13832 = LINE('',#13833,#13834);
#13833 = CARTESIAN_POINT('',(0.,7.));
#13834 = VECTOR('',#13835,1.);
#13835 = DIRECTION('',(1.,0.));
#13836 = ( GEOMETRIC_REPRESENTATION_CONTEXT(2) 
PARAMETRIC_REPRESENTATION_CONTEXT() REPRESENTATION_CONTEXT('2D SPACE',''
  ) );
#13837 = PCURVE('',#13838,#13843);
#13838 = PLANE('',#13839);
#13839 = AXIS2_PLACEMENT_3D('',#13840,#13841,#13842);
#13840 = CARTESIAN_POINT('',(-162.,173.81391404175,132.));
#13841 = DIRECTION('',(0.,0.,1.));
#13842 = DIRECTION('',(1.,0.,-0.));
#13843 = DEFINITIONAL_REPRESENTATION('',(#13844),#13848);
#13844 = CIRCLE('',#13845,2.1);
#13845 = AXIS2_PLACEMENT_2D('',#13846,#13847);
#13846 = CARTESIAN_POINT('',(0.,0.));
#13847 = DIRECTION('',(1.,0.));
#13848 = ( GEOMETRIC_REPRESENTATION_CONTEXT(2) 
PARAMETRIC_REPRESENTATION_CONTEXT() REPRESENTATION_CONTEXT('2D SPACE',''
  ) );
#13849 = ORIENTED_EDGE('',*,*,#13850,.F.);
#13850 = EDGE_CURVE('',#9875,#13822,#13851,.T.);
#13851 = SEAM_CURVE('',#13852,(#13856,#13863),.PCURVE_S1.);
#13852 = LINE('',#13853,#13854);
#13853 = CARTESIAN_POINT('',(-159.9,173.81391404175,125.));
#13854 = VECTOR('',#13855,1.);
#13855 = DIRECTION('',(0.,0.,1.));
#13856 = PCURVE('',#9891,#13857);
#13857 = DEFINITIONAL_REPRESENTATION('',(#13858),#13862);
#13858 = LINE('',#13859,#13860);
#13859 = CARTESIAN_POINT('',(6.28318530718,-0.));
#13860 = VECTOR('',#13861,1.);
#13861 = DIRECTION('',(0.,1.));
#13862 = ( GEOMETRIC_REPRESENTATION_CONTEXT(2) 
PARAMETRIC_REPRESENTATION_CONTEXT() REPRESENTATION_CONTEXT('2D SPACE',''
  ) );
#13863 = PCURVE('',#9891,#13864);
#13864 = DEFINITIONAL_REPRESENTATION('',(#13865),#13869);
#13865 = LINE('',#13866,#13867);
#13866 = CARTESIAN_POINT('',(0.,-0.));
#13867 = VECTOR('',#13868,1.);
#13868 = DIRECTION('',(0.,1.));
#13869 = ( GEOMETRIC_REPRESENTATION_CONTEXT(2) 
PARAMETRIC_REPRESENTATION_CONTEXT() REPRESENTATION_CONTEXT('2D SPACE',''
  ) );
#13870 = ORIENTED_EDGE('',*,*,#9874,.T.);
#13871 = ORIENTED_EDGE('',*,*,#13850,.T.);
#13872 = ADVANCED_FACE('',(#13873),#10166,.F.);
#13873 = FACE_BOUND('',#13874,.F.);
#13874 = EDGE_LOOP('',(#13875,#13904,#13925,#13926));
#13875 = ORIENTED_EDGE('',*,*,#13876,.F.);
#13876 = EDGE_CURVE('',#13877,#13877,#13879,.T.);
#13877 = VERTEX_POINT('',#13878);
#13878 = CARTESIAN_POINT('',(164.1,173.81391404175,132.));
#13879 = SURFACE_CURVE('',#13880,(#13885,#13892),.PCURVE_S1.);
#13880 = CIRCLE('',#13881,2.1);
#13881 = AXIS2_PLACEMENT_3D('',#13882,#13883,#13884);
#13882 = CARTESIAN_POINT('',(162.,173.81391404175,132.));
#13883 = DIRECTION('',(0.,0.,1.));
#13884 = DIRECTION('',(1.,0.,-0.));
#13885 = PCURVE('',#10166,#13886);
#13886 = DEFINITIONAL_REPRESENTATION('',(#13887),#13891);
#13887 = LINE('',#13888,#13889);
#13888 = CARTESIAN_POINT('',(0.,7.));
#13889 = VECTOR('',#13890,1.);
#13890 = DIRECTION('',(1.,0.));
#13891 = ( GEOMETRIC_REPRESENTATION_CONTEXT(2) 
PARAMETRIC_REPRESENTATION_CONTEXT() REPRESENTATION_CONTEXT('2D SPACE',''
  ) );
#13892 = PCURVE('',#13893,#13898);
#13893 = PLANE('',#13894);
#13894 = AXIS2_PLACEMENT_3D('',#13895,#13896,#13897);
#13895 = CARTESIAN_POINT('',(162.,173.81391404175,132.));
#13896 = DIRECTION('',(0.,0.,1.));
#13897 = DIRECTION('',(1.,0.,-0.));
#13898 = DEFINITIONAL_REPRESENTATION('',(#13899),#13903);
#13899 = CIRCLE('',#13900,2.1);
#13900 = AXIS2_PLACEMENT_2D('',#13901,#13902);
#13901 = CARTESIAN_POINT('',(0.,0.));
#13902 = DIRECTION('',(1.,0.));
#13903 = ( GEOMETRIC_REPRESENTATION_CONTEXT(2) 
PARAMETRIC_REPRESENTATION_CONTEXT() REPRESENTATION_CONTEXT('2D SPACE',''
  ) );
#13904 = ORIENTED_EDGE('',*,*,#13905,.F.);
#13905 = EDGE_CURVE('',#10150,#13877,#13906,.T.);
#13906 = SEAM_CURVE('',#13907,(#13911,#13918),.PCURVE_S1.);
#13907 = LINE('',#13908,#13909);
#13908 = CARTESIAN_POINT('',(164.1,173.81391404175,125.));
#13909 = VECTOR('',#13910,1.);
#13910 = DIRECTION('',(0.,0.,1.));
#13911 = PCURVE('',#10166,#13912);
#13912 = DEFINITIONAL_REPRESENTATION('',(#13913),#13917);
#13913 = LINE('',#13914,#13915);
#13914 = CARTESIAN_POINT('',(6.28318530718,-0.));
#13915 = VECTOR('',#13916,1.);
#13916 = DIRECTION('',(0.,1.));
#13917 = ( GEOMETRIC_REPRESENTATION_CONTEXT(2) 
PARAMETRIC_REPRESENTATION_CONTEXT() REPRESENTATION_CONTEXT('2D SPACE',''
  ) );
#13918 = PCURVE('',#10166,#13919);
#13919 = DEFINITIONAL_REPRESENTATION('',(#13920),#13924);
#13920 = LINE('',#13921,#13922);
#13921 = CARTESIAN_POINT('',(0.,-0.));
#13922 = VECTOR('',#13923,1.);
#13923 = DIRECTION('',(0.,1.));
#13924 = ( GEOMETRIC_REPRESENTATION_CONTEXT(2) 
PARAMETRIC_REPRESENTATION_CONTEXT() REPRESENTATION_CONTEXT('2D SPACE',''
  ) );
#13925 = ORIENTED_EDGE('',*,*,#10149,.T.);
#13926 = ORIENTED_EDGE('',*,*,#13905,.T.);
#13927 = ADVANCED_FACE('',(#13928),#10197,.F.);
#13928 = FACE_BOUND('',#13929,.F.);
#13929 = EDGE_LOOP('',(#13930,#13959,#13980,#13981));
#13930 = ORIENTED_EDGE('',*,*,#13931,.F.);
#13931 = EDGE_CURVE('',#13932,#13932,#13934,.T.);
#13932 = VERTEX_POINT('',#13933);
#13933 = CARTESIAN_POINT('',(-158.4,250.,132.));
#13934 = SURFACE_CURVE('',#13935,(#13940,#13947),.PCURVE_S1.);
#13935 = CIRCLE('',#13936,2.1);
#13936 = AXIS2_PLACEMENT_3D('',#13937,#13938,#13939);
#13937 = CARTESIAN_POINT('',(-160.5,250.,132.));
#13938 = DIRECTION('',(0.,0.,1.));
#13939 = DIRECTION('',(1.,0.,-0.));
#13940 = PCURVE('',#10197,#13941);
#13941 = DEFINITIONAL_REPRESENTATION('',(#13942),#13946);
#13942 = LINE('',#13943,#13944);
#13943 = CARTESIAN_POINT('',(0.,7.));
#13944 = VECTOR('',#13945,1.);
#13945 = DIRECTION('',(1.,0.));
#13946 = ( GEOMETRIC_REPRESENTATION_CONTEXT(2) 
PARAMETRIC_REPRESENTATION_CONTEXT() REPRESENTATION_CONTEXT('2D SPACE',''
  ) );
#13947 = PCURVE('',#13948,#13953);
#13948 = PLANE('',#13949);
#13949 = AXIS2_PLACEMENT_3D('',#13950,#13951,#13952);
#13950 = CARTESIAN_POINT('',(-160.5,250.,132.));
#13951 = DIRECTION('',(0.,0.,1.));
#13952 = DIRECTION('',(1.,0.,-0.));
#13953 = DEFINITIONAL_REPRESENTATION('',(#13954),#13958);
#13954 = CIRCLE('',#13955,2.1);
#13955 = AXIS2_PLACEMENT_2D('',#13956,#13957);
#13956 = CARTESIAN_POINT('',(0.,0.));
#13957 = DIRECTION('',(1.,0.));
#13958 = ( GEOMETRIC_REPRESENTATION_CONTEXT(2) 
PARAMETRIC_REPRESENTATION_CONTEXT() REPRESENTATION_CONTEXT('2D SPACE',''
  ) );
#13959 = ORIENTED_EDGE('',*,*,#13960,.F.);
#13960 = EDGE_CURVE('',#10181,#13932,#13961,.T.);
#13961 = SEAM_CURVE('',#13962,(#13966,#13973),.PCURVE_S1.);
#13962 = LINE('',#13963,#13964);
#13963 = CARTESIAN_POINT('',(-158.4,250.,125.));
#13964 = VECTOR('',#13965,1.);
#13965 = DIRECTION('',(0.,0.,1.));
#13966 = PCURVE('',#10197,#13967);
#13967 = DEFINITIONAL_REPRESENTATION('',(#13968),#13972);
#13968 = LINE('',#13969,#13970);
#13969 = CARTESIAN_POINT('',(6.28318530718,-0.));
#13970 = VECTOR('',#13971,1.);
#13971 = DIRECTION('',(0.,1.));
#13972 = ( GEOMETRIC_REPRESENTATION_CONTEXT(2) 
PARAMETRIC_REPRESENTATION_CONTEXT() REPRESENTATION_CONTEXT('2D SPACE',''
  ) );
#13973 = PCURVE('',#10197,#13974);
#13974 = DEFINITIONAL_REPRESENTATION('',(#13975),#13979);
#13975 = LINE('',#13976,#13977);
#13976 = CARTESIAN_POINT('',(0.,-0.));
#13977 = VECTOR('',#13978,1.);
#13978 = DIRECTION('',(0.,1.));
#13979 = ( GEOMETRIC_REPRESENTATION_CONTEXT(2) 
PARAMETRIC_REPRESENTATION_CONTEXT() REPRESENTATION_CONTEXT('2D SPACE',''
  ) );
#13980 = ORIENTED_EDGE('',*,*,#10180,.T.);
#13981 = ORIENTED_EDGE('',*,*,#13960,.T.);
#13982 = ADVANCED_FACE('',(#13983),#10297,.T.);
#13983 = FACE_BOUND('',#13984,.T.);
#13984 = EDGE_LOOP('',(#13985,#13986,#13987,#13988));
#13985 = ORIENTED_EDGE('',*,*,#12447,.F.);
#13986 = ORIENTED_EDGE('',*,*,#10281,.T.);
#13987 = ORIENTED_EDGE('',*,*,#12371,.T.);
#13988 = ORIENTED_EDGE('',*,*,#12420,.F.);
#13989 = ADVANCED_FACE('',(#13990),#10664,.F.);
#13990 = FACE_BOUND('',#13991,.F.);
#13991 = EDGE_LOOP('',(#13992,#13993,#13994,#13995));
#13992 = ORIENTED_EDGE('',*,*,#12980,.F.);
#13993 = ORIENTED_EDGE('',*,*,#10648,.T.);
#13994 = ORIENTED_EDGE('',*,*,#12882,.T.);
#13995 = ORIENTED_EDGE('',*,*,#12931,.F.);
#13996 = ADVANCED_FACE('',(#13997),#10375,.F.);
#13997 = FACE_BOUND('',#13998,.F.);
#13998 = EDGE_LOOP('',(#13999,#14000,#14001,#14022,#14043,#14062,#14063,
    #14084,#14105,#14124,#14125,#14126));
#13999 = ORIENTED_EDGE('',*,*,#13062,.F.);
#14000 = ORIENTED_EDGE('',*,*,#10576,.T.);
#14001 = ORIENTED_EDGE('',*,*,#14002,.F.);
#14002 = EDGE_CURVE('',#14003,#10549,#14005,.T.);
#14003 = VERTEX_POINT('',#14004);
#14004 = CARTESIAN_POINT('',(152.,300.93408048832,127.41398032316));
#14005 = SURFACE_CURVE('',#14006,(#14010,#14016),.PCURVE_S1.);
#14006 = LINE('',#14007,#14008);
#14007 = CARTESIAN_POINT('',(152.,311.13061353854,124.66794529812));
#14008 = VECTOR('',#14009,1.);
#14009 = DIRECTION('',(-0.,0.965596390966,-0.26004539941));
#14010 = PCURVE('',#10375,#14011);
#14011 = DEFINITIONAL_REPRESENTATION('',(#14012),#14015);
#14012 = B_SPLINE_CURVE_WITH_KNOTS('',1,(#14013,#14014),.UNSPECIFIED.,
  .F.,.F.,(2,2),(-10.55982928852,-1.276910503435),
  .PIECEWISE_BEZIER_KNOTS.);
#14013 = CARTESIAN_POINT('',(20.49191409975,152.));
#14014 = CARTESIAN_POINT('',(11.208995314658,152.));
#14015 = ( GEOMETRIC_REPRESENTATION_CONTEXT(2) 
PARAMETRIC_REPRESENTATION_CONTEXT() REPRESENTATION_CONTEXT('2D SPACE',''
  ) );
#14016 = PCURVE('',#10564,#14017);
#14017 = DEFINITIONAL_REPRESENTATION('',(#14018),#14021);
#14018 = B_SPLINE_CURVE_WITH_KNOTS('',1,(#14019,#14020),.UNSPECIFIED.,
  .F.,.F.,(2,2),(-10.55982928852,-1.276910503435),
  .PIECEWISE_BEZIER_KNOTS.);
#14019 = CARTESIAN_POINT('',(2.41398032316,-1.7763568394E-15));
#14020 = CARTESIAN_POINT('',(1.265654248073E-14,-8.963552876512));
#14021 = ( GEOMETRIC_REPRESENTATION_CONTEXT(2) 
PARAMETRIC_REPRESENTATION_CONTEXT() REPRESENTATION_CONTEXT('2D SPACE',''
  ) );
#14022 = ORIENTED_EDGE('',*,*,#14023,.T.);
#14023 = EDGE_CURVE('',#14003,#14024,#14026,.T.);
#14024 = VERTEX_POINT('',#14025);
#14025 = CARTESIAN_POINT('',(138.,300.93408048832,127.41398032316));
#14026 = SURFACE_CURVE('',#14027,(#14031,#14037),.PCURVE_S1.);
#14027 = LINE('',#14028,#14029);
#14028 = CARTESIAN_POINT('',(69.,300.93408048832,127.41398032316));
#14029 = VECTOR('',#14030,1.);
#14030 = DIRECTION('',(-1.,0.,0.));
#14031 = PCURVE('',#10375,#14032);
#14032 = DEFINITIONAL_REPRESENTATION('',(#14033),#14036);
#14033 = B_SPLINE_CURVE_WITH_KNOTS('',1,(#14034,#14035),.UNSPECIFIED.,
  .F.,.F.,(2,2),(-83.,-69.),.PIECEWISE_BEZIER_KNOTS.);
#14034 = CARTESIAN_POINT('',(20.49191409975,152.));
#14035 = CARTESIAN_POINT('',(20.49191409975,138.));
#14036 = ( GEOMETRIC_REPRESENTATION_CONTEXT(2) 
PARAMETRIC_REPRESENTATION_CONTEXT() REPRESENTATION_CONTEXT('2D SPACE',''
  ) );
#14037 = PCURVE('',#10536,#14038);
#14038 = DEFINITIONAL_REPRESENTATION('',(#14039),#14042);
#14039 = B_SPLINE_CURVE_WITH_KNOTS('',1,(#14040,#14041),.UNSPECIFIED.,
  .F.,.F.,(2,2),(-83.,-69.),.PIECEWISE_BEZIER_KNOTS.);
#14040 = CARTESIAN_POINT('',(2.41398032316,14.));
#14041 = CARTESIAN_POINT('',(2.41398032316,0.));
#14042 = ( GEOMETRIC_REPRESENTATION_CONTEXT(2) 
PARAMETRIC_REPRESENTATION_CONTEXT() REPRESENTATION_CONTEXT('2D SPACE',''
  ) );
#14043 = ORIENTED_EDGE('',*,*,#14044,.T.);
#14044 = EDGE_CURVE('',#14024,#10471,#14045,.T.);
#14045 = SURFACE_CURVE('',#14046,(#14050,#14056),.PCURVE_S1.);
#14046 = LINE('',#14047,#14048);
#14047 = CARTESIAN_POINT('',(138.,311.13061353854,124.66794529812));
#14048 = VECTOR('',#14049,1.);
#14049 = DIRECTION('',(-0.,0.965596390966,-0.26004539941));
#14050 = PCURVE('',#10375,#14051);
#14051 = DEFINITIONAL_REPRESENTATION('',(#14052),#14055);
#14052 = B_SPLINE_CURVE_WITH_KNOTS('',1,(#14053,#14054),.UNSPECIFIED.,
  .F.,.F.,(2,2),(-10.55982928852,-1.276910503435),
  .PIECEWISE_BEZIER_KNOTS.);
#14053 = CARTESIAN_POINT('',(20.49191409975,138.));
#14054 = CARTESIAN_POINT('',(11.208995314658,138.));
#14055 = ( GEOMETRIC_REPRESENTATION_CONTEXT(2) 
PARAMETRIC_REPRESENTATION_CONTEXT() REPRESENTATION_CONTEXT('2D SPACE',''
  ) );
#14056 = PCURVE('',#10508,#14057);
#14057 = DEFINITIONAL_REPRESENTATION('',(#14058),#14061);
#14058 = B_SPLINE_CURVE_WITH_KNOTS('',1,(#14059,#14060),.UNSPECIFIED.,
  .F.,.F.,(2,2),(-10.55982928852,-1.276910503435),
  .PIECEWISE_BEZIER_KNOTS.);
#14059 = CARTESIAN_POINT('',(2.41398032316,-1.7763568394E-15));
#14060 = CARTESIAN_POINT('',(1.265654248073E-14,-8.963552876512));
#14061 = ( GEOMETRIC_REPRESENTATION_CONTEXT(2) 
PARAMETRIC_REPRESENTATION_CONTEXT() REPRESENTATION_CONTEXT('2D SPACE',''
  ) );
#14062 = ORIENTED_EDGE('',*,*,#10470,.T.);
#14063 = ORIENTED_EDGE('',*,*,#14064,.F.);
#14064 = EDGE_CURVE('',#14065,#10443,#14067,.T.);
#14065 = VERTEX_POINT('',#14066);
#14066 = CARTESIAN_POINT('',(-138.,300.93408048832,127.41398032316));
#14067 = SURFACE_CURVE('',#14068,(#14072,#14078),.PCURVE_S1.);
#14068 = LINE('',#14069,#14070);
#14069 = CARTESIAN_POINT('',(-138.,311.13061353854,124.66794529812));
#14070 = VECTOR('',#14071,1.);
#14071 = DIRECTION('',(-0.,0.965596390966,-0.26004539941));
#14072 = PCURVE('',#10375,#14073);
#14073 = DEFINITIONAL_REPRESENTATION('',(#14074),#14077);
#14074 = B_SPLINE_CURVE_WITH_KNOTS('',1,(#14075,#14076),.UNSPECIFIED.,
  .F.,.F.,(2,2),(-10.55982928852,-1.276910503435),
  .PIECEWISE_BEZIER_KNOTS.);
#14075 = CARTESIAN_POINT('',(20.49191409975,-138.));
#14076 = CARTESIAN_POINT('',(11.208995314658,-138.));
#14077 = ( GEOMETRIC_REPRESENTATION_CONTEXT(2) 
PARAMETRIC_REPRESENTATION_CONTEXT() REPRESENTATION_CONTEXT('2D SPACE',''
  ) );
#14078 = PCURVE('',#10458,#14079);
#14079 = DEFINITIONAL_REPRESENTATION('',(#14080),#14083);
#14080 = B_SPLINE_CURVE_WITH_KNOTS('',1,(#14081,#14082),.UNSPECIFIED.,
  .F.,.F.,(2,2),(-10.55982928852,-1.276910503435),
  .PIECEWISE_BEZIER_KNOTS.);
#14081 = CARTESIAN_POINT('',(2.41398032316,-1.7763568394E-15));
#14082 = CARTESIAN_POINT('',(1.265654248073E-14,-8.963552876512));
#14083 = ( GEOMETRIC_REPRESENTATION_CONTEXT(2) 
PARAMETRIC_REPRESENTATION_CONTEXT() REPRESENTATION_CONTEXT('2D SPACE',''
  ) );
#14084 = ORIENTED_EDGE('',*,*,#14085,.T.);
#14085 = EDGE_CURVE('',#14065,#14086,#14088,.T.);
#14086 = VERTEX_POINT('',#14087);
#14087 = CARTESIAN_POINT('',(-152.,300.93408048832,127.41398032316));
#14088 = SURFACE_CURVE('',#14089,(#14093,#14099),.PCURVE_S1.);
#14089 = LINE('',#14090,#14091);
#14090 = CARTESIAN_POINT('',(-76.,300.93408048832,127.41398032316));
#14091 = VECTOR('',#14092,1.);
#14092 = DIRECTION('',(-1.,0.,0.));
#14093 = PCURVE('',#10375,#14094);
#14094 = DEFINITIONAL_REPRESENTATION('',(#14095),#14098);
#14095 = B_SPLINE_CURVE_WITH_KNOTS('',1,(#14096,#14097),.UNSPECIFIED.,
  .F.,.F.,(2,2),(62.,76.),.PIECEWISE_BEZIER_KNOTS.);
#14096 = CARTESIAN_POINT('',(20.49191409975,-138.));
#14097 = CARTESIAN_POINT('',(20.49191409975,-152.));
#14098 = ( GEOMETRIC_REPRESENTATION_CONTEXT(2) 
PARAMETRIC_REPRESENTATION_CONTEXT() REPRESENTATION_CONTEXT('2D SPACE',''
  ) );
#14099 = PCURVE('',#10430,#14100);
#14100 = DEFINITIONAL_REPRESENTATION('',(#14101),#14104);
#14101 = B_SPLINE_CURVE_WITH_KNOTS('',1,(#14102,#14103),.UNSPECIFIED.,
  .F.,.F.,(2,2),(62.,76.),.PIECEWISE_BEZIER_KNOTS.);
#14102 = CARTESIAN_POINT('',(2.41398032316,14.));
#14103 = CARTESIAN_POINT('',(2.41398032316,0.));
#14104 = ( GEOMETRIC_REPRESENTATION_CONTEXT(2) 
PARAMETRIC_REPRESENTATION_CONTEXT() REPRESENTATION_CONTEXT('2D SPACE',''
  ) );
#14105 = ORIENTED_EDGE('',*,*,#14106,.T.);
#14106 = EDGE_CURVE('',#14086,#10360,#14107,.T.);
#14107 = SURFACE_CURVE('',#14108,(#14112,#14118),.PCURVE_S1.);
#14108 = LINE('',#14109,#14110);
#14109 = CARTESIAN_POINT('',(-152.,311.13061353854,124.66794529812));
#14110 = VECTOR('',#14111,1.);
#14111 = DIRECTION('',(-0.,0.965596390966,-0.26004539941));
#14112 = PCURVE('',#10375,#14113);
#14113 = DEFINITIONAL_REPRESENTATION('',(#14114),#14117);
#14114 = B_SPLINE_CURVE_WITH_KNOTS('',1,(#14115,#14116),.UNSPECIFIED.,
  .F.,.F.,(2,2),(-10.55982928852,-1.276910503435),
  .PIECEWISE_BEZIER_KNOTS.);
#14115 = CARTESIAN_POINT('',(20.49191409975,-152.));
#14116 = CARTESIAN_POINT('',(11.208995314658,-152.));
#14117 = ( GEOMETRIC_REPRESENTATION_CONTEXT(2) 
PARAMETRIC_REPRESENTATION_CONTEXT() REPRESENTATION_CONTEXT('2D SPACE',''
  ) );
#14118 = PCURVE('',#10402,#14119);
#14119 = DEFINITIONAL_REPRESENTATION('',(#14120),#14123);
#14120 = B_SPLINE_CURVE_WITH_KNOTS('',1,(#14121,#14122),.UNSPECIFIED.,
  .F.,.F.,(2,2),(-10.55982928852,-1.276910503435),
  .PIECEWISE_BEZIER_KNOTS.);
#14121 = CARTESIAN_POINT('',(2.41398032316,-1.7763568394E-15));
#14122 = CARTESIAN_POINT('',(1.265654248073E-14,-8.963552876512));
#14123 = ( GEOMETRIC_REPRESENTATION_CONTEXT(2) 
PARAMETRIC_REPRESENTATION_CONTEXT() REPRESENTATION_CONTEXT('2D SPACE',''
  ) );
#14124 = ORIENTED_EDGE('',*,*,#10359,.T.);
#14125 = ORIENTED_EDGE('',*,*,#12551,.T.);
#14126 = ORIENTED_EDGE('',*,*,#12701,.T.);
#14127 = ADVANCED_FACE('',(#14128),#10402,.F.);
#14128 = FACE_BOUND('',#14129,.F.);
#14129 = EDGE_LOOP('',(#14130,#14151,#14152));
#14130 = ORIENTED_EDGE('',*,*,#14131,.F.);
#14131 = EDGE_CURVE('',#10387,#14086,#14132,.T.);
#14132 = SURFACE_CURVE('',#14133,(#14137,#14144),.PCURVE_S1.);
#14133 = LINE('',#14134,#14135);
#14134 = CARTESIAN_POINT('',(-152.,300.93408048832,125.));
#14135 = VECTOR('',#14136,1.);
#14136 = DIRECTION('',(0.,0.,1.));
#14137 = PCURVE('',#10402,#14138);
#14138 = DEFINITIONAL_REPRESENTATION('',(#14139),#14143);
#14139 = LINE('',#14140,#14141);
#14140 = CARTESIAN_POINT('',(0.,0.));
#14141 = VECTOR('',#14142,1.);
#14142 = DIRECTION('',(1.,0.));
#14143 = ( GEOMETRIC_REPRESENTATION_CONTEXT(2) 
PARAMETRIC_REPRESENTATION_CONTEXT() REPRESENTATION_CONTEXT('2D SPACE',''
  ) );
#14144 = PCURVE('',#10430,#14145);
#14145 = DEFINITIONAL_REPRESENTATION('',(#14146),#14150);
#14146 = LINE('',#14147,#14148);
#14147 = CARTESIAN_POINT('',(0.,0.));
#14148 = VECTOR('',#14149,1.);
#14149 = DIRECTION('',(1.,0.));
#14150 = ( GEOMETRIC_REPRESENTATION_CONTEXT(2) 
PARAMETRIC_REPRESENTATION_CONTEXT() REPRESENTATION_CONTEXT('2D SPACE',''
  ) );
#14151 = ORIENTED_EDGE('',*,*,#10386,.T.);
#14152 = ORIENTED_EDGE('',*,*,#14106,.F.);
#14153 = ADVANCED_FACE('',(#14154),#10430,.F.);
#14154 = FACE_BOUND('',#14155,.F.);
#14155 = EDGE_LOOP('',(#14156,#14177,#14178,#14179));
#14156 = ORIENTED_EDGE('',*,*,#14157,.F.);
#14157 = EDGE_CURVE('',#10415,#14065,#14158,.T.);
#14158 = SURFACE_CURVE('',#14159,(#14163,#14170),.PCURVE_S1.);
#14159 = LINE('',#14160,#14161);
#14160 = CARTESIAN_POINT('',(-138.,300.93408048832,125.));
#14161 = VECTOR('',#14162,1.);
#14162 = DIRECTION('',(0.,0.,1.));
#14163 = PCURVE('',#10430,#14164);
#14164 = DEFINITIONAL_REPRESENTATION('',(#14165),#14169);
#14165 = LINE('',#14166,#14167);
#14166 = CARTESIAN_POINT('',(0.,14.));
#14167 = VECTOR('',#14168,1.);
#14168 = DIRECTION('',(1.,0.));
#14169 = ( GEOMETRIC_REPRESENTATION_CONTEXT(2) 
PARAMETRIC_REPRESENTATION_CONTEXT() REPRESENTATION_CONTEXT('2D SPACE',''
  ) );
#14170 = PCURVE('',#10458,#14171);
#14171 = DEFINITIONAL_REPRESENTATION('',(#14172),#14176);
#14172 = LINE('',#14173,#14174);
#14173 = CARTESIAN_POINT('',(0.,0.));
#14174 = VECTOR('',#14175,1.);
#14175 = DIRECTION('',(1.,0.));
#14176 = ( GEOMETRIC_REPRESENTATION_CONTEXT(2) 
PARAMETRIC_REPRESENTATION_CONTEXT() REPRESENTATION_CONTEXT('2D SPACE',''
  ) );
#14177 = ORIENTED_EDGE('',*,*,#10414,.F.);
#14178 = ORIENTED_EDGE('',*,*,#14131,.T.);
#14179 = ORIENTED_EDGE('',*,*,#14085,.F.);
#14180 = ADVANCED_FACE('',(#14181),#10458,.T.);
#14181 = FACE_BOUND('',#14182,.T.);
#14182 = EDGE_LOOP('',(#14183,#14184,#14185));
#14183 = ORIENTED_EDGE('',*,*,#14157,.F.);
#14184 = ORIENTED_EDGE('',*,*,#10442,.T.);
#14185 = ORIENTED_EDGE('',*,*,#14064,.F.);
#14186 = ADVANCED_FACE('',(#14187),#10564,.T.);
#14187 = FACE_BOUND('',#14188,.T.);
#14188 = EDGE_LOOP('',(#14189,#14210,#14211));
#14189 = ORIENTED_EDGE('',*,*,#14190,.F.);
#14190 = EDGE_CURVE('',#10521,#14003,#14191,.T.);
#14191 = SURFACE_CURVE('',#14192,(#14196,#14203),.PCURVE_S1.);
#14192 = LINE('',#14193,#14194);
#14193 = CARTESIAN_POINT('',(152.,300.93408048832,125.));
#14194 = VECTOR('',#14195,1.);
#14195 = DIRECTION('',(0.,0.,1.));
#14196 = PCURVE('',#10564,#14197);
#14197 = DEFINITIONAL_REPRESENTATION('',(#14198),#14202);
#14198 = LINE('',#14199,#14200);
#14199 = CARTESIAN_POINT('',(0.,0.));
#14200 = VECTOR('',#14201,1.);
#14201 = DIRECTION('',(1.,0.));
#14202 = ( GEOMETRIC_REPRESENTATION_CONTEXT(2) 
PARAMETRIC_REPRESENTATION_CONTEXT() REPRESENTATION_CONTEXT('2D SPACE',''
  ) );
#14203 = PCURVE('',#10536,#14204);
#14204 = DEFINITIONAL_REPRESENTATION('',(#14205),#14209);
#14205 = LINE('',#14206,#14207);
#14206 = CARTESIAN_POINT('',(0.,14.));
#14207 = VECTOR('',#14208,1.);
#14208 = DIRECTION('',(1.,0.));
#14209 = ( GEOMETRIC_REPRESENTATION_CONTEXT(2) 
PARAMETRIC_REPRESENTATION_CONTEXT() REPRESENTATION_CONTEXT('2D SPACE',''
  ) );
#14210 = ORIENTED_EDGE('',*,*,#10548,.T.);
#14211 = ORIENTED_EDGE('',*,*,#14002,.F.);
#14212 = ADVANCED_FACE('',(#14213),#10536,.F.);
#14213 = FACE_BOUND('',#14214,.F.);
#14214 = EDGE_LOOP('',(#14215,#14216,#14217,#14238));
#14215 = ORIENTED_EDGE('',*,*,#14190,.F.);
#14216 = ORIENTED_EDGE('',*,*,#10520,.F.);
#14217 = ORIENTED_EDGE('',*,*,#14218,.T.);
#14218 = EDGE_CURVE('',#10493,#14024,#14219,.T.);
#14219 = SURFACE_CURVE('',#14220,(#14224,#14231),.PCURVE_S1.);
#14220 = LINE('',#14221,#14222);
#14221 = CARTESIAN_POINT('',(138.,300.93408048832,125.));
#14222 = VECTOR('',#14223,1.);
#14223 = DIRECTION('',(0.,0.,1.));
#14224 = PCURVE('',#10536,#14225);
#14225 = DEFINITIONAL_REPRESENTATION('',(#14226),#14230);
#14226 = LINE('',#14227,#14228);
#14227 = CARTESIAN_POINT('',(0.,0.));
#14228 = VECTOR('',#14229,1.);
#14229 = DIRECTION('',(1.,0.));
#14230 = ( GEOMETRIC_REPRESENTATION_CONTEXT(2) 
PARAMETRIC_REPRESENTATION_CONTEXT() REPRESENTATION_CONTEXT('2D SPACE',''
  ) );
#14231 = PCURVE('',#10508,#14232);
#14232 = DEFINITIONAL_REPRESENTATION('',(#14233),#14237);
#14233 = LINE('',#14234,#14235);
#14234 = CARTESIAN_POINT('',(0.,0.));
#14235 = VECTOR('',#14236,1.);
#14236 = DIRECTION('',(1.,0.));
#14237 = ( GEOMETRIC_REPRESENTATION_CONTEXT(2) 
PARAMETRIC_REPRESENTATION_CONTEXT() REPRESENTATION_CONTEXT('2D SPACE',''
  ) );
#14238 = ORIENTED_EDGE('',*,*,#14023,.F.);
#14239 = ADVANCED_FACE('',(#14240),#10508,.F.);
#14240 = FACE_BOUND('',#14241,.F.);
#14241 = EDGE_LOOP('',(#14242,#14243,#14244));
#14242 = ORIENTED_EDGE('',*,*,#14218,.F.);
#14243 = ORIENTED_EDGE('',*,*,#10492,.T.);
#14244 = ORIENTED_EDGE('',*,*,#14044,.F.);
#14245 = ADVANCED_FACE('',(#14246),#10764,.F.);
#14246 = FACE_BOUND('',#14247,.F.);
#14247 = EDGE_LOOP('',(#14248,#14277,#14298,#14299));
#14248 = ORIENTED_EDGE('',*,*,#14249,.F.);
#14249 = EDGE_CURVE('',#14250,#14250,#14252,.T.);
#14250 = VERTEX_POINT('',#14251);
#14251 = CARTESIAN_POINT('',(-142.9,307.93408048832,132.));
#14252 = SURFACE_CURVE('',#14253,(#14258,#14265),.PCURVE_S1.);
#14253 = CIRCLE('',#14254,2.1);
#14254 = AXIS2_PLACEMENT_3D('',#14255,#14256,#14257);
#14255 = CARTESIAN_POINT('',(-145.,307.93408048832,132.));
#14256 = DIRECTION('',(0.,0.,1.));
#14257 = DIRECTION('',(1.,0.,-0.));
#14258 = PCURVE('',#10764,#14259);
#14259 = DEFINITIONAL_REPRESENTATION('',(#14260),#14264);
#14260 = LINE('',#14261,#14262);
#14261 = CARTESIAN_POINT('',(0.,7.));
#14262 = VECTOR('',#14263,1.);
#14263 = DIRECTION('',(1.,0.));
#14264 = ( GEOMETRIC_REPRESENTATION_CONTEXT(2) 
PARAMETRIC_REPRESENTATION_CONTEXT() REPRESENTATION_CONTEXT('2D SPACE',''
  ) );
#14265 = PCURVE('',#14266,#14271);
#14266 = PLANE('',#14267);
#14267 = AXIS2_PLACEMENT_3D('',#14268,#14269,#14270);
#14268 = CARTESIAN_POINT('',(-145.,307.93408048832,132.));
#14269 = DIRECTION('',(0.,0.,1.));
#14270 = DIRECTION('',(1.,0.,-0.));
#14271 = DEFINITIONAL_REPRESENTATION('',(#14272),#14276);
#14272 = CIRCLE('',#14273,2.1);
#14273 = AXIS2_PLACEMENT_2D('',#14274,#14275);
#14274 = CARTESIAN_POINT('',(0.,0.));
#14275 = DIRECTION('',(1.,0.));
#14276 = ( GEOMETRIC_REPRESENTATION_CONTEXT(2) 
PARAMETRIC_REPRESENTATION_CONTEXT() REPRESENTATION_CONTEXT('2D SPACE',''
  ) );
#14277 = ORIENTED_EDGE('',*,*,#14278,.F.);
#14278 = EDGE_CURVE('',#10748,#14250,#14279,.T.);
#14279 = SEAM_CURVE('',#14280,(#14284,#14291),.PCURVE_S1.);
#14280 = LINE('',#14281,#14282);
#14281 = CARTESIAN_POINT('',(-142.9,307.93408048832,125.));
#14282 = VECTOR('',#14283,1.);
#14283 = DIRECTION('',(0.,0.,1.));
#14284 = PCURVE('',#10764,#14285);
#14285 = DEFINITIONAL_REPRESENTATION('',(#14286),#14290);
#14286 = LINE('',#14287,#14288);
#14287 = CARTESIAN_POINT('',(6.28318530718,-0.));
#14288 = VECTOR('',#14289,1.);
#14289 = DIRECTION('',(0.,1.));
#14290 = ( GEOMETRIC_REPRESENTATION_CONTEXT(2) 
PARAMETRIC_REPRESENTATION_CONTEXT() REPRESENTATION_CONTEXT('2D SPACE',''
  ) );
#14291 = PCURVE('',#10764,#14292);
#14292 = DEFINITIONAL_REPRESENTATION('',(#14293),#14297);
#14293 = LINE('',#14294,#14295);
#14294 = CARTESIAN_POINT('',(0.,-0.));
#14295 = VECTOR('',#14296,1.);
#14296 = DIRECTION('',(0.,1.));
#14297 = ( GEOMETRIC_REPRESENTATION_CONTEXT(2) 
PARAMETRIC_REPRESENTATION_CONTEXT() REPRESENTATION_CONTEXT('2D SPACE',''
  ) );
#14298 = ORIENTED_EDGE('',*,*,#10747,.T.);
#14299 = ORIENTED_EDGE('',*,*,#14278,.T.);
#14300 = ADVANCED_FACE('',(#14301),#10795,.F.);
#14301 = FACE_BOUND('',#14302,.F.);
#14302 = EDGE_LOOP('',(#14303,#14332,#14353,#14354));
#14303 = ORIENTED_EDGE('',*,*,#14304,.F.);
#14304 = EDGE_CURVE('',#14305,#14305,#14307,.T.);
#14305 = VERTEX_POINT('',#14306);
#14306 = CARTESIAN_POINT('',(162.6,250.,132.));
#14307 = SURFACE_CURVE('',#14308,(#14313,#14320),.PCURVE_S1.);
#14308 = CIRCLE('',#14309,2.1);
#14309 = AXIS2_PLACEMENT_3D('',#14310,#14311,#14312);
#14310 = CARTESIAN_POINT('',(160.5,250.,132.));
#14311 = DIRECTION('',(0.,0.,1.));
#14312 = DIRECTION('',(1.,0.,-0.));
#14313 = PCURVE('',#10795,#14314);
#14314 = DEFINITIONAL_REPRESENTATION('',(#14315),#14319);
#14315 = LINE('',#14316,#14317);
#14316 = CARTESIAN_POINT('',(0.,7.));
#14317 = VECTOR('',#14318,1.);
#14318 = DIRECTION('',(1.,0.));
#14319 = ( GEOMETRIC_REPRESENTATION_CONTEXT(2) 
PARAMETRIC_REPRESENTATION_CONTEXT() REPRESENTATION_CONTEXT('2D SPACE',''
  ) );
#14320 = PCURVE('',#14321,#14326);
#14321 = PLANE('',#14322);
#14322 = AXIS2_PLACEMENT_3D('',#14323,#14324,#14325);
#14323 = CARTESIAN_POINT('',(160.5,250.,132.));
#14324 = DIRECTION('',(0.,0.,1.));
#14325 = DIRECTION('',(1.,0.,-0.));
#14326 = DEFINITIONAL_REPRESENTATION('',(#14327),#14331);
#14327 = CIRCLE('',#14328,2.1);
#14328 = AXIS2_PLACEMENT_2D('',#14329,#14330);
#14329 = CARTESIAN_POINT('',(0.,0.));
#14330 = DIRECTION('',(1.,0.));
#14331 = ( GEOMETRIC_REPRESENTATION_CONTEXT(2) 
PARAMETRIC_REPRESENTATION_CONTEXT() REPRESENTATION_CONTEXT('2D SPACE',''
  ) );
#14332 = ORIENTED_EDGE('',*,*,#14333,.F.);
#14333 = EDGE_CURVE('',#10779,#14305,#14334,.T.);
#14334 = SEAM_CURVE('',#14335,(#14339,#14346),.PCURVE_S1.);
#14335 = LINE('',#14336,#14337);
#14336 = CARTESIAN_POINT('',(162.6,250.,125.));
#14337 = VECTOR('',#14338,1.);
#14338 = DIRECTION('',(0.,0.,1.));
#14339 = PCURVE('',#10795,#14340);
#14340 = DEFINITIONAL_REPRESENTATION('',(#14341),#14345);
#14341 = LINE('',#14342,#14343);
#14342 = CARTESIAN_POINT('',(6.28318530718,-0.));
#14343 = VECTOR('',#14344,1.);
#14344 = DIRECTION('',(0.,1.));
#14345 = ( GEOMETRIC_REPRESENTATION_CONTEXT(2) 
PARAMETRIC_REPRESENTATION_CONTEXT() REPRESENTATION_CONTEXT('2D SPACE',''
  ) );
#14346 = PCURVE('',#10795,#14347);
#14347 = DEFINITIONAL_REPRESENTATION('',(#14348),#14352);
#14348 = LINE('',#14349,#14350);
#14349 = CARTESIAN_POINT('',(0.,-0.));
#14350 = VECTOR('',#14351,1.);
#14351 = DIRECTION('',(0.,1.));
#14352 = ( GEOMETRIC_REPRESENTATION_CONTEXT(2) 
PARAMETRIC_REPRESENTATION_CONTEXT() REPRESENTATION_CONTEXT('2D SPACE',''
  ) );
#14353 = ORIENTED_EDGE('',*,*,#10778,.T.);
#14354 = ORIENTED_EDGE('',*,*,#14333,.T.);
#14355 = ADVANCED_FACE('',(#14356),#10826,.F.);
#14356 = FACE_BOUND('',#14357,.F.);
#14357 = EDGE_LOOP('',(#14358,#14387,#14408,#14409));
#14358 = ORIENTED_EDGE('',*,*,#14359,.F.);
#14359 = EDGE_CURVE('',#14360,#14360,#14362,.T.);
#14360 = VERTEX_POINT('',#14361);
#14361 = CARTESIAN_POINT('',(147.1,307.93408048832,132.));
#14362 = SURFACE_CURVE('',#14363,(#14368,#14375),.PCURVE_S1.);
#14363 = CIRCLE('',#14364,2.1);
#14364 = AXIS2_PLACEMENT_3D('',#14365,#14366,#14367);
#14365 = CARTESIAN_POINT('',(145.,307.93408048832,132.));
#14366 = DIRECTION('',(0.,0.,1.));
#14367 = DIRECTION('',(1.,0.,-0.));
#14368 = PCURVE('',#10826,#14369);
#14369 = DEFINITIONAL_REPRESENTATION('',(#14370),#14374);
#14370 = LINE('',#14371,#14372);
#14371 = CARTESIAN_POINT('',(0.,7.));
#14372 = VECTOR('',#14373,1.);
#14373 = DIRECTION('',(1.,0.));
#14374 = ( GEOMETRIC_REPRESENTATION_CONTEXT(2) 
PARAMETRIC_REPRESENTATION_CONTEXT() REPRESENTATION_CONTEXT('2D SPACE',''
  ) );
#14375 = PCURVE('',#14376,#14381);
#14376 = PLANE('',#14377);
#14377 = AXIS2_PLACEMENT_3D('',#14378,#14379,#14380);
#14378 = CARTESIAN_POINT('',(145.,307.93408048832,132.));
#14379 = DIRECTION('',(0.,0.,1.));
#14380 = DIRECTION('',(1.,0.,-0.));
#14381 = DEFINITIONAL_REPRESENTATION('',(#14382),#14386);
#14382 = CIRCLE('',#14383,2.1);
#14383 = AXIS2_PLACEMENT_2D('',#14384,#14385);
#14384 = CARTESIAN_POINT('',(0.,0.));
#14385 = DIRECTION('',(1.,0.));
#14386 = ( GEOMETRIC_REPRESENTATION_CONTEXT(2) 
PARAMETRIC_REPRESENTATION_CONTEXT() REPRESENTATION_CONTEXT('2D SPACE',''
  ) );
#14387 = ORIENTED_EDGE('',*,*,#14388,.F.);
#14388 = EDGE_CURVE('',#10810,#14360,#14389,.T.);
#14389 = SEAM_CURVE('',#14390,(#14394,#14401),.PCURVE_S1.);
#14390 = LINE('',#14391,#14392);
#14391 = CARTESIAN_POINT('',(147.1,307.93408048832,125.));
#14392 = VECTOR('',#14393,1.);
#14393 = DIRECTION('',(0.,0.,1.));
#14394 = PCURVE('',#10826,#14395);
#14395 = DEFINITIONAL_REPRESENTATION('',(#14396),#14400);
#14396 = LINE('',#14397,#14398);
#14397 = CARTESIAN_POINT('',(6.28318530718,-0.));
#14398 = VECTOR('',#14399,1.);
#14399 = DIRECTION('',(0.,1.));
#14400 = ( GEOMETRIC_REPRESENTATION_CONTEXT(2) 
PARAMETRIC_REPRESENTATION_CONTEXT() REPRESENTATION_CONTEXT('2D SPACE',''
  ) );
#14401 = PCURVE('',#10826,#14402);
#14402 = DEFINITIONAL_REPRESENTATION('',(#14403),#14407);
#14403 = LINE('',#14404,#14405);
#14404 = CARTESIAN_POINT('',(0.,-0.));
#14405 = VECTOR('',#14406,1.);
#14406 = DIRECTION('',(0.,1.));
#14407 = ( GEOMETRIC_REPRESENTATION_CONTEXT(2) 
PARAMETRIC_REPRESENTATION_CONTEXT() REPRESENTATION_CONTEXT('2D SPACE',''
  ) );
#14408 = ORIENTED_EDGE('',*,*,#10809,.T.);
#14409 = ORIENTED_EDGE('',*,*,#14388,.T.);
#14410 = ADVANCED_FACE('',(#14411,#14442),#11187,.F.);
#14411 = FACE_BOUND('',#14412,.F.);
#14412 = EDGE_LOOP('',(#14413));
#14413 = ORIENTED_EDGE('',*,*,#14414,.T.);
#14414 = EDGE_CURVE('',#14415,#14415,#14417,.T.);
#14415 = VERTEX_POINT('',#14416);
#14416 = CARTESIAN_POINT('',(-151.9,193.15747438427,277.11193571753));
#14417 = SURFACE_CURVE('',#14418,(#14423,#14430),.PCURVE_S1.);
#14418 = CIRCLE('',#14419,2.1);
#14419 = AXIS2_PLACEMENT_3D('',#14420,#14421,#14422);
#14420 = CARTESIAN_POINT('',(-154.,193.15747438427,277.11193571753));
#14421 = DIRECTION('',(0.,-0.978147600734,0.207911690818));
#14422 = DIRECTION('',(1.,0.,0.));
#14423 = PCURVE('',#11187,#14424);
#14424 = DEFINITIONAL_REPRESENTATION('',(#14425),#14429);
#14425 = CIRCLE('',#14426,2.1);
#14426 = AXIS2_PLACEMENT_2D('',#14427,#14428);
#14427 = CARTESIAN_POINT('',(0.,0.));
#14428 = DIRECTION('',(1.,0.));
#14429 = ( GEOMETRIC_REPRESENTATION_CONTEXT(2) 
PARAMETRIC_REPRESENTATION_CONTEXT() REPRESENTATION_CONTEXT('2D SPACE',''
  ) );
#14430 = PCURVE('',#14431,#14436);
#14431 = CYLINDRICAL_SURFACE('',#14432,2.1);
#14432 = AXIS2_PLACEMENT_3D('',#14433,#14434,#14435);
#14433 = CARTESIAN_POINT('',(-154.,200.98265519014,275.44864219099));
#14434 = DIRECTION('',(0.,-0.978147600734,0.207911690818));
#14435 = DIRECTION('',(1.,0.,0.));
#14436 = DEFINITIONAL_REPRESENTATION('',(#14437),#14441);
#14437 = LINE('',#14438,#14439);
#14438 = CARTESIAN_POINT('',(0.,8.));
#14439 = VECTOR('',#14440,1.);
#14440 = DIRECTION('',(1.,0.));
#14441 = ( GEOMETRIC_REPRESENTATION_CONTEXT(2) 
PARAMETRIC_REPRESENTATION_CONTEXT() REPRESENTATION_CONTEXT('2D SPACE',''
  ) );
#14442 = FACE_BOUND('',#14443,.F.);
#14443 = EDGE_LOOP('',(#14444));
#14444 = ORIENTED_EDGE('',*,*,#11170,.F.);
#14445 = ADVANCED_FACE('',(#14446,#14477),#11242,.F.);
#14446 = FACE_BOUND('',#14447,.F.);
#14447 = EDGE_LOOP('',(#14448));
#14448 = ORIENTED_EDGE('',*,*,#14449,.T.);
#14449 = EDGE_CURVE('',#14450,#14450,#14452,.T.);
#14450 = VERTEX_POINT('',#14451);
#14451 = CARTESIAN_POINT('',(-151.9,170.28718839432,169.51569963682));
#14452 = SURFACE_CURVE('',#14453,(#14458,#14465),.PCURVE_S1.);
#14453 = CIRCLE('',#14454,2.1);
#14454 = AXIS2_PLACEMENT_3D('',#14455,#14456,#14457);
#14455 = CARTESIAN_POINT('',(-154.,170.28718839432,169.51569963682));
#14456 = DIRECTION('',(0.,-0.978147600734,0.207911690818));
#14457 = DIRECTION('',(1.,0.,0.));
#14458 = PCURVE('',#11242,#14459);
#14459 = DEFINITIONAL_REPRESENTATION('',(#14460),#14464);
#14460 = CIRCLE('',#14461,2.1);
#14461 = AXIS2_PLACEMENT_2D('',#14462,#14463);
#14462 = CARTESIAN_POINT('',(0.,0.));
#14463 = DIRECTION('',(1.,0.));
#14464 = ( GEOMETRIC_REPRESENTATION_CONTEXT(2) 
PARAMETRIC_REPRESENTATION_CONTEXT() REPRESENTATION_CONTEXT('2D SPACE',''
  ) );
#14465 = PCURVE('',#14466,#14471);
#14466 = CYLINDRICAL_SURFACE('',#14467,2.1);
#14467 = AXIS2_PLACEMENT_3D('',#14468,#14469,#14470);
#14468 = CARTESIAN_POINT('',(-154.,178.11236920019,167.85240611027));
#14469 = DIRECTION('',(0.,-0.978147600734,0.207911690818));
#14470 = DIRECTION('',(1.,0.,0.));
#14471 = DEFINITIONAL_REPRESENTATION('',(#14472),#14476);
#14472 = LINE('',#14473,#14474);
#14473 = CARTESIAN_POINT('',(0.,8.));
#14474 = VECTOR('',#14475,1.);
#14475 = DIRECTION('',(1.,0.));
#14476 = ( GEOMETRIC_REPRESENTATION_CONTEXT(2) 
PARAMETRIC_REPRESENTATION_CONTEXT() REPRESENTATION_CONTEXT('2D SPACE',''
  ) );
#14477 = FACE_BOUND('',#14478,.F.);
#14478 = EDGE_LOOP('',(#14479));
#14479 = ORIENTED_EDGE('',*,*,#11225,.F.);
#14480 = ADVANCED_FACE('',(#14481,#14512),#11297,.F.);
#14481 = FACE_BOUND('',#14482,.F.);
#14482 = EDGE_LOOP('',(#14483));
#14483 = ORIENTED_EDGE('',*,*,#14484,.T.);
#14484 = EDGE_CURVE('',#14485,#14485,#14487,.T.);
#14485 = VERTEX_POINT('',#14486);
#14486 = CARTESIAN_POINT('',(156.1,193.15747438427,277.11193571753));
#14487 = SURFACE_CURVE('',#14488,(#14493,#14500),.PCURVE_S1.);
#14488 = CIRCLE('',#14489,2.1);
#14489 = AXIS2_PLACEMENT_3D('',#14490,#14491,#14492);
#14490 = CARTESIAN_POINT('',(154.,193.15747438427,277.11193571753));
#14491 = DIRECTION('',(0.,-0.978147600734,0.207911690818));
#14492 = DIRECTION('',(1.,0.,0.));
#14493 = PCURVE('',#11297,#14494);
#14494 = DEFINITIONAL_REPRESENTATION('',(#14495),#14499);
#14495 = CIRCLE('',#14496,2.1);
#14496 = AXIS2_PLACEMENT_2D('',#14497,#14498);
#14497 = CARTESIAN_POINT('',(0.,0.));
#14498 = DIRECTION('',(1.,0.));
#14499 = ( GEOMETRIC_REPRESENTATION_CONTEXT(2) 
PARAMETRIC_REPRESENTATION_CONTEXT() REPRESENTATION_CONTEXT('2D SPACE',''
  ) );
#14500 = PCURVE('',#14501,#14506);
#14501 = CYLINDRICAL_SURFACE('',#14502,2.1);
#14502 = AXIS2_PLACEMENT_3D('',#14503,#14504,#14505);
#14503 = CARTESIAN_POINT('',(154.,200.98265519014,275.44864219099));
#14504 = DIRECTION('',(0.,-0.978147600734,0.207911690818));
#14505 = DIRECTION('',(1.,0.,0.));
#14506 = DEFINITIONAL_REPRESENTATION('',(#14507),#14511);
#14507 = LINE('',#14508,#14509);
#14508 = CARTESIAN_POINT('',(0.,8.));
#14509 = VECTOR('',#14510,1.);
#14510 = DIRECTION('',(1.,0.));
#14511 = ( GEOMETRIC_REPRESENTATION_CONTEXT(2) 
PARAMETRIC_REPRESENTATION_CONTEXT() REPRESENTATION_CONTEXT('2D SPACE',''
  ) );
#14512 = FACE_BOUND('',#14513,.F.);
#14513 = EDGE_LOOP('',(#14514));
#14514 = ORIENTED_EDGE('',*,*,#11280,.F.);
#14515 = ADVANCED_FACE('',(#14516,#14547),#11352,.F.);
#14516 = FACE_BOUND('',#14517,.F.);
#14517 = EDGE_LOOP('',(#14518));
#14518 = ORIENTED_EDGE('',*,*,#14519,.T.);
#14519 = EDGE_CURVE('',#14520,#14520,#14522,.T.);
#14520 = VERTEX_POINT('',#14521);
#14521 = CARTESIAN_POINT('',(156.1,170.28718839432,169.51569963682));
#14522 = SURFACE_CURVE('',#14523,(#14528,#14535),.PCURVE_S1.);
#14523 = CIRCLE('',#14524,2.1);
#14524 = AXIS2_PLACEMENT_3D('',#14525,#14526,#14527);
#14525 = CARTESIAN_POINT('',(154.,170.28718839432,169.51569963682));
#14526 = DIRECTION('',(0.,-0.978147600734,0.207911690818));
#14527 = DIRECTION('',(1.,0.,0.));
#14528 = PCURVE('',#11352,#14529);
#14529 = DEFINITIONAL_REPRESENTATION('',(#14530),#14534);
#14530 = CIRCLE('',#14531,2.1);
#14531 = AXIS2_PLACEMENT_2D('',#14532,#14533);
#14532 = CARTESIAN_POINT('',(0.,0.));
#14533 = DIRECTION('',(1.,0.));
#14534 = ( GEOMETRIC_REPRESENTATION_CONTEXT(2) 
PARAMETRIC_REPRESENTATION_CONTEXT() REPRESENTATION_CONTEXT('2D SPACE',''
  ) );
#14535 = PCURVE('',#14536,#14541);
#14536 = CYLINDRICAL_SURFACE('',#14537,2.1);
#14537 = AXIS2_PLACEMENT_3D('',#14538,#14539,#14540);
#14538 = CARTESIAN_POINT('',(154.,178.11236920019,167.85240611027));
#14539 = DIRECTION('',(0.,-0.978147600734,0.207911690818));
#14540 = DIRECTION('',(1.,0.,0.));
#14541 = DEFINITIONAL_REPRESENTATION('',(#14542),#14546);
#14542 = LINE('',#14543,#14544);
#14543 = CARTESIAN_POINT('',(0.,8.));
#14544 = VECTOR('',#14545,1.);
#14545 = DIRECTION('',(1.,0.));
#14546 = ( GEOMETRIC_REPRESENTATION_CONTEXT(2) 
PARAMETRIC_REPRESENTATION_CONTEXT() REPRESENTATION_CONTEXT('2D SPACE',''
  ) );
#14547 = FACE_BOUND('',#14548,.F.);
#14548 = EDGE_LOOP('',(#14549));
#14549 = ORIENTED_EDGE('',*,*,#11335,.F.);
#14550 = ADVANCED_FACE('',(#14551),#13566,.F.);
#14551 = FACE_BOUND('',#14552,.F.);
#14552 = EDGE_LOOP('',(#14553,#14576,#14577,#14600));
#14553 = ORIENTED_EDGE('',*,*,#14554,.F.);
#14554 = EDGE_CURVE('',#13550,#14555,#14557,.T.);
#14555 = VERTEX_POINT('',#14556);
#14556 = CARTESIAN_POINT('',(-138.,300.93408048832,137.));
#14557 = SURFACE_CURVE('',#14558,(#14562,#14569),.PCURVE_S1.);
#14558 = LINE('',#14559,#14560);
#14559 = CARTESIAN_POINT('',(-138.,300.93408048832,125.));
#14560 = VECTOR('',#14561,1.);
#14561 = DIRECTION('',(0.,0.,1.));
#14562 = PCURVE('',#13566,#14563);
#14563 = DEFINITIONAL_REPRESENTATION('',(#14564),#14568);
#14564 = LINE('',#14565,#14566);
#14565 = CARTESIAN_POINT('',(0.,14.));
#14566 = VECTOR('',#14567,1.);
#14567 = DIRECTION('',(1.,0.));
#14568 = ( GEOMETRIC_REPRESENTATION_CONTEXT(2) 
PARAMETRIC_REPRESENTATION_CONTEXT() REPRESENTATION_CONTEXT('2D SPACE',''
  ) );
#14569 = PCURVE('',#13642,#14570);
#14570 = DEFINITIONAL_REPRESENTATION('',(#14571),#14575);
#14571 = LINE('',#14572,#14573);
#14572 = CARTESIAN_POINT('',(0.,0.));
#14573 = VECTOR('',#14574,1.);
#14574 = DIRECTION('',(1.,0.));
#14575 = ( GEOMETRIC_REPRESENTATION_CONTEXT(2) 
PARAMETRIC_REPRESENTATION_CONTEXT() REPRESENTATION_CONTEXT('2D SPACE',''
  ) );
#14576 = ORIENTED_EDGE('',*,*,#13549,.T.);
#14577 = ORIENTED_EDGE('',*,*,#14578,.T.);
#14578 = EDGE_CURVE('',#13552,#14579,#14581,.T.);
#14579 = VERTEX_POINT('',#14580);
#14580 = CARTESIAN_POINT('',(-152.,300.93408048832,137.));
#14581 = SURFACE_CURVE('',#14582,(#14586,#14593),.PCURVE_S1.);
#14582 = LINE('',#14583,#14584);
#14583 = CARTESIAN_POINT('',(-152.,300.93408048832,125.));
#14584 = VECTOR('',#14585,1.);
#14585 = DIRECTION('',(0.,0.,1.));
#14586 = PCURVE('',#13566,#14587);
#14587 = DEFINITIONAL_REPRESENTATION('',(#14588),#14592);
#14588 = LINE('',#14589,#14590);
#14589 = CARTESIAN_POINT('',(0.,0.));
#14590 = VECTOR('',#14591,1.);
#14591 = DIRECTION('',(1.,0.));
#14592 = ( GEOMETRIC_REPRESENTATION_CONTEXT(2) 
PARAMETRIC_REPRESENTATION_CONTEXT() REPRESENTATION_CONTEXT('2D SPACE',''
  ) );
#14593 = PCURVE('',#13592,#14594);
#14594 = DEFINITIONAL_REPRESENTATION('',(#14595),#14599);
#14595 = LINE('',#14596,#14597);
#14596 = CARTESIAN_POINT('',(0.,0.));
#14597 = VECTOR('',#14598,1.);
#14598 = DIRECTION('',(1.,0.));
#14599 = ( GEOMETRIC_REPRESENTATION_CONTEXT(2) 
PARAMETRIC_REPRESENTATION_CONTEXT() REPRESENTATION_CONTEXT('2D SPACE',''
  ) );
#14600 = ORIENTED_EDGE('',*,*,#14601,.T.);
#14601 = EDGE_CURVE('',#14579,#14555,#14602,.T.);
#14602 = SURFACE_CURVE('',#14603,(#14607,#14614),.PCURVE_S1.);
#14603 = LINE('',#14604,#14605);
#14604 = CARTESIAN_POINT('',(-152.,300.93408048832,137.));
#14605 = VECTOR('',#14606,1.);
#14606 = DIRECTION('',(1.,0.,-0.));
#14607 = PCURVE('',#13566,#14608);
#14608 = DEFINITIONAL_REPRESENTATION('',(#14609),#14613);
#14609 = LINE('',#14610,#14611);
#14610 = CARTESIAN_POINT('',(12.,0.));
#14611 = VECTOR('',#14612,1.);
#14612 = DIRECTION('',(0.,1.));
#14613 = ( GEOMETRIC_REPRESENTATION_CONTEXT(2) 
PARAMETRIC_REPRESENTATION_CONTEXT() REPRESENTATION_CONTEXT('2D SPACE',''
  ) );
#14614 = PCURVE('',#14615,#14620);
#14615 = PLANE('',#14616);
#14616 = AXIS2_PLACEMENT_3D('',#14617,#14618,#14619);
#14617 = CARTESIAN_POINT('',(-152.,300.93408048832,137.));
#14618 = DIRECTION('',(0.,0.,1.));
#14619 = DIRECTION('',(1.,0.,-0.));
#14620 = DEFINITIONAL_REPRESENTATION('',(#14621),#14625);
#14621 = LINE('',#14622,#14623);
#14622 = CARTESIAN_POINT('',(0.,0.));
#14623 = VECTOR('',#14624,1.);
#14624 = DIRECTION('',(1.,0.));
#14625 = ( GEOMETRIC_REPRESENTATION_CONTEXT(2) 
PARAMETRIC_REPRESENTATION_CONTEXT() REPRESENTATION_CONTEXT('2D SPACE',''
  ) );
#14626 = ADVANCED_FACE('',(#14627),#13642,.T.);
#14627 = FACE_BOUND('',#14628,.T.);
#14628 = EDGE_LOOP('',(#14629,#14630,#14631,#14654));
#14629 = ORIENTED_EDGE('',*,*,#14554,.F.);
#14630 = ORIENTED_EDGE('',*,*,#13629,.T.);
#14631 = ORIENTED_EDGE('',*,*,#14632,.T.);
#14632 = EDGE_CURVE('',#13604,#14633,#14635,.T.);
#14633 = VERTEX_POINT('',#14634);
#14634 = CARTESIAN_POINT('',(-138.,314.93408048832,137.));
#14635 = SURFACE_CURVE('',#14636,(#14640,#14647),.PCURVE_S1.);
#14636 = LINE('',#14637,#14638);
#14637 = CARTESIAN_POINT('',(-138.,314.93408048832,125.));
#14638 = VECTOR('',#14639,1.);
#14639 = DIRECTION('',(0.,0.,1.));
#14640 = PCURVE('',#13642,#14641);
#14641 = DEFINITIONAL_REPRESENTATION('',(#14642),#14646);
#14642 = LINE('',#14643,#14644);
#14643 = CARTESIAN_POINT('',(0.,-14.));
#14644 = VECTOR('',#14645,1.);
#14645 = DIRECTION('',(1.,0.));
#14646 = ( GEOMETRIC_REPRESENTATION_CONTEXT(2) 
PARAMETRIC_REPRESENTATION_CONTEXT() REPRESENTATION_CONTEXT('2D SPACE',''
  ) );
#14647 = PCURVE('',#13618,#14648);
#14648 = DEFINITIONAL_REPRESENTATION('',(#14649),#14653);
#14649 = LINE('',#14650,#14651);
#14650 = CARTESIAN_POINT('',(0.,14.));
#14651 = VECTOR('',#14652,1.);
#14652 = DIRECTION('',(1.,0.));
#14653 = ( GEOMETRIC_REPRESENTATION_CONTEXT(2) 
PARAMETRIC_REPRESENTATION_CONTEXT() REPRESENTATION_CONTEXT('2D SPACE',''
  ) );
#14654 = ORIENTED_EDGE('',*,*,#14655,.F.);
#14655 = EDGE_CURVE('',#14555,#14633,#14656,.T.);
#14656 = SURFACE_CURVE('',#14657,(#14661,#14668),.PCURVE_S1.);
#14657 = LINE('',#14658,#14659);
#14658 = CARTESIAN_POINT('',(-138.,300.93408048832,137.));
#14659 = VECTOR('',#14660,1.);
#14660 = DIRECTION('',(-0.,1.,0.));
#14661 = PCURVE('',#13642,#14662);
#14662 = DEFINITIONAL_REPRESENTATION('',(#14663),#14667);
#14663 = LINE('',#14664,#14665);
#14664 = CARTESIAN_POINT('',(12.,0.));
#14665 = VECTOR('',#14666,1.);
#14666 = DIRECTION('',(0.,-1.));
#14667 = ( GEOMETRIC_REPRESENTATION_CONTEXT(2) 
PARAMETRIC_REPRESENTATION_CONTEXT() REPRESENTATION_CONTEXT('2D SPACE',''
  ) );
#14668 = PCURVE('',#14615,#14669);
#14669 = DEFINITIONAL_REPRESENTATION('',(#14670),#14674);
#14670 = LINE('',#14671,#14672);
#14671 = CARTESIAN_POINT('',(14.,0.));
#14672 = VECTOR('',#14673,1.);
#14673 = DIRECTION('',(0.,1.));
#14674 = ( GEOMETRIC_REPRESENTATION_CONTEXT(2) 
PARAMETRIC_REPRESENTATION_CONTEXT() REPRESENTATION_CONTEXT('2D SPACE',''
  ) );
#14675 = ADVANCED_FACE('',(#14676),#13592,.F.);
#14676 = FACE_BOUND('',#14677,.F.);
#14677 = EDGE_LOOP('',(#14678,#14679,#14680,#14703));
#14678 = ORIENTED_EDGE('',*,*,#14578,.F.);
#14679 = ORIENTED_EDGE('',*,*,#13577,.T.);
#14680 = ORIENTED_EDGE('',*,*,#14681,.T.);
#14681 = EDGE_CURVE('',#13578,#14682,#14684,.T.);
#14682 = VERTEX_POINT('',#14683);
#14683 = CARTESIAN_POINT('',(-152.,314.93408048832,137.));
#14684 = SURFACE_CURVE('',#14685,(#14689,#14696),.PCURVE_S1.);
#14685 = LINE('',#14686,#14687);
#14686 = CARTESIAN_POINT('',(-152.,314.93408048832,125.));
#14687 = VECTOR('',#14688,1.);
#14688 = DIRECTION('',(0.,0.,1.));
#14689 = PCURVE('',#13592,#14690);
#14690 = DEFINITIONAL_REPRESENTATION('',(#14691),#14695);
#14691 = LINE('',#14692,#14693);
#14692 = CARTESIAN_POINT('',(0.,-14.));
#14693 = VECTOR('',#14694,1.);
#14694 = DIRECTION('',(1.,0.));
#14695 = ( GEOMETRIC_REPRESENTATION_CONTEXT(2) 
PARAMETRIC_REPRESENTATION_CONTEXT() REPRESENTATION_CONTEXT('2D SPACE',''
  ) );
#14696 = PCURVE('',#13618,#14697);
#14697 = DEFINITIONAL_REPRESENTATION('',(#14698),#14702);
#14698 = LINE('',#14699,#14700);
#14699 = CARTESIAN_POINT('',(0.,0.));
#14700 = VECTOR('',#14701,1.);
#14701 = DIRECTION('',(1.,0.));
#14702 = ( GEOMETRIC_REPRESENTATION_CONTEXT(2) 
PARAMETRIC_REPRESENTATION_CONTEXT() REPRESENTATION_CONTEXT('2D SPACE',''
  ) );
#14703 = ORIENTED_EDGE('',*,*,#14704,.F.);
#14704 = EDGE_CURVE('',#14579,#14682,#14705,.T.);
#14705 = SURFACE_CURVE('',#14706,(#14710,#14717),.PCURVE_S1.);
#14706 = LINE('',#14707,#14708);
#14707 = CARTESIAN_POINT('',(-152.,300.93408048832,137.));
#14708 = VECTOR('',#14709,1.);
#14709 = DIRECTION('',(-0.,1.,0.));
#14710 = PCURVE('',#13592,#14711);
#14711 = DEFINITIONAL_REPRESENTATION('',(#14712),#14716);
#14712 = LINE('',#14713,#14714);
#14713 = CARTESIAN_POINT('',(12.,0.));
#14714 = VECTOR('',#14715,1.);
#14715 = DIRECTION('',(0.,-1.));
#14716 = ( GEOMETRIC_REPRESENTATION_CONTEXT(2) 
PARAMETRIC_REPRESENTATION_CONTEXT() REPRESENTATION_CONTEXT('2D SPACE',''
  ) );
#14717 = PCURVE('',#14615,#14718);
#14718 = DEFINITIONAL_REPRESENTATION('',(#14719),#14723);
#14719 = LINE('',#14720,#14721);
#14720 = CARTESIAN_POINT('',(0.,0.));
#14721 = VECTOR('',#14722,1.);
#14722 = DIRECTION('',(0.,1.));
#14723 = ( GEOMETRIC_REPRESENTATION_CONTEXT(2) 
PARAMETRIC_REPRESENTATION_CONTEXT() REPRESENTATION_CONTEXT('2D SPACE',''
  ) );
#14724 = ADVANCED_FACE('',(#14725),#13618,.T.);
#14725 = FACE_BOUND('',#14726,.T.);
#14726 = EDGE_LOOP('',(#14727,#14728,#14729,#14730));
#14727 = ORIENTED_EDGE('',*,*,#14632,.F.);
#14728 = ORIENTED_EDGE('',*,*,#13603,.T.);
#14729 = ORIENTED_EDGE('',*,*,#14681,.T.);
#14730 = ORIENTED_EDGE('',*,*,#14731,.T.);
#14731 = EDGE_CURVE('',#14682,#14633,#14732,.T.);
#14732 = SURFACE_CURVE('',#14733,(#14737,#14744),.PCURVE_S1.);
#14733 = LINE('',#14734,#14735);
#14734 = CARTESIAN_POINT('',(-152.,314.93408048832,137.));
#14735 = VECTOR('',#14736,1.);
#14736 = DIRECTION('',(1.,0.,-0.));
#14737 = PCURVE('',#13618,#14738);
#14738 = DEFINITIONAL_REPRESENTATION('',(#14739),#14743);
#14739 = LINE('',#14740,#14741);
#14740 = CARTESIAN_POINT('',(12.,0.));
#14741 = VECTOR('',#14742,1.);
#14742 = DIRECTION('',(0.,1.));
#14743 = ( GEOMETRIC_REPRESENTATION_CONTEXT(2) 
PARAMETRIC_REPRESENTATION_CONTEXT() REPRESENTATION_CONTEXT('2D SPACE',''
  ) );
#14744 = PCURVE('',#14615,#14745);
#14745 = DEFINITIONAL_REPRESENTATION('',(#14746),#14750);
#14746 = LINE('',#14747,#14748);
#14747 = CARTESIAN_POINT('',(0.,14.));
#14748 = VECTOR('',#14749,1.);
#14749 = DIRECTION('',(1.,0.));
#14750 = ( GEOMETRIC_REPRESENTATION_CONTEXT(2) 
PARAMETRIC_REPRESENTATION_CONTEXT() REPRESENTATION_CONTEXT('2D SPACE',''
  ) );
#14751 = ADVANCED_FACE('',(#14752),#13672,.F.);
#14752 = FACE_BOUND('',#14753,.F.);
#14753 = EDGE_LOOP('',(#14754,#14777,#14778,#14801));
#14754 = ORIENTED_EDGE('',*,*,#14755,.F.);
#14755 = EDGE_CURVE('',#13656,#14756,#14758,.T.);
#14756 = VERTEX_POINT('',#14757);
#14757 = CARTESIAN_POINT('',(152.,300.93408048832,137.));
#14758 = SURFACE_CURVE('',#14759,(#14763,#14770),.PCURVE_S1.);
#14759 = LINE('',#14760,#14761);
#14760 = CARTESIAN_POINT('',(152.,300.93408048832,125.));
#14761 = VECTOR('',#14762,1.);
#14762 = DIRECTION('',(0.,0.,1.));
#14763 = PCURVE('',#13672,#14764);
#14764 = DEFINITIONAL_REPRESENTATION('',(#14765),#14769);
#14765 = LINE('',#14766,#14767);
#14766 = CARTESIAN_POINT('',(0.,14.));
#14767 = VECTOR('',#14768,1.);
#14768 = DIRECTION('',(1.,0.));
#14769 = ( GEOMETRIC_REPRESENTATION_CONTEXT(2) 
PARAMETRIC_REPRESENTATION_CONTEXT() REPRESENTATION_CONTEXT('2D SPACE',''
  ) );
#14770 = PCURVE('',#13748,#14771);
#14771 = DEFINITIONAL_REPRESENTATION('',(#14772),#14776);
#14772 = LINE('',#14773,#14774);
#14773 = CARTESIAN_POINT('',(0.,0.));
#14774 = VECTOR('',#14775,1.);
#14775 = DIRECTION('',(1.,0.));
#14776 = ( GEOMETRIC_REPRESENTATION_CONTEXT(2) 
PARAMETRIC_REPRESENTATION_CONTEXT() REPRESENTATION_CONTEXT('2D SPACE',''
  ) );
#14777 = ORIENTED_EDGE('',*,*,#13655,.T.);
#14778 = ORIENTED_EDGE('',*,*,#14779,.T.);
#14779 = EDGE_CURVE('',#13658,#14780,#14782,.T.);
#14780 = VERTEX_POINT('',#14781);
#14781 = CARTESIAN_POINT('',(138.,300.93408048832,137.));
#14782 = SURFACE_CURVE('',#14783,(#14787,#14794),.PCURVE_S1.);
#14783 = LINE('',#14784,#14785);
#14784 = CARTESIAN_POINT('',(138.,300.93408048832,125.));
#14785 = VECTOR('',#14786,1.);
#14786 = DIRECTION('',(0.,0.,1.));
#14787 = PCURVE('',#13672,#14788);
#14788 = DEFINITIONAL_REPRESENTATION('',(#14789),#14793);
#14789 = LINE('',#14790,#14791);
#14790 = CARTESIAN_POINT('',(0.,0.));
#14791 = VECTOR('',#14792,1.);
#14792 = DIRECTION('',(1.,0.));
#14793 = ( GEOMETRIC_REPRESENTATION_CONTEXT(2) 
PARAMETRIC_REPRESENTATION_CONTEXT() REPRESENTATION_CONTEXT('2D SPACE',''
  ) );
#14794 = PCURVE('',#13698,#14795);
#14795 = DEFINITIONAL_REPRESENTATION('',(#14796),#14800);
#14796 = LINE('',#14797,#14798);
#14797 = CARTESIAN_POINT('',(0.,0.));
#14798 = VECTOR('',#14799,1.);
#14799 = DIRECTION('',(1.,0.));
#14800 = ( GEOMETRIC_REPRESENTATION_CONTEXT(2) 
PARAMETRIC_REPRESENTATION_CONTEXT() REPRESENTATION_CONTEXT('2D SPACE',''
  ) );
#14801 = ORIENTED_EDGE('',*,*,#14802,.T.);
#14802 = EDGE_CURVE('',#14780,#14756,#14803,.T.);
#14803 = SURFACE_CURVE('',#14804,(#14808,#14815),.PCURVE_S1.);
#14804 = LINE('',#14805,#14806);
#14805 = CARTESIAN_POINT('',(138.,300.93408048832,137.));
#14806 = VECTOR('',#14807,1.);
#14807 = DIRECTION('',(1.,0.,-0.));
#14808 = PCURVE('',#13672,#14809);
#14809 = DEFINITIONAL_REPRESENTATION('',(#14810),#14814);
#14810 = LINE('',#14811,#14812);
#14811 = CARTESIAN_POINT('',(12.,0.));
#14812 = VECTOR('',#14813,1.);
#14813 = DIRECTION('',(0.,1.));
#14814 = ( GEOMETRIC_REPRESENTATION_CONTEXT(2) 
PARAMETRIC_REPRESENTATION_CONTEXT() REPRESENTATION_CONTEXT('2D SPACE',''
  ) );
#14815 = PCURVE('',#14816,#14821);
#14816 = PLANE('',#14817);
#14817 = AXIS2_PLACEMENT_3D('',#14818,#14819,#14820);
#14818 = CARTESIAN_POINT('',(138.,300.93408048832,137.));
#14819 = DIRECTION('',(0.,0.,1.));
#14820 = DIRECTION('',(1.,0.,-0.));
#14821 = DEFINITIONAL_REPRESENTATION('',(#14822),#14826);
#14822 = LINE('',#14823,#14824);
#14823 = CARTESIAN_POINT('',(0.,0.));
#14824 = VECTOR('',#14825,1.);
#14825 = DIRECTION('',(1.,0.));
#14826 = ( GEOMETRIC_REPRESENTATION_CONTEXT(2) 
PARAMETRIC_REPRESENTATION_CONTEXT() REPRESENTATION_CONTEXT('2D SPACE',''
  ) );
#14827 = ADVANCED_FACE('',(#14828),#13748,.T.);
#14828 = FACE_BOUND('',#14829,.T.);
#14829 = EDGE_LOOP('',(#14830,#14831,#14832,#14855));
#14830 = ORIENTED_EDGE('',*,*,#14755,.F.);
#14831 = ORIENTED_EDGE('',*,*,#13735,.T.);
#14832 = ORIENTED_EDGE('',*,*,#14833,.T.);
#14833 = EDGE_CURVE('',#13710,#14834,#14836,.T.);
#14834 = VERTEX_POINT('',#14835);
#14835 = CARTESIAN_POINT('',(152.,314.93408048832,137.));
#14836 = SURFACE_CURVE('',#14837,(#14841,#14848),.PCURVE_S1.);
#14837 = LINE('',#14838,#14839);
#14838 = CARTESIAN_POINT('',(152.,314.93408048832,125.));
#14839 = VECTOR('',#14840,1.);
#14840 = DIRECTION('',(0.,0.,1.));
#14841 = PCURVE('',#13748,#14842);
#14842 = DEFINITIONAL_REPRESENTATION('',(#14843),#14847);
#14843 = LINE('',#14844,#14845);
#14844 = CARTESIAN_POINT('',(0.,-14.));
#14845 = VECTOR('',#14846,1.);
#14846 = DIRECTION('',(1.,0.));
#14847 = ( GEOMETRIC_REPRESENTATION_CONTEXT(2) 
PARAMETRIC_REPRESENTATION_CONTEXT() REPRESENTATION_CONTEXT('2D SPACE',''
  ) );
#14848 = PCURVE('',#13724,#14849);
#14849 = DEFINITIONAL_REPRESENTATION('',(#14850),#14854);
#14850 = LINE('',#14851,#14852);
#14851 = CARTESIAN_POINT('',(0.,14.));
#14852 = VECTOR('',#14853,1.);
#14853 = DIRECTION('',(1.,0.));
#14854 = ( GEOMETRIC_REPRESENTATION_CONTEXT(2) 
PARAMETRIC_REPRESENTATION_CONTEXT() REPRESENTATION_CONTEXT('2D SPACE',''
  ) );
#14855 = ORIENTED_EDGE('',*,*,#14856,.F.);
#14856 = EDGE_CURVE('',#14756,#14834,#14857,.T.);
#14857 = SURFACE_CURVE('',#14858,(#14862,#14869),.PCURVE_S1.);
#14858 = LINE('',#14859,#14860);
#14859 = CARTESIAN_POINT('',(152.,300.93408048832,137.));
#14860 = VECTOR('',#14861,1.);
#14861 = DIRECTION('',(-0.,1.,0.));
#14862 = PCURVE('',#13748,#14863);
#14863 = DEFINITIONAL_REPRESENTATION('',(#14864),#14868);
#14864 = LINE('',#14865,#14866);
#14865 = CARTESIAN_POINT('',(12.,0.));
#14866 = VECTOR('',#14867,1.);
#14867 = DIRECTION('',(0.,-1.));
#14868 = ( GEOMETRIC_REPRESENTATION_CONTEXT(2) 
PARAMETRIC_REPRESENTATION_CONTEXT() REPRESENTATION_CONTEXT('2D SPACE',''
  ) );
#14869 = PCURVE('',#14816,#14870);
#14870 = DEFINITIONAL_REPRESENTATION('',(#14871),#14875);
#14871 = LINE('',#14872,#14873);
#14872 = CARTESIAN_POINT('',(14.,0.));
#14873 = VECTOR('',#14874,1.);
#14874 = DIRECTION('',(0.,1.));
#14875 = ( GEOMETRIC_REPRESENTATION_CONTEXT(2) 
PARAMETRIC_REPRESENTATION_CONTEXT() REPRESENTATION_CONTEXT('2D SPACE',''
  ) );
#14876 = ADVANCED_FACE('',(#14877),#13724,.T.);
#14877 = FACE_BOUND('',#14878,.T.);
#14878 = EDGE_LOOP('',(#14879,#14880,#14881,#14904));
#14879 = ORIENTED_EDGE('',*,*,#14833,.F.);
#14880 = ORIENTED_EDGE('',*,*,#13709,.T.);
#14881 = ORIENTED_EDGE('',*,*,#14882,.T.);
#14882 = EDGE_CURVE('',#13684,#14883,#14885,.T.);
#14883 = VERTEX_POINT('',#14884);
#14884 = CARTESIAN_POINT('',(138.,314.93408048832,137.));
#14885 = SURFACE_CURVE('',#14886,(#14890,#14897),.PCURVE_S1.);
#14886 = LINE('',#14887,#14888);
#14887 = CARTESIAN_POINT('',(138.,314.93408048832,125.));
#14888 = VECTOR('',#14889,1.);
#14889 = DIRECTION('',(0.,0.,1.));
#14890 = PCURVE('',#13724,#14891);
#14891 = DEFINITIONAL_REPRESENTATION('',(#14892),#14896);
#14892 = LINE('',#14893,#14894);
#14893 = CARTESIAN_POINT('',(0.,0.));
#14894 = VECTOR('',#14895,1.);
#14895 = DIRECTION('',(1.,0.));
#14896 = ( GEOMETRIC_REPRESENTATION_CONTEXT(2) 
PARAMETRIC_REPRESENTATION_CONTEXT() REPRESENTATION_CONTEXT('2D SPACE',''
  ) );
#14897 = PCURVE('',#13698,#14898);
#14898 = DEFINITIONAL_REPRESENTATION('',(#14899),#14903);
#14899 = LINE('',#14900,#14901);
#14900 = CARTESIAN_POINT('',(0.,-14.));
#14901 = VECTOR('',#14902,1.);
#14902 = DIRECTION('',(1.,0.));
#14903 = ( GEOMETRIC_REPRESENTATION_CONTEXT(2) 
PARAMETRIC_REPRESENTATION_CONTEXT() REPRESENTATION_CONTEXT('2D SPACE',''
  ) );
#14904 = ORIENTED_EDGE('',*,*,#14905,.T.);
#14905 = EDGE_CURVE('',#14883,#14834,#14906,.T.);
#14906 = SURFACE_CURVE('',#14907,(#14911,#14918),.PCURVE_S1.);
#14907 = LINE('',#14908,#14909);
#14908 = CARTESIAN_POINT('',(138.,314.93408048832,137.));
#14909 = VECTOR('',#14910,1.);
#14910 = DIRECTION('',(1.,0.,-0.));
#14911 = PCURVE('',#13724,#14912);
#14912 = DEFINITIONAL_REPRESENTATION('',(#14913),#14917);
#14913 = LINE('',#14914,#14915);
#14914 = CARTESIAN_POINT('',(12.,0.));
#14915 = VECTOR('',#14916,1.);
#14916 = DIRECTION('',(0.,1.));
#14917 = ( GEOMETRIC_REPRESENTATION_CONTEXT(2) 
PARAMETRIC_REPRESENTATION_CONTEXT() REPRESENTATION_CONTEXT('2D SPACE',''
  ) );
#14918 = PCURVE('',#14816,#14919);
#14919 = DEFINITIONAL_REPRESENTATION('',(#14920),#14924);
#14920 = LINE('',#14921,#14922);
#14921 = CARTESIAN_POINT('',(0.,14.));
#14922 = VECTOR('',#14923,1.);
#14923 = DIRECTION('',(1.,0.));
#14924 = ( GEOMETRIC_REPRESENTATION_CONTEXT(2) 
PARAMETRIC_REPRESENTATION_CONTEXT() REPRESENTATION_CONTEXT('2D SPACE',''
  ) );
#14925 = ADVANCED_FACE('',(#14926),#13698,.F.);
#14926 = FACE_BOUND('',#14927,.F.);
#14927 = EDGE_LOOP('',(#14928,#14929,#14930,#14931));
#14928 = ORIENTED_EDGE('',*,*,#14779,.F.);
#14929 = ORIENTED_EDGE('',*,*,#13683,.T.);
#14930 = ORIENTED_EDGE('',*,*,#14882,.T.);
#14931 = ORIENTED_EDGE('',*,*,#14932,.F.);
#14932 = EDGE_CURVE('',#14780,#14883,#14933,.T.);
#14933 = SURFACE_CURVE('',#14934,(#14938,#14945),.PCURVE_S1.);
#14934 = LINE('',#14935,#14936);
#14935 = CARTESIAN_POINT('',(138.,300.93408048832,137.));
#14936 = VECTOR('',#14937,1.);
#14937 = DIRECTION('',(-0.,1.,0.));
#14938 = PCURVE('',#13698,#14939);
#14939 = DEFINITIONAL_REPRESENTATION('',(#14940),#14944);
#14940 = LINE('',#14941,#14942);
#14941 = CARTESIAN_POINT('',(12.,0.));
#14942 = VECTOR('',#14943,1.);
#14943 = DIRECTION('',(0.,-1.));
#14944 = ( GEOMETRIC_REPRESENTATION_CONTEXT(2) 
PARAMETRIC_REPRESENTATION_CONTEXT() REPRESENTATION_CONTEXT('2D SPACE',''
  ) );
#14945 = PCURVE('',#14816,#14946);
#14946 = DEFINITIONAL_REPRESENTATION('',(#14947),#14951);
#14947 = LINE('',#14948,#14949);
#14948 = CARTESIAN_POINT('',(0.,0.));
#14949 = VECTOR('',#14950,1.);
#14950 = DIRECTION('',(0.,1.));
#14951 = ( GEOMETRIC_REPRESENTATION_CONTEXT(2) 
PARAMETRIC_REPRESENTATION_CONTEXT() REPRESENTATION_CONTEXT('2D SPACE',''
  ) );
#14952 = ADVANCED_FACE('',(#14953),#13838,.F.);
#14953 = FACE_BOUND('',#14954,.F.);
#14954 = EDGE_LOOP('',(#14955));
#14955 = ORIENTED_EDGE('',*,*,#13821,.T.);
#14956 = ADVANCED_FACE('',(#14957),#13893,.F.);
#14957 = FACE_BOUND('',#14958,.F.);
#14958 = EDGE_LOOP('',(#14959));
#14959 = ORIENTED_EDGE('',*,*,#13876,.T.);
#14960 = ADVANCED_FACE('',(#14961),#13948,.F.);
#14961 = FACE_BOUND('',#14962,.F.);
#14962 = EDGE_LOOP('',(#14963));
#14963 = ORIENTED_EDGE('',*,*,#13931,.T.);
#14964 = ADVANCED_FACE('',(#14965),#14266,.F.);
#14965 = FACE_BOUND('',#14966,.F.);
#14966 = EDGE_LOOP('',(#14967));
#14967 = ORIENTED_EDGE('',*,*,#14249,.T.);
#14968 = ADVANCED_FACE('',(#14969),#14321,.F.);
#14969 = FACE_BOUND('',#14970,.F.);
#14970 = EDGE_LOOP('',(#14971));
#14971 = ORIENTED_EDGE('',*,*,#14304,.T.);
#14972 = ADVANCED_FACE('',(#14973),#14376,.F.);
#14973 = FACE_BOUND('',#14974,.F.);
#14974 = EDGE_LOOP('',(#14975));
#14975 = ORIENTED_EDGE('',*,*,#14359,.T.);
#14976 = ADVANCED_FACE('',(#14977),#14431,.F.);
#14977 = FACE_BOUND('',#14978,.F.);
#14978 = EDGE_LOOP('',(#14979,#14980,#15003,#15030));
#14979 = ORIENTED_EDGE('',*,*,#14414,.F.);
#14980 = ORIENTED_EDGE('',*,*,#14981,.F.);
#14981 = EDGE_CURVE('',#14982,#14415,#14984,.T.);
#14982 = VERTEX_POINT('',#14983);
#14983 = CARTESIAN_POINT('',(-151.9,200.98265519014,275.44864219099));
#14984 = SEAM_CURVE('',#14985,(#14989,#14996),.PCURVE_S1.);
#14985 = LINE('',#14986,#14987);
#14986 = CARTESIAN_POINT('',(-151.9,200.98265519014,275.44864219099));
#14987 = VECTOR('',#14988,1.);
#14988 = DIRECTION('',(0.,-0.978147600734,0.207911690818));
#14989 = PCURVE('',#14431,#14990);
#14990 = DEFINITIONAL_REPRESENTATION('',(#14991),#14995);
#14991 = LINE('',#14992,#14993);
#14992 = CARTESIAN_POINT('',(6.28318530718,-0.));
#14993 = VECTOR('',#14994,1.);
#14994 = DIRECTION('',(0.,1.));
#14995 = ( GEOMETRIC_REPRESENTATION_CONTEXT(2) 
PARAMETRIC_REPRESENTATION_CONTEXT() REPRESENTATION_CONTEXT('2D SPACE',''
  ) );
#14996 = PCURVE('',#14431,#14997);
#14997 = DEFINITIONAL_REPRESENTATION('',(#14998),#15002);
#14998 = LINE('',#14999,#15000);
#14999 = CARTESIAN_POINT('',(0.,-0.));
#15000 = VECTOR('',#15001,1.);
#15001 = DIRECTION('',(0.,1.));
#15002 = ( GEOMETRIC_REPRESENTATION_CONTEXT(2) 
PARAMETRIC_REPRESENTATION_CONTEXT() REPRESENTATION_CONTEXT('2D SPACE',''
  ) );
#15003 = ORIENTED_EDGE('',*,*,#15004,.T.);
#15004 = EDGE_CURVE('',#14982,#14982,#15005,.T.);
#15005 = SURFACE_CURVE('',#15006,(#15011,#15018),.PCURVE_S1.);
#15006 = CIRCLE('',#15007,2.1);
#15007 = AXIS2_PLACEMENT_3D('',#15008,#15009,#15010);
#15008 = CARTESIAN_POINT('',(-154.,200.98265519014,275.44864219099));
#15009 = DIRECTION('',(0.,-0.978147600734,0.207911690818));
#15010 = DIRECTION('',(1.,0.,0.));
#15011 = PCURVE('',#14431,#15012);
#15012 = DEFINITIONAL_REPRESENTATION('',(#15013),#15017);
#15013 = LINE('',#15014,#15015);
#15014 = CARTESIAN_POINT('',(0.,0.));
#15015 = VECTOR('',#15016,1.);
#15016 = DIRECTION('',(1.,0.));
#15017 = ( GEOMETRIC_REPRESENTATION_CONTEXT(2) 
PARAMETRIC_REPRESENTATION_CONTEXT() REPRESENTATION_CONTEXT('2D SPACE',''
  ) );
#15018 = PCURVE('',#15019,#15024);
#15019 = PLANE('',#15020);
#15020 = AXIS2_PLACEMENT_3D('',#15021,#15022,#15023);
#15021 = CARTESIAN_POINT('',(-154.,200.98265519014,275.44864219099));
#15022 = DIRECTION('',(0.,-0.978147600734,0.207911690818));
#15023 = DIRECTION('',(1.,0.,0.));
#15024 = DEFINITIONAL_REPRESENTATION('',(#15025),#15029);
#15025 = CIRCLE('',#15026,2.1);
#15026 = AXIS2_PLACEMENT_2D('',#15027,#15028);
#15027 = CARTESIAN_POINT('',(0.,0.));
#15028 = DIRECTION('',(1.,0.));
#15029 = ( GEOMETRIC_REPRESENTATION_CONTEXT(2) 
PARAMETRIC_REPRESENTATION_CONTEXT() REPRESENTATION_CONTEXT('2D SPACE',''
  ) );
#15030 = ORIENTED_EDGE('',*,*,#14981,.T.);
#15031 = ADVANCED_FACE('',(#15032),#14466,.F.);
#15032 = FACE_BOUND('',#15033,.F.);
#15033 = EDGE_LOOP('',(#15034,#15035,#15058,#15085));
#15034 = ORIENTED_EDGE('',*,*,#14449,.F.);
#15035 = ORIENTED_EDGE('',*,*,#15036,.F.);
#15036 = EDGE_CURVE('',#15037,#14450,#15039,.T.);
#15037 = VERTEX_POINT('',#15038);
#15038 = CARTESIAN_POINT('',(-151.9,178.11236920019,167.85240611027));
#15039 = SEAM_CURVE('',#15040,(#15044,#15051),.PCURVE_S1.);
#15040 = LINE('',#15041,#15042);
#15041 = CARTESIAN_POINT('',(-151.9,178.11236920019,167.85240611027));
#15042 = VECTOR('',#15043,1.);
#15043 = DIRECTION('',(0.,-0.978147600734,0.207911690818));
#15044 = PCURVE('',#14466,#15045);
#15045 = DEFINITIONAL_REPRESENTATION('',(#15046),#15050);
#15046 = LINE('',#15047,#15048);
#15047 = CARTESIAN_POINT('',(6.28318530718,-0.));
#15048 = VECTOR('',#15049,1.);
#15049 = DIRECTION('',(0.,1.));
#15050 = ( GEOMETRIC_REPRESENTATION_CONTEXT(2) 
PARAMETRIC_REPRESENTATION_CONTEXT() REPRESENTATION_CONTEXT('2D SPACE',''
  ) );
#15051 = PCURVE('',#14466,#15052);
#15052 = DEFINITIONAL_REPRESENTATION('',(#15053),#15057);
#15053 = LINE('',#15054,#15055);
#15054 = CARTESIAN_POINT('',(0.,-0.));
#15055 = VECTOR('',#15056,1.);
#15056 = DIRECTION('',(0.,1.));
#15057 = ( GEOMETRIC_REPRESENTATION_CONTEXT(2) 
PARAMETRIC_REPRESENTATION_CONTEXT() REPRESENTATION_CONTEXT('2D SPACE',''
  ) );
#15058 = ORIENTED_EDGE('',*,*,#15059,.T.);
#15059 = EDGE_CURVE('',#15037,#15037,#15060,.T.);
#15060 = SURFACE_CURVE('',#15061,(#15066,#15073),.PCURVE_S1.);
#15061 = CIRCLE('',#15062,2.1);
#15062 = AXIS2_PLACEMENT_3D('',#15063,#15064,#15065);
#15063 = CARTESIAN_POINT('',(-154.,178.11236920019,167.85240611027));
#15064 = DIRECTION('',(0.,-0.978147600734,0.207911690818));
#15065 = DIRECTION('',(1.,0.,0.));
#15066 = PCURVE('',#14466,#15067);
#15067 = DEFINITIONAL_REPRESENTATION('',(#15068),#15072);
#15068 = LINE('',#15069,#15070);
#15069 = CARTESIAN_POINT('',(0.,0.));
#15070 = VECTOR('',#15071,1.);
#15071 = DIRECTION('',(1.,0.));
#15072 = ( GEOMETRIC_REPRESENTATION_CONTEXT(2) 
PARAMETRIC_REPRESENTATION_CONTEXT() REPRESENTATION_CONTEXT('2D SPACE',''
  ) );
#15073 = PCURVE('',#15074,#15079);
#15074 = PLANE('',#15075);
#15075 = AXIS2_PLACEMENT_3D('',#15076,#15077,#15078);
#15076 = CARTESIAN_POINT('',(-154.,178.11236920019,167.85240611027));
#15077 = DIRECTION('',(0.,-0.978147600734,0.207911690818));
#15078 = DIRECTION('',(1.,0.,0.));
#15079 = DEFINITIONAL_REPRESENTATION('',(#15080),#15084);
#15080 = CIRCLE('',#15081,2.1);
#15081 = AXIS2_PLACEMENT_2D('',#15082,#15083);
#15082 = CARTESIAN_POINT('',(0.,0.));
#15083 = DIRECTION('',(1.,0.));
#15084 = ( GEOMETRIC_REPRESENTATION_CONTEXT(2) 
PARAMETRIC_REPRESENTATION_CONTEXT() REPRESENTATION_CONTEXT('2D SPACE',''
  ) );
#15085 = ORIENTED_EDGE('',*,*,#15036,.T.);
#15086 = ADVANCED_FACE('',(#15087),#14501,.F.);
#15087 = FACE_BOUND('',#15088,.F.);
#15088 = EDGE_LOOP('',(#15089,#15090,#15113,#15140));
#15089 = ORIENTED_EDGE('',*,*,#14484,.F.);
#15090 = ORIENTED_EDGE('',*,*,#15091,.F.);
#15091 = EDGE_CURVE('',#15092,#14485,#15094,.T.);
#15092 = VERTEX_POINT('',#15093);
#15093 = CARTESIAN_POINT('',(156.1,200.98265519014,275.44864219099));
#15094 = SEAM_CURVE('',#15095,(#15099,#15106),.PCURVE_S1.);
#15095 = LINE('',#15096,#15097);
#15096 = CARTESIAN_POINT('',(156.1,200.98265519014,275.44864219099));
#15097 = VECTOR('',#15098,1.);
#15098 = DIRECTION('',(0.,-0.978147600734,0.207911690818));
#15099 = PCURVE('',#14501,#15100);
#15100 = DEFINITIONAL_REPRESENTATION('',(#15101),#15105);
#15101 = LINE('',#15102,#15103);
#15102 = CARTESIAN_POINT('',(6.28318530718,-0.));
#15103 = VECTOR('',#15104,1.);
#15104 = DIRECTION('',(0.,1.));
#15105 = ( GEOMETRIC_REPRESENTATION_CONTEXT(2) 
PARAMETRIC_REPRESENTATION_CONTEXT() REPRESENTATION_CONTEXT('2D SPACE',''
  ) );
#15106 = PCURVE('',#14501,#15107);
#15107 = DEFINITIONAL_REPRESENTATION('',(#15108),#15112);
#15108 = LINE('',#15109,#15110);
#15109 = CARTESIAN_POINT('',(0.,-0.));
#15110 = VECTOR('',#15111,1.);
#15111 = DIRECTION('',(0.,1.));
#15112 = ( GEOMETRIC_REPRESENTATION_CONTEXT(2) 
PARAMETRIC_REPRESENTATION_CONTEXT() REPRESENTATION_CONTEXT('2D SPACE',''
  ) );
#15113 = ORIENTED_EDGE('',*,*,#15114,.T.);
#15114 = EDGE_CURVE('',#15092,#15092,#15115,.T.);
#15115 = SURFACE_CURVE('',#15116,(#15121,#15128),.PCURVE_S1.);
#15116 = CIRCLE('',#15117,2.1);
#15117 = AXIS2_PLACEMENT_3D('',#15118,#15119,#15120);
#15118 = CARTESIAN_POINT('',(154.,200.98265519014,275.44864219099));
#15119 = DIRECTION('',(0.,-0.978147600734,0.207911690818));
#15120 = DIRECTION('',(1.,0.,0.));
#15121 = PCURVE('',#14501,#15122);
#15122 = DEFINITIONAL_REPRESENTATION('',(#15123),#15127);
#15123 = LINE('',#15124,#15125);
#15124 = CARTESIAN_POINT('',(0.,0.));
#15125 = VECTOR('',#15126,1.);
#15126 = DIRECTION('',(1.,0.));
#15127 = ( GEOMETRIC_REPRESENTATION_CONTEXT(2) 
PARAMETRIC_REPRESENTATION_CONTEXT() REPRESENTATION_CONTEXT('2D SPACE',''
  ) );
#15128 = PCURVE('',#15129,#15134);
#15129 = PLANE('',#15130);
#15130 = AXIS2_PLACEMENT_3D('',#15131,#15132,#15133);
#15131 = CARTESIAN_POINT('',(154.,200.98265519014,275.44864219099));
#15132 = DIRECTION('',(0.,-0.978147600734,0.207911690818));
#15133 = DIRECTION('',(1.,0.,0.));
#15134 = DEFINITIONAL_REPRESENTATION('',(#15135),#15139);
#15135 = CIRCLE('',#15136,2.1);
#15136 = AXIS2_PLACEMENT_2D('',#15137,#15138);
#15137 = CARTESIAN_POINT('',(0.,0.));
#15138 = DIRECTION('',(1.,0.));
#15139 = ( GEOMETRIC_REPRESENTATION_CONTEXT(2) 
PARAMETRIC_REPRESENTATION_CONTEXT() REPRESENTATION_CONTEXT('2D SPACE',''
  ) );
#15140 = ORIENTED_EDGE('',*,*,#15091,.T.);
#15141 = ADVANCED_FACE('',(#15142),#14536,.F.);
#15142 = FACE_BOUND('',#15143,.F.);
#15143 = EDGE_LOOP('',(#15144,#15145,#15168,#15195));
#15144 = ORIENTED_EDGE('',*,*,#14519,.F.);
#15145 = ORIENTED_EDGE('',*,*,#15146,.F.);
#15146 = EDGE_CURVE('',#15147,#14520,#15149,.T.);
#15147 = VERTEX_POINT('',#15148);
#15148 = CARTESIAN_POINT('',(156.1,178.11236920019,167.85240611027));
#15149 = SEAM_CURVE('',#15150,(#15154,#15161),.PCURVE_S1.);
#15150 = LINE('',#15151,#15152);
#15151 = CARTESIAN_POINT('',(156.1,178.11236920019,167.85240611027));
#15152 = VECTOR('',#15153,1.);
#15153 = DIRECTION('',(0.,-0.978147600734,0.207911690818));
#15154 = PCURVE('',#14536,#15155);
#15155 = DEFINITIONAL_REPRESENTATION('',(#15156),#15160);
#15156 = LINE('',#15157,#15158);
#15157 = CARTESIAN_POINT('',(6.28318530718,-0.));
#15158 = VECTOR('',#15159,1.);
#15159 = DIRECTION('',(0.,1.));
#15160 = ( GEOMETRIC_REPRESENTATION_CONTEXT(2) 
PARAMETRIC_REPRESENTATION_CONTEXT() REPRESENTATION_CONTEXT('2D SPACE',''
  ) );
#15161 = PCURVE('',#14536,#15162);
#15162 = DEFINITIONAL_REPRESENTATION('',(#15163),#15167);
#15163 = LINE('',#15164,#15165);
#15164 = CARTESIAN_POINT('',(0.,-0.));
#15165 = VECTOR('',#15166,1.);
#15166 = DIRECTION('',(0.,1.));
#15167 = ( GEOMETRIC_REPRESENTATION_CONTEXT(2) 
PARAMETRIC_REPRESENTATION_CONTEXT() REPRESENTATION_CONTEXT('2D SPACE',''
  ) );
#15168 = ORIENTED_EDGE('',*,*,#15169,.T.);
#15169 = EDGE_CURVE('',#15147,#15147,#15170,.T.);
#15170 = SURFACE_CURVE('',#15171,(#15176,#15183),.PCURVE_S1.);
#15171 = CIRCLE('',#15172,2.1);
#15172 = AXIS2_PLACEMENT_3D('',#15173,#15174,#15175);
#15173 = CARTESIAN_POINT('',(154.,178.11236920019,167.85240611027));
#15174 = DIRECTION('',(0.,-0.978147600734,0.207911690818));
#15175 = DIRECTION('',(1.,0.,0.));
#15176 = PCURVE('',#14536,#15177);
#15177 = DEFINITIONAL_REPRESENTATION('',(#15178),#15182);
#15178 = LINE('',#15179,#15180);
#15179 = CARTESIAN_POINT('',(0.,0.));
#15180 = VECTOR('',#15181,1.);
#15181 = DIRECTION('',(1.,0.));
#15182 = ( GEOMETRIC_REPRESENTATION_CONTEXT(2) 
PARAMETRIC_REPRESENTATION_CONTEXT() REPRESENTATION_CONTEXT('2D SPACE',''
  ) );
#15183 = PCURVE('',#15184,#15189);
#15184 = PLANE('',#15185);
#15185 = AXIS2_PLACEMENT_3D('',#15186,#15187,#15188);
#15186 = CARTESIAN_POINT('',(154.,178.11236920019,167.85240611027));
#15187 = DIRECTION('',(0.,-0.978147600734,0.207911690818));
#15188 = DIRECTION('',(1.,0.,0.));
#15189 = DEFINITIONAL_REPRESENTATION('',(#15190),#15194);
#15190 = CIRCLE('',#15191,2.1);
#15191 = AXIS2_PLACEMENT_2D('',#15192,#15193);
#15192 = CARTESIAN_POINT('',(0.,0.));
#15193 = DIRECTION('',(1.,0.));
#15194 = ( GEOMETRIC_REPRESENTATION_CONTEXT(2) 
PARAMETRIC_REPRESENTATION_CONTEXT() REPRESENTATION_CONTEXT('2D SPACE',''
  ) );
#15195 = ORIENTED_EDGE('',*,*,#15146,.T.);
#15196 = ADVANCED_FACE('',(#15197),#14615,.T.);
#15197 = FACE_BOUND('',#15198,.T.);
#15198 = EDGE_LOOP('',(#15199,#15200,#15201,#15202));
#15199 = ORIENTED_EDGE('',*,*,#14704,.F.);
#15200 = ORIENTED_EDGE('',*,*,#14601,.T.);
#15201 = ORIENTED_EDGE('',*,*,#14655,.T.);
#15202 = ORIENTED_EDGE('',*,*,#14731,.F.);
#15203 = ADVANCED_FACE('',(#15204),#14816,.T.);
#15204 = FACE_BOUND('',#15205,.T.);
#15205 = EDGE_LOOP('',(#15206,#15207,#15208,#15209));
#15206 = ORIENTED_EDGE('',*,*,#14932,.F.);
#15207 = ORIENTED_EDGE('',*,*,#14802,.T.);
#15208 = ORIENTED_EDGE('',*,*,#14856,.T.);
#15209 = ORIENTED_EDGE('',*,*,#14905,.F.);
#15210 = ADVANCED_FACE('',(#15211),#15019,.T.);
#15211 = FACE_BOUND('',#15212,.F.);
#15212 = EDGE_LOOP('',(#15213));
#15213 = ORIENTED_EDGE('',*,*,#15004,.F.);
#15214 = ADVANCED_FACE('',(#15215),#15074,.T.);
#15215 = FACE_BOUND('',#15216,.F.);
#15216 = EDGE_LOOP('',(#15217));
#15217 = ORIENTED_EDGE('',*,*,#15059,.F.);
#15218 = ADVANCED_FACE('',(#15219),#15129,.T.);
#15219 = FACE_BOUND('',#15220,.F.);
#15220 = EDGE_LOOP('',(#15221));
#15221 = ORIENTED_EDGE('',*,*,#15114,.F.);
#15222 = ADVANCED_FACE('',(#15223),#15184,.T.);
#15223 = FACE_BOUND('',#15224,.F.);
#15224 = EDGE_LOOP('',(#15225));
#15225 = ORIENTED_EDGE('',*,*,#15169,.F.);
#15226 = ( GEOMETRIC_REPRESENTATION_CONTEXT(3) 
GLOBAL_UNCERTAINTY_ASSIGNED_CONTEXT((#15230)) 
GLOBAL_UNIT_ASSIGNED_CONTEXT((#15227,#15228,#15229)) 
REPRESENTATION_CONTEXT('Context #1',
  '3D Context with UNIT and UNCERTAINTY') );
#15227 = ( LENGTH_UNIT() NAMED_UNIT(*) SI_UNIT(.MILLI.,.METRE.) );
#15228 = ( NAMED_UNIT(*) PLANE_ANGLE_UNIT() SI_UNIT($,.RADIAN.) );
#15229 = ( NAMED_UNIT(*) SI_UNIT($,.STERADIAN.) SOLID_ANGLE_UNIT() );
#15230 = UNCERTAINTY_MEASURE_WITH_UNIT(LENGTH_MEASURE(1.E-07),#15227,
  'distance_accuracy_value','confusion accuracy');
#15231 = PRODUCT_RELATED_PRODUCT_CATEGORY('part',$,(#7));
ENDSEC;
END-ISO-10303-21;
