ISO-10303-21;
HEADER;
FILE_DESCRIPTION(('Open CASCADE Model'),'2;1');
FILE_NAME('Open CASCADE Shape Model','2026-08-25T09:53:32',('Author'),(
    'Open CASCADE'),'Open CASCADE STEP processor 7.9','build123d',
  'Unknown');
FILE_SCHEMA(('AUTOMOTIVE_DESIGN { 1 0 10303 214 1 1 1 1 }'));
ENDSEC;
DATA;
#1 = APPLICATION_PROTOCOL_DEFINITION('international standard',
  'automotive_design',2000,#2);
#2 = APPLICATION_CONTEXT(
  'core data for automotive mechanical design processes');
#3 = SHAPE_DEFINITION_REPRESENTATION(#4,#10);
#4 = PRODUCT_DEFINITION_SHAPE('','',#5);
#5 = PRODUCT_DEFINITION('design','',#6,#9);
#6 = PRODUCT_DEFINITION_FORMATION('','',#7);
#7 = PRODUCT('=>[0:1:1:2]','=>[0:1:1:2]','',(#8));
#8 = PRODUCT_CONTEXT('',#2,'mechanical');
#9 = PRODUCT_DEFINITION_CONTEXT('part definition',#2,'design');
#10 = SHAPE_REPRESENTATION('',(#11,#15),#19);
#11 = AXIS2_PLACEMENT_3D('',#12,#13,#14);
#12 = CARTESIAN_POINT('',(0.,0.,0.));
#13 = DIRECTION('',(0.,0.,1.));
#14 = DIRECTION('',(1.,0.,-0.));
#15 = AXIS2_PLACEMENT_3D('',#16,#17,#18);
#16 = CARTESIAN_POINT('',(0.,77.70875965144,87.622683207452));
#17 = DIRECTION('',(0.,0.13917310096,-0.990268068742));
#18 = DIRECTION('',(1.,0.,0.));
#19 = ( GEOMETRIC_REPRESENTATION_CONTEXT(3) 
GLOBAL_UNCERTAINTY_ASSIGNED_CONTEXT((#23)) GLOBAL_UNIT_ASSIGNED_CONTEXT(
(#20,#21,#22)) REPRESENTATION_CONTEXT('Context #1',
  '3D Context with UNIT and UNCERTAINTY') );
#20 = ( LENGTH_UNIT() NAMED_UNIT(*) SI_UNIT(.MILLI.,.METRE.) );
#21 = ( NAMED_UNIT(*) PLANE_ANGLE_UNIT() SI_UNIT($,.RADIAN.) );
#22 = ( NAMED_UNIT(*) SI_UNIT($,.STERADIAN.) SOLID_ANGLE_UNIT() );
#23 = UNCERTAINTY_MEASURE_WITH_UNIT(LENGTH_MEASURE(1.E-07),#20,
  'distance_accuracy_value','confusion accuracy');
#24 = PRODUCT_RELATED_PRODUCT_CATEGORY('part',$,(#7));
#25 = SHAPE_DEFINITION_REPRESENTATION(#26,#32);
#26 = PRODUCT_DEFINITION_SHAPE('','',#27);
#27 = PRODUCT_DEFINITION('design','',#28,#31);
#28 = PRODUCT_DEFINITION_FORMATION('','',#29);
#29 = PRODUCT('COMPOUND','COMPOUND','',(#30));
#30 = PRODUCT_CONTEXT('',#2,'mechanical');
#31 = PRODUCT_DEFINITION_CONTEXT('part definition',#2,'design');
#32 = ADVANCED_BREP_SHAPE_REPRESENTATION('',(#11,#33),#2273);
#33 = MANIFOLD_SOLID_BREP('',#34);
#34 = CLOSED_SHELL('',(#35,#155,#231,#745,#794,#1199,#1206,#1233,#1288,
    #1338,#1388,#1415,#1465,#1492,#1542,#1592,#1642,#1669,#1719,#1769,
    #1796,#1823,#1899,#1948,#2002,#2051,#2105,#2154,#2208,#2235));
#35 = ADVANCED_FACE('',(#36),#50,.F.);
#36 = FACE_BOUND('',#37,.F.);
#37 = EDGE_LOOP('',(#38,#73,#101,#129));
#38 = ORIENTED_EDGE('',*,*,#39,.F.);
#39 = EDGE_CURVE('',#40,#42,#44,.T.);
#40 = VERTEX_POINT('',#41);
#41 = CARTESIAN_POINT('',(-166.,-78.26163687019,-1.5));
#42 = VERTEX_POINT('',#43);
#43 = CARTESIAN_POINT('',(-166.,-78.26163687019,1.5));
#44 = SURFACE_CURVE('',#45,(#49,#61),.PCURVE_S1.);
#45 = LINE('',#46,#47);
#46 = CARTESIAN_POINT('',(-166.,-78.26163687019,-1.5));
#47 = VECTOR('',#48,1.);
#48 = DIRECTION('',(0.,0.,1.));
#49 = PCURVE('',#50,#55);
#50 = PLANE('',#51);
#51 = AXIS2_PLACEMENT_3D('',#52,#53,#54);
#52 = CARTESIAN_POINT('',(-166.,-78.26163687019,-1.5));
#53 = DIRECTION('',(1.,0.,-0.));
#54 = DIRECTION('',(0.,0.,1.));
#55 = DEFINITIONAL_REPRESENTATION('',(#56),#60);
#56 = LINE('',#57,#58);
#57 = CARTESIAN_POINT('',(0.,0.));
#58 = VECTOR('',#59,1.);
#59 = DIRECTION('',(1.,0.));
#60 = ( GEOMETRIC_REPRESENTATION_CONTEXT(2) 
PARAMETRIC_REPRESENTATION_CONTEXT() REPRESENTATION_CONTEXT('2D SPACE',''
  ) );
#61 = PCURVE('',#62,#67);
#62 = PLANE('',#63);
#63 = AXIS2_PLACEMENT_3D('',#64,#65,#66);
#64 = CARTESIAN_POINT('',(-166.,-78.26163687019,-1.5));
#65 = DIRECTION('',(-0.,1.,0.));
#66 = DIRECTION('',(0.,0.,1.));
#67 = DEFINITIONAL_REPRESENTATION('',(#68),#72);
#68 = LINE('',#69,#70);
#69 = CARTESIAN_POINT('',(0.,0.));
#70 = VECTOR('',#71,1.);
#71 = DIRECTION('',(1.,0.));
#72 = ( GEOMETRIC_REPRESENTATION_CONTEXT(2) 
PARAMETRIC_REPRESENTATION_CONTEXT() REPRESENTATION_CONTEXT('2D SPACE',''
  ) );
#73 = ORIENTED_EDGE('',*,*,#74,.T.);
#74 = EDGE_CURVE('',#40,#75,#77,.T.);
#75 = VERTEX_POINT('',#76);
#76 = CARTESIAN_POINT('',(-166.,78.261636870193,-1.5));
#77 = SURFACE_CURVE('',#78,(#82,#89),.PCURVE_S1.);
#78 = LINE('',#79,#80);
#79 = CARTESIAN_POINT('',(-166.,-78.26163687019,-1.5));
#80 = VECTOR('',#81,1.);
#81 = DIRECTION('',(-0.,1.,0.));
#82 = PCURVE('',#50,#83);
#83 = DEFINITIONAL_REPRESENTATION('',(#84),#88);
#84 = LINE('',#85,#86);
#85 = CARTESIAN_POINT('',(0.,0.));
#86 = VECTOR('',#87,1.);
#87 = DIRECTION('',(0.,-1.));
#88 = ( GEOMETRIC_REPRESENTATION_CONTEXT(2) 
PARAMETRIC_REPRESENTATION_CONTEXT() REPRESENTATION_CONTEXT('2D SPACE',''
  ) );
#89 = PCURVE('',#90,#95);
#90 = PLANE('',#91);
#91 = AXIS2_PLACEMENT_3D('',#92,#93,#94);
#92 = CARTESIAN_POINT('',(-166.,-78.26163687019,-1.5));
#93 = DIRECTION('',(0.,0.,1.));
#94 = DIRECTION('',(1.,0.,-0.));
#95 = DEFINITIONAL_REPRESENTATION('',(#96),#100);
#96 = LINE('',#97,#98);
#97 = CARTESIAN_POINT('',(0.,0.));
#98 = VECTOR('',#99,1.);
#99 = DIRECTION('',(0.,1.));
#100 = ( GEOMETRIC_REPRESENTATION_CONTEXT(2) 
PARAMETRIC_REPRESENTATION_CONTEXT() REPRESENTATION_CONTEXT('2D SPACE',''
  ) );
#101 = ORIENTED_EDGE('',*,*,#102,.T.);
#102 = EDGE_CURVE('',#75,#103,#105,.T.);
#103 = VERTEX_POINT('',#104);
#104 = CARTESIAN_POINT('',(-166.,78.261636870193,1.5));
#105 = SURFACE_CURVE('',#106,(#110,#117),.PCURVE_S1.);
#106 = LINE('',#107,#108);
#107 = CARTESIAN_POINT('',(-166.,78.261636870193,-1.5));
#108 = VECTOR('',#109,1.);
#109 = DIRECTION('',(0.,0.,1.));
#110 = PCURVE('',#50,#111);
#111 = DEFINITIONAL_REPRESENTATION('',(#112),#116);
#112 = LINE('',#113,#114);
#113 = CARTESIAN_POINT('',(0.,-156.5232737403));
#114 = VECTOR('',#115,1.);
#115 = DIRECTION('',(1.,0.));
#116 = ( GEOMETRIC_REPRESENTATION_CONTEXT(2) 
PARAMETRIC_REPRESENTATION_CONTEXT() REPRESENTATION_CONTEXT('2D SPACE',''
  ) );
#117 = PCURVE('',#118,#123);
#118 = PLANE('',#119);
#119 = AXIS2_PLACEMENT_3D('',#120,#121,#122);
#120 = CARTESIAN_POINT('',(-166.,78.261636870193,-1.5));
#121 = DIRECTION('',(-0.,1.,0.));
#122 = DIRECTION('',(0.,0.,1.));
#123 = DEFINITIONAL_REPRESENTATION('',(#124),#128);
#124 = LINE('',#125,#126);
#125 = CARTESIAN_POINT('',(0.,0.));
#126 = VECTOR('',#127,1.);
#127 = DIRECTION('',(1.,0.));
#128 = ( GEOMETRIC_REPRESENTATION_CONTEXT(2) 
PARAMETRIC_REPRESENTATION_CONTEXT() REPRESENTATION_CONTEXT('2D SPACE',''
  ) );
#129 = ORIENTED_EDGE('',*,*,#130,.F.);
#130 = EDGE_CURVE('',#42,#103,#131,.T.);
#131 = SURFACE_CURVE('',#132,(#136,#143),.PCURVE_S1.);
#132 = LINE('',#133,#134);
#133 = CARTESIAN_POINT('',(-166.,-78.26163687019,1.5));
#134 = VECTOR('',#135,1.);
#135 = DIRECTION('',(-0.,1.,0.));
#136 = PCURVE('',#50,#137);
#137 = DEFINITIONAL_REPRESENTATION('',(#138),#142);
#138 = LINE('',#139,#140);
#139 = CARTESIAN_POINT('',(3.,0.));
#140 = VECTOR('',#141,1.);
#141 = DIRECTION('',(0.,-1.));
#142 = ( GEOMETRIC_REPRESENTATION_CONTEXT(2) 
PARAMETRIC_REPRESENTATION_CONTEXT() REPRESENTATION_CONTEXT('2D SPACE',''
  ) );
#143 = PCURVE('',#144,#149);
#144 = PLANE('',#145);
#145 = AXIS2_PLACEMENT_3D('',#146,#147,#148);
#146 = CARTESIAN_POINT('',(-166.,-78.26163687019,1.5));
#147 = DIRECTION('',(0.,0.,1.));
#148 = DIRECTION('',(1.,0.,-0.));
#149 = DEFINITIONAL_REPRESENTATION('',(#150),#154);
#150 = LINE('',#151,#152);
#151 = CARTESIAN_POINT('',(0.,0.));
#152 = VECTOR('',#153,1.);
#153 = DIRECTION('',(0.,1.));
#154 = ( GEOMETRIC_REPRESENTATION_CONTEXT(2) 
PARAMETRIC_REPRESENTATION_CONTEXT() REPRESENTATION_CONTEXT('2D SPACE',''
  ) );
#155 = ADVANCED_FACE('',(#156),#62,.F.);
#156 = FACE_BOUND('',#157,.F.);
#157 = EDGE_LOOP('',(#158,#181,#182,#205));
#158 = ORIENTED_EDGE('',*,*,#159,.F.);
#159 = EDGE_CURVE('',#40,#160,#162,.T.);
#160 = VERTEX_POINT('',#161);
#161 = CARTESIAN_POINT('',(166.,-78.26163687019,-1.5));
#162 = SURFACE_CURVE('',#163,(#167,#174),.PCURVE_S1.);
#163 = LINE('',#164,#165);
#164 = CARTESIAN_POINT('',(-166.,-78.26163687019,-1.5));
#165 = VECTOR('',#166,1.);
#166 = DIRECTION('',(1.,0.,-0.));
#167 = PCURVE('',#62,#168);
#168 = DEFINITIONAL_REPRESENTATION('',(#169),#173);
#169 = LINE('',#170,#171);
#170 = CARTESIAN_POINT('',(0.,0.));
#171 = VECTOR('',#172,1.);
#172 = DIRECTION('',(0.,1.));
#173 = ( GEOMETRIC_REPRESENTATION_CONTEXT(2) 
PARAMETRIC_REPRESENTATION_CONTEXT() REPRESENTATION_CONTEXT('2D SPACE',''
  ) );
#174 = PCURVE('',#90,#175);
#175 = DEFINITIONAL_REPRESENTATION('',(#176),#180);
#176 = LINE('',#177,#178);
#177 = CARTESIAN_POINT('',(0.,0.));
#178 = VECTOR('',#179,1.);
#179 = DIRECTION('',(1.,0.));
#180 = ( GEOMETRIC_REPRESENTATION_CONTEXT(2) 
PARAMETRIC_REPRESENTATION_CONTEXT() REPRESENTATION_CONTEXT('2D SPACE',''
  ) );
#181 = ORIENTED_EDGE('',*,*,#39,.T.);
#182 = ORIENTED_EDGE('',*,*,#183,.T.);
#183 = EDGE_CURVE('',#42,#184,#186,.T.);
#184 = VERTEX_POINT('',#185);
#185 = CARTESIAN_POINT('',(166.,-78.26163687019,1.5));
#186 = SURFACE_CURVE('',#187,(#191,#198),.PCURVE_S1.);
#187 = LINE('',#188,#189);
#188 = CARTESIAN_POINT('',(-166.,-78.26163687019,1.5));
#189 = VECTOR('',#190,1.);
#190 = DIRECTION('',(1.,0.,-0.));
#191 = PCURVE('',#62,#192);
#192 = DEFINITIONAL_REPRESENTATION('',(#193),#197);
#193 = LINE('',#194,#195);
#194 = CARTESIAN_POINT('',(3.,0.));
#195 = VECTOR('',#196,1.);
#196 = DIRECTION('',(0.,1.));
#197 = ( GEOMETRIC_REPRESENTATION_CONTEXT(2) 
PARAMETRIC_REPRESENTATION_CONTEXT() REPRESENTATION_CONTEXT('2D SPACE',''
  ) );
#198 = PCURVE('',#144,#199);
#199 = DEFINITIONAL_REPRESENTATION('',(#200),#204);
#200 = LINE('',#201,#202);
#201 = CARTESIAN_POINT('',(0.,0.));
#202 = VECTOR('',#203,1.);
#203 = DIRECTION('',(1.,0.));
#204 = ( GEOMETRIC_REPRESENTATION_CONTEXT(2) 
PARAMETRIC_REPRESENTATION_CONTEXT() REPRESENTATION_CONTEXT('2D SPACE',''
  ) );
#205 = ORIENTED_EDGE('',*,*,#206,.F.);
#206 = EDGE_CURVE('',#160,#184,#207,.T.);
#207 = SURFACE_CURVE('',#208,(#212,#219),.PCURVE_S1.);
#208 = LINE('',#209,#210);
#209 = CARTESIAN_POINT('',(166.,-78.26163687019,-1.5));
#210 = VECTOR('',#211,1.);
#211 = DIRECTION('',(0.,0.,1.));
#212 = PCURVE('',#62,#213);
#213 = DEFINITIONAL_REPRESENTATION('',(#214),#218);
#214 = LINE('',#215,#216);
#215 = CARTESIAN_POINT('',(0.,332.));
#216 = VECTOR('',#217,1.);
#217 = DIRECTION('',(1.,0.));
#218 = ( GEOMETRIC_REPRESENTATION_CONTEXT(2) 
PARAMETRIC_REPRESENTATION_CONTEXT() REPRESENTATION_CONTEXT('2D SPACE',''
  ) );
#219 = PCURVE('',#220,#225);
#220 = PLANE('',#221);
#221 = AXIS2_PLACEMENT_3D('',#222,#223,#224);
#222 = CARTESIAN_POINT('',(166.,-78.26163687019,-1.5));
#223 = DIRECTION('',(1.,0.,-0.));
#224 = DIRECTION('',(0.,0.,1.));
#225 = DEFINITIONAL_REPRESENTATION('',(#226),#230);
#226 = LINE('',#227,#228);
#227 = CARTESIAN_POINT('',(0.,0.));
#228 = VECTOR('',#229,1.);
#229 = DIRECTION('',(1.,0.));
#230 = ( GEOMETRIC_REPRESENTATION_CONTEXT(2) 
PARAMETRIC_REPRESENTATION_CONTEXT() REPRESENTATION_CONTEXT('2D SPACE',''
  ) );
#231 = ADVANCED_FACE('',(#232,#280,#311,#342,#373,#404,#435,#466,#497,
    #528,#559,#590,#621,#652,#683,#714),#144,.T.);
#232 = FACE_BOUND('',#233,.T.);
#233 = EDGE_LOOP('',(#234,#235,#236,#259));
#234 = ORIENTED_EDGE('',*,*,#130,.F.);
#235 = ORIENTED_EDGE('',*,*,#183,.T.);
#236 = ORIENTED_EDGE('',*,*,#237,.T.);
#237 = EDGE_CURVE('',#184,#238,#240,.T.);
#238 = VERTEX_POINT('',#239);
#239 = CARTESIAN_POINT('',(166.,78.261636870193,1.5));
#240 = SURFACE_CURVE('',#241,(#245,#252),.PCURVE_S1.);
#241 = LINE('',#242,#243);
#242 = CARTESIAN_POINT('',(166.,-78.26163687019,1.5));
#243 = VECTOR('',#244,1.);
#244 = DIRECTION('',(-0.,1.,0.));
#245 = PCURVE('',#144,#246);
#246 = DEFINITIONAL_REPRESENTATION('',(#247),#251);
#247 = LINE('',#248,#249);
#248 = CARTESIAN_POINT('',(332.,0.));
#249 = VECTOR('',#250,1.);
#250 = DIRECTION('',(0.,1.));
#251 = ( GEOMETRIC_REPRESENTATION_CONTEXT(2) 
PARAMETRIC_REPRESENTATION_CONTEXT() REPRESENTATION_CONTEXT('2D SPACE',''
  ) );
#252 = PCURVE('',#220,#253);
#253 = DEFINITIONAL_REPRESENTATION('',(#254),#258);
#254 = LINE('',#255,#256);
#255 = CARTESIAN_POINT('',(3.,0.));
#256 = VECTOR('',#257,1.);
#257 = DIRECTION('',(0.,-1.));
#258 = ( GEOMETRIC_REPRESENTATION_CONTEXT(2) 
PARAMETRIC_REPRESENTATION_CONTEXT() REPRESENTATION_CONTEXT('2D SPACE',''
  ) );
#259 = ORIENTED_EDGE('',*,*,#260,.F.);
#260 = EDGE_CURVE('',#103,#238,#261,.T.);
#261 = SURFACE_CURVE('',#262,(#266,#273),.PCURVE_S1.);
#262 = LINE('',#263,#264);
#263 = CARTESIAN_POINT('',(-166.,78.261636870193,1.5));
#264 = VECTOR('',#265,1.);
#265 = DIRECTION('',(1.,0.,-0.));
#266 = PCURVE('',#144,#267);
#267 = DEFINITIONAL_REPRESENTATION('',(#268),#272);
#268 = LINE('',#269,#270);
#269 = CARTESIAN_POINT('',(0.,156.52327374038));
#270 = VECTOR('',#271,1.);
#271 = DIRECTION('',(1.,0.));
#272 = ( GEOMETRIC_REPRESENTATION_CONTEXT(2) 
PARAMETRIC_REPRESENTATION_CONTEXT() REPRESENTATION_CONTEXT('2D SPACE',''
  ) );
#273 = PCURVE('',#118,#274);
#274 = DEFINITIONAL_REPRESENTATION('',(#275),#279);
#275 = LINE('',#276,#277);
#276 = CARTESIAN_POINT('',(3.,0.));
#277 = VECTOR('',#278,1.);
#278 = DIRECTION('',(0.,1.));
#279 = ( GEOMETRIC_REPRESENTATION_CONTEXT(2) 
PARAMETRIC_REPRESENTATION_CONTEXT() REPRESENTATION_CONTEXT('2D SPACE',''
  ) );
#280 = FACE_BOUND('',#281,.T.);
#281 = EDGE_LOOP('',(#282));
#282 = ORIENTED_EDGE('',*,*,#283,.F.);
#283 = EDGE_CURVE('',#284,#284,#286,.T.);
#284 = VERTEX_POINT('',#285);
#285 = CARTESIAN_POINT('',(-155.3,-63.26163687019,1.5));
#286 = SURFACE_CURVE('',#287,(#292,#299),.PCURVE_S1.);
#287 = CIRCLE('',#288,1.7);
#288 = AXIS2_PLACEMENT_3D('',#289,#290,#291);
#289 = CARTESIAN_POINT('',(-157.,-63.26163687019,1.5));
#290 = DIRECTION('',(0.,0.,1.));
#291 = DIRECTION('',(1.,0.,-0.));
#292 = PCURVE('',#144,#293);
#293 = DEFINITIONAL_REPRESENTATION('',(#294),#298);
#294 = CIRCLE('',#295,1.7);
#295 = AXIS2_PLACEMENT_2D('',#296,#297);
#296 = CARTESIAN_POINT('',(9.,15.));
#297 = DIRECTION('',(1.,0.));
#298 = ( GEOMETRIC_REPRESENTATION_CONTEXT(2) 
PARAMETRIC_REPRESENTATION_CONTEXT() REPRESENTATION_CONTEXT('2D SPACE',''
  ) );
#299 = PCURVE('',#300,#305);
#300 = CYLINDRICAL_SURFACE('',#301,1.7);
#301 = AXIS2_PLACEMENT_3D('',#302,#303,#304);
#302 = CARTESIAN_POINT('',(-157.,-63.26163687019,-2.5));
#303 = DIRECTION('',(0.,0.,1.));
#304 = DIRECTION('',(1.,0.,-0.));
#305 = DEFINITIONAL_REPRESENTATION('',(#306),#310);
#306 = LINE('',#307,#308);
#307 = CARTESIAN_POINT('',(0.,4.));
#308 = VECTOR('',#309,1.);
#309 = DIRECTION('',(1.,0.));
#310 = ( GEOMETRIC_REPRESENTATION_CONTEXT(2) 
PARAMETRIC_REPRESENTATION_CONTEXT() REPRESENTATION_CONTEXT('2D SPACE',''
  ) );
#311 = FACE_BOUND('',#312,.T.);
#312 = EDGE_LOOP('',(#313));
#313 = ORIENTED_EDGE('',*,*,#314,.F.);
#314 = EDGE_CURVE('',#315,#315,#317,.T.);
#315 = VERTEX_POINT('',#316);
#316 = CARTESIAN_POINT('',(-88.,-37.7383631298,1.5));
#317 = SURFACE_CURVE('',#318,(#323,#330),.PCURVE_S1.);
#318 = CIRCLE('',#319,12.);
#319 = AXIS2_PLACEMENT_3D('',#320,#321,#322);
#320 = CARTESIAN_POINT('',(-100.,-37.7383631298,1.5));
#321 = DIRECTION('',(0.,0.,1.));
#322 = DIRECTION('',(1.,0.,-0.));
#323 = PCURVE('',#144,#324);
#324 = DEFINITIONAL_REPRESENTATION('',(#325),#329);
#325 = CIRCLE('',#326,12.);
#326 = AXIS2_PLACEMENT_2D('',#327,#328);
#327 = CARTESIAN_POINT('',(66.,40.523273740386));
#328 = DIRECTION('',(1.,0.));
#329 = ( GEOMETRIC_REPRESENTATION_CONTEXT(2) 
PARAMETRIC_REPRESENTATION_CONTEXT() REPRESENTATION_CONTEXT('2D SPACE',''
  ) );
#330 = PCURVE('',#331,#336);
#331 = CYLINDRICAL_SURFACE('',#332,12.);
#332 = AXIS2_PLACEMENT_3D('',#333,#334,#335);
#333 = CARTESIAN_POINT('',(-100.,-37.7383631298,-2.5));
#334 = DIRECTION('',(0.,0.,1.));
#335 = DIRECTION('',(1.,0.,-0.));
#336 = DEFINITIONAL_REPRESENTATION('',(#337),#341);
#337 = LINE('',#338,#339);
#338 = CARTESIAN_POINT('',(0.,4.));
#339 = VECTOR('',#340,1.);
#340 = DIRECTION('',(1.,0.));
#341 = ( GEOMETRIC_REPRESENTATION_CONTEXT(2) 
PARAMETRIC_REPRESENTATION_CONTEXT() REPRESENTATION_CONTEXT('2D SPACE',''
  ) );
#342 = FACE_BOUND('',#343,.T.);
#343 = EDGE_LOOP('',(#344));
#344 = ORIENTED_EDGE('',*,*,#345,.F.);
#345 = EDGE_CURVE('',#346,#346,#348,.T.);
#346 = VERTEX_POINT('',#347);
#347 = CARTESIAN_POINT('',(-97.25,-12.7383631298,1.5));
#348 = SURFACE_CURVE('',#349,(#354,#361),.PCURVE_S1.);
#349 = CIRCLE('',#350,2.75);
#350 = AXIS2_PLACEMENT_3D('',#351,#352,#353);
#351 = CARTESIAN_POINT('',(-100.,-12.7383631298,1.5));
#352 = DIRECTION('',(0.,0.,1.));
#353 = DIRECTION('',(1.,0.,-0.));
#354 = PCURVE('',#144,#355);
#355 = DEFINITIONAL_REPRESENTATION('',(#356),#360);
#356 = CIRCLE('',#357,2.75);
#357 = AXIS2_PLACEMENT_2D('',#358,#359);
#358 = CARTESIAN_POINT('',(66.,65.523273740386));
#359 = DIRECTION('',(1.,0.));
#360 = ( GEOMETRIC_REPRESENTATION_CONTEXT(2) 
PARAMETRIC_REPRESENTATION_CONTEXT() REPRESENTATION_CONTEXT('2D SPACE',''
  ) );
#361 = PCURVE('',#362,#367);
#362 = CYLINDRICAL_SURFACE('',#363,2.75);
#363 = AXIS2_PLACEMENT_3D('',#364,#365,#366);
#364 = CARTESIAN_POINT('',(-100.,-12.7383631298,-2.5));
#365 = DIRECTION('',(0.,0.,1.));
#366 = DIRECTION('',(1.,0.,-0.));
#367 = DEFINITIONAL_REPRESENTATION('',(#368),#372);
#368 = LINE('',#369,#370);
#369 = CARTESIAN_POINT('',(0.,4.));
#370 = VECTOR('',#371,1.);
#371 = DIRECTION('',(1.,0.));
#372 = ( GEOMETRIC_REPRESENTATION_CONTEXT(2) 
PARAMETRIC_REPRESENTATION_CONTEXT() REPRESENTATION_CONTEXT('2D SPACE',''
  ) );
#373 = FACE_BOUND('',#374,.T.);
#374 = EDGE_LOOP('',(#375));
#375 = ORIENTED_EDGE('',*,*,#376,.F.);
#376 = EDGE_CURVE('',#377,#377,#379,.T.);
#377 = VERTEX_POINT('',#378);
#378 = CARTESIAN_POINT('',(-13.25,-12.7383631298,1.5));
#379 = SURFACE_CURVE('',#380,(#385,#392),.PCURVE_S1.);
#380 = CIRCLE('',#381,2.75);
#381 = AXIS2_PLACEMENT_3D('',#382,#383,#384);
#382 = CARTESIAN_POINT('',(-16.,-12.7383631298,1.5));
#383 = DIRECTION('',(0.,0.,1.));
#384 = DIRECTION('',(1.,0.,-0.));
#385 = PCURVE('',#144,#386);
#386 = DEFINITIONAL_REPRESENTATION('',(#387),#391);
#387 = CIRCLE('',#388,2.75);
#388 = AXIS2_PLACEMENT_2D('',#389,#390);
#389 = CARTESIAN_POINT('',(150.,65.523273740386));
#390 = DIRECTION('',(1.,0.));
#391 = ( GEOMETRIC_REPRESENTATION_CONTEXT(2) 
PARAMETRIC_REPRESENTATION_CONTEXT() REPRESENTATION_CONTEXT('2D SPACE',''
  ) );
#392 = PCURVE('',#393,#398);
#393 = CYLINDRICAL_SURFACE('',#394,2.75);
#394 = AXIS2_PLACEMENT_3D('',#395,#396,#397);
#395 = CARTESIAN_POINT('',(-16.,-12.7383631298,-2.5));
#396 = DIRECTION('',(0.,0.,1.));
#397 = DIRECTION('',(1.,0.,-0.));
#398 = DEFINITIONAL_REPRESENTATION('',(#399),#403);
#399 = LINE('',#400,#401);
#400 = CARTESIAN_POINT('',(0.,4.));
#401 = VECTOR('',#402,1.);
#402 = DIRECTION('',(1.,0.));
#403 = ( GEOMETRIC_REPRESENTATION_CONTEXT(2) 
PARAMETRIC_REPRESENTATION_CONTEXT() REPRESENTATION_CONTEXT('2D SPACE',''
  ) );
#404 = FACE_BOUND('',#405,.T.);
#405 = EDGE_LOOP('',(#406));
#406 = ORIENTED_EDGE('',*,*,#407,.F.);
#407 = EDGE_CURVE('',#408,#408,#410,.T.);
#408 = VERTEX_POINT('',#409);
#409 = CARTESIAN_POINT('',(158.7,-63.26163687019,1.5));
#410 = SURFACE_CURVE('',#411,(#416,#423),.PCURVE_S1.);
#411 = CIRCLE('',#412,1.7);
#412 = AXIS2_PLACEMENT_3D('',#413,#414,#415);
#413 = CARTESIAN_POINT('',(157.,-63.26163687019,1.5));
#414 = DIRECTION('',(0.,0.,1.));
#415 = DIRECTION('',(1.,0.,-0.));
#416 = PCURVE('',#144,#417);
#417 = DEFINITIONAL_REPRESENTATION('',(#418),#422);
#418 = CIRCLE('',#419,1.7);
#419 = AXIS2_PLACEMENT_2D('',#420,#421);
#420 = CARTESIAN_POINT('',(323.,15.));
#421 = DIRECTION('',(1.,0.));
#422 = ( GEOMETRIC_REPRESENTATION_CONTEXT(2) 
PARAMETRIC_REPRESENTATION_CONTEXT() REPRESENTATION_CONTEXT('2D SPACE',''
  ) );
#423 = PCURVE('',#424,#429);
#424 = CYLINDRICAL_SURFACE('',#425,1.7);
#425 = AXIS2_PLACEMENT_3D('',#426,#427,#428);
#426 = CARTESIAN_POINT('',(157.,-63.26163687019,-2.5));
#427 = DIRECTION('',(0.,0.,1.));
#428 = DIRECTION('',(1.,0.,-0.));
#429 = DEFINITIONAL_REPRESENTATION('',(#430),#434);
#430 = LINE('',#431,#432);
#431 = CARTESIAN_POINT('',(0.,4.));
#432 = VECTOR('',#433,1.);
#433 = DIRECTION('',(1.,0.));
#434 = ( GEOMETRIC_REPRESENTATION_CONTEXT(2) 
PARAMETRIC_REPRESENTATION_CONTEXT() REPRESENTATION_CONTEXT('2D SPACE',''
  ) );
#435 = FACE_BOUND('',#436,.T.);
#436 = EDGE_LOOP('',(#437));
#437 = ORIENTED_EDGE('',*,*,#438,.F.);
#438 = EDGE_CURVE('',#439,#439,#441,.T.);
#439 = VERTEX_POINT('',#440);
#440 = CARTESIAN_POINT('',(112.,-37.7383631298,1.5));
#441 = SURFACE_CURVE('',#442,(#447,#454),.PCURVE_S1.);
#442 = CIRCLE('',#443,12.);
#443 = AXIS2_PLACEMENT_3D('',#444,#445,#446);
#444 = CARTESIAN_POINT('',(100.,-37.7383631298,1.5));
#445 = DIRECTION('',(0.,0.,1.));
#446 = DIRECTION('',(1.,0.,-0.));
#447 = PCURVE('',#144,#448);
#448 = DEFINITIONAL_REPRESENTATION('',(#449),#453);
#449 = CIRCLE('',#450,12.);
#450 = AXIS2_PLACEMENT_2D('',#451,#452);
#451 = CARTESIAN_POINT('',(266.,40.523273740386));
#452 = DIRECTION('',(1.,0.));
#453 = ( GEOMETRIC_REPRESENTATION_CONTEXT(2) 
PARAMETRIC_REPRESENTATION_CONTEXT() REPRESENTATION_CONTEXT('2D SPACE',''
  ) );
#454 = PCURVE('',#455,#460);
#455 = CYLINDRICAL_SURFACE('',#456,12.);
#456 = AXIS2_PLACEMENT_3D('',#457,#458,#459);
#457 = CARTESIAN_POINT('',(100.,-37.7383631298,-2.5));
#458 = DIRECTION('',(0.,0.,1.));
#459 = DIRECTION('',(1.,0.,-0.));
#460 = DEFINITIONAL_REPRESENTATION('',(#461),#465);
#461 = LINE('',#462,#463);
#462 = CARTESIAN_POINT('',(0.,4.));
#463 = VECTOR('',#464,1.);
#464 = DIRECTION('',(1.,0.));
#465 = ( GEOMETRIC_REPRESENTATION_CONTEXT(2) 
PARAMETRIC_REPRESENTATION_CONTEXT() REPRESENTATION_CONTEXT('2D SPACE',''
  ) );
#466 = FACE_BOUND('',#467,.T.);
#467 = EDGE_LOOP('',(#468));
#468 = ORIENTED_EDGE('',*,*,#469,.F.);
#469 = EDGE_CURVE('',#470,#470,#472,.T.);
#470 = VERTEX_POINT('',#471);
#471 = CARTESIAN_POINT('',(-155.3,-4.163799117101E-16,1.5));
#472 = SURFACE_CURVE('',#473,(#478,#485),.PCURVE_S1.);
#473 = CIRCLE('',#474,1.7);
#474 = AXIS2_PLACEMENT_3D('',#475,#476,#477);
#475 = CARTESIAN_POINT('',(-157.,0.,1.5));
#476 = DIRECTION('',(0.,0.,1.));
#477 = DIRECTION('',(1.,0.,-0.));
#478 = PCURVE('',#144,#479);
#479 = DEFINITIONAL_REPRESENTATION('',(#480),#484);
#480 = CIRCLE('',#481,1.7);
#481 = AXIS2_PLACEMENT_2D('',#482,#483);
#482 = CARTESIAN_POINT('',(9.,78.261636870193));
#483 = DIRECTION('',(1.,0.));
#484 = ( GEOMETRIC_REPRESENTATION_CONTEXT(2) 
PARAMETRIC_REPRESENTATION_CONTEXT() REPRESENTATION_CONTEXT('2D SPACE',''
  ) );
#485 = PCURVE('',#486,#491);
#486 = CYLINDRICAL_SURFACE('',#487,1.7);
#487 = AXIS2_PLACEMENT_3D('',#488,#489,#490);
#488 = CARTESIAN_POINT('',(-157.,0.,-2.5));
#489 = DIRECTION('',(0.,0.,1.));
#490 = DIRECTION('',(1.,0.,-0.));
#491 = DEFINITIONAL_REPRESENTATION('',(#492),#496);
#492 = LINE('',#493,#494);
#493 = CARTESIAN_POINT('',(0.,4.));
#494 = VECTOR('',#495,1.);
#495 = DIRECTION('',(1.,0.));
#496 = ( GEOMETRIC_REPRESENTATION_CONTEXT(2) 
PARAMETRIC_REPRESENTATION_CONTEXT() REPRESENTATION_CONTEXT('2D SPACE',''
  ) );
#497 = FACE_BOUND('',#498,.T.);
#498 = EDGE_LOOP('',(#499));
#499 = ORIENTED_EDGE('',*,*,#500,.F.);
#500 = EDGE_CURVE('',#501,#501,#503,.T.);
#501 = VERTEX_POINT('',#502);
#502 = CARTESIAN_POINT('',(-97.25,27.261636870193,1.5));
#503 = SURFACE_CURVE('',#504,(#509,#516),.PCURVE_S1.);
#504 = CIRCLE('',#505,2.75);
#505 = AXIS2_PLACEMENT_3D('',#506,#507,#508);
#506 = CARTESIAN_POINT('',(-100.,27.261636870193,1.5));
#507 = DIRECTION('',(0.,0.,1.));
#508 = DIRECTION('',(1.,0.,-0.));
#509 = PCURVE('',#144,#510);
#510 = DEFINITIONAL_REPRESENTATION('',(#511),#515);
#511 = CIRCLE('',#512,2.75);
#512 = AXIS2_PLACEMENT_2D('',#513,#514);
#513 = CARTESIAN_POINT('',(66.,105.52327374038));
#514 = DIRECTION('',(1.,0.));
#515 = ( GEOMETRIC_REPRESENTATION_CONTEXT(2) 
PARAMETRIC_REPRESENTATION_CONTEXT() REPRESENTATION_CONTEXT('2D SPACE',''
  ) );
#516 = PCURVE('',#517,#522);
#517 = CYLINDRICAL_SURFACE('',#518,2.75);
#518 = AXIS2_PLACEMENT_3D('',#519,#520,#521);
#519 = CARTESIAN_POINT('',(-100.,27.261636870193,-2.5));
#520 = DIRECTION('',(0.,0.,1.));
#521 = DIRECTION('',(1.,0.,-0.));
#522 = DEFINITIONAL_REPRESENTATION('',(#523),#527);
#523 = LINE('',#524,#525);
#524 = CARTESIAN_POINT('',(0.,4.));
#525 = VECTOR('',#526,1.);
#526 = DIRECTION('',(1.,0.));
#527 = ( GEOMETRIC_REPRESENTATION_CONTEXT(2) 
PARAMETRIC_REPRESENTATION_CONTEXT() REPRESENTATION_CONTEXT('2D SPACE',''
  ) );
#528 = FACE_BOUND('',#529,.T.);
#529 = EDGE_LOOP('',(#530));
#530 = ORIENTED_EDGE('',*,*,#531,.F.);
#531 = EDGE_CURVE('',#532,#532,#534,.T.);
#532 = VERTEX_POINT('',#533);
#533 = CARTESIAN_POINT('',(-46.,7.261636870193,1.5));
#534 = SURFACE_CURVE('',#535,(#540,#547),.PCURVE_S1.);
#535 = CIRCLE('',#536,12.);
#536 = AXIS2_PLACEMENT_3D('',#537,#538,#539);
#537 = CARTESIAN_POINT('',(-58.,7.261636870193,1.5));
#538 = DIRECTION('',(0.,0.,1.));
#539 = DIRECTION('',(1.,0.,-0.));
#540 = PCURVE('',#144,#541);
#541 = DEFINITIONAL_REPRESENTATION('',(#542),#546);
#542 = CIRCLE('',#543,12.);
#543 = AXIS2_PLACEMENT_2D('',#544,#545);
#544 = CARTESIAN_POINT('',(108.,85.523273740386));
#545 = DIRECTION('',(1.,0.));
#546 = ( GEOMETRIC_REPRESENTATION_CONTEXT(2) 
PARAMETRIC_REPRESENTATION_CONTEXT() REPRESENTATION_CONTEXT('2D SPACE',''
  ) );
#547 = PCURVE('',#548,#553);
#548 = CYLINDRICAL_SURFACE('',#549,12.);
#549 = AXIS2_PLACEMENT_3D('',#550,#551,#552);
#550 = CARTESIAN_POINT('',(-58.,7.261636870193,-2.5));
#551 = DIRECTION('',(0.,0.,1.));
#552 = DIRECTION('',(1.,0.,-0.));
#553 = DEFINITIONAL_REPRESENTATION('',(#554),#558);
#554 = LINE('',#555,#556);
#555 = CARTESIAN_POINT('',(0.,4.));
#556 = VECTOR('',#557,1.);
#557 = DIRECTION('',(1.,0.));
#558 = ( GEOMETRIC_REPRESENTATION_CONTEXT(2) 
PARAMETRIC_REPRESENTATION_CONTEXT() REPRESENTATION_CONTEXT('2D SPACE',''
  ) );
#559 = FACE_BOUND('',#560,.T.);
#560 = EDGE_LOOP('',(#561));
#561 = ORIENTED_EDGE('',*,*,#562,.F.);
#562 = EDGE_CURVE('',#563,#563,#565,.T.);
#563 = VERTEX_POINT('',#564);
#564 = CARTESIAN_POINT('',(-13.25,27.261636870193,1.5));
#565 = SURFACE_CURVE('',#566,(#571,#578),.PCURVE_S1.);
#566 = CIRCLE('',#567,2.75);
#567 = AXIS2_PLACEMENT_3D('',#568,#569,#570);
#568 = CARTESIAN_POINT('',(-16.,27.261636870193,1.5));
#569 = DIRECTION('',(0.,0.,1.));
#570 = DIRECTION('',(1.,0.,-0.));
#571 = PCURVE('',#144,#572);
#572 = DEFINITIONAL_REPRESENTATION('',(#573),#577);
#573 = CIRCLE('',#574,2.75);
#574 = AXIS2_PLACEMENT_2D('',#575,#576);
#575 = CARTESIAN_POINT('',(150.,105.52327374038));
#576 = DIRECTION('',(1.,0.));
#577 = ( GEOMETRIC_REPRESENTATION_CONTEXT(2) 
PARAMETRIC_REPRESENTATION_CONTEXT() REPRESENTATION_CONTEXT('2D SPACE',''
  ) );
#578 = PCURVE('',#579,#584);
#579 = CYLINDRICAL_SURFACE('',#580,2.75);
#580 = AXIS2_PLACEMENT_3D('',#581,#582,#583);
#581 = CARTESIAN_POINT('',(-16.,27.261636870193,-2.5));
#582 = DIRECTION('',(0.,0.,1.));
#583 = DIRECTION('',(1.,0.,-0.));
#584 = DEFINITIONAL_REPRESENTATION('',(#585),#589);
#585 = LINE('',#586,#587);
#586 = CARTESIAN_POINT('',(0.,4.));
#587 = VECTOR('',#588,1.);
#588 = DIRECTION('',(1.,0.));
#589 = ( GEOMETRIC_REPRESENTATION_CONTEXT(2) 
PARAMETRIC_REPRESENTATION_CONTEXT() REPRESENTATION_CONTEXT('2D SPACE',''
  ) );
#590 = FACE_BOUND('',#591,.T.);
#591 = EDGE_LOOP('',(#592));
#592 = ORIENTED_EDGE('',*,*,#593,.F.);
#593 = EDGE_CURVE('',#594,#594,#596,.T.);
#594 = VERTEX_POINT('',#595);
#595 = CARTESIAN_POINT('',(-155.3,63.261636870193,1.5));
#596 = SURFACE_CURVE('',#597,(#602,#609),.PCURVE_S1.);
#597 = CIRCLE('',#598,1.7);
#598 = AXIS2_PLACEMENT_3D('',#599,#600,#601);
#599 = CARTESIAN_POINT('',(-157.,63.261636870193,1.5));
#600 = DIRECTION('',(0.,0.,1.));
#601 = DIRECTION('',(1.,0.,-0.));
#602 = PCURVE('',#144,#603);
#603 = DEFINITIONAL_REPRESENTATION('',(#604),#608);
#604 = CIRCLE('',#605,1.7);
#605 = AXIS2_PLACEMENT_2D('',#606,#607);
#606 = CARTESIAN_POINT('',(9.,141.52327374038));
#607 = DIRECTION('',(1.,0.));
#608 = ( GEOMETRIC_REPRESENTATION_CONTEXT(2) 
PARAMETRIC_REPRESENTATION_CONTEXT() REPRESENTATION_CONTEXT('2D SPACE',''
  ) );
#609 = PCURVE('',#610,#615);
#610 = CYLINDRICAL_SURFACE('',#611,1.7);
#611 = AXIS2_PLACEMENT_3D('',#612,#613,#614);
#612 = CARTESIAN_POINT('',(-157.,63.261636870193,-2.5));
#613 = DIRECTION('',(0.,0.,1.));
#614 = DIRECTION('',(1.,0.,-0.));
#615 = DEFINITIONAL_REPRESENTATION('',(#616),#620);
#616 = LINE('',#617,#618);
#617 = CARTESIAN_POINT('',(0.,4.));
#618 = VECTOR('',#619,1.);
#619 = DIRECTION('',(1.,0.));
#620 = ( GEOMETRIC_REPRESENTATION_CONTEXT(2) 
PARAMETRIC_REPRESENTATION_CONTEXT() REPRESENTATION_CONTEXT('2D SPACE',''
  ) );
#621 = FACE_BOUND('',#622,.T.);
#622 = EDGE_LOOP('',(#623));
#623 = ORIENTED_EDGE('',*,*,#624,.F.);
#624 = EDGE_CURVE('',#625,#625,#627,.T.);
#625 = VERTEX_POINT('',#626);
#626 = CARTESIAN_POINT('',(37.,10.261636870193,1.5));
#627 = SURFACE_CURVE('',#628,(#633,#640),.PCURVE_S1.);
#628 = CIRCLE('',#629,15.);
#629 = AXIS2_PLACEMENT_3D('',#630,#631,#632);
#630 = CARTESIAN_POINT('',(22.,10.261636870193,1.5));
#631 = DIRECTION('',(0.,0.,1.));
#632 = DIRECTION('',(1.,0.,-0.));
#633 = PCURVE('',#144,#634);
#634 = DEFINITIONAL_REPRESENTATION('',(#635),#639);
#635 = CIRCLE('',#636,15.);
#636 = AXIS2_PLACEMENT_2D('',#637,#638);
#637 = CARTESIAN_POINT('',(188.,88.523273740386));
#638 = DIRECTION('',(1.,0.));
#639 = ( GEOMETRIC_REPRESENTATION_CONTEXT(2) 
PARAMETRIC_REPRESENTATION_CONTEXT() REPRESENTATION_CONTEXT('2D SPACE',''
  ) );
#640 = PCURVE('',#641,#646);
#641 = CYLINDRICAL_SURFACE('',#642,15.);
#642 = AXIS2_PLACEMENT_3D('',#643,#644,#645);
#643 = CARTESIAN_POINT('',(22.,10.261636870193,-2.5));
#644 = DIRECTION('',(0.,0.,1.));
#645 = DIRECTION('',(1.,0.,-0.));
#646 = DEFINITIONAL_REPRESENTATION('',(#647),#651);
#647 = LINE('',#648,#649);
#648 = CARTESIAN_POINT('',(0.,4.));
#649 = VECTOR('',#650,1.);
#650 = DIRECTION('',(1.,0.));
#651 = ( GEOMETRIC_REPRESENTATION_CONTEXT(2) 
PARAMETRIC_REPRESENTATION_CONTEXT() REPRESENTATION_CONTEXT('2D SPACE',''
  ) );
#652 = FACE_BOUND('',#653,.T.);
#653 = EDGE_LOOP('',(#654));
#654 = ORIENTED_EDGE('',*,*,#655,.F.);
#655 = EDGE_CURVE('',#656,#656,#658,.T.);
#656 = VERTEX_POINT('',#657);
#657 = CARTESIAN_POINT('',(81.,10.261636870193,1.5));
#658 = SURFACE_CURVE('',#659,(#664,#671),.PCURVE_S1.);
#659 = CIRCLE('',#660,15.);
#660 = AXIS2_PLACEMENT_3D('',#661,#662,#663);
#661 = CARTESIAN_POINT('',(66.,10.261636870193,1.5));
#662 = DIRECTION('',(0.,0.,1.));
#663 = DIRECTION('',(1.,0.,-0.));
#664 = PCURVE('',#144,#665);
#665 = DEFINITIONAL_REPRESENTATION('',(#666),#670);
#666 = CIRCLE('',#667,15.);
#667 = AXIS2_PLACEMENT_2D('',#668,#669);
#668 = CARTESIAN_POINT('',(232.,88.523273740386));
#669 = DIRECTION('',(1.,0.));
#670 = ( GEOMETRIC_REPRESENTATION_CONTEXT(2) 
PARAMETRIC_REPRESENTATION_CONTEXT() REPRESENTATION_CONTEXT('2D SPACE',''
  ) );
#671 = PCURVE('',#672,#677);
#672 = CYLINDRICAL_SURFACE('',#673,15.);
#673 = AXIS2_PLACEMENT_3D('',#674,#675,#676);
#674 = CARTESIAN_POINT('',(66.,10.261636870193,-2.5));
#675 = DIRECTION('',(0.,0.,1.));
#676 = DIRECTION('',(1.,0.,-0.));
#677 = DEFINITIONAL_REPRESENTATION('',(#678),#682);
#678 = LINE('',#679,#680);
#679 = CARTESIAN_POINT('',(0.,4.));
#680 = VECTOR('',#681,1.);
#681 = DIRECTION('',(1.,0.));
#682 = ( GEOMETRIC_REPRESENTATION_CONTEXT(2) 
PARAMETRIC_REPRESENTATION_CONTEXT() REPRESENTATION_CONTEXT('2D SPACE',''
  ) );
#683 = FACE_BOUND('',#684,.T.);
#684 = EDGE_LOOP('',(#685));
#685 = ORIENTED_EDGE('',*,*,#686,.F.);
#686 = EDGE_CURVE('',#687,#687,#689,.T.);
#687 = VERTEX_POINT('',#688);
#688 = CARTESIAN_POINT('',(158.7,-4.163799117101E-16,1.5));
#689 = SURFACE_CURVE('',#690,(#695,#702),.PCURVE_S1.);
#690 = CIRCLE('',#691,1.7);
#691 = AXIS2_PLACEMENT_3D('',#692,#693,#694);
#692 = CARTESIAN_POINT('',(157.,0.,1.5));
#693 = DIRECTION('',(0.,0.,1.));
#694 = DIRECTION('',(1.,0.,-0.));
#695 = PCURVE('',#144,#696);
#696 = DEFINITIONAL_REPRESENTATION('',(#697),#701);
#697 = CIRCLE('',#698,1.7);
#698 = AXIS2_PLACEMENT_2D('',#699,#700);
#699 = CARTESIAN_POINT('',(323.,78.261636870193));
#700 = DIRECTION('',(1.,0.));
#701 = ( GEOMETRIC_REPRESENTATION_CONTEXT(2) 
PARAMETRIC_REPRESENTATION_CONTEXT() REPRESENTATION_CONTEXT('2D SPACE',''
  ) );
#702 = PCURVE('',#703,#708);
#703 = CYLINDRICAL_SURFACE('',#704,1.7);
#704 = AXIS2_PLACEMENT_3D('',#705,#706,#707);
#705 = CARTESIAN_POINT('',(157.,0.,-2.5));
#706 = DIRECTION('',(0.,0.,1.));
#707 = DIRECTION('',(1.,0.,-0.));
#708 = DEFINITIONAL_REPRESENTATION('',(#709),#713);
#709 = LINE('',#710,#711);
#710 = CARTESIAN_POINT('',(0.,4.));
#711 = VECTOR('',#712,1.);
#712 = DIRECTION('',(1.,0.));
#713 = ( GEOMETRIC_REPRESENTATION_CONTEXT(2) 
PARAMETRIC_REPRESENTATION_CONTEXT() REPRESENTATION_CONTEXT('2D SPACE',''
  ) );
#714 = FACE_BOUND('',#715,.T.);
#715 = EDGE_LOOP('',(#716));
#716 = ORIENTED_EDGE('',*,*,#717,.F.);
#717 = EDGE_CURVE('',#718,#718,#720,.T.);
#718 = VERTEX_POINT('',#719);
#719 = CARTESIAN_POINT('',(158.7,63.261636870193,1.5));
#720 = SURFACE_CURVE('',#721,(#726,#733),.PCURVE_S1.);
#721 = CIRCLE('',#722,1.7);
#722 = AXIS2_PLACEMENT_3D('',#723,#724,#725);
#723 = CARTESIAN_POINT('',(157.,63.261636870193,1.5));
#724 = DIRECTION('',(0.,0.,1.));
#725 = DIRECTION('',(1.,0.,-0.));
#726 = PCURVE('',#144,#727);
#727 = DEFINITIONAL_REPRESENTATION('',(#728),#732);
#728 = CIRCLE('',#729,1.7);
#729 = AXIS2_PLACEMENT_2D('',#730,#731);
#730 = CARTESIAN_POINT('',(323.,141.52327374038));
#731 = DIRECTION('',(1.,0.));
#732 = ( GEOMETRIC_REPRESENTATION_CONTEXT(2) 
PARAMETRIC_REPRESENTATION_CONTEXT() REPRESENTATION_CONTEXT('2D SPACE',''
  ) );
#733 = PCURVE('',#734,#739);
#734 = CYLINDRICAL_SURFACE('',#735,1.7);
#735 = AXIS2_PLACEMENT_3D('',#736,#737,#738);
#736 = CARTESIAN_POINT('',(157.,63.261636870193,-2.5));
#737 = DIRECTION('',(0.,0.,1.));
#738 = DIRECTION('',(1.,0.,-0.));
#739 = DEFINITIONAL_REPRESENTATION('',(#740),#744);
#740 = LINE('',#741,#742);
#741 = CARTESIAN_POINT('',(0.,4.));
#742 = VECTOR('',#743,1.);
#743 = DIRECTION('',(1.,0.));
#744 = ( GEOMETRIC_REPRESENTATION_CONTEXT(2) 
PARAMETRIC_REPRESENTATION_CONTEXT() REPRESENTATION_CONTEXT('2D SPACE',''
  ) );
#745 = ADVANCED_FACE('',(#746),#118,.T.);
#746 = FACE_BOUND('',#747,.T.);
#747 = EDGE_LOOP('',(#748,#771,#772,#773));
#748 = ORIENTED_EDGE('',*,*,#749,.F.);
#749 = EDGE_CURVE('',#75,#750,#752,.T.);
#750 = VERTEX_POINT('',#751);
#751 = CARTESIAN_POINT('',(166.,78.261636870193,-1.5));
#752 = SURFACE_CURVE('',#753,(#757,#764),.PCURVE_S1.);
#753 = LINE('',#754,#755);
#754 = CARTESIAN_POINT('',(-166.,78.261636870193,-1.5));
#755 = VECTOR('',#756,1.);
#756 = DIRECTION('',(1.,0.,-0.));
#757 = PCURVE('',#118,#758);
#758 = DEFINITIONAL_REPRESENTATION('',(#759),#763);
#759 = LINE('',#760,#761);
#760 = CARTESIAN_POINT('',(0.,0.));
#761 = VECTOR('',#762,1.);
#762 = DIRECTION('',(0.,1.));
#763 = ( GEOMETRIC_REPRESENTATION_CONTEXT(2) 
PARAMETRIC_REPRESENTATION_CONTEXT() REPRESENTATION_CONTEXT('2D SPACE',''
  ) );
#764 = PCURVE('',#90,#765);
#765 = DEFINITIONAL_REPRESENTATION('',(#766),#770);
#766 = LINE('',#767,#768);
#767 = CARTESIAN_POINT('',(0.,156.52327374038));
#768 = VECTOR('',#769,1.);
#769 = DIRECTION('',(1.,0.));
#770 = ( GEOMETRIC_REPRESENTATION_CONTEXT(2) 
PARAMETRIC_REPRESENTATION_CONTEXT() REPRESENTATION_CONTEXT('2D SPACE',''
  ) );
#771 = ORIENTED_EDGE('',*,*,#102,.T.);
#772 = ORIENTED_EDGE('',*,*,#260,.T.);
#773 = ORIENTED_EDGE('',*,*,#774,.F.);
#774 = EDGE_CURVE('',#750,#238,#775,.T.);
#775 = SURFACE_CURVE('',#776,(#780,#787),.PCURVE_S1.);
#776 = LINE('',#777,#778);
#777 = CARTESIAN_POINT('',(166.,78.261636870193,-1.5));
#778 = VECTOR('',#779,1.);
#779 = DIRECTION('',(0.,0.,1.));
#780 = PCURVE('',#118,#781);
#781 = DEFINITIONAL_REPRESENTATION('',(#782),#786);
#782 = LINE('',#783,#784);
#783 = CARTESIAN_POINT('',(0.,332.));
#784 = VECTOR('',#785,1.);
#785 = DIRECTION('',(1.,0.));
#786 = ( GEOMETRIC_REPRESENTATION_CONTEXT(2) 
PARAMETRIC_REPRESENTATION_CONTEXT() REPRESENTATION_CONTEXT('2D SPACE',''
  ) );
#787 = PCURVE('',#220,#788);
#788 = DEFINITIONAL_REPRESENTATION('',(#789),#793);
#789 = LINE('',#790,#791);
#790 = CARTESIAN_POINT('',(0.,-156.5232737403));
#791 = VECTOR('',#792,1.);
#792 = DIRECTION('',(1.,0.));
#793 = ( GEOMETRIC_REPRESENTATION_CONTEXT(2) 
PARAMETRIC_REPRESENTATION_CONTEXT() REPRESENTATION_CONTEXT('2D SPACE',''
  ) );
#794 = ADVANCED_FACE('',(#795,#821,#847,#873,#1095,#1121,#1147,#1173),
  #90,.F.);
#795 = FACE_BOUND('',#796,.F.);
#796 = EDGE_LOOP('',(#797,#798,#799,#820));
#797 = ORIENTED_EDGE('',*,*,#74,.F.);
#798 = ORIENTED_EDGE('',*,*,#159,.T.);
#799 = ORIENTED_EDGE('',*,*,#800,.T.);
#800 = EDGE_CURVE('',#160,#750,#801,.T.);
#801 = SURFACE_CURVE('',#802,(#806,#813),.PCURVE_S1.);
#802 = LINE('',#803,#804);
#803 = CARTESIAN_POINT('',(166.,-78.26163687019,-1.5));
#804 = VECTOR('',#805,1.);
#805 = DIRECTION('',(-0.,1.,0.));
#806 = PCURVE('',#90,#807);
#807 = DEFINITIONAL_REPRESENTATION('',(#808),#812);
#808 = LINE('',#809,#810);
#809 = CARTESIAN_POINT('',(332.,0.));
#810 = VECTOR('',#811,1.);
#811 = DIRECTION('',(0.,1.));
#812 = ( GEOMETRIC_REPRESENTATION_CONTEXT(2) 
PARAMETRIC_REPRESENTATION_CONTEXT() REPRESENTATION_CONTEXT('2D SPACE',''
  ) );
#813 = PCURVE('',#220,#814);
#814 = DEFINITIONAL_REPRESENTATION('',(#815),#819);
#815 = LINE('',#816,#817);
#816 = CARTESIAN_POINT('',(0.,0.));
#817 = VECTOR('',#818,1.);
#818 = DIRECTION('',(0.,-1.));
#819 = ( GEOMETRIC_REPRESENTATION_CONTEXT(2) 
PARAMETRIC_REPRESENTATION_CONTEXT() REPRESENTATION_CONTEXT('2D SPACE',''
  ) );
#820 = ORIENTED_EDGE('',*,*,#749,.F.);
#821 = FACE_BOUND('',#822,.F.);
#822 = EDGE_LOOP('',(#823));
#823 = ORIENTED_EDGE('',*,*,#824,.F.);
#824 = EDGE_CURVE('',#825,#825,#827,.T.);
#825 = VERTEX_POINT('',#826);
#826 = CARTESIAN_POINT('',(-155.3,-63.26163687019,-1.5));
#827 = SURFACE_CURVE('',#828,(#833,#840),.PCURVE_S1.);
#828 = CIRCLE('',#829,1.7);
#829 = AXIS2_PLACEMENT_3D('',#830,#831,#832);
#830 = CARTESIAN_POINT('',(-157.,-63.26163687019,-1.5));
#831 = DIRECTION('',(0.,0.,1.));
#832 = DIRECTION('',(1.,0.,-0.));
#833 = PCURVE('',#90,#834);
#834 = DEFINITIONAL_REPRESENTATION('',(#835),#839);
#835 = CIRCLE('',#836,1.7);
#836 = AXIS2_PLACEMENT_2D('',#837,#838);
#837 = CARTESIAN_POINT('',(9.,15.));
#838 = DIRECTION('',(1.,0.));
#839 = ( GEOMETRIC_REPRESENTATION_CONTEXT(2) 
PARAMETRIC_REPRESENTATION_CONTEXT() REPRESENTATION_CONTEXT('2D SPACE',''
  ) );
#840 = PCURVE('',#300,#841);
#841 = DEFINITIONAL_REPRESENTATION('',(#842),#846);
#842 = LINE('',#843,#844);
#843 = CARTESIAN_POINT('',(0.,1.));
#844 = VECTOR('',#845,1.);
#845 = DIRECTION('',(1.,0.));
#846 = ( GEOMETRIC_REPRESENTATION_CONTEXT(2) 
PARAMETRIC_REPRESENTATION_CONTEXT() REPRESENTATION_CONTEXT('2D SPACE',''
  ) );
#847 = FACE_BOUND('',#848,.F.);
#848 = EDGE_LOOP('',(#849));
#849 = ORIENTED_EDGE('',*,*,#850,.F.);
#850 = EDGE_CURVE('',#851,#851,#853,.T.);
#851 = VERTEX_POINT('',#852);
#852 = CARTESIAN_POINT('',(158.7,-63.26163687019,-1.5));
#853 = SURFACE_CURVE('',#854,(#859,#866),.PCURVE_S1.);
#854 = CIRCLE('',#855,1.7);
#855 = AXIS2_PLACEMENT_3D('',#856,#857,#858);
#856 = CARTESIAN_POINT('',(157.,-63.26163687019,-1.5));
#857 = DIRECTION('',(0.,0.,1.));
#858 = DIRECTION('',(1.,0.,-0.));
#859 = PCURVE('',#90,#860);
#860 = DEFINITIONAL_REPRESENTATION('',(#861),#865);
#861 = CIRCLE('',#862,1.7);
#862 = AXIS2_PLACEMENT_2D('',#863,#864);
#863 = CARTESIAN_POINT('',(323.,15.));
#864 = DIRECTION('',(1.,0.));
#865 = ( GEOMETRIC_REPRESENTATION_CONTEXT(2) 
PARAMETRIC_REPRESENTATION_CONTEXT() REPRESENTATION_CONTEXT('2D SPACE',''
  ) );
#866 = PCURVE('',#424,#867);
#867 = DEFINITIONAL_REPRESENTATION('',(#868),#872);
#868 = LINE('',#869,#870);
#869 = CARTESIAN_POINT('',(0.,1.));
#870 = VECTOR('',#871,1.);
#871 = DIRECTION('',(1.,0.));
#872 = ( GEOMETRIC_REPRESENTATION_CONTEXT(2) 
PARAMETRIC_REPRESENTATION_CONTEXT() REPRESENTATION_CONTEXT('2D SPACE',''
  ) );
#873 = FACE_BOUND('',#874,.F.);
#874 = EDGE_LOOP('',(#875,#906,#932,#961,#987,#1016,#1042,#1071));
#875 = ORIENTED_EDGE('',*,*,#876,.F.);
#876 = EDGE_CURVE('',#877,#879,#881,.T.);
#877 = VERTEX_POINT('',#878);
#878 = CARTESIAN_POINT('',(-120.,-56.73836312981,-1.5));
#879 = VERTEX_POINT('',#880);
#880 = CARTESIAN_POINT('',(-116.,-60.73836312981,-1.5));
#881 = SURFACE_CURVE('',#882,(#887,#894),.PCURVE_S1.);
#882 = CIRCLE('',#883,4.);
#883 = AXIS2_PLACEMENT_3D('',#884,#885,#886);
#884 = CARTESIAN_POINT('',(-116.,-56.73836312981,-1.5));
#885 = DIRECTION('',(0.,-0.,1.));
#886 = DIRECTION('',(-1.,0.,0.));
#887 = PCURVE('',#90,#888);
#888 = DEFINITIONAL_REPRESENTATION('',(#889),#893);
#889 = CIRCLE('',#890,4.);
#890 = AXIS2_PLACEMENT_2D('',#891,#892);
#891 = CARTESIAN_POINT('',(50.,21.523273740381));
#892 = DIRECTION('',(-1.,0.));
#893 = ( GEOMETRIC_REPRESENTATION_CONTEXT(2) 
PARAMETRIC_REPRESENTATION_CONTEXT() REPRESENTATION_CONTEXT('2D SPACE',''
  ) );
#894 = PCURVE('',#895,#900);
#895 = CYLINDRICAL_SURFACE('',#896,4.);
#896 = AXIS2_PLACEMENT_3D('',#897,#898,#899);
#897 = CARTESIAN_POINT('',(-116.,-56.73836312981,-0.5));
#898 = DIRECTION('',(-0.,-0.,1.));
#899 = DIRECTION('',(-1.,0.,0.));
#900 = DEFINITIONAL_REPRESENTATION('',(#901),#905);
#901 = LINE('',#902,#903);
#902 = CARTESIAN_POINT('',(-6.28318530718,-1.));
#903 = VECTOR('',#904,1.);
#904 = DIRECTION('',(1.,-0.));
#905 = ( GEOMETRIC_REPRESENTATION_CONTEXT(2) 
PARAMETRIC_REPRESENTATION_CONTEXT() REPRESENTATION_CONTEXT('2D SPACE',''
  ) );
#906 = ORIENTED_EDGE('',*,*,#907,.T.);
#907 = EDGE_CURVE('',#877,#908,#910,.T.);
#908 = VERTEX_POINT('',#909);
#909 = CARTESIAN_POINT('',(-120.,31.261636856624,-1.5));
#910 = SURFACE_CURVE('',#911,(#915,#921),.PCURVE_S1.);
#911 = LINE('',#912,#913);
#912 = CARTESIAN_POINT('',(-120.,-67.5,-1.5));
#913 = VECTOR('',#914,1.);
#914 = DIRECTION('',(0.,1.,0.));
#915 = PCURVE('',#90,#916);
#916 = DEFINITIONAL_REPRESENTATION('',(#917),#920);
#917 = B_SPLINE_CURVE_WITH_KNOTS('',1,(#918,#919),.UNSPECIFIED.,.F.,.F.,
  (2,2),(10.76163687019,98.761636856626),.PIECEWISE_BEZIER_KNOTS.);
#918 = CARTESIAN_POINT('',(46.,21.523273740381));
#919 = CARTESIAN_POINT('',(46.,109.52327372681));
#920 = ( GEOMETRIC_REPRESENTATION_CONTEXT(2) 
PARAMETRIC_REPRESENTATION_CONTEXT() REPRESENTATION_CONTEXT('2D SPACE',''
  ) );
#921 = PCURVE('',#922,#927);
#922 = PLANE('',#923);
#923 = AXIS2_PLACEMENT_3D('',#924,#925,#926);
#924 = CARTESIAN_POINT('',(-120.,-56.73836312981,-0.5));
#925 = DIRECTION('',(1.,0.,0.));
#926 = DIRECTION('',(-0.,1.,0.));
#927 = DEFINITIONAL_REPRESENTATION('',(#928),#931);
#928 = B_SPLINE_CURVE_WITH_KNOTS('',1,(#929,#930),.UNSPECIFIED.,.F.,.F.,
  (2,2),(10.76163687019,98.761636856626),.PIECEWISE_BEZIER_KNOTS.);
#929 = CARTESIAN_POINT('',(0.,-1.));
#930 = CARTESIAN_POINT('',(87.999999986436,-1.));
#931 = ( GEOMETRIC_REPRESENTATION_CONTEXT(2) 
PARAMETRIC_REPRESENTATION_CONTEXT() REPRESENTATION_CONTEXT('2D SPACE',''
  ) );
#932 = ORIENTED_EDGE('',*,*,#933,.F.);
#933 = EDGE_CURVE('',#934,#908,#936,.T.);
#934 = VERTEX_POINT('',#935);
#935 = CARTESIAN_POINT('',(-116.,35.261636863408,-1.5));
#936 = SURFACE_CURVE('',#937,(#942,#949),.PCURVE_S1.);
#937 = CIRCLE('',#938,4.);
#938 = AXIS2_PLACEMENT_3D('',#939,#940,#941);
#939 = CARTESIAN_POINT('',(-116.,31.261636856624,-1.5));
#940 = DIRECTION('',(0.,-0.,1.));
#941 = DIRECTION('',(-1.,0.,0.));
#942 = PCURVE('',#90,#943);
#943 = DEFINITIONAL_REPRESENTATION('',(#944),#948);
#944 = CIRCLE('',#945,4.);
#945 = AXIS2_PLACEMENT_2D('',#946,#947);
#946 = CARTESIAN_POINT('',(50.,109.52327372681));
#947 = DIRECTION('',(-1.,0.));
#948 = ( GEOMETRIC_REPRESENTATION_CONTEXT(2) 
PARAMETRIC_REPRESENTATION_CONTEXT() REPRESENTATION_CONTEXT('2D SPACE',''
  ) );
#949 = PCURVE('',#950,#955);
#950 = CYLINDRICAL_SURFACE('',#951,4.);
#951 = AXIS2_PLACEMENT_3D('',#952,#953,#954);
#952 = CARTESIAN_POINT('',(-116.,31.261636856624,-0.5));
#953 = DIRECTION('',(-0.,-0.,1.));
#954 = DIRECTION('',(-1.,0.,0.));
#955 = DEFINITIONAL_REPRESENTATION('',(#956),#960);
#956 = LINE('',#957,#958);
#957 = CARTESIAN_POINT('',(-6.28318530718,-1.));
#958 = VECTOR('',#959,1.);
#959 = DIRECTION('',(1.,-0.));
#960 = ( GEOMETRIC_REPRESENTATION_CONTEXT(2) 
PARAMETRIC_REPRESENTATION_CONTEXT() REPRESENTATION_CONTEXT('2D SPACE',''
  ) );
#961 = ORIENTED_EDGE('',*,*,#962,.T.);
#962 = EDGE_CURVE('',#934,#963,#965,.T.);
#963 = VERTEX_POINT('',#964);
#964 = CARTESIAN_POINT('',(116.,35.261636863408,-1.5));
#965 = SURFACE_CURVE('',#966,(#970,#976),.PCURVE_S1.);
#966 = LINE('',#967,#968);
#967 = CARTESIAN_POINT('',(-141.,35.261636870193,-1.5));
#968 = VECTOR('',#969,1.);
#969 = DIRECTION('',(1.,0.,-0.));
#970 = PCURVE('',#90,#971);
#971 = DEFINITIONAL_REPRESENTATION('',(#972),#975);
#972 = B_SPLINE_CURVE_WITH_KNOTS('',1,(#973,#974),.UNSPECIFIED.,.F.,.F.,
  (2,2),(25.,257.),.PIECEWISE_BEZIER_KNOTS.);
#973 = CARTESIAN_POINT('',(50.,113.52327374038));
#974 = CARTESIAN_POINT('',(282.,113.52327374038));
#975 = ( GEOMETRIC_REPRESENTATION_CONTEXT(2) 
PARAMETRIC_REPRESENTATION_CONTEXT() REPRESENTATION_CONTEXT('2D SPACE',''
  ) );
#976 = PCURVE('',#977,#982);
#977 = PLANE('',#978);
#978 = AXIS2_PLACEMENT_3D('',#979,#980,#981);
#979 = CARTESIAN_POINT('',(-116.,35.261636870193,-0.5));
#980 = DIRECTION('',(0.,-1.,0.));
#981 = DIRECTION('',(1.,0.,0.));
#982 = DEFINITIONAL_REPRESENTATION('',(#983),#986);
#983 = B_SPLINE_CURVE_WITH_KNOTS('',1,(#984,#985),.UNSPECIFIED.,.F.,.F.,
  (2,2),(25.,257.),.PIECEWISE_BEZIER_KNOTS.);
#984 = CARTESIAN_POINT('',(0.,-1.));
#985 = CARTESIAN_POINT('',(232.,-1.));
#986 = ( GEOMETRIC_REPRESENTATION_CONTEXT(2) 
PARAMETRIC_REPRESENTATION_CONTEXT() REPRESENTATION_CONTEXT('2D SPACE',''
  ) );
#987 = ORIENTED_EDGE('',*,*,#988,.F.);
#988 = EDGE_CURVE('',#989,#963,#991,.T.);
#989 = VERTEX_POINT('',#990);
#990 = CARTESIAN_POINT('',(120.,31.261636856624,-1.5));
#991 = SURFACE_CURVE('',#992,(#997,#1004),.PCURVE_S1.);
#992 = CIRCLE('',#993,4.);
#993 = AXIS2_PLACEMENT_3D('',#994,#995,#996);
#994 = CARTESIAN_POINT('',(116.,31.261636856624,-1.5));
#995 = DIRECTION('',(0.,-0.,1.));
#996 = DIRECTION('',(-1.,0.,0.));
#997 = PCURVE('',#90,#998);
#998 = DEFINITIONAL_REPRESENTATION('',(#999),#1003);
#999 = CIRCLE('',#1000,4.);
#1000 = AXIS2_PLACEMENT_2D('',#1001,#1002);
#1001 = CARTESIAN_POINT('',(282.,109.52327372681));
#1002 = DIRECTION('',(-1.,0.));
#1003 = ( GEOMETRIC_REPRESENTATION_CONTEXT(2) 
PARAMETRIC_REPRESENTATION_CONTEXT() REPRESENTATION_CONTEXT('2D SPACE',''
  ) );
#1004 = PCURVE('',#1005,#1010);
#1005 = CYLINDRICAL_SURFACE('',#1006,4.);
#1006 = AXIS2_PLACEMENT_3D('',#1007,#1008,#1009);
#1007 = CARTESIAN_POINT('',(116.,31.261636856624,-0.5));
#1008 = DIRECTION('',(-0.,-0.,1.));
#1009 = DIRECTION('',(-1.,0.,0.));
#1010 = DEFINITIONAL_REPRESENTATION('',(#1011),#1015);
#1011 = LINE('',#1012,#1013);
#1012 = CARTESIAN_POINT('',(-6.28318530718,-1.));
#1013 = VECTOR('',#1014,1.);
#1014 = DIRECTION('',(1.,-0.));
#1015 = ( GEOMETRIC_REPRESENTATION_CONTEXT(2) 
PARAMETRIC_REPRESENTATION_CONTEXT() REPRESENTATION_CONTEXT('2D SPACE',''
  ) );
#1016 = ORIENTED_EDGE('',*,*,#1017,.F.);
#1017 = EDGE_CURVE('',#1018,#989,#1020,.T.);
#1018 = VERTEX_POINT('',#1019);
#1019 = CARTESIAN_POINT('',(120.,-56.73836312981,-1.5));
#1020 = SURFACE_CURVE('',#1021,(#1025,#1031),.PCURVE_S1.);
#1021 = LINE('',#1022,#1023);
#1022 = CARTESIAN_POINT('',(120.,-67.5,-1.5));
#1023 = VECTOR('',#1024,1.);
#1024 = DIRECTION('',(0.,1.,0.));
#1025 = PCURVE('',#90,#1026);
#1026 = DEFINITIONAL_REPRESENTATION('',(#1027),#1030);
#1027 = B_SPLINE_CURVE_WITH_KNOTS('',1,(#1028,#1029),.UNSPECIFIED.,.F.,
  .F.,(2,2),(10.76163687019,98.761636856626),.PIECEWISE_BEZIER_KNOTS.);
#1028 = CARTESIAN_POINT('',(286.,21.523273740381));
#1029 = CARTESIAN_POINT('',(286.,109.52327372681));
#1030 = ( GEOMETRIC_REPRESENTATION_CONTEXT(2) 
PARAMETRIC_REPRESENTATION_CONTEXT() REPRESENTATION_CONTEXT('2D SPACE',''
  ) );
#1031 = PCURVE('',#1032,#1037);
#1032 = PLANE('',#1033);
#1033 = AXIS2_PLACEMENT_3D('',#1034,#1035,#1036);
#1034 = CARTESIAN_POINT('',(120.,-56.73836312981,-0.5));
#1035 = DIRECTION('',(1.,0.,0.));
#1036 = DIRECTION('',(-0.,1.,0.));
#1037 = DEFINITIONAL_REPRESENTATION('',(#1038),#1041);
#1038 = B_SPLINE_CURVE_WITH_KNOTS('',1,(#1039,#1040),.UNSPECIFIED.,.F.,
  .F.,(2,2),(10.76163687019,98.761636856626),.PIECEWISE_BEZIER_KNOTS.);
#1039 = CARTESIAN_POINT('',(0.,-1.));
#1040 = CARTESIAN_POINT('',(87.999999986436,-1.));
#1041 = ( GEOMETRIC_REPRESENTATION_CONTEXT(2) 
PARAMETRIC_REPRESENTATION_CONTEXT() REPRESENTATION_CONTEXT('2D SPACE',''
  ) );
#1042 = ORIENTED_EDGE('',*,*,#1043,.F.);
#1043 = EDGE_CURVE('',#1044,#1018,#1046,.T.);
#1044 = VERTEX_POINT('',#1045);
#1045 = CARTESIAN_POINT('',(116.,-60.73836312981,-1.5));
#1046 = SURFACE_CURVE('',#1047,(#1052,#1059),.PCURVE_S1.);
#1047 = CIRCLE('',#1048,4.);
#1048 = AXIS2_PLACEMENT_3D('',#1049,#1050,#1051);
#1049 = CARTESIAN_POINT('',(116.,-56.73836312981,-1.5));
#1050 = DIRECTION('',(0.,-0.,1.));
#1051 = DIRECTION('',(-1.,0.,0.));
#1052 = PCURVE('',#90,#1053);
#1053 = DEFINITIONAL_REPRESENTATION('',(#1054),#1058);
#1054 = CIRCLE('',#1055,4.);
#1055 = AXIS2_PLACEMENT_2D('',#1056,#1057);
#1056 = CARTESIAN_POINT('',(282.,21.523273740381));
#1057 = DIRECTION('',(-1.,0.));
#1058 = ( GEOMETRIC_REPRESENTATION_CONTEXT(2) 
PARAMETRIC_REPRESENTATION_CONTEXT() REPRESENTATION_CONTEXT('2D SPACE',''
  ) );
#1059 = PCURVE('',#1060,#1065);
#1060 = CYLINDRICAL_SURFACE('',#1061,4.);
#1061 = AXIS2_PLACEMENT_3D('',#1062,#1063,#1064);
#1062 = CARTESIAN_POINT('',(116.,-56.73836312981,-0.5));
#1063 = DIRECTION('',(-0.,-0.,1.));
#1064 = DIRECTION('',(-1.,0.,0.));
#1065 = DEFINITIONAL_REPRESENTATION('',(#1066),#1070);
#1066 = LINE('',#1067,#1068);
#1067 = CARTESIAN_POINT('',(-6.28318530718,-1.));
#1068 = VECTOR('',#1069,1.);
#1069 = DIRECTION('',(1.,-0.));
#1070 = ( GEOMETRIC_REPRESENTATION_CONTEXT(2) 
PARAMETRIC_REPRESENTATION_CONTEXT() REPRESENTATION_CONTEXT('2D SPACE',''
  ) );
#1071 = ORIENTED_EDGE('',*,*,#1072,.F.);
#1072 = EDGE_CURVE('',#879,#1044,#1073,.T.);
#1073 = SURFACE_CURVE('',#1074,(#1078,#1084),.PCURVE_S1.);
#1074 = LINE('',#1075,#1076);
#1075 = CARTESIAN_POINT('',(-141.,-60.7383631298,-1.5));
#1076 = VECTOR('',#1077,1.);
#1077 = DIRECTION('',(1.,0.,-0.));
#1078 = PCURVE('',#90,#1079);
#1079 = DEFINITIONAL_REPRESENTATION('',(#1080),#1083);
#1080 = B_SPLINE_CURVE_WITH_KNOTS('',1,(#1081,#1082),.UNSPECIFIED.,.F.,
  .F.,(2,2),(25.,257.),.PIECEWISE_BEZIER_KNOTS.);
#1081 = CARTESIAN_POINT('',(50.,17.523273740386));
#1082 = CARTESIAN_POINT('',(282.,17.523273740386));
#1083 = ( GEOMETRIC_REPRESENTATION_CONTEXT(2) 
PARAMETRIC_REPRESENTATION_CONTEXT() REPRESENTATION_CONTEXT('2D SPACE',''
  ) );
#1084 = PCURVE('',#1085,#1090);
#1085 = PLANE('',#1086);
#1086 = AXIS2_PLACEMENT_3D('',#1087,#1088,#1089);
#1087 = CARTESIAN_POINT('',(-116.,-60.7383631298,-0.5));
#1088 = DIRECTION('',(0.,-1.,0.));
#1089 = DIRECTION('',(1.,0.,0.));
#1090 = DEFINITIONAL_REPRESENTATION('',(#1091),#1094);
#1091 = B_SPLINE_CURVE_WITH_KNOTS('',1,(#1092,#1093),.UNSPECIFIED.,.F.,
  .F.,(2,2),(25.,257.),.PIECEWISE_BEZIER_KNOTS.);
#1092 = CARTESIAN_POINT('',(0.,-1.));
#1093 = CARTESIAN_POINT('',(232.,-1.));
#1094 = ( GEOMETRIC_REPRESENTATION_CONTEXT(2) 
PARAMETRIC_REPRESENTATION_CONTEXT() REPRESENTATION_CONTEXT('2D SPACE',''
  ) );
#1095 = FACE_BOUND('',#1096,.F.);
#1096 = EDGE_LOOP('',(#1097));
#1097 = ORIENTED_EDGE('',*,*,#1098,.F.);
#1098 = EDGE_CURVE('',#1099,#1099,#1101,.T.);
#1099 = VERTEX_POINT('',#1100);
#1100 = CARTESIAN_POINT('',(-155.3,-4.163799117101E-16,-1.5));
#1101 = SURFACE_CURVE('',#1102,(#1107,#1114),.PCURVE_S1.);
#1102 = CIRCLE('',#1103,1.7);
#1103 = AXIS2_PLACEMENT_3D('',#1104,#1105,#1106);
#1104 = CARTESIAN_POINT('',(-157.,0.,-1.5));
#1105 = DIRECTION('',(0.,0.,1.));
#1106 = DIRECTION('',(1.,0.,-0.));
#1107 = PCURVE('',#90,#1108);
#1108 = DEFINITIONAL_REPRESENTATION('',(#1109),#1113);
#1109 = CIRCLE('',#1110,1.7);
#1110 = AXIS2_PLACEMENT_2D('',#1111,#1112);
#1111 = CARTESIAN_POINT('',(9.,78.261636870193));
#1112 = DIRECTION('',(1.,0.));
#1113 = ( GEOMETRIC_REPRESENTATION_CONTEXT(2) 
PARAMETRIC_REPRESENTATION_CONTEXT() REPRESENTATION_CONTEXT('2D SPACE',''
  ) );
#1114 = PCURVE('',#486,#1115);
#1115 = DEFINITIONAL_REPRESENTATION('',(#1116),#1120);
#1116 = LINE('',#1117,#1118);
#1117 = CARTESIAN_POINT('',(0.,1.));
#1118 = VECTOR('',#1119,1.);
#1119 = DIRECTION('',(1.,0.));
#1120 = ( GEOMETRIC_REPRESENTATION_CONTEXT(2) 
PARAMETRIC_REPRESENTATION_CONTEXT() REPRESENTATION_CONTEXT('2D SPACE',''
  ) );
#1121 = FACE_BOUND('',#1122,.F.);
#1122 = EDGE_LOOP('',(#1123));
#1123 = ORIENTED_EDGE('',*,*,#1124,.F.);
#1124 = EDGE_CURVE('',#1125,#1125,#1127,.T.);
#1125 = VERTEX_POINT('',#1126);
#1126 = CARTESIAN_POINT('',(-155.3,63.261636870193,-1.5));
#1127 = SURFACE_CURVE('',#1128,(#1133,#1140),.PCURVE_S1.);
#1128 = CIRCLE('',#1129,1.7);
#1129 = AXIS2_PLACEMENT_3D('',#1130,#1131,#1132);
#1130 = CARTESIAN_POINT('',(-157.,63.261636870193,-1.5));
#1131 = DIRECTION('',(0.,0.,1.));
#1132 = DIRECTION('',(1.,0.,-0.));
#1133 = PCURVE('',#90,#1134);
#1134 = DEFINITIONAL_REPRESENTATION('',(#1135),#1139);
#1135 = CIRCLE('',#1136,1.7);
#1136 = AXIS2_PLACEMENT_2D('',#1137,#1138);
#1137 = CARTESIAN_POINT('',(9.,141.52327374038));
#1138 = DIRECTION('',(1.,0.));
#1139 = ( GEOMETRIC_REPRESENTATION_CONTEXT(2) 
PARAMETRIC_REPRESENTATION_CONTEXT() REPRESENTATION_CONTEXT('2D SPACE',''
  ) );
#1140 = PCURVE('',#610,#1141);
#1141 = DEFINITIONAL_REPRESENTATION('',(#1142),#1146);
#1142 = LINE('',#1143,#1144);
#1143 = CARTESIAN_POINT('',(0.,1.));
#1144 = VECTOR('',#1145,1.);
#1145 = DIRECTION('',(1.,0.));
#1146 = ( GEOMETRIC_REPRESENTATION_CONTEXT(2) 
PARAMETRIC_REPRESENTATION_CONTEXT() REPRESENTATION_CONTEXT('2D SPACE',''
  ) );
#1147 = FACE_BOUND('',#1148,.F.);
#1148 = EDGE_LOOP('',(#1149));
#1149 = ORIENTED_EDGE('',*,*,#1150,.F.);
#1150 = EDGE_CURVE('',#1151,#1151,#1153,.T.);
#1151 = VERTEX_POINT('',#1152);
#1152 = CARTESIAN_POINT('',(158.7,-4.163799117101E-16,-1.5));
#1153 = SURFACE_CURVE('',#1154,(#1159,#1166),.PCURVE_S1.);
#1154 = CIRCLE('',#1155,1.7);
#1155 = AXIS2_PLACEMENT_3D('',#1156,#1157,#1158);
#1156 = CARTESIAN_POINT('',(157.,0.,-1.5));
#1157 = DIRECTION('',(0.,0.,1.));
#1158 = DIRECTION('',(1.,0.,-0.));
#1159 = PCURVE('',#90,#1160);
#1160 = DEFINITIONAL_REPRESENTATION('',(#1161),#1165);
#1161 = CIRCLE('',#1162,1.7);
#1162 = AXIS2_PLACEMENT_2D('',#1163,#1164);
#1163 = CARTESIAN_POINT('',(323.,78.261636870193));
#1164 = DIRECTION('',(1.,0.));
#1165 = ( GEOMETRIC_REPRESENTATION_CONTEXT(2) 
PARAMETRIC_REPRESENTATION_CONTEXT() REPRESENTATION_CONTEXT('2D SPACE',''
  ) );
#1166 = PCURVE('',#703,#1167);
#1167 = DEFINITIONAL_REPRESENTATION('',(#1168),#1172);
#1168 = LINE('',#1169,#1170);
#1169 = CARTESIAN_POINT('',(0.,1.));
#1170 = VECTOR('',#1171,1.);
#1171 = DIRECTION('',(1.,0.));
#1172 = ( GEOMETRIC_REPRESENTATION_CONTEXT(2) 
PARAMETRIC_REPRESENTATION_CONTEXT() REPRESENTATION_CONTEXT('2D SPACE',''
  ) );
#1173 = FACE_BOUND('',#1174,.F.);
#1174 = EDGE_LOOP('',(#1175));
#1175 = ORIENTED_EDGE('',*,*,#1176,.F.);
#1176 = EDGE_CURVE('',#1177,#1177,#1179,.T.);
#1177 = VERTEX_POINT('',#1178);
#1178 = CARTESIAN_POINT('',(158.7,63.261636870193,-1.5));
#1179 = SURFACE_CURVE('',#1180,(#1185,#1192),.PCURVE_S1.);
#1180 = CIRCLE('',#1181,1.7);
#1181 = AXIS2_PLACEMENT_3D('',#1182,#1183,#1184);
#1182 = CARTESIAN_POINT('',(157.,63.261636870193,-1.5));
#1183 = DIRECTION('',(0.,0.,1.));
#1184 = DIRECTION('',(1.,0.,-0.));
#1185 = PCURVE('',#90,#1186);
#1186 = DEFINITIONAL_REPRESENTATION('',(#1187),#1191);
#1187 = CIRCLE('',#1188,1.7);
#1188 = AXIS2_PLACEMENT_2D('',#1189,#1190);
#1189 = CARTESIAN_POINT('',(323.,141.52327374038));
#1190 = DIRECTION('',(1.,0.));
#1191 = ( GEOMETRIC_REPRESENTATION_CONTEXT(2) 
PARAMETRIC_REPRESENTATION_CONTEXT() REPRESENTATION_CONTEXT('2D SPACE',''
  ) );
#1192 = PCURVE('',#734,#1193);
#1193 = DEFINITIONAL_REPRESENTATION('',(#1194),#1198);
#1194 = LINE('',#1195,#1196);
#1195 = CARTESIAN_POINT('',(0.,1.));
#1196 = VECTOR('',#1197,1.);
#1197 = DIRECTION('',(1.,0.));
#1198 = ( GEOMETRIC_REPRESENTATION_CONTEXT(2) 
PARAMETRIC_REPRESENTATION_CONTEXT() REPRESENTATION_CONTEXT('2D SPACE',''
  ) );
#1199 = ADVANCED_FACE('',(#1200),#220,.T.);
#1200 = FACE_BOUND('',#1201,.T.);
#1201 = EDGE_LOOP('',(#1202,#1203,#1204,#1205));
#1202 = ORIENTED_EDGE('',*,*,#206,.F.);
#1203 = ORIENTED_EDGE('',*,*,#800,.T.);
#1204 = ORIENTED_EDGE('',*,*,#774,.T.);
#1205 = ORIENTED_EDGE('',*,*,#237,.F.);
#1206 = ADVANCED_FACE('',(#1207),#300,.F.);
#1207 = FACE_BOUND('',#1208,.F.);
#1208 = EDGE_LOOP('',(#1209,#1210,#1231,#1232));
#1209 = ORIENTED_EDGE('',*,*,#283,.F.);
#1210 = ORIENTED_EDGE('',*,*,#1211,.F.);
#1211 = EDGE_CURVE('',#825,#284,#1212,.T.);
#1212 = SEAM_CURVE('',#1213,(#1217,#1224),.PCURVE_S1.);
#1213 = LINE('',#1214,#1215);
#1214 = CARTESIAN_POINT('',(-155.3,-63.26163687019,-2.5));
#1215 = VECTOR('',#1216,1.);
#1216 = DIRECTION('',(0.,0.,1.));
#1217 = PCURVE('',#300,#1218);
#1218 = DEFINITIONAL_REPRESENTATION('',(#1219),#1223);
#1219 = LINE('',#1220,#1221);
#1220 = CARTESIAN_POINT('',(6.28318530718,-0.));
#1221 = VECTOR('',#1222,1.);
#1222 = DIRECTION('',(0.,1.));
#1223 = ( GEOMETRIC_REPRESENTATION_CONTEXT(2) 
PARAMETRIC_REPRESENTATION_CONTEXT() REPRESENTATION_CONTEXT('2D SPACE',''
  ) );
#1224 = PCURVE('',#300,#1225);
#1225 = DEFINITIONAL_REPRESENTATION('',(#1226),#1230);
#1226 = LINE('',#1227,#1228);
#1227 = CARTESIAN_POINT('',(0.,-0.));
#1228 = VECTOR('',#1229,1.);
#1229 = DIRECTION('',(0.,1.));
#1230 = ( GEOMETRIC_REPRESENTATION_CONTEXT(2) 
PARAMETRIC_REPRESENTATION_CONTEXT() REPRESENTATION_CONTEXT('2D SPACE',''
  ) );
#1231 = ORIENTED_EDGE('',*,*,#824,.T.);
#1232 = ORIENTED_EDGE('',*,*,#1211,.T.);
#1233 = ADVANCED_FACE('',(#1234),#331,.F.);
#1234 = FACE_BOUND('',#1235,.F.);
#1235 = EDGE_LOOP('',(#1236,#1259,#1260,#1261));
#1236 = ORIENTED_EDGE('',*,*,#1237,.T.);
#1237 = EDGE_CURVE('',#1238,#315,#1240,.T.);
#1238 = VERTEX_POINT('',#1239);
#1239 = CARTESIAN_POINT('',(-88.,-37.7383631298,-0.5));
#1240 = SEAM_CURVE('',#1241,(#1245,#1252),.PCURVE_S1.);
#1241 = LINE('',#1242,#1243);
#1242 = CARTESIAN_POINT('',(-88.,-37.7383631298,-2.5));
#1243 = VECTOR('',#1244,1.);
#1244 = DIRECTION('',(0.,0.,1.));
#1245 = PCURVE('',#331,#1246);
#1246 = DEFINITIONAL_REPRESENTATION('',(#1247),#1251);
#1247 = LINE('',#1248,#1249);
#1248 = CARTESIAN_POINT('',(6.28318530718,-0.));
#1249 = VECTOR('',#1250,1.);
#1250 = DIRECTION('',(0.,1.));
#1251 = ( GEOMETRIC_REPRESENTATION_CONTEXT(2) 
PARAMETRIC_REPRESENTATION_CONTEXT() REPRESENTATION_CONTEXT('2D SPACE',''
  ) );
#1252 = PCURVE('',#331,#1253);
#1253 = DEFINITIONAL_REPRESENTATION('',(#1254),#1258);
#1254 = LINE('',#1255,#1256);
#1255 = CARTESIAN_POINT('',(0.,-0.));
#1256 = VECTOR('',#1257,1.);
#1257 = DIRECTION('',(0.,1.));
#1258 = ( GEOMETRIC_REPRESENTATION_CONTEXT(2) 
PARAMETRIC_REPRESENTATION_CONTEXT() REPRESENTATION_CONTEXT('2D SPACE',''
  ) );
#1259 = ORIENTED_EDGE('',*,*,#314,.F.);
#1260 = ORIENTED_EDGE('',*,*,#1237,.F.);
#1261 = ORIENTED_EDGE('',*,*,#1262,.T.);
#1262 = EDGE_CURVE('',#1238,#1238,#1263,.T.);
#1263 = SURFACE_CURVE('',#1264,(#1269,#1276),.PCURVE_S1.);
#1264 = CIRCLE('',#1265,12.);
#1265 = AXIS2_PLACEMENT_3D('',#1266,#1267,#1268);
#1266 = CARTESIAN_POINT('',(-100.,-37.7383631298,-0.5));
#1267 = DIRECTION('',(0.,0.,1.));
#1268 = DIRECTION('',(1.,0.,-0.));
#1269 = PCURVE('',#331,#1270);
#1270 = DEFINITIONAL_REPRESENTATION('',(#1271),#1275);
#1271 = LINE('',#1272,#1273);
#1272 = CARTESIAN_POINT('',(0.,2.));
#1273 = VECTOR('',#1274,1.);
#1274 = DIRECTION('',(1.,0.));
#1275 = ( GEOMETRIC_REPRESENTATION_CONTEXT(2) 
PARAMETRIC_REPRESENTATION_CONTEXT() REPRESENTATION_CONTEXT('2D SPACE',''
  ) );
#1276 = PCURVE('',#1277,#1282);
#1277 = PLANE('',#1278);
#1278 = AXIS2_PLACEMENT_3D('',#1279,#1280,#1281);
#1279 = CARTESIAN_POINT('',(4.296301847913E-15,-12.73836313185,-0.5));
#1280 = DIRECTION('',(0.,0.,1.));
#1281 = DIRECTION('',(1.,0.,0.));
#1282 = DEFINITIONAL_REPRESENTATION('',(#1283),#1287);
#1283 = CIRCLE('',#1284,12.);
#1284 = AXIS2_PLACEMENT_2D('',#1285,#1286);
#1285 = CARTESIAN_POINT('',(-100.,-24.99999999795));
#1286 = DIRECTION('',(1.,0.));
#1287 = ( GEOMETRIC_REPRESENTATION_CONTEXT(2) 
PARAMETRIC_REPRESENTATION_CONTEXT() REPRESENTATION_CONTEXT('2D SPACE',''
  ) );
#1288 = ADVANCED_FACE('',(#1289),#362,.F.);
#1289 = FACE_BOUND('',#1290,.F.);
#1290 = EDGE_LOOP('',(#1291,#1314,#1315,#1316));
#1291 = ORIENTED_EDGE('',*,*,#1292,.T.);
#1292 = EDGE_CURVE('',#1293,#346,#1295,.T.);
#1293 = VERTEX_POINT('',#1294);
#1294 = CARTESIAN_POINT('',(-97.25,-12.7383631298,-0.5));
#1295 = SEAM_CURVE('',#1296,(#1300,#1307),.PCURVE_S1.);
#1296 = LINE('',#1297,#1298);
#1297 = CARTESIAN_POINT('',(-97.25,-12.7383631298,-2.5));
#1298 = VECTOR('',#1299,1.);
#1299 = DIRECTION('',(0.,0.,1.));
#1300 = PCURVE('',#362,#1301);
#1301 = DEFINITIONAL_REPRESENTATION('',(#1302),#1306);
#1302 = LINE('',#1303,#1304);
#1303 = CARTESIAN_POINT('',(6.28318530718,-0.));
#1304 = VECTOR('',#1305,1.);
#1305 = DIRECTION('',(0.,1.));
#1306 = ( GEOMETRIC_REPRESENTATION_CONTEXT(2) 
PARAMETRIC_REPRESENTATION_CONTEXT() REPRESENTATION_CONTEXT('2D SPACE',''
  ) );
#1307 = PCURVE('',#362,#1308);
#1308 = DEFINITIONAL_REPRESENTATION('',(#1309),#1313);
#1309 = LINE('',#1310,#1311);
#1310 = CARTESIAN_POINT('',(0.,-0.));
#1311 = VECTOR('',#1312,1.);
#1312 = DIRECTION('',(0.,1.));
#1313 = ( GEOMETRIC_REPRESENTATION_CONTEXT(2) 
PARAMETRIC_REPRESENTATION_CONTEXT() REPRESENTATION_CONTEXT('2D SPACE',''
  ) );
#1314 = ORIENTED_EDGE('',*,*,#345,.F.);
#1315 = ORIENTED_EDGE('',*,*,#1292,.F.);
#1316 = ORIENTED_EDGE('',*,*,#1317,.T.);
#1317 = EDGE_CURVE('',#1293,#1293,#1318,.T.);
#1318 = SURFACE_CURVE('',#1319,(#1324,#1331),.PCURVE_S1.);
#1319 = CIRCLE('',#1320,2.75);
#1320 = AXIS2_PLACEMENT_3D('',#1321,#1322,#1323);
#1321 = CARTESIAN_POINT('',(-100.,-12.7383631298,-0.5));
#1322 = DIRECTION('',(0.,0.,1.));
#1323 = DIRECTION('',(1.,0.,-0.));
#1324 = PCURVE('',#362,#1325);
#1325 = DEFINITIONAL_REPRESENTATION('',(#1326),#1330);
#1326 = LINE('',#1327,#1328);
#1327 = CARTESIAN_POINT('',(0.,2.));
#1328 = VECTOR('',#1329,1.);
#1329 = DIRECTION('',(1.,0.));
#1330 = ( GEOMETRIC_REPRESENTATION_CONTEXT(2) 
PARAMETRIC_REPRESENTATION_CONTEXT() REPRESENTATION_CONTEXT('2D SPACE',''
  ) );
#1331 = PCURVE('',#1277,#1332);
#1332 = DEFINITIONAL_REPRESENTATION('',(#1333),#1337);
#1333 = CIRCLE('',#1334,2.75);
#1334 = AXIS2_PLACEMENT_2D('',#1335,#1336);
#1335 = CARTESIAN_POINT('',(-100.,2.050345671023E-09));
#1336 = DIRECTION('',(1.,0.));
#1337 = ( GEOMETRIC_REPRESENTATION_CONTEXT(2) 
PARAMETRIC_REPRESENTATION_CONTEXT() REPRESENTATION_CONTEXT('2D SPACE',''
  ) );
#1338 = ADVANCED_FACE('',(#1339),#393,.F.);
#1339 = FACE_BOUND('',#1340,.F.);
#1340 = EDGE_LOOP('',(#1341,#1364,#1365,#1366));
#1341 = ORIENTED_EDGE('',*,*,#1342,.T.);
#1342 = EDGE_CURVE('',#1343,#377,#1345,.T.);
#1343 = VERTEX_POINT('',#1344);
#1344 = CARTESIAN_POINT('',(-13.25,-12.7383631298,-0.5));
#1345 = SEAM_CURVE('',#1346,(#1350,#1357),.PCURVE_S1.);
#1346 = LINE('',#1347,#1348);
#1347 = CARTESIAN_POINT('',(-13.25,-12.7383631298,-2.5));
#1348 = VECTOR('',#1349,1.);
#1349 = DIRECTION('',(0.,0.,1.));
#1350 = PCURVE('',#393,#1351);
#1351 = DEFINITIONAL_REPRESENTATION('',(#1352),#1356);
#1352 = LINE('',#1353,#1354);
#1353 = CARTESIAN_POINT('',(6.28318530718,-0.));
#1354 = VECTOR('',#1355,1.);
#1355 = DIRECTION('',(0.,1.));
#1356 = ( GEOMETRIC_REPRESENTATION_CONTEXT(2) 
PARAMETRIC_REPRESENTATION_CONTEXT() REPRESENTATION_CONTEXT('2D SPACE',''
  ) );
#1357 = PCURVE('',#393,#1358);
#1358 = DEFINITIONAL_REPRESENTATION('',(#1359),#1363);
#1359 = LINE('',#1360,#1361);
#1360 = CARTESIAN_POINT('',(0.,-0.));
#1361 = VECTOR('',#1362,1.);
#1362 = DIRECTION('',(0.,1.));
#1363 = ( GEOMETRIC_REPRESENTATION_CONTEXT(2) 
PARAMETRIC_REPRESENTATION_CONTEXT() REPRESENTATION_CONTEXT('2D SPACE',''
  ) );
#1364 = ORIENTED_EDGE('',*,*,#376,.F.);
#1365 = ORIENTED_EDGE('',*,*,#1342,.F.);
#1366 = ORIENTED_EDGE('',*,*,#1367,.T.);
#1367 = EDGE_CURVE('',#1343,#1343,#1368,.T.);
#1368 = SURFACE_CURVE('',#1369,(#1374,#1381),.PCURVE_S1.);
#1369 = CIRCLE('',#1370,2.75);
#1370 = AXIS2_PLACEMENT_3D('',#1371,#1372,#1373);
#1371 = CARTESIAN_POINT('',(-16.,-12.7383631298,-0.5));
#1372 = DIRECTION('',(0.,0.,1.));
#1373 = DIRECTION('',(1.,0.,-0.));
#1374 = PCURVE('',#393,#1375);
#1375 = DEFINITIONAL_REPRESENTATION('',(#1376),#1380);
#1376 = LINE('',#1377,#1378);
#1377 = CARTESIAN_POINT('',(0.,2.));
#1378 = VECTOR('',#1379,1.);
#1379 = DIRECTION('',(1.,0.));
#1380 = ( GEOMETRIC_REPRESENTATION_CONTEXT(2) 
PARAMETRIC_REPRESENTATION_CONTEXT() REPRESENTATION_CONTEXT('2D SPACE',''
  ) );
#1381 = PCURVE('',#1277,#1382);
#1382 = DEFINITIONAL_REPRESENTATION('',(#1383),#1387);
#1383 = CIRCLE('',#1384,2.75);
#1384 = AXIS2_PLACEMENT_2D('',#1385,#1386);
#1385 = CARTESIAN_POINT('',(-16.,2.050345671023E-09));
#1386 = DIRECTION('',(1.,0.));
#1387 = ( GEOMETRIC_REPRESENTATION_CONTEXT(2) 
PARAMETRIC_REPRESENTATION_CONTEXT() REPRESENTATION_CONTEXT('2D SPACE',''
  ) );
#1388 = ADVANCED_FACE('',(#1389),#424,.F.);
#1389 = FACE_BOUND('',#1390,.F.);
#1390 = EDGE_LOOP('',(#1391,#1392,#1413,#1414));
#1391 = ORIENTED_EDGE('',*,*,#407,.F.);
#1392 = ORIENTED_EDGE('',*,*,#1393,.F.);
#1393 = EDGE_CURVE('',#851,#408,#1394,.T.);
#1394 = SEAM_CURVE('',#1395,(#1399,#1406),.PCURVE_S1.);
#1395 = LINE('',#1396,#1397);
#1396 = CARTESIAN_POINT('',(158.7,-63.26163687019,-2.5));
#1397 = VECTOR('',#1398,1.);
#1398 = DIRECTION('',(0.,0.,1.));
#1399 = PCURVE('',#424,#1400);
#1400 = DEFINITIONAL_REPRESENTATION('',(#1401),#1405);
#1401 = LINE('',#1402,#1403);
#1402 = CARTESIAN_POINT('',(6.28318530718,-0.));
#1403 = VECTOR('',#1404,1.);
#1404 = DIRECTION('',(0.,1.));
#1405 = ( GEOMETRIC_REPRESENTATION_CONTEXT(2) 
PARAMETRIC_REPRESENTATION_CONTEXT() REPRESENTATION_CONTEXT('2D SPACE',''
  ) );
#1406 = PCURVE('',#424,#1407);
#1407 = DEFINITIONAL_REPRESENTATION('',(#1408),#1412);
#1408 = LINE('',#1409,#1410);
#1409 = CARTESIAN_POINT('',(0.,-0.));
#1410 = VECTOR('',#1411,1.);
#1411 = DIRECTION('',(0.,1.));
#1412 = ( GEOMETRIC_REPRESENTATION_CONTEXT(2) 
PARAMETRIC_REPRESENTATION_CONTEXT() REPRESENTATION_CONTEXT('2D SPACE',''
  ) );
#1413 = ORIENTED_EDGE('',*,*,#850,.T.);
#1414 = ORIENTED_EDGE('',*,*,#1393,.T.);
#1415 = ADVANCED_FACE('',(#1416),#455,.F.);
#1416 = FACE_BOUND('',#1417,.F.);
#1417 = EDGE_LOOP('',(#1418,#1441,#1442,#1443));
#1418 = ORIENTED_EDGE('',*,*,#1419,.T.);
#1419 = EDGE_CURVE('',#1420,#439,#1422,.T.);
#1420 = VERTEX_POINT('',#1421);
#1421 = CARTESIAN_POINT('',(112.,-37.7383631298,-0.5));
#1422 = SEAM_CURVE('',#1423,(#1427,#1434),.PCURVE_S1.);
#1423 = LINE('',#1424,#1425);
#1424 = CARTESIAN_POINT('',(112.,-37.7383631298,-2.5));
#1425 = VECTOR('',#1426,1.);
#1426 = DIRECTION('',(0.,0.,1.));
#1427 = PCURVE('',#455,#1428);
#1428 = DEFINITIONAL_REPRESENTATION('',(#1429),#1433);
#1429 = LINE('',#1430,#1431);
#1430 = CARTESIAN_POINT('',(6.28318530718,-0.));
#1431 = VECTOR('',#1432,1.);
#1432 = DIRECTION('',(0.,1.));
#1433 = ( GEOMETRIC_REPRESENTATION_CONTEXT(2) 
PARAMETRIC_REPRESENTATION_CONTEXT() REPRESENTATION_CONTEXT('2D SPACE',''
  ) );
#1434 = PCURVE('',#455,#1435);
#1435 = DEFINITIONAL_REPRESENTATION('',(#1436),#1440);
#1436 = LINE('',#1437,#1438);
#1437 = CARTESIAN_POINT('',(0.,-0.));
#1438 = VECTOR('',#1439,1.);
#1439 = DIRECTION('',(0.,1.));
#1440 = ( GEOMETRIC_REPRESENTATION_CONTEXT(2) 
PARAMETRIC_REPRESENTATION_CONTEXT() REPRESENTATION_CONTEXT('2D SPACE',''
  ) );
#1441 = ORIENTED_EDGE('',*,*,#438,.F.);
#1442 = ORIENTED_EDGE('',*,*,#1419,.F.);
#1443 = ORIENTED_EDGE('',*,*,#1444,.T.);
#1444 = EDGE_CURVE('',#1420,#1420,#1445,.T.);
#1445 = SURFACE_CURVE('',#1446,(#1451,#1458),.PCURVE_S1.);
#1446 = CIRCLE('',#1447,12.);
#1447 = AXIS2_PLACEMENT_3D('',#1448,#1449,#1450);
#1448 = CARTESIAN_POINT('',(100.,-37.7383631298,-0.5));
#1449 = DIRECTION('',(0.,0.,1.));
#1450 = DIRECTION('',(1.,0.,-0.));
#1451 = PCURVE('',#455,#1452);
#1452 = DEFINITIONAL_REPRESENTATION('',(#1453),#1457);
#1453 = LINE('',#1454,#1455);
#1454 = CARTESIAN_POINT('',(0.,2.));
#1455 = VECTOR('',#1456,1.);
#1456 = DIRECTION('',(1.,0.));
#1457 = ( GEOMETRIC_REPRESENTATION_CONTEXT(2) 
PARAMETRIC_REPRESENTATION_CONTEXT() REPRESENTATION_CONTEXT('2D SPACE',''
  ) );
#1458 = PCURVE('',#1277,#1459);
#1459 = DEFINITIONAL_REPRESENTATION('',(#1460),#1464);
#1460 = CIRCLE('',#1461,12.);
#1461 = AXIS2_PLACEMENT_2D('',#1462,#1463);
#1462 = CARTESIAN_POINT('',(100.,-24.99999999795));
#1463 = DIRECTION('',(1.,0.));
#1464 = ( GEOMETRIC_REPRESENTATION_CONTEXT(2) 
PARAMETRIC_REPRESENTATION_CONTEXT() REPRESENTATION_CONTEXT('2D SPACE',''
  ) );
#1465 = ADVANCED_FACE('',(#1466),#486,.F.);
#1466 = FACE_BOUND('',#1467,.F.);
#1467 = EDGE_LOOP('',(#1468,#1469,#1490,#1491));
#1468 = ORIENTED_EDGE('',*,*,#469,.F.);
#1469 = ORIENTED_EDGE('',*,*,#1470,.F.);
#1470 = EDGE_CURVE('',#1099,#470,#1471,.T.);
#1471 = SEAM_CURVE('',#1472,(#1476,#1483),.PCURVE_S1.);
#1472 = LINE('',#1473,#1474);
#1473 = CARTESIAN_POINT('',(-155.3,-4.163799117101E-16,-2.5));
#1474 = VECTOR('',#1475,1.);
#1475 = DIRECTION('',(0.,0.,1.));
#1476 = PCURVE('',#486,#1477);
#1477 = DEFINITIONAL_REPRESENTATION('',(#1478),#1482);
#1478 = LINE('',#1479,#1480);
#1479 = CARTESIAN_POINT('',(6.28318530718,-0.));
#1480 = VECTOR('',#1481,1.);
#1481 = DIRECTION('',(0.,1.));
#1482 = ( GEOMETRIC_REPRESENTATION_CONTEXT(2) 
PARAMETRIC_REPRESENTATION_CONTEXT() REPRESENTATION_CONTEXT('2D SPACE',''
  ) );
#1483 = PCURVE('',#486,#1484);
#1484 = DEFINITIONAL_REPRESENTATION('',(#1485),#1489);
#1485 = LINE('',#1486,#1487);
#1486 = CARTESIAN_POINT('',(0.,-0.));
#1487 = VECTOR('',#1488,1.);
#1488 = DIRECTION('',(0.,1.));
#1489 = ( GEOMETRIC_REPRESENTATION_CONTEXT(2) 
PARAMETRIC_REPRESENTATION_CONTEXT() REPRESENTATION_CONTEXT('2D SPACE',''
  ) );
#1490 = ORIENTED_EDGE('',*,*,#1098,.T.);
#1491 = ORIENTED_EDGE('',*,*,#1470,.T.);
#1492 = ADVANCED_FACE('',(#1493),#517,.F.);
#1493 = FACE_BOUND('',#1494,.F.);
#1494 = EDGE_LOOP('',(#1495,#1518,#1519,#1520));
#1495 = ORIENTED_EDGE('',*,*,#1496,.T.);
#1496 = EDGE_CURVE('',#1497,#501,#1499,.T.);
#1497 = VERTEX_POINT('',#1498);
#1498 = CARTESIAN_POINT('',(-97.25,27.261636870193,-0.5));
#1499 = SEAM_CURVE('',#1500,(#1504,#1511),.PCURVE_S1.);
#1500 = LINE('',#1501,#1502);
#1501 = CARTESIAN_POINT('',(-97.25,27.261636870193,-2.5));
#1502 = VECTOR('',#1503,1.);
#1503 = DIRECTION('',(0.,0.,1.));
#1504 = PCURVE('',#517,#1505);
#1505 = DEFINITIONAL_REPRESENTATION('',(#1506),#1510);
#1506 = LINE('',#1507,#1508);
#1507 = CARTESIAN_POINT('',(6.28318530718,-0.));
#1508 = VECTOR('',#1509,1.);
#1509 = DIRECTION('',(0.,1.));
#1510 = ( GEOMETRIC_REPRESENTATION_CONTEXT(2) 
PARAMETRIC_REPRESENTATION_CONTEXT() REPRESENTATION_CONTEXT('2D SPACE',''
  ) );
#1511 = PCURVE('',#517,#1512);
#1512 = DEFINITIONAL_REPRESENTATION('',(#1513),#1517);
#1513 = LINE('',#1514,#1515);
#1514 = CARTESIAN_POINT('',(0.,-0.));
#1515 = VECTOR('',#1516,1.);
#1516 = DIRECTION('',(0.,1.));
#1517 = ( GEOMETRIC_REPRESENTATION_CONTEXT(2) 
PARAMETRIC_REPRESENTATION_CONTEXT() REPRESENTATION_CONTEXT('2D SPACE',''
  ) );
#1518 = ORIENTED_EDGE('',*,*,#500,.F.);
#1519 = ORIENTED_EDGE('',*,*,#1496,.F.);
#1520 = ORIENTED_EDGE('',*,*,#1521,.T.);
#1521 = EDGE_CURVE('',#1497,#1497,#1522,.T.);
#1522 = SURFACE_CURVE('',#1523,(#1528,#1535),.PCURVE_S1.);
#1523 = CIRCLE('',#1524,2.75);
#1524 = AXIS2_PLACEMENT_3D('',#1525,#1526,#1527);
#1525 = CARTESIAN_POINT('',(-100.,27.261636870193,-0.5));
#1526 = DIRECTION('',(0.,0.,1.));
#1527 = DIRECTION('',(1.,0.,-0.));
#1528 = PCURVE('',#517,#1529);
#1529 = DEFINITIONAL_REPRESENTATION('',(#1530),#1534);
#1530 = LINE('',#1531,#1532);
#1531 = CARTESIAN_POINT('',(0.,2.));
#1532 = VECTOR('',#1533,1.);
#1533 = DIRECTION('',(1.,0.));
#1534 = ( GEOMETRIC_REPRESENTATION_CONTEXT(2) 
PARAMETRIC_REPRESENTATION_CONTEXT() REPRESENTATION_CONTEXT('2D SPACE',''
  ) );
#1535 = PCURVE('',#1277,#1536);
#1536 = DEFINITIONAL_REPRESENTATION('',(#1537),#1541);
#1537 = CIRCLE('',#1538,2.75);
#1538 = AXIS2_PLACEMENT_2D('',#1539,#1540);
#1539 = CARTESIAN_POINT('',(-100.,40.00000000205));
#1540 = DIRECTION('',(1.,0.));
#1541 = ( GEOMETRIC_REPRESENTATION_CONTEXT(2) 
PARAMETRIC_REPRESENTATION_CONTEXT() REPRESENTATION_CONTEXT('2D SPACE',''
  ) );
#1542 = ADVANCED_FACE('',(#1543),#548,.F.);
#1543 = FACE_BOUND('',#1544,.F.);
#1544 = EDGE_LOOP('',(#1545,#1568,#1569,#1570));
#1545 = ORIENTED_EDGE('',*,*,#1546,.T.);
#1546 = EDGE_CURVE('',#1547,#532,#1549,.T.);
#1547 = VERTEX_POINT('',#1548);
#1548 = CARTESIAN_POINT('',(-46.,7.261636870193,-0.5));
#1549 = SEAM_CURVE('',#1550,(#1554,#1561),.PCURVE_S1.);
#1550 = LINE('',#1551,#1552);
#1551 = CARTESIAN_POINT('',(-46.,7.261636870193,-2.5));
#1552 = VECTOR('',#1553,1.);
#1553 = DIRECTION('',(0.,0.,1.));
#1554 = PCURVE('',#548,#1555);
#1555 = DEFINITIONAL_REPRESENTATION('',(#1556),#1560);
#1556 = LINE('',#1557,#1558);
#1557 = CARTESIAN_POINT('',(6.28318530718,-0.));
#1558 = VECTOR('',#1559,1.);
#1559 = DIRECTION('',(0.,1.));
#1560 = ( GEOMETRIC_REPRESENTATION_CONTEXT(2) 
PARAMETRIC_REPRESENTATION_CONTEXT() REPRESENTATION_CONTEXT('2D SPACE',''
  ) );
#1561 = PCURVE('',#548,#1562);
#1562 = DEFINITIONAL_REPRESENTATION('',(#1563),#1567);
#1563 = LINE('',#1564,#1565);
#1564 = CARTESIAN_POINT('',(0.,-0.));
#1565 = VECTOR('',#1566,1.);
#1566 = DIRECTION('',(0.,1.));
#1567 = ( GEOMETRIC_REPRESENTATION_CONTEXT(2) 
PARAMETRIC_REPRESENTATION_CONTEXT() REPRESENTATION_CONTEXT('2D SPACE',''
  ) );
#1568 = ORIENTED_EDGE('',*,*,#531,.F.);
#1569 = ORIENTED_EDGE('',*,*,#1546,.F.);
#1570 = ORIENTED_EDGE('',*,*,#1571,.T.);
#1571 = EDGE_CURVE('',#1547,#1547,#1572,.T.);
#1572 = SURFACE_CURVE('',#1573,(#1578,#1585),.PCURVE_S1.);
#1573 = CIRCLE('',#1574,12.);
#1574 = AXIS2_PLACEMENT_3D('',#1575,#1576,#1577);
#1575 = CARTESIAN_POINT('',(-58.,7.261636870193,-0.5));
#1576 = DIRECTION('',(0.,0.,1.));
#1577 = DIRECTION('',(1.,0.,-0.));
#1578 = PCURVE('',#548,#1579);
#1579 = DEFINITIONAL_REPRESENTATION('',(#1580),#1584);
#1580 = LINE('',#1581,#1582);
#1581 = CARTESIAN_POINT('',(0.,2.));
#1582 = VECTOR('',#1583,1.);
#1583 = DIRECTION('',(1.,0.));
#1584 = ( GEOMETRIC_REPRESENTATION_CONTEXT(2) 
PARAMETRIC_REPRESENTATION_CONTEXT() REPRESENTATION_CONTEXT('2D SPACE',''
  ) );
#1585 = PCURVE('',#1277,#1586);
#1586 = DEFINITIONAL_REPRESENTATION('',(#1587),#1591);
#1587 = CIRCLE('',#1588,12.);
#1588 = AXIS2_PLACEMENT_2D('',#1589,#1590);
#1589 = CARTESIAN_POINT('',(-58.,20.00000000205));
#1590 = DIRECTION('',(1.,0.));
#1591 = ( GEOMETRIC_REPRESENTATION_CONTEXT(2) 
PARAMETRIC_REPRESENTATION_CONTEXT() REPRESENTATION_CONTEXT('2D SPACE',''
  ) );
#1592 = ADVANCED_FACE('',(#1593),#579,.F.);
#1593 = FACE_BOUND('',#1594,.F.);
#1594 = EDGE_LOOP('',(#1595,#1618,#1619,#1620));
#1595 = ORIENTED_EDGE('',*,*,#1596,.T.);
#1596 = EDGE_CURVE('',#1597,#563,#1599,.T.);
#1597 = VERTEX_POINT('',#1598);
#1598 = CARTESIAN_POINT('',(-13.25,27.261636870193,-0.5));
#1599 = SEAM_CURVE('',#1600,(#1604,#1611),.PCURVE_S1.);
#1600 = LINE('',#1601,#1602);
#1601 = CARTESIAN_POINT('',(-13.25,27.261636870193,-2.5));
#1602 = VECTOR('',#1603,1.);
#1603 = DIRECTION('',(0.,0.,1.));
#1604 = PCURVE('',#579,#1605);
#1605 = DEFINITIONAL_REPRESENTATION('',(#1606),#1610);
#1606 = LINE('',#1607,#1608);
#1607 = CARTESIAN_POINT('',(6.28318530718,-0.));
#1608 = VECTOR('',#1609,1.);
#1609 = DIRECTION('',(0.,1.));
#1610 = ( GEOMETRIC_REPRESENTATION_CONTEXT(2) 
PARAMETRIC_REPRESENTATION_CONTEXT() REPRESENTATION_CONTEXT('2D SPACE',''
  ) );
#1611 = PCURVE('',#579,#1612);
#1612 = DEFINITIONAL_REPRESENTATION('',(#1613),#1617);
#1613 = LINE('',#1614,#1615);
#1614 = CARTESIAN_POINT('',(0.,-0.));
#1615 = VECTOR('',#1616,1.);
#1616 = DIRECTION('',(0.,1.));
#1617 = ( GEOMETRIC_REPRESENTATION_CONTEXT(2) 
PARAMETRIC_REPRESENTATION_CONTEXT() REPRESENTATION_CONTEXT('2D SPACE',''
  ) );
#1618 = ORIENTED_EDGE('',*,*,#562,.F.);
#1619 = ORIENTED_EDGE('',*,*,#1596,.F.);
#1620 = ORIENTED_EDGE('',*,*,#1621,.T.);
#1621 = EDGE_CURVE('',#1597,#1597,#1622,.T.);
#1622 = SURFACE_CURVE('',#1623,(#1628,#1635),.PCURVE_S1.);
#1623 = CIRCLE('',#1624,2.75);
#1624 = AXIS2_PLACEMENT_3D('',#1625,#1626,#1627);
#1625 = CARTESIAN_POINT('',(-16.,27.261636870193,-0.5));
#1626 = DIRECTION('',(0.,0.,1.));
#1627 = DIRECTION('',(1.,0.,-0.));
#1628 = PCURVE('',#579,#1629);
#1629 = DEFINITIONAL_REPRESENTATION('',(#1630),#1634);
#1630 = LINE('',#1631,#1632);
#1631 = CARTESIAN_POINT('',(0.,2.));
#1632 = VECTOR('',#1633,1.);
#1633 = DIRECTION('',(1.,0.));
#1634 = ( GEOMETRIC_REPRESENTATION_CONTEXT(2) 
PARAMETRIC_REPRESENTATION_CONTEXT() REPRESENTATION_CONTEXT('2D SPACE',''
  ) );
#1635 = PCURVE('',#1277,#1636);
#1636 = DEFINITIONAL_REPRESENTATION('',(#1637),#1641);
#1637 = CIRCLE('',#1638,2.75);
#1638 = AXIS2_PLACEMENT_2D('',#1639,#1640);
#1639 = CARTESIAN_POINT('',(-16.,40.00000000205));
#1640 = DIRECTION('',(1.,0.));
#1641 = ( GEOMETRIC_REPRESENTATION_CONTEXT(2) 
PARAMETRIC_REPRESENTATION_CONTEXT() REPRESENTATION_CONTEXT('2D SPACE',''
  ) );
#1642 = ADVANCED_FACE('',(#1643),#610,.F.);
#1643 = FACE_BOUND('',#1644,.F.);
#1644 = EDGE_LOOP('',(#1645,#1646,#1667,#1668));
#1645 = ORIENTED_EDGE('',*,*,#593,.F.);
#1646 = ORIENTED_EDGE('',*,*,#1647,.F.);
#1647 = EDGE_CURVE('',#1125,#594,#1648,.T.);
#1648 = SEAM_CURVE('',#1649,(#1653,#1660),.PCURVE_S1.);
#1649 = LINE('',#1650,#1651);
#1650 = CARTESIAN_POINT('',(-155.3,63.261636870193,-2.5));
#1651 = VECTOR('',#1652,1.);
#1652 = DIRECTION('',(0.,0.,1.));
#1653 = PCURVE('',#610,#1654);
#1654 = DEFINITIONAL_REPRESENTATION('',(#1655),#1659);
#1655 = LINE('',#1656,#1657);
#1656 = CARTESIAN_POINT('',(6.28318530718,-0.));
#1657 = VECTOR('',#1658,1.);
#1658 = DIRECTION('',(0.,1.));
#1659 = ( GEOMETRIC_REPRESENTATION_CONTEXT(2) 
PARAMETRIC_REPRESENTATION_CONTEXT() REPRESENTATION_CONTEXT('2D SPACE',''
  ) );
#1660 = PCURVE('',#610,#1661);
#1661 = DEFINITIONAL_REPRESENTATION('',(#1662),#1666);
#1662 = LINE('',#1663,#1664);
#1663 = CARTESIAN_POINT('',(0.,-0.));
#1664 = VECTOR('',#1665,1.);
#1665 = DIRECTION('',(0.,1.));
#1666 = ( GEOMETRIC_REPRESENTATION_CONTEXT(2) 
PARAMETRIC_REPRESENTATION_CONTEXT() REPRESENTATION_CONTEXT('2D SPACE',''
  ) );
#1667 = ORIENTED_EDGE('',*,*,#1124,.T.);
#1668 = ORIENTED_EDGE('',*,*,#1647,.T.);
#1669 = ADVANCED_FACE('',(#1670),#641,.F.);
#1670 = FACE_BOUND('',#1671,.F.);
#1671 = EDGE_LOOP('',(#1672,#1695,#1696,#1697));
#1672 = ORIENTED_EDGE('',*,*,#1673,.T.);
#1673 = EDGE_CURVE('',#1674,#625,#1676,.T.);
#1674 = VERTEX_POINT('',#1675);
#1675 = CARTESIAN_POINT('',(37.,10.261636870193,-0.5));
#1676 = SEAM_CURVE('',#1677,(#1681,#1688),.PCURVE_S1.);
#1677 = LINE('',#1678,#1679);
#1678 = CARTESIAN_POINT('',(37.,10.261636870193,-2.5));
#1679 = VECTOR('',#1680,1.);
#1680 = DIRECTION('',(0.,0.,1.));
#1681 = PCURVE('',#641,#1682);
#1682 = DEFINITIONAL_REPRESENTATION('',(#1683),#1687);
#1683 = LINE('',#1684,#1685);
#1684 = CARTESIAN_POINT('',(6.28318530718,-0.));
#1685 = VECTOR('',#1686,1.);
#1686 = DIRECTION('',(0.,1.));
#1687 = ( GEOMETRIC_REPRESENTATION_CONTEXT(2) 
PARAMETRIC_REPRESENTATION_CONTEXT() REPRESENTATION_CONTEXT('2D SPACE',''
  ) );
#1688 = PCURVE('',#641,#1689);
#1689 = DEFINITIONAL_REPRESENTATION('',(#1690),#1694);
#1690 = LINE('',#1691,#1692);
#1691 = CARTESIAN_POINT('',(0.,-0.));
#1692 = VECTOR('',#1693,1.);
#1693 = DIRECTION('',(0.,1.));
#1694 = ( GEOMETRIC_REPRESENTATION_CONTEXT(2) 
PARAMETRIC_REPRESENTATION_CONTEXT() REPRESENTATION_CONTEXT('2D SPACE',''
  ) );
#1695 = ORIENTED_EDGE('',*,*,#624,.F.);
#1696 = ORIENTED_EDGE('',*,*,#1673,.F.);
#1697 = ORIENTED_EDGE('',*,*,#1698,.T.);
#1698 = EDGE_CURVE('',#1674,#1674,#1699,.T.);
#1699 = SURFACE_CURVE('',#1700,(#1705,#1712),.PCURVE_S1.);
#1700 = CIRCLE('',#1701,15.);
#1701 = AXIS2_PLACEMENT_3D('',#1702,#1703,#1704);
#1702 = CARTESIAN_POINT('',(22.,10.261636870193,-0.5));
#1703 = DIRECTION('',(0.,0.,1.));
#1704 = DIRECTION('',(1.,0.,-0.));
#1705 = PCURVE('',#641,#1706);
#1706 = DEFINITIONAL_REPRESENTATION('',(#1707),#1711);
#1707 = LINE('',#1708,#1709);
#1708 = CARTESIAN_POINT('',(0.,2.));
#1709 = VECTOR('',#1710,1.);
#1710 = DIRECTION('',(1.,0.));
#1711 = ( GEOMETRIC_REPRESENTATION_CONTEXT(2) 
PARAMETRIC_REPRESENTATION_CONTEXT() REPRESENTATION_CONTEXT('2D SPACE',''
  ) );
#1712 = PCURVE('',#1277,#1713);
#1713 = DEFINITIONAL_REPRESENTATION('',(#1714),#1718);
#1714 = CIRCLE('',#1715,15.);
#1715 = AXIS2_PLACEMENT_2D('',#1716,#1717);
#1716 = CARTESIAN_POINT('',(22.,23.00000000205));
#1717 = DIRECTION('',(1.,0.));
#1718 = ( GEOMETRIC_REPRESENTATION_CONTEXT(2) 
PARAMETRIC_REPRESENTATION_CONTEXT() REPRESENTATION_CONTEXT('2D SPACE',''
  ) );
#1719 = ADVANCED_FACE('',(#1720),#672,.F.);
#1720 = FACE_BOUND('',#1721,.F.);
#1721 = EDGE_LOOP('',(#1722,#1745,#1746,#1747));
#1722 = ORIENTED_EDGE('',*,*,#1723,.T.);
#1723 = EDGE_CURVE('',#1724,#656,#1726,.T.);
#1724 = VERTEX_POINT('',#1725);
#1725 = CARTESIAN_POINT('',(81.,10.261636870193,-0.5));
#1726 = SEAM_CURVE('',#1727,(#1731,#1738),.PCURVE_S1.);
#1727 = LINE('',#1728,#1729);
#1728 = CARTESIAN_POINT('',(81.,10.261636870193,-2.5));
#1729 = VECTOR('',#1730,1.);
#1730 = DIRECTION('',(0.,0.,1.));
#1731 = PCURVE('',#672,#1732);
#1732 = DEFINITIONAL_REPRESENTATION('',(#1733),#1737);
#1733 = LINE('',#1734,#1735);
#1734 = CARTESIAN_POINT('',(6.28318530718,-0.));
#1735 = VECTOR('',#1736,1.);
#1736 = DIRECTION('',(0.,1.));
#1737 = ( GEOMETRIC_REPRESENTATION_CONTEXT(2) 
PARAMETRIC_REPRESENTATION_CONTEXT() REPRESENTATION_CONTEXT('2D SPACE',''
  ) );
#1738 = PCURVE('',#672,#1739);
#1739 = DEFINITIONAL_REPRESENTATION('',(#1740),#1744);
#1740 = LINE('',#1741,#1742);
#1741 = CARTESIAN_POINT('',(0.,-0.));
#1742 = VECTOR('',#1743,1.);
#1743 = DIRECTION('',(0.,1.));
#1744 = ( GEOMETRIC_REPRESENTATION_CONTEXT(2) 
PARAMETRIC_REPRESENTATION_CONTEXT() REPRESENTATION_CONTEXT('2D SPACE',''
  ) );
#1745 = ORIENTED_EDGE('',*,*,#655,.F.);
#1746 = ORIENTED_EDGE('',*,*,#1723,.F.);
#1747 = ORIENTED_EDGE('',*,*,#1748,.T.);
#1748 = EDGE_CURVE('',#1724,#1724,#1749,.T.);
#1749 = SURFACE_CURVE('',#1750,(#1755,#1762),.PCURVE_S1.);
#1750 = CIRCLE('',#1751,15.);
#1751 = AXIS2_PLACEMENT_3D('',#1752,#1753,#1754);
#1752 = CARTESIAN_POINT('',(66.,10.261636870193,-0.5));
#1753 = DIRECTION('',(0.,0.,1.));
#1754 = DIRECTION('',(1.,0.,-0.));
#1755 = PCURVE('',#672,#1756);
#1756 = DEFINITIONAL_REPRESENTATION('',(#1757),#1761);
#1757 = LINE('',#1758,#1759);
#1758 = CARTESIAN_POINT('',(0.,2.));
#1759 = VECTOR('',#1760,1.);
#1760 = DIRECTION('',(1.,0.));
#1761 = ( GEOMETRIC_REPRESENTATION_CONTEXT(2) 
PARAMETRIC_REPRESENTATION_CONTEXT() REPRESENTATION_CONTEXT('2D SPACE',''
  ) );
#1762 = PCURVE('',#1277,#1763);
#1763 = DEFINITIONAL_REPRESENTATION('',(#1764),#1768);
#1764 = CIRCLE('',#1765,15.);
#1765 = AXIS2_PLACEMENT_2D('',#1766,#1767);
#1766 = CARTESIAN_POINT('',(66.,23.00000000205));
#1767 = DIRECTION('',(1.,0.));
#1768 = ( GEOMETRIC_REPRESENTATION_CONTEXT(2) 
PARAMETRIC_REPRESENTATION_CONTEXT() REPRESENTATION_CONTEXT('2D SPACE',''
  ) );
#1769 = ADVANCED_FACE('',(#1770),#703,.F.);
#1770 = FACE_BOUND('',#1771,.F.);
#1771 = EDGE_LOOP('',(#1772,#1773,#1794,#1795));
#1772 = ORIENTED_EDGE('',*,*,#686,.F.);
#1773 = ORIENTED_EDGE('',*,*,#1774,.F.);
#1774 = EDGE_CURVE('',#1151,#687,#1775,.T.);
#1775 = SEAM_CURVE('',#1776,(#1780,#1787),.PCURVE_S1.);
#1776 = LINE('',#1777,#1778);
#1777 = CARTESIAN_POINT('',(158.7,-4.163799117101E-16,-2.5));
#1778 = VECTOR('',#1779,1.);
#1779 = DIRECTION('',(0.,0.,1.));
#1780 = PCURVE('',#703,#1781);
#1781 = DEFINITIONAL_REPRESENTATION('',(#1782),#1786);
#1782 = LINE('',#1783,#1784);
#1783 = CARTESIAN_POINT('',(6.28318530718,-0.));
#1784 = VECTOR('',#1785,1.);
#1785 = DIRECTION('',(0.,1.));
#1786 = ( GEOMETRIC_REPRESENTATION_CONTEXT(2) 
PARAMETRIC_REPRESENTATION_CONTEXT() REPRESENTATION_CONTEXT('2D SPACE',''
  ) );
#1787 = PCURVE('',#703,#1788);
#1788 = DEFINITIONAL_REPRESENTATION('',(#1789),#1793);
#1789 = LINE('',#1790,#1791);
#1790 = CARTESIAN_POINT('',(0.,-0.));
#1791 = VECTOR('',#1792,1.);
#1792 = DIRECTION('',(0.,1.));
#1793 = ( GEOMETRIC_REPRESENTATION_CONTEXT(2) 
PARAMETRIC_REPRESENTATION_CONTEXT() REPRESENTATION_CONTEXT('2D SPACE',''
  ) );
#1794 = ORIENTED_EDGE('',*,*,#1150,.T.);
#1795 = ORIENTED_EDGE('',*,*,#1774,.T.);
#1796 = ADVANCED_FACE('',(#1797),#734,.F.);
#1797 = FACE_BOUND('',#1798,.F.);
#1798 = EDGE_LOOP('',(#1799,#1800,#1821,#1822));
#1799 = ORIENTED_EDGE('',*,*,#717,.F.);
#1800 = ORIENTED_EDGE('',*,*,#1801,.F.);
#1801 = EDGE_CURVE('',#1177,#718,#1802,.T.);
#1802 = SEAM_CURVE('',#1803,(#1807,#1814),.PCURVE_S1.);
#1803 = LINE('',#1804,#1805);
#1804 = CARTESIAN_POINT('',(158.7,63.261636870193,-2.5));
#1805 = VECTOR('',#1806,1.);
#1806 = DIRECTION('',(0.,0.,1.));
#1807 = PCURVE('',#734,#1808);
#1808 = DEFINITIONAL_REPRESENTATION('',(#1809),#1813);
#1809 = LINE('',#1810,#1811);
#1810 = CARTESIAN_POINT('',(6.28318530718,-0.));
#1811 = VECTOR('',#1812,1.);
#1812 = DIRECTION('',(0.,1.));
#1813 = ( GEOMETRIC_REPRESENTATION_CONTEXT(2) 
PARAMETRIC_REPRESENTATION_CONTEXT() REPRESENTATION_CONTEXT('2D SPACE',''
  ) );
#1814 = PCURVE('',#734,#1815);
#1815 = DEFINITIONAL_REPRESENTATION('',(#1816),#1820);
#1816 = LINE('',#1817,#1818);
#1817 = CARTESIAN_POINT('',(0.,-0.));
#1818 = VECTOR('',#1819,1.);
#1819 = DIRECTION('',(0.,1.));
#1820 = ( GEOMETRIC_REPRESENTATION_CONTEXT(2) 
PARAMETRIC_REPRESENTATION_CONTEXT() REPRESENTATION_CONTEXT('2D SPACE',''
  ) );
#1821 = ORIENTED_EDGE('',*,*,#1176,.T.);
#1822 = ORIENTED_EDGE('',*,*,#1801,.T.);
#1823 = ADVANCED_FACE('',(#1824),#895,.F.);
#1824 = FACE_BOUND('',#1825,.T.);
#1825 = EDGE_LOOP('',(#1826,#1856,#1877,#1878));
#1826 = ORIENTED_EDGE('',*,*,#1827,.F.);
#1827 = EDGE_CURVE('',#1828,#1830,#1832,.T.);
#1828 = VERTEX_POINT('',#1829);
#1829 = CARTESIAN_POINT('',(-116.,-60.73836312981,-0.5));
#1830 = VERTEX_POINT('',#1831);
#1831 = CARTESIAN_POINT('',(-120.,-56.73836312981,-0.5));
#1832 = SURFACE_CURVE('',#1833,(#1838,#1845),.PCURVE_S1.);
#1833 = CIRCLE('',#1834,4.);
#1834 = AXIS2_PLACEMENT_3D('',#1835,#1836,#1837);
#1835 = CARTESIAN_POINT('',(-116.,-56.73836312981,-0.5));
#1836 = DIRECTION('',(0.,0.,-1.));
#1837 = DIRECTION('',(-1.,0.,0.));
#1838 = PCURVE('',#895,#1839);
#1839 = DEFINITIONAL_REPRESENTATION('',(#1840),#1844);
#1840 = LINE('',#1841,#1842);
#1841 = CARTESIAN_POINT('',(-0.,0.));
#1842 = VECTOR('',#1843,1.);
#1843 = DIRECTION('',(-1.,0.));
#1844 = ( GEOMETRIC_REPRESENTATION_CONTEXT(2) 
PARAMETRIC_REPRESENTATION_CONTEXT() REPRESENTATION_CONTEXT('2D SPACE',''
  ) );
#1845 = PCURVE('',#1277,#1846);
#1846 = DEFINITIONAL_REPRESENTATION('',(#1847),#1855);
#1847 = ( BOUNDED_CURVE() B_SPLINE_CURVE(2,(#1848,#1849,#1850,#1851,
#1852,#1853,#1854),.UNSPECIFIED.,.T.,.F.) B_SPLINE_CURVE_WITH_KNOTS((1,2
    ,2,2,2,1),(-2.094395102393,0.,2.094395102393,4.188790204786,
6.28318530718,8.377580409573),.UNSPECIFIED.) CURVE() 
GEOMETRIC_REPRESENTATION_ITEM() RATIONAL_B_SPLINE_CURVE((1.,0.5,1.,0.5,
1.,0.5,1.)) REPRESENTATION_ITEM('') );
#1848 = CARTESIAN_POINT('',(-120.,-43.99999999795));
#1849 = CARTESIAN_POINT('',(-120.,-37.07179676767));
#1850 = CARTESIAN_POINT('',(-114.,-40.53589838281));
#1851 = CARTESIAN_POINT('',(-108.,-43.99999999795));
#1852 = CARTESIAN_POINT('',(-114.,-47.46410161309));
#1853 = CARTESIAN_POINT('',(-120.,-50.92820322823));
#1854 = CARTESIAN_POINT('',(-120.,-43.99999999795));
#1855 = ( GEOMETRIC_REPRESENTATION_CONTEXT(2) 
PARAMETRIC_REPRESENTATION_CONTEXT() REPRESENTATION_CONTEXT('2D SPACE',''
  ) );
#1856 = ORIENTED_EDGE('',*,*,#1857,.T.);
#1857 = EDGE_CURVE('',#1828,#879,#1858,.T.);
#1858 = SURFACE_CURVE('',#1859,(#1863,#1870),.PCURVE_S1.);
#1859 = LINE('',#1860,#1861);
#1860 = CARTESIAN_POINT('',(-116.,-60.73836312981,-0.5));
#1861 = VECTOR('',#1862,1.);
#1862 = DIRECTION('',(-0.,-0.,-1.));
#1863 = PCURVE('',#895,#1864);
#1864 = DEFINITIONAL_REPRESENTATION('',(#1865),#1869);
#1865 = LINE('',#1866,#1867);
#1866 = CARTESIAN_POINT('',(-4.712388980385,0.));
#1867 = VECTOR('',#1868,1.);
#1868 = DIRECTION('',(-0.,-1.));
#1869 = ( GEOMETRIC_REPRESENTATION_CONTEXT(2) 
PARAMETRIC_REPRESENTATION_CONTEXT() REPRESENTATION_CONTEXT('2D SPACE',''
  ) );
#1870 = PCURVE('',#1085,#1871);
#1871 = DEFINITIONAL_REPRESENTATION('',(#1872),#1876);
#1872 = LINE('',#1873,#1874);
#1873 = CARTESIAN_POINT('',(0.,0.));
#1874 = VECTOR('',#1875,1.);
#1875 = DIRECTION('',(0.,-1.));
#1876 = ( GEOMETRIC_REPRESENTATION_CONTEXT(2) 
PARAMETRIC_REPRESENTATION_CONTEXT() REPRESENTATION_CONTEXT('2D SPACE',''
  ) );
#1877 = ORIENTED_EDGE('',*,*,#876,.F.);
#1878 = ORIENTED_EDGE('',*,*,#1879,.F.);
#1879 = EDGE_CURVE('',#1830,#877,#1880,.T.);
#1880 = SURFACE_CURVE('',#1881,(#1885,#1892),.PCURVE_S1.);
#1881 = LINE('',#1882,#1883);
#1882 = CARTESIAN_POINT('',(-120.,-56.73836312981,-0.5));
#1883 = VECTOR('',#1884,1.);
#1884 = DIRECTION('',(-0.,-0.,-1.));
#1885 = PCURVE('',#895,#1886);
#1886 = DEFINITIONAL_REPRESENTATION('',(#1887),#1891);
#1887 = LINE('',#1888,#1889);
#1888 = CARTESIAN_POINT('',(-6.28318530718,0.));
#1889 = VECTOR('',#1890,1.);
#1890 = DIRECTION('',(-0.,-1.));
#1891 = ( GEOMETRIC_REPRESENTATION_CONTEXT(2) 
PARAMETRIC_REPRESENTATION_CONTEXT() REPRESENTATION_CONTEXT('2D SPACE',''
  ) );
#1892 = PCURVE('',#922,#1893);
#1893 = DEFINITIONAL_REPRESENTATION('',(#1894),#1898);
#1894 = LINE('',#1895,#1896);
#1895 = CARTESIAN_POINT('',(0.,0.));
#1896 = VECTOR('',#1897,1.);
#1897 = DIRECTION('',(0.,-1.));
#1898 = ( GEOMETRIC_REPRESENTATION_CONTEXT(2) 
PARAMETRIC_REPRESENTATION_CONTEXT() REPRESENTATION_CONTEXT('2D SPACE',''
  ) );
#1899 = ADVANCED_FACE('',(#1900),#1085,.F.);
#1900 = FACE_BOUND('',#1901,.F.);
#1901 = EDGE_LOOP('',(#1902,#1925,#1926,#1927));
#1902 = ORIENTED_EDGE('',*,*,#1903,.F.);
#1903 = EDGE_CURVE('',#1828,#1904,#1906,.T.);
#1904 = VERTEX_POINT('',#1905);
#1905 = CARTESIAN_POINT('',(116.,-60.73836312981,-0.5));
#1906 = SURFACE_CURVE('',#1907,(#1911,#1918),.PCURVE_S1.);
#1907 = LINE('',#1908,#1909);
#1908 = CARTESIAN_POINT('',(0.,-60.7383631298,-0.5));
#1909 = VECTOR('',#1910,1.);
#1910 = DIRECTION('',(1.,0.,0.));
#1911 = PCURVE('',#1085,#1912);
#1912 = DEFINITIONAL_REPRESENTATION('',(#1913),#1917);
#1913 = LINE('',#1914,#1915);
#1914 = CARTESIAN_POINT('',(116.,0.));
#1915 = VECTOR('',#1916,1.);
#1916 = DIRECTION('',(1.,0.));
#1917 = ( GEOMETRIC_REPRESENTATION_CONTEXT(2) 
PARAMETRIC_REPRESENTATION_CONTEXT() REPRESENTATION_CONTEXT('2D SPACE',''
  ) );
#1918 = PCURVE('',#1277,#1919);
#1919 = DEFINITIONAL_REPRESENTATION('',(#1920),#1924);
#1920 = LINE('',#1921,#1922);
#1921 = CARTESIAN_POINT('',(-4.296301847913E-15,-47.99999999795));
#1922 = VECTOR('',#1923,1.);
#1923 = DIRECTION('',(1.,0.));
#1924 = ( GEOMETRIC_REPRESENTATION_CONTEXT(2) 
PARAMETRIC_REPRESENTATION_CONTEXT() REPRESENTATION_CONTEXT('2D SPACE',''
  ) );
#1925 = ORIENTED_EDGE('',*,*,#1857,.T.);
#1926 = ORIENTED_EDGE('',*,*,#1072,.T.);
#1927 = ORIENTED_EDGE('',*,*,#1928,.F.);
#1928 = EDGE_CURVE('',#1904,#1044,#1929,.T.);
#1929 = SURFACE_CURVE('',#1930,(#1934,#1941),.PCURVE_S1.);
#1930 = LINE('',#1931,#1932);
#1931 = CARTESIAN_POINT('',(116.,-60.73836312981,-0.5));
#1932 = VECTOR('',#1933,1.);
#1933 = DIRECTION('',(-0.,-0.,-1.));
#1934 = PCURVE('',#1085,#1935);
#1935 = DEFINITIONAL_REPRESENTATION('',(#1936),#1940);
#1936 = LINE('',#1937,#1938);
#1937 = CARTESIAN_POINT('',(232.,0.));
#1938 = VECTOR('',#1939,1.);
#1939 = DIRECTION('',(0.,-1.));
#1940 = ( GEOMETRIC_REPRESENTATION_CONTEXT(2) 
PARAMETRIC_REPRESENTATION_CONTEXT() REPRESENTATION_CONTEXT('2D SPACE',''
  ) );
#1941 = PCURVE('',#1060,#1942);
#1942 = DEFINITIONAL_REPRESENTATION('',(#1943),#1947);
#1943 = LINE('',#1944,#1945);
#1944 = CARTESIAN_POINT('',(-4.712388980385,0.));
#1945 = VECTOR('',#1946,1.);
#1946 = DIRECTION('',(-0.,-1.));
#1947 = ( GEOMETRIC_REPRESENTATION_CONTEXT(2) 
PARAMETRIC_REPRESENTATION_CONTEXT() REPRESENTATION_CONTEXT('2D SPACE',''
  ) );
#1948 = ADVANCED_FACE('',(#1949),#1060,.F.);
#1949 = FACE_BOUND('',#1950,.T.);
#1950 = EDGE_LOOP('',(#1951,#1979,#2000,#2001));
#1951 = ORIENTED_EDGE('',*,*,#1952,.F.);
#1952 = EDGE_CURVE('',#1953,#1904,#1955,.T.);
#1953 = VERTEX_POINT('',#1954);
#1954 = CARTESIAN_POINT('',(120.,-56.73836312981,-0.5));
#1955 = SURFACE_CURVE('',#1956,(#1961,#1968),.PCURVE_S1.);
#1956 = CIRCLE('',#1957,4.);
#1957 = AXIS2_PLACEMENT_3D('',#1958,#1959,#1960);
#1958 = CARTESIAN_POINT('',(116.,-56.73836312981,-0.5));
#1959 = DIRECTION('',(0.,0.,-1.));
#1960 = DIRECTION('',(-1.,0.,0.));
#1961 = PCURVE('',#1060,#1962);
#1962 = DEFINITIONAL_REPRESENTATION('',(#1963),#1967);
#1963 = LINE('',#1964,#1965);
#1964 = CARTESIAN_POINT('',(-0.,0.));
#1965 = VECTOR('',#1966,1.);
#1966 = DIRECTION('',(-1.,0.));
#1967 = ( GEOMETRIC_REPRESENTATION_CONTEXT(2) 
PARAMETRIC_REPRESENTATION_CONTEXT() REPRESENTATION_CONTEXT('2D SPACE',''
  ) );
#1968 = PCURVE('',#1277,#1969);
#1969 = DEFINITIONAL_REPRESENTATION('',(#1970),#1978);
#1970 = ( BOUNDED_CURVE() B_SPLINE_CURVE(2,(#1971,#1972,#1973,#1974,
#1975,#1976,#1977),.UNSPECIFIED.,.T.,.F.) B_SPLINE_CURVE_WITH_KNOTS((1,2
    ,2,2,2,1),(-2.094395102393,0.,2.094395102393,4.188790204786,
6.28318530718,8.377580409573),.UNSPECIFIED.) CURVE() 
GEOMETRIC_REPRESENTATION_ITEM() RATIONAL_B_SPLINE_CURVE((1.,0.5,1.,0.5,
1.,0.5,1.)) REPRESENTATION_ITEM('') );
#1971 = CARTESIAN_POINT('',(112.,-43.99999999795));
#1972 = CARTESIAN_POINT('',(112.,-37.07179676767));
#1973 = CARTESIAN_POINT('',(118.,-40.53589838281));
#1974 = CARTESIAN_POINT('',(124.,-43.99999999795));
#1975 = CARTESIAN_POINT('',(118.,-47.46410161309));
#1976 = CARTESIAN_POINT('',(112.,-50.92820322823));
#1977 = CARTESIAN_POINT('',(112.,-43.99999999795));
#1978 = ( GEOMETRIC_REPRESENTATION_CONTEXT(2) 
PARAMETRIC_REPRESENTATION_CONTEXT() REPRESENTATION_CONTEXT('2D SPACE',''
  ) );
#1979 = ORIENTED_EDGE('',*,*,#1980,.T.);
#1980 = EDGE_CURVE('',#1953,#1018,#1981,.T.);
#1981 = SURFACE_CURVE('',#1982,(#1986,#1993),.PCURVE_S1.);
#1982 = LINE('',#1983,#1984);
#1983 = CARTESIAN_POINT('',(120.,-56.73836312981,-0.5));
#1984 = VECTOR('',#1985,1.);
#1985 = DIRECTION('',(-0.,-0.,-1.));
#1986 = PCURVE('',#1060,#1987);
#1987 = DEFINITIONAL_REPRESENTATION('',(#1988),#1992);
#1988 = LINE('',#1989,#1990);
#1989 = CARTESIAN_POINT('',(-3.14159265359,0.));
#1990 = VECTOR('',#1991,1.);
#1991 = DIRECTION('',(-0.,-1.));
#1992 = ( GEOMETRIC_REPRESENTATION_CONTEXT(2) 
PARAMETRIC_REPRESENTATION_CONTEXT() REPRESENTATION_CONTEXT('2D SPACE',''
  ) );
#1993 = PCURVE('',#1032,#1994);
#1994 = DEFINITIONAL_REPRESENTATION('',(#1995),#1999);
#1995 = LINE('',#1996,#1997);
#1996 = CARTESIAN_POINT('',(0.,0.));
#1997 = VECTOR('',#1998,1.);
#1998 = DIRECTION('',(0.,-1.));
#1999 = ( GEOMETRIC_REPRESENTATION_CONTEXT(2) 
PARAMETRIC_REPRESENTATION_CONTEXT() REPRESENTATION_CONTEXT('2D SPACE',''
  ) );
#2000 = ORIENTED_EDGE('',*,*,#1043,.F.);
#2001 = ORIENTED_EDGE('',*,*,#1928,.F.);
#2002 = ADVANCED_FACE('',(#2003),#1032,.F.);
#2003 = FACE_BOUND('',#2004,.F.);
#2004 = EDGE_LOOP('',(#2005,#2028,#2029,#2030));
#2005 = ORIENTED_EDGE('',*,*,#2006,.F.);
#2006 = EDGE_CURVE('',#1953,#2007,#2009,.T.);
#2007 = VERTEX_POINT('',#2008);
#2008 = CARTESIAN_POINT('',(120.,31.261636856624,-0.5));
#2009 = SURFACE_CURVE('',#2010,(#2014,#2021),.PCURVE_S1.);
#2010 = LINE('',#2011,#2012);
#2011 = CARTESIAN_POINT('',(120.,-12.7383631298,-0.5));
#2012 = VECTOR('',#2013,1.);
#2013 = DIRECTION('',(0.,1.,0.));
#2014 = PCURVE('',#1032,#2015);
#2015 = DEFINITIONAL_REPRESENTATION('',(#2016),#2020);
#2016 = LINE('',#2017,#2018);
#2017 = CARTESIAN_POINT('',(44.000000000005,0.));
#2018 = VECTOR('',#2019,1.);
#2019 = DIRECTION('',(1.,0.));
#2020 = ( GEOMETRIC_REPRESENTATION_CONTEXT(2) 
PARAMETRIC_REPRESENTATION_CONTEXT() REPRESENTATION_CONTEXT('2D SPACE',''
  ) );
#2021 = PCURVE('',#1277,#2022);
#2022 = DEFINITIONAL_REPRESENTATION('',(#2023),#2027);
#2023 = LINE('',#2024,#2025);
#2024 = CARTESIAN_POINT('',(120.,2.05034481084E-09));
#2025 = VECTOR('',#2026,1.);
#2026 = DIRECTION('',(0.,1.));
#2027 = ( GEOMETRIC_REPRESENTATION_CONTEXT(2) 
PARAMETRIC_REPRESENTATION_CONTEXT() REPRESENTATION_CONTEXT('2D SPACE',''
  ) );
#2028 = ORIENTED_EDGE('',*,*,#1980,.T.);
#2029 = ORIENTED_EDGE('',*,*,#1017,.T.);
#2030 = ORIENTED_EDGE('',*,*,#2031,.F.);
#2031 = EDGE_CURVE('',#2007,#989,#2032,.T.);
#2032 = SURFACE_CURVE('',#2033,(#2037,#2044),.PCURVE_S1.);
#2033 = LINE('',#2034,#2035);
#2034 = CARTESIAN_POINT('',(120.,31.261636856624,-0.5));
#2035 = VECTOR('',#2036,1.);
#2036 = DIRECTION('',(-0.,-0.,-1.));
#2037 = PCURVE('',#1032,#2038);
#2038 = DEFINITIONAL_REPRESENTATION('',(#2039),#2043);
#2039 = LINE('',#2040,#2041);
#2040 = CARTESIAN_POINT('',(87.999999986436,0.));
#2041 = VECTOR('',#2042,1.);
#2042 = DIRECTION('',(0.,-1.));
#2043 = ( GEOMETRIC_REPRESENTATION_CONTEXT(2) 
PARAMETRIC_REPRESENTATION_CONTEXT() REPRESENTATION_CONTEXT('2D SPACE',''
  ) );
#2044 = PCURVE('',#1005,#2045);
#2045 = DEFINITIONAL_REPRESENTATION('',(#2046),#2050);
#2046 = LINE('',#2047,#2048);
#2047 = CARTESIAN_POINT('',(-3.14159265359,0.));
#2048 = VECTOR('',#2049,1.);
#2049 = DIRECTION('',(-0.,-1.));
#2050 = ( GEOMETRIC_REPRESENTATION_CONTEXT(2) 
PARAMETRIC_REPRESENTATION_CONTEXT() REPRESENTATION_CONTEXT('2D SPACE',''
  ) );
#2051 = ADVANCED_FACE('',(#2052),#1005,.F.);
#2052 = FACE_BOUND('',#2053,.T.);
#2053 = EDGE_LOOP('',(#2054,#2082,#2103,#2104));
#2054 = ORIENTED_EDGE('',*,*,#2055,.F.);
#2055 = EDGE_CURVE('',#2056,#2007,#2058,.T.);
#2056 = VERTEX_POINT('',#2057);
#2057 = CARTESIAN_POINT('',(116.,35.261636863408,-0.5));
#2058 = SURFACE_CURVE('',#2059,(#2064,#2071),.PCURVE_S1.);
#2059 = CIRCLE('',#2060,4.);
#2060 = AXIS2_PLACEMENT_3D('',#2061,#2062,#2063);
#2061 = CARTESIAN_POINT('',(116.,31.261636856624,-0.5));
#2062 = DIRECTION('',(0.,0.,-1.));
#2063 = DIRECTION('',(-1.,0.,0.));
#2064 = PCURVE('',#1005,#2065);
#2065 = DEFINITIONAL_REPRESENTATION('',(#2066),#2070);
#2066 = LINE('',#2067,#2068);
#2067 = CARTESIAN_POINT('',(-0.,0.));
#2068 = VECTOR('',#2069,1.);
#2069 = DIRECTION('',(-1.,0.));
#2070 = ( GEOMETRIC_REPRESENTATION_CONTEXT(2) 
PARAMETRIC_REPRESENTATION_CONTEXT() REPRESENTATION_CONTEXT('2D SPACE',''
  ) );
#2071 = PCURVE('',#1277,#2072);
#2072 = DEFINITIONAL_REPRESENTATION('',(#2073),#2081);
#2073 = ( BOUNDED_CURVE() B_SPLINE_CURVE(2,(#2074,#2075,#2076,#2077,
#2078,#2079,#2080),.UNSPECIFIED.,.T.,.F.) B_SPLINE_CURVE_WITH_KNOTS((1,2
    ,2,2,2,1),(-2.094395102393,0.,2.094395102393,4.188790204786,
6.28318530718,8.377580409573),.UNSPECIFIED.) CURVE() 
GEOMETRIC_REPRESENTATION_ITEM() RATIONAL_B_SPLINE_CURVE((1.,0.5,1.,0.5,
1.,0.5,1.)) REPRESENTATION_ITEM('') );
#2074 = CARTESIAN_POINT('',(112.,43.999999988481));
#2075 = CARTESIAN_POINT('',(112.,50.928203218757));
#2076 = CARTESIAN_POINT('',(118.,47.464101603619));
#2077 = CARTESIAN_POINT('',(124.,43.999999988481));
#2078 = CARTESIAN_POINT('',(118.,40.535898373343));
#2079 = CARTESIAN_POINT('',(112.,37.071796758206));
#2080 = CARTESIAN_POINT('',(112.,43.999999988481));
#2081 = ( GEOMETRIC_REPRESENTATION_CONTEXT(2) 
PARAMETRIC_REPRESENTATION_CONTEXT() REPRESENTATION_CONTEXT('2D SPACE',''
  ) );
#2082 = ORIENTED_EDGE('',*,*,#2083,.T.);
#2083 = EDGE_CURVE('',#2056,#963,#2084,.T.);
#2084 = SURFACE_CURVE('',#2085,(#2089,#2096),.PCURVE_S1.);
#2085 = LINE('',#2086,#2087);
#2086 = CARTESIAN_POINT('',(116.,35.261636863408,-0.5));
#2087 = VECTOR('',#2088,1.);
#2088 = DIRECTION('',(-0.,-0.,-1.));
#2089 = PCURVE('',#1005,#2090);
#2090 = DEFINITIONAL_REPRESENTATION('',(#2091),#2095);
#2091 = LINE('',#2092,#2093);
#2092 = CARTESIAN_POINT('',(-1.570796326795,0.));
#2093 = VECTOR('',#2094,1.);
#2094 = DIRECTION('',(-0.,-1.));
#2095 = ( GEOMETRIC_REPRESENTATION_CONTEXT(2) 
PARAMETRIC_REPRESENTATION_CONTEXT() REPRESENTATION_CONTEXT('2D SPACE',''
  ) );
#2096 = PCURVE('',#977,#2097);
#2097 = DEFINITIONAL_REPRESENTATION('',(#2098),#2102);
#2098 = LINE('',#2099,#2100);
#2099 = CARTESIAN_POINT('',(232.,0.));
#2100 = VECTOR('',#2101,1.);
#2101 = DIRECTION('',(0.,-1.));
#2102 = ( GEOMETRIC_REPRESENTATION_CONTEXT(2) 
PARAMETRIC_REPRESENTATION_CONTEXT() REPRESENTATION_CONTEXT('2D SPACE',''
  ) );
#2103 = ORIENTED_EDGE('',*,*,#988,.F.);
#2104 = ORIENTED_EDGE('',*,*,#2031,.F.);
#2105 = ADVANCED_FACE('',(#2106),#977,.T.);
#2106 = FACE_BOUND('',#2107,.T.);
#2107 = EDGE_LOOP('',(#2108,#2131,#2152,#2153));
#2108 = ORIENTED_EDGE('',*,*,#2109,.F.);
#2109 = EDGE_CURVE('',#2110,#2056,#2112,.T.);
#2110 = VERTEX_POINT('',#2111);
#2111 = CARTESIAN_POINT('',(-116.,35.261636863408,-0.5));
#2112 = SURFACE_CURVE('',#2113,(#2117,#2124),.PCURVE_S1.);
#2113 = LINE('',#2114,#2115);
#2114 = CARTESIAN_POINT('',(0.,35.261636870193,-0.5));
#2115 = VECTOR('',#2116,1.);
#2116 = DIRECTION('',(1.,0.,0.));
#2117 = PCURVE('',#977,#2118);
#2118 = DEFINITIONAL_REPRESENTATION('',(#2119),#2123);
#2119 = LINE('',#2120,#2121);
#2120 = CARTESIAN_POINT('',(116.,0.));
#2121 = VECTOR('',#2122,1.);
#2122 = DIRECTION('',(1.,0.));
#2123 = ( GEOMETRIC_REPRESENTATION_CONTEXT(2) 
PARAMETRIC_REPRESENTATION_CONTEXT() REPRESENTATION_CONTEXT('2D SPACE',''
  ) );
#2124 = PCURVE('',#1277,#2125);
#2125 = DEFINITIONAL_REPRESENTATION('',(#2126),#2130);
#2126 = LINE('',#2127,#2128);
#2127 = CARTESIAN_POINT('',(-4.296301847913E-15,48.00000000205));
#2128 = VECTOR('',#2129,1.);
#2129 = DIRECTION('',(1.,0.));
#2130 = ( GEOMETRIC_REPRESENTATION_CONTEXT(2) 
PARAMETRIC_REPRESENTATION_CONTEXT() REPRESENTATION_CONTEXT('2D SPACE',''
  ) );
#2131 = ORIENTED_EDGE('',*,*,#2132,.T.);
#2132 = EDGE_CURVE('',#2110,#934,#2133,.T.);
#2133 = SURFACE_CURVE('',#2134,(#2138,#2145),.PCURVE_S1.);
#2134 = LINE('',#2135,#2136);
#2135 = CARTESIAN_POINT('',(-116.,35.261636863408,-0.5));
#2136 = VECTOR('',#2137,1.);
#2137 = DIRECTION('',(-0.,-0.,-1.));
#2138 = PCURVE('',#977,#2139);
#2139 = DEFINITIONAL_REPRESENTATION('',(#2140),#2144);
#2140 = LINE('',#2141,#2142);
#2141 = CARTESIAN_POINT('',(0.,0.));
#2142 = VECTOR('',#2143,1.);
#2143 = DIRECTION('',(0.,-1.));
#2144 = ( GEOMETRIC_REPRESENTATION_CONTEXT(2) 
PARAMETRIC_REPRESENTATION_CONTEXT() REPRESENTATION_CONTEXT('2D SPACE',''
  ) );
#2145 = PCURVE('',#950,#2146);
#2146 = DEFINITIONAL_REPRESENTATION('',(#2147),#2151);
#2147 = LINE('',#2148,#2149);
#2148 = CARTESIAN_POINT('',(-1.570796326795,0.));
#2149 = VECTOR('',#2150,1.);
#2150 = DIRECTION('',(-0.,-1.));
#2151 = ( GEOMETRIC_REPRESENTATION_CONTEXT(2) 
PARAMETRIC_REPRESENTATION_CONTEXT() REPRESENTATION_CONTEXT('2D SPACE',''
  ) );
#2152 = ORIENTED_EDGE('',*,*,#962,.T.);
#2153 = ORIENTED_EDGE('',*,*,#2083,.F.);
#2154 = ADVANCED_FACE('',(#2155),#950,.F.);
#2155 = FACE_BOUND('',#2156,.T.);
#2156 = EDGE_LOOP('',(#2157,#2185,#2206,#2207));
#2157 = ORIENTED_EDGE('',*,*,#2158,.F.);
#2158 = EDGE_CURVE('',#2159,#2110,#2161,.T.);
#2159 = VERTEX_POINT('',#2160);
#2160 = CARTESIAN_POINT('',(-120.,31.261636856624,-0.5));
#2161 = SURFACE_CURVE('',#2162,(#2167,#2174),.PCURVE_S1.);
#2162 = CIRCLE('',#2163,4.);
#2163 = AXIS2_PLACEMENT_3D('',#2164,#2165,#2166);
#2164 = CARTESIAN_POINT('',(-116.,31.261636856624,-0.5));
#2165 = DIRECTION('',(0.,0.,-1.));
#2166 = DIRECTION('',(-1.,0.,0.));
#2167 = PCURVE('',#950,#2168);
#2168 = DEFINITIONAL_REPRESENTATION('',(#2169),#2173);
#2169 = LINE('',#2170,#2171);
#2170 = CARTESIAN_POINT('',(-0.,0.));
#2171 = VECTOR('',#2172,1.);
#2172 = DIRECTION('',(-1.,0.));
#2173 = ( GEOMETRIC_REPRESENTATION_CONTEXT(2) 
PARAMETRIC_REPRESENTATION_CONTEXT() REPRESENTATION_CONTEXT('2D SPACE',''
  ) );
#2174 = PCURVE('',#1277,#2175);
#2175 = DEFINITIONAL_REPRESENTATION('',(#2176),#2184);
#2176 = ( BOUNDED_CURVE() B_SPLINE_CURVE(2,(#2177,#2178,#2179,#2180,
#2181,#2182,#2183),.UNSPECIFIED.,.T.,.F.) B_SPLINE_CURVE_WITH_KNOTS((1,2
    ,2,2,2,1),(-2.094395102393,0.,2.094395102393,4.188790204786,
6.28318530718,8.377580409573),.UNSPECIFIED.) CURVE() 
GEOMETRIC_REPRESENTATION_ITEM() RATIONAL_B_SPLINE_CURVE((1.,0.5,1.,0.5,
1.,0.5,1.)) REPRESENTATION_ITEM('') );
#2177 = CARTESIAN_POINT('',(-120.,43.999999988481));
#2178 = CARTESIAN_POINT('',(-120.,50.928203218757));
#2179 = CARTESIAN_POINT('',(-114.,47.464101603619));
#2180 = CARTESIAN_POINT('',(-108.,43.999999988481));
#2181 = CARTESIAN_POINT('',(-114.,40.535898373343));
#2182 = CARTESIAN_POINT('',(-120.,37.071796758206));
#2183 = CARTESIAN_POINT('',(-120.,43.999999988481));
#2184 = ( GEOMETRIC_REPRESENTATION_CONTEXT(2) 
PARAMETRIC_REPRESENTATION_CONTEXT() REPRESENTATION_CONTEXT('2D SPACE',''
  ) );
#2185 = ORIENTED_EDGE('',*,*,#2186,.T.);
#2186 = EDGE_CURVE('',#2159,#908,#2187,.T.);
#2187 = SURFACE_CURVE('',#2188,(#2192,#2199),.PCURVE_S1.);
#2188 = LINE('',#2189,#2190);
#2189 = CARTESIAN_POINT('',(-120.,31.261636856624,-0.5));
#2190 = VECTOR('',#2191,1.);
#2191 = DIRECTION('',(-0.,-0.,-1.));
#2192 = PCURVE('',#950,#2193);
#2193 = DEFINITIONAL_REPRESENTATION('',(#2194),#2198);
#2194 = LINE('',#2195,#2196);
#2195 = CARTESIAN_POINT('',(-0.,0.));
#2196 = VECTOR('',#2197,1.);
#2197 = DIRECTION('',(-0.,-1.));
#2198 = ( GEOMETRIC_REPRESENTATION_CONTEXT(2) 
PARAMETRIC_REPRESENTATION_CONTEXT() REPRESENTATION_CONTEXT('2D SPACE',''
  ) );
#2199 = PCURVE('',#922,#2200);
#2200 = DEFINITIONAL_REPRESENTATION('',(#2201),#2205);
#2201 = LINE('',#2202,#2203);
#2202 = CARTESIAN_POINT('',(87.999999986436,0.));
#2203 = VECTOR('',#2204,1.);
#2204 = DIRECTION('',(0.,-1.));
#2205 = ( GEOMETRIC_REPRESENTATION_CONTEXT(2) 
PARAMETRIC_REPRESENTATION_CONTEXT() REPRESENTATION_CONTEXT('2D SPACE',''
  ) );
#2206 = ORIENTED_EDGE('',*,*,#933,.F.);
#2207 = ORIENTED_EDGE('',*,*,#2132,.F.);
#2208 = ADVANCED_FACE('',(#2209),#922,.T.);
#2209 = FACE_BOUND('',#2210,.T.);
#2210 = EDGE_LOOP('',(#2211,#2232,#2233,#2234));
#2211 = ORIENTED_EDGE('',*,*,#2212,.F.);
#2212 = EDGE_CURVE('',#1830,#2159,#2213,.T.);
#2213 = SURFACE_CURVE('',#2214,(#2218,#2225),.PCURVE_S1.);
#2214 = LINE('',#2215,#2216);
#2215 = CARTESIAN_POINT('',(-120.,-12.7383631298,-0.5));
#2216 = VECTOR('',#2217,1.);
#2217 = DIRECTION('',(0.,1.,0.));
#2218 = PCURVE('',#922,#2219);
#2219 = DEFINITIONAL_REPRESENTATION('',(#2220),#2224);
#2220 = LINE('',#2221,#2222);
#2221 = CARTESIAN_POINT('',(44.000000000005,0.));
#2222 = VECTOR('',#2223,1.);
#2223 = DIRECTION('',(1.,0.));
#2224 = ( GEOMETRIC_REPRESENTATION_CONTEXT(2) 
PARAMETRIC_REPRESENTATION_CONTEXT() REPRESENTATION_CONTEXT('2D SPACE',''
  ) );
#2225 = PCURVE('',#1277,#2226);
#2226 = DEFINITIONAL_REPRESENTATION('',(#2227),#2231);
#2227 = LINE('',#2228,#2229);
#2228 = CARTESIAN_POINT('',(-120.,2.05034481084E-09));
#2229 = VECTOR('',#2230,1.);
#2230 = DIRECTION('',(0.,1.));
#2231 = ( GEOMETRIC_REPRESENTATION_CONTEXT(2) 
PARAMETRIC_REPRESENTATION_CONTEXT() REPRESENTATION_CONTEXT('2D SPACE',''
  ) );
#2232 = ORIENTED_EDGE('',*,*,#1879,.T.);
#2233 = ORIENTED_EDGE('',*,*,#907,.T.);
#2234 = ORIENTED_EDGE('',*,*,#2186,.F.);
#2235 = ADVANCED_FACE('',(#2236,#2246,#2249,#2252,#2255,#2258,#2261,
    #2264,#2267,#2270),#1277,.F.);
#2236 = FACE_BOUND('',#2237,.F.);
#2237 = EDGE_LOOP('',(#2238,#2239,#2240,#2241,#2242,#2243,#2244,#2245));
#2238 = ORIENTED_EDGE('',*,*,#2212,.F.);
#2239 = ORIENTED_EDGE('',*,*,#1827,.F.);
#2240 = ORIENTED_EDGE('',*,*,#1903,.T.);
#2241 = ORIENTED_EDGE('',*,*,#1952,.F.);
#2242 = ORIENTED_EDGE('',*,*,#2006,.T.);
#2243 = ORIENTED_EDGE('',*,*,#2055,.F.);
#2244 = ORIENTED_EDGE('',*,*,#2109,.F.);
#2245 = ORIENTED_EDGE('',*,*,#2158,.F.);
#2246 = FACE_BOUND('',#2247,.F.);
#2247 = EDGE_LOOP('',(#2248));
#2248 = ORIENTED_EDGE('',*,*,#1262,.F.);
#2249 = FACE_BOUND('',#2250,.F.);
#2250 = EDGE_LOOP('',(#2251));
#2251 = ORIENTED_EDGE('',*,*,#1317,.F.);
#2252 = FACE_BOUND('',#2253,.F.);
#2253 = EDGE_LOOP('',(#2254));
#2254 = ORIENTED_EDGE('',*,*,#1367,.F.);
#2255 = FACE_BOUND('',#2256,.F.);
#2256 = EDGE_LOOP('',(#2257));
#2257 = ORIENTED_EDGE('',*,*,#1444,.F.);
#2258 = FACE_BOUND('',#2259,.F.);
#2259 = EDGE_LOOP('',(#2260));
#2260 = ORIENTED_EDGE('',*,*,#1571,.F.);
#2261 = FACE_BOUND('',#2262,.F.);
#2262 = EDGE_LOOP('',(#2263));
#2263 = ORIENTED_EDGE('',*,*,#1521,.F.);
#2264 = FACE_BOUND('',#2265,.F.);
#2265 = EDGE_LOOP('',(#2266));
#2266 = ORIENTED_EDGE('',*,*,#1621,.F.);
#2267 = FACE_BOUND('',#2268,.F.);
#2268 = EDGE_LOOP('',(#2269));
#2269 = ORIENTED_EDGE('',*,*,#1698,.F.);
#2270 = FACE_BOUND('',#2271,.F.);
#2271 = EDGE_LOOP('',(#2272));
#2272 = ORIENTED_EDGE('',*,*,#1748,.F.);
#2273 = ( GEOMETRIC_REPRESENTATION_CONTEXT(3) 
GLOBAL_UNCERTAINTY_ASSIGNED_CONTEXT((#2277)) 
GLOBAL_UNIT_ASSIGNED_CONTEXT((#2274,#2275,#2276)) REPRESENTATION_CONTEXT
('Context #1','3D Context with UNIT and UNCERTAINTY') );
#2274 = ( LENGTH_UNIT() NAMED_UNIT(*) SI_UNIT(.MILLI.,.METRE.) );
#2275 = ( NAMED_UNIT(*) PLANE_ANGLE_UNIT() SI_UNIT($,.RADIAN.) );
#2276 = ( NAMED_UNIT(*) SI_UNIT($,.STERADIAN.) SOLID_ANGLE_UNIT() );
#2277 = UNCERTAINTY_MEASURE_WITH_UNIT(LENGTH_MEASURE(1.E-07),#2274,
  'distance_accuracy_value','confusion accuracy');
#2278 = CONTEXT_DEPENDENT_SHAPE_REPRESENTATION(#2279,#2281);
#2279 = ( REPRESENTATION_RELATIONSHIP('','',#32,#10) 
REPRESENTATION_RELATIONSHIP_WITH_TRANSFORMATION(#2280) 
SHAPE_REPRESENTATION_RELATIONSHIP() );
#2280 = ITEM_DEFINED_TRANSFORMATION('','',#11,#15);
#2281 = PRODUCT_DEFINITION_SHAPE('Placement','Placement of an item',
  #2282);
#2282 = NEXT_ASSEMBLY_USAGE_OCCURRENCE('9','=>[0:1:1:2]','',#5,#27,$);
#2283 = PRODUCT_RELATED_PRODUCT_CATEGORY('part',$,(#29));
ENDSEC;
END-ISO-10303-21;
